shard	batch_file	exit	subshards	all_none	visited	accepted_by_depth
1522	sub_1522_0000000.log	DONE exit=20	200	True	55584	0 0 0 0 0 0 0 0 0 0 0 804 1109 384 21 0 0 0 0 0 0 0 0 0 0 0 0 0 0
1522	sub_1522_0000200.log	DONE exit=20	200	True	23340	0 0 0 0 0 0 0 0 0 0 0 433 343 87 1 0 0 0 0 0 0 0 0 0 0 0 0 0 0
1522	sub_1522_0000400.log	DONE exit=20	200	True	57389	0 0 0 0 0 0 0 0 0 0 0 851 1516 756 131 9 0 0 0 0 0 0 0 0 0 0 0 0 0
1522	sub_1522_0000600.log	DONE exit=20	200	True	50193	0 0 0 0 0 0 0 0 0 0 0 758 987 340 22 0 0 0 0 0 0 0 0 0 0 0 0 0 0
1522	sub_1522_0000800.log	DONE exit=20	200	True	35794	0 0 0 0 0 0 0 0 0 0 0 494 597 160 20 0 0 0 0 0 0 0 0 0 0 0 0 0 0
1522	sub_1522_0001000.log	DONE exit=20	200	True	139280	0 0 0 0 0 0 0 0 0 0 0 976 2279 1975 698 97 0 0 0 0 0 0 0 0 0 0 0 0 0
1522	sub_1522_0001200.log	DONE exit=20	200	True	81335	0 0 0 0 0 0 0 0 0 0 0 854 1439 735 126 6 0 0 0 0 0 0 0 0 0 0 0 0 0
1522	sub_1522_0001400.log	DONE exit=20	200	True	55504	0 0 0 0 0 0 0 0 0 0 0 670 982 363 41 0 0 0 0 0 0 0 0 0 0 0 0 0 0
1522	sub_1522_0001600.log	DONE exit=20	200	True	109214	0 0 0 0 0 0 0 0 0 0 0 952 2110 1409 363 8 0 0 0 0 0 0 0 0 0 0 0 0 0
1522	sub_1522_0001800.log	DONE exit=20	200	True	63236	0 0 0 0 0 0 0 0 0 0 0 827 1246 735 173 10 0 0 0 0 0 0 0 0 0 0 0 0 0
1522	sub_1522_0002000.log	DONE exit=20	200	True	59085	0 0 0 0 0 0 0 0 0 0 0 665 1064 722 171 21 0 0 0 0 0 0 0 0 0 0 0 0 0
1522	sub_1522_0002200.log	DONE exit=20	200	True	162318	0 0 0 0 0 0 0 0 0 0 0 1115 2634 2625 1131 107 4 0 0 0 0 0 0 0 0 0 0 0 0
1522	sub_1522_0002400.log	DONE exit=20	200	True	172062	0 0 0 0 0 0 0 0 0 0 0 934 2320 2977 2063 901 124 0 0 0 0 0 0 0 0 0 0 0 0
1522	sub_1522_0002600.log	DONE exit=20	200	True	43966	0 0 0 0 0 0 0 0 0 0 0 518 608 307 30 1 0 0 0 0 0 0 0 0 0 0 0 0 0
1522	sub_1522_0002800.log	DONE exit=20	200	True	57238	0 0 0 0 0 0 0 0 0 0 0 633 817 445 44 7 0 0 0 0 0 0 0 0 0 0 0 0 0
1522	sub_1522_0003000.log	DONE exit=20	200	True	71720	0 0 0 0 0 0 0 0 0 0 0 641 985 961 227 9 0 0 0 0 0 0 0 0 0 0 0 0 0
1522	sub_1522_0003200.log	DONE exit=20	200	True	138839	0 0 0 0 0 0 0 0 0 0 0 772 1681 2117 644 3 0 0 0 0 0 0 0 0 0 0 0 0 0
1522	sub_1522_0003400.log	DONE exit=20	200	True	68636	0 0 0 0 0 0 0 0 0 0 0 743 1066 783 224 22 0 0 0 0 0 0 0 0 0 0 0 0 0
1522	sub_1522_0003600.log	DONE exit=20	200	True	311885	0 0 0 0 0 0 0 0 0 0 0 1327 4131 5466 3251 1226 244 0 0 0 0 0 0 0 0 0 0 0 0
1522	sub_1522_0003800.log	DONE exit=20	200	True	547994	0 0 0 0 0 0 0 0 0 0 0 1766 6835 11147 7472 2422 466 3 0 0 0 0 0 0 0 0 0 0 0
1522	sub_1522_0004000.log	DONE exit=20	200	True	285368	0 0 0 0 0 0 0 0 0 0 0 1149 3558 5493 3445 1225 282 0 0 0 0 0 0 0 0 0 0 0 0
1522	sub_1522_0004200.log	DONE exit=20	200	True	56925	0 0 0 0 0 0 0 0 0 0 0 655 980 744 182 0 0 0 0 0 0 0 0 0 0 0 0 0 0
1522	sub_1522_0004400.log	DONE exit=20	200	True	89273	0 0 0 0 0 0 0 0 0 0 0 723 1223 1316 420 47 0 0 0 0 0 0 0 0 0 0 0 0 0
1522	sub_1522_0004600.log	DONE exit=20	200	True	99533	0 0 0 0 0 0 0 0 0 0 0 751 1419 1613 532 41 0 0 0 0 0 0 0 0 0 0 0 0 0
1522	sub_1522_0004800.log	DONE exit=20	200	True	27256110	0 0 0 0 0 0 0 0 0 0 0 1229 5553 25043 94298 231382 307315 198117 51326 27265 6860 0 0 0 0 0 0 0 0
1522	sub_1522_0005000.log	DONE exit=20	200	True	45478969	0 0 0 0 0 0 0 0 0 0 0 2169 13096 49709 136750 325537 569389 387906 110086 49587 10841 0 0 0 0 0 0 0 0
1522	sub_1522_0005200.log	DONE exit=20	200	True	10942553	0 0 0 0 0 0 0 0 0 0 0 2082 12720 44460 82964 85724 66744 47152 31020 21930 5464 0 0 0 0 0 0 0 0
1522	sub_1522_0005400.log	DONE exit=20	200	True	1780704	0 0 0 0 0 0 0 0 0 0 0 1163 5309 15785 23906 14452 3970 1522 28 0 0 0 0 0 0 0 0 0 0
1522	sub_1522_0005600.log	DONE exit=20	200	True	594130	0 0 0 0 0 0 0 0 0 0 0 1087 3015 5364 4127 1999 15 3 0 0 0 0 0 0 0 0 0 0 0
1522	sub_1522_0005800.log	DONE exit=20	200	True	1166123	0 0 0 0 0 0 0 0 0 0 0 1506 5355 9566 10229 4609 943 127 0 0 0 0 0 0 0 0 0 0 0
1522	sub_1522_0006000.log	DONE exit=20	200	True	134755	0 0 0 0 0 0 0 0 0 0 0 515 909 1035 817 640 0 0 0 0 0 0 0 0 0 0 0 0 0
1522	sub_1522_0006200.log	DONE exit=20	200	True	403038366	0 0 0 0 0 0 0 0 0 0 0 3088 27888 156298 622597 1655623 3003903 4393395 5347805 2502399 698007 0 0 0 0 0 0 0 0
1522	sub_1522_0006400.log	DONE exit=20	200	True	137072121	0 0 0 0 0 0 0 0 0 0 0 3279 29355 158426 572014 1298707 1601521 601159 51636 27450 6869 0 0 0 0 0 0 0 0
1522	sub_1522_0006600.log	DONE exit=20	200	True	1154232	0 0 0 0 0 0 0 0 0 0 0 1939 7158 12609 11037 5334 1430 41 0 0 0 0 0 0 0 0 0 0 0
1522	sub_1522_0006800.log	DONE exit=20	200	True	2306252	0 0 0 0 0 0 0 0 0 0 0 1734 7192 14121 16238 12509 8778 3524 0 0 0 0 0 0 0 0 0 0 0
1522	sub_1522_0007000.log	DONE exit=20	200	True	10849959	0 0 0 0 0 0 0 0 0 0 0 1730 6369 15525 34858 74148 120752 110352 18279 6159 1007 0 0 0 0 0 0 0 0
1522	sub_1522_0007200.log	DONE exit=20	200	True	16033475	0 0 0 0 0 0 0 0 0 0 0 1891 6925 17873 42768 99821 167450 177267 38193 26288 8469 0 0 0 0 0 0 0 0
1522	sub_1522_0007400.log	DONE exit=20	200	True	20295285	0 0 0 0 0 0 0 0 0 0 0 1885 6610 17057 46401 119107 207408 239213 31118 15020 3759 0 0 0 0 0 0 0 0
1522	sub_1522_0007600.log	DONE exit=20	200	True	31462291	0 0 0 0 0 0 0 0 0 0 0 2524 13945 48051 111633 221964 324112 348029 66269 39584 8910 0 0 0 0 0 0 0 0
1522	sub_1522_0007800.log	DONE exit=20	200	True	4907851	0 0 0 0 0 0 0 0 0 0 0 1167 3094 6965 17022 36643 45958 43288 5783 2566 383 0 0 0 0 0 0 0 0
1522	sub_1522_0008000.log	DONE exit=20	200	True	829913	0 0 0 0 0 0 0 0 0 0 0 1267 5089 11578 12781 6180 774 28 0 0 0 0 0 0 0 0 0 0 0
1522	sub_1522_0008200.log	DONE exit=20	200	True	2007550	0 0 0 0 0 0 0 0 0 0 0 1811 7598 16740 14468 7631 911 63 0 0 0 0 0 0 0 0 0 0 0
1522	sub_1522_0008400.log	DONE exit=20	200	True	1240151	0 0 0 0 0 0 0 0 0 0 0 1565 5515 9492 10208 4101 854 222 0 0 0 0 0 0 0 0 0 0 0
1522	sub_1522_0008600.log	DONE exit=20	200	True	1139155	0 0 0 0 0 0 0 0 0 0 0 1398 5044 9403 10149 4982 396 50 0 0 0 0 0 0 0 0 0 0 0
1522	sub_1522_0008800.log	DONE exit=20	200	True	1088772	0 0 0 0 0 0 0 0 0 0 0 1619 5965 9362 8547 3265 1 0 0 0 0 0 0 0 0 0 0 0 0
1522	sub_1522_0009000.log	DONE exit=20	200	True	1972341	0 0 0 0 0 0 0 0 0 0 0 2044 9768 22853 24166 12960 1779 95 0 0 0 0 0 0 0 0 0 0 0
1522	sub_1522_0009200.log	DONE exit=20	200	True	1768876	0 0 0 0 0 0 0 0 0 0 0 1641 6430 14035 14965 7964 402 43 0 0 0 0 0 0 0 0 0 0 0
1522	sub_1522_0009400.log	DONE exit=20	200	True	1072486	0 0 0 0 0 0 0 0 0 0 0 1714 6526 10302 8326 2597 13 0 0 0 0 0 0 0 0 0 0 0 0
1522	sub_1522_0009600.log	DONE exit=20	200	True	1595256	0 0 0 0 0 0 0 0 0 0 0 1656 6253 11789 13714 6169 1755 275 0 0 0 0 0 0 0 0 0 0 0
1522	sub_1522_0009800.log	DONE exit=20	200	True	676679	0 0 0 0 0 0 0 0 0 0 0 1367 4792 7465 4963 2342 51 1 0 0 0 0 0 0 0 0 0 0 0
1522	sub_1522_0010000.log	DONE exit=20	200	True	1026497	0 0 0 0 0 0 0 0 0 0 0 1350 4385 8829 7397 2479 1 0 0 0 0 0 0 0 0 0 0 0 0
1522	sub_1522_0010200.log	DONE exit=20	200	True	674782	0 0 0 0 0 0 0 0 0 0 0 1465 5011 6366 3969 1075 0 0 0 0 0 0 0 0 0 0 0 0 0
1522	sub_1522_0010400.log	DONE exit=20	200	True	400790	0 0 0 0 0 0 0 0 0 0 0 1197 3388 3706 2053 287 0 0 0 0 0 0 0 0 0 0 0 0 0
1522	sub_1522_0010600.log	DONE exit=20	200	True	98473	0 0 0 0 0 0 0 0 0 0 0 849 1564 1085 271 17 0 0 0 0 0 0 0 0 0 0 0 0 0
1522	sub_1522_0010800.log	DONE exit=20	200	True	38715	0 0 0 0 0 0 0 0 0 0 0 495 493 263 50 0 0 0 0 0 0 0 0 0 0 0 0 0 0
1522	sub_1522_0011000.log	DONE exit=20	200	True	131367	0 0 0 0 0 0 0 0 0 0 0 1066 2237 891 121 2 0 0 0 0 0 0 0 0 0 0 0 0 0
1522	sub_1522_0011200.log	DONE exit=20	200	True	457931	0 0 0 0 0 0 0 0 0 0 0 891 1905 2933 3420 2640 6 0 0 0 0 0 0 0 0 0 0 0 0
1522	sub_1522_0011400.log	DONE exit=20	200	True	1429292	0 0 0 0 0 0 0 0 0 0 0 1266 3735 6177 9013 12278 7286 2042 0 0 0 0 0 0 0 0 0 0 0
1522	sub_1522_0011600.log	DONE exit=20	200	True	593586	0 0 0 0 0 0 0 0 0 0 0 927 2604 3145 4155 4131 136 0 0 0 0 0 0 0 0 0 0 0 0
1522	sub_1522_0011800.log	DONE exit=20	200	True	200145	0 0 0 0 0 0 0 0 0 0 0 541 1215 1555 1026 511 0 0 0 0 0 0 0 0 0 0 0 0 0
1522	sub_1522_0012000.log	DONE exit=20	200	True	393683	0 0 0 0 0 0 0 0 0 0 0 752 1692 2379 2869 1820 3 0 0 0 0 0 0 0 0 0 0 0 0
1522	sub_1522_0012200.log	DONE exit=20	200	True	403274	0 0 0 0 0 0 0 0 0 0 0 704 1625 2389 2776 1800 0 0 0 0 0 0 0 0 0 0 0 0 0
1522	sub_1522_0012400.log	DONE exit=20	200	True	467237	0 0 0 0 0 0 0 0 0 0 0 645 1522 2597 3700 2419 25 0 0 0 0 0 0 0 0 0 0 0 0
1522	sub_1522_0012600.log	DONE exit=20	200	True	483229	0 0 0 0 0 0 0 0 0 0 0 758 1979 3115 3859 2295 25 0 0 0 0 0 0 0 0 0 0 0 0
1522	sub_1522_0012800.log	DONE exit=20	200	True	541100	0 0 0 0 0 0 0 0 0 0 0 1179 2696 3974 5212 1788 5 0 0 0 0 0 0 0 0 0 0 0 0
1522	sub_1522_0013000.log	DONE exit=20	200	True	937884	0 0 0 0 0 0 0 0 0 0 0 1062 3132 5755 7854 7853 503 24 0 0 0 0 0 0 0 0 0 0 0
1522	sub_1522_0013200.log	DONE exit=20	200	True	461341	0 0 0 0 0 0 0 0 0 0 0 978 2453 4133 3765 2852 316 3 0 0 0 0 0 0 0 0 0 0 0
1522	sub_1522_0013400.log	DONE exit=20	200	True	32066	0 0 0 0 0 0 0 0 0 0 0 397 260 41 2 0 0 0 0 0 0 0 0 0 0 0 0 0 0
1522	sub_1522_0013600.log	DONE exit=20	200	True	40721	0 0 0 0 0 0 0 0 0 0 0 321 229 132 97 42 0 0 0 0 0 0 0 0 0 0 0 0 0
1522	sub_1522_0013800.log	DONE exit=20	200	True	51431	0 0 0 0 0 0 0 0 0 0 0 389 314 159 123 54 0 0 0 0 0 0 0 0 0 0 0 0 0
1522	sub_1522_0014000.log	DONE exit=20	200	True	55114	0 0 0 0 0 0 0 0 0 0 0 409 364 222 134 53 0 0 0 0 0 0 0 0 0 0 0 0 0
1522	sub_1522_0014200.log	DONE exit=20	200	True	51622	0 0 0 0 0 0 0 0 0 0 0 576 684 319 50 0 0 0 0 0 0 0 0 0 0 0 0 0 0
1522	sub_1522_0014400.log	DONE exit=20	200	True	21617	0 0 0 0 0 0 0 0 0 0 0 291 103 22 0 0 0 0 0 0 0 0 0 0 0 0 0 0 0
1522	sub_1522_0014600.log	DONE exit=20	200	True	95831	0 0 0 0 0 0 0 0 0 0 0 654 1077 1348 55 6 0 0 0 0 0 0 0 0 0 0 0 0 0
1522	sub_1522_0014800.log	DONE exit=20	200	True	97210	0 0 0 0 0 0 0 0 0 0 0 706 1220 1379 219 6 0 0 0 0 0 0 0 0 0 0 0 0 0
1522	sub_1522_0015000.log	DONE exit=20	200	True	109169	0 0 0 0 0 0 0 0 0 0 0 709 1201 1482 59 7 0 0 0 0 0 0 0 0 0 0 0 0 0
1522	sub_1522_0015200.log	DONE exit=20	200	True	160845	0 0 0 0 0 0 0 0 0 0 0 772 1175 1165 802 444 4 2 0 0 0 0 0 0 0 0 0 0 0
1522	sub_1522_0015400.log	DONE exit=20	200	True	237910	0 0 0 0 0 0 0 0 0 0 0 962 2104 1705 974 420 0 0 0 0 0 0 0 0 0 0 0 0 0
1522	sub_1522_0015600.log	DONE exit=20	200	True	331889	0 0 0 0 0 0 0 0 0 0 0 1535 4461 4893 2124 453 21 0 0 0 0 0 0 0 0 0 0 0 0
1522	sub_1522_0015800.log	DONE exit=20	200	True	7652883	0 0 0 0 0 0 0 0 0 0 0 1842 9362 27006 51486 64484 55447 40267 7982 3350 801 0 0 0 0 0 0 0 0
1522	sub_1522_0016000.log	DONE exit=20	200	True	1252553	0 0 0 0 0 0 0 0 0 0 0 1088 3461 8469 12696 9544 744 0 0 0 0 0 0 0 0 0 0 0 0
1522	sub_1522_0016200.log	DONE exit=20	200	True	79724	0 0 0 0 0 0 0 0 0 0 0 763 1071 1034 636 110 0 0 0 0 0 0 0 0 0 0 0 0 0
1522	sub_1522_0016400.log	DONE exit=20	200	True	290967	0 0 0 0 0 0 0 0 0 0 0 778 1963 3061 2175 975 68 0 0 0 0 0 0 0 0 0 0 0 0
1522	sub_1522_0016600.log	DONE exit=20	200	True	1002696	0 0 0 0 0 0 0 0 0 0 0 992 2621 5589 9253 7402 796 7 0 0 0 0 0 0 0 0 0 0 0
1522	sub_1522_0016800.log	DONE exit=20	200	True	726927	0 0 0 0 0 0 0 0 0 0 0 707 1537 3694 7175 6123 730 12 0 0 0 0 0 0 0 0 0 0 0
1522	sub_1522_0017000.log	DONE exit=20	200	True	397857	0 0 0 0 0 0 0 0 0 0 0 501 924 2453 3457 2295 397 6 0 0 0 0 0 0 0 0 0 0 0
1522	sub_1522_0017200.log	DONE exit=20	200	True	32666	0 0 0 0 0 0 0 0 0 0 0 393 299 120 35 0 0 0 0 0 0 0 0 0 0 0 0 0 0
1522	sub_1522_0017400.log	DONE exit=20	200	True	1723494	0 0 0 0 0 0 0 0 0 0 0 1043 3196 9067 16900 13886 2004 20 0 0 0 0 0 0 0 0 0 0 0
1522	sub_1522_0017600.log	DONE exit=20	200	True	376994	0 0 0 0 0 0 0 0 0 0 0 603 1366 2793 2875 1525 2 0 0 0 0 0 0 0 0 0 0 0 0
1522	sub_1522_0017800.log	DONE exit=20	200	True	327960	0 0 0 0 0 0 0 0 0 0 0 796 1470 2363 2476 1188 6 0 0 0 0 0 0 0 0 0 0 0 0
1522	sub_1522_0018000.log	DONE exit=20	200	True	569188	0 0 0 0 0 0 0 0 0 0 0 480 1138 3983 4304 2411 0 0 0 0 0 0 0 0 0 0 0 0 0
1522	sub_1522_0018200.log	DONE exit=20	200	True	1352799	0 0 0 0 0 0 0 0 0 0 0 925 2408 6776 13645 11702 1559 3 0 0 0 0 0 0 0 0 0 0 0
1522	sub_1522_0018400.log	DONE exit=20	200	True	924436	0 0 0 0 0 0 0 0 0 0 0 1082 3421 6708 8454 5910 1759 24 0 0 0 0 0 0 0 0 0 0 0
1522	sub_1522_0018600.log	DONE exit=20	200	True	262348	0 0 0 0 0 0 0 0 0 0 0 1233 3210 4330 2424 179 5 0 0 0 0 0 0 0 0 0 0 0 0
1522	sub_1522_0018800.log	DONE exit=20	200	True	138193	0 0 0 0 0 0 0 0 0 0 0 808 1883 2225 433 23 1 0 0 0 0 0 0 0 0 0 0 0 0
1522	sub_1522_0019000.log	DONE exit=20	200	True	362564	0 0 0 0 0 0 0 0 0 0 0 985 1853 2641 2923 1840 87 0 0 0 0 0 0 0 0 0 0 0 0
1522	sub_1522_0019200.log	DONE exit=20	200	True	61028	0 0 0 0 0 0 0 0 0 0 0 823 1151 555 115 2 0 0 0 0 0 0 0 0 0 0 0 0 0
1522	sub_1522_0019400.log	DONE exit=20	200	True	116924	0 0 0 0 0 0 0 0 0 0 0 993 1873 1452 424 66 1 0 0 0 0 0 0 0 0 0 0 0 0
1522	sub_1522_0019600.log	DONE exit=20	200	True	435026	0 0 0 0 0 0 0 0 0 0 0 1816 6455 9135 3575 474 17 0 0 0 0 0 0 0 0 0 0 0 0
1522	sub_1522_0019800.log	DONE exit=20	200	True	553776	0 0 0 0 0 0 0 0 0 0 0 1608 6396 11095 6271 1058 101 4 0 0 0 0 0 0 0 0 0 0 0
1522	sub_1522_0020000.log	DONE exit=20	200	True	530444	0 0 0 0 0 0 0 0 0 0 0 1499 5621 10101 7324 867 20 0 0 0 0 0 0 0 0 0 0 0 0
1522	sub_1522_0020200.log	DONE exit=20	200	True	398115	0 0 0 0 0 0 0 0 0 0 0 1496 5151 7789 4302 807 116 9 0 0 0 0 0 0 0 0 0 0 0
1522	sub_1522_0020400.log	DONE exit=20	200	True	117113	0 0 0 0 0 0 0 0 0 0 0 1152 2289 1560 299 8 0 0 0 0 0 0 0 0 0 0 0 0 0
1522	sub_1522_0020600.log	DONE exit=20	200	True	109704	0 0 0 0 0 0 0 0 0 0 0 1012 2074 1566 405 24 1 0 0 0 0 0 0 0 0 0 0 0 0
1522	sub_1522_0020800.log	DONE exit=20	200	True	118721	0 0 0 0 0 0 0 0 0 0 0 1199 2551 1960 576 72 2 0 0 0 0 0 0 0 0 0 0 0 0
1522	sub_1522_0021000.log	DONE exit=20	200	True	61281	0 0 0 0 0 0 0 0 0 0 0 846 1184 424 25 0 0 0 0 0 0 0 0 0 0 0 0 0 0
1522	sub_1522_0021200.log	DONE exit=20	200	True	51577	0 0 0 0 0 0 0 0 0 0 0 783 905 290 19 0 0 0 0 0 0 0 0 0 0 0 0 0 0
1522	sub_1522_0021400.log	DONE exit=20	200	True	69333	0 0 0 0 0 0 0 0 0 0 0 925 1413 592 53 0 0 0 0 0 0 0 0 0 0 0 0 0 0
1522	sub_1522_0021600.log	DONE exit=20	200	True	78940	0 0 0 0 0 0 0 0 0 0 0 992 1625 815 101 2 0 0 0 0 0 0 0 0 0 0 0 0 0
1522	sub_1522_0021800.log	DONE exit=20	200	True	286003	0 0 0 0 0 0 0 0 0 0 0 926 4085 8489 6701 1734 90 0 0 0 0 0 0 0 0 0 0 0 0
1522	sub_1522_0022000.log	DONE exit=20	200	True	1203459	0 0 0 0 0 0 0 0 0 0 0 2113 9181 20278 27067 23205 14749 5527 537 3 0 0 0 0 0 0 0 0 0
1522	sub_1522_0022200.log	DONE exit=20	200	True	145551	0 0 0 0 0 0 0 0 0 0 0 1230 2772 2584 1003 208 7 0 0 0 0 0 0 0 0 0 0 0 0
1522	sub_1522_0022400.log	DONE exit=20	200	True	160819	0 0 0 0 0 0 0 0 0 0 0 1427 2797 2978 1874 653 149 18 0 0 0 0 0 0 0 0 0 0 0
1522	sub_1522_0022600.log	DONE exit=20	200	True	221926	0 0 0 0 0 0 0 0 0 0 0 1508 3488 4388 3085 1064 231 28 0 0 0 0 0 0 0 0 0 0 0
1522	sub_1522_0022800.log	DONE exit=20	200	True	300341	0 0 0 0 0 0 0 0 0 0 0 1780 4740 6124 4302 1698 424 50 0 0 0 0 0 0 0 0 0 0 0
1522	sub_1522_0023000.log	DONE exit=20	200	True	107562	0 0 0 0 0 0 0 0 0 0 0 1082 1947 1715 1195 469 116 23 1 0 0 0 0 0 0 0 0 0 0
1522	sub_1522_0023200.log	DONE exit=20	200	True	68115	0 0 0 0 0 0 0 0 0 0 0 840 1166 595 81 4 0 0 0 0 0 0 0 0 0 0 0 0 0
1522	sub_1522_0023400.log	DONE exit=20	200	True	772143	0 0 0 0 0 0 0 0 0 0 0 1389 6648 17214 19241 8355 1456 63 0 0 0 0 0 0 0 0 0 0 0
1522	sub_1522_0023600.log	DONE exit=20	200	True	819325	0 0 0 0 0 0 0 0 0 0 0 1967 8394 16457 12807 3461 249 5 0 0 0 0 0 0 0 0 0 0 0
1522	sub_1522_0023800.log	DONE exit=20	200	True	625601	0 0 0 0 0 0 0 0 0 0 0 1719 6940 12114 7098 1170 116 1 0 0 0 0 0 0 0 0 0 0 0
1522	sub_1522_0024000.log	DONE exit=20	200	True	897852	0 0 0 0 0 0 0 0 0 0 0 1766 7930 16398 13690 3037 291 19 0 0 0 0 0 0 0 0 0 0 0
1522	sub_1522_0024200.log	DONE exit=20	200	True	622954	0 0 0 0 0 0 0 0 0 0 0 1529 5983 11172 8170 2514 426 35 0 0 0 0 0 0 0 0 0 0 0
1522	sub_1522_0024400.log	DONE exit=20	200	True	190409	0 0 0 0 0 0 0 0 0 0 0 1366 3513 4217 2639 498 15 0 0 0 0 0 0 0 0 0 0 0 0
1522	sub_1522_0024600.log	DONE exit=20	200	True	93988	0 0 0 0 0 0 0 0 0 0 0 1044 1797 1042 147 2 0 0 0 0 0 0 0 0 0 0 0 0 0
1522	sub_1522_0024800.log	DONE exit=20	200	True	94017	0 0 0 0 0 0 0 0 0 0 0 893 1578 1199 326 24 0 0 0 0 0 0 0 0 0 0 0 0 0
1522	sub_1522_0025000.log	DONE exit=20	200	True	425551	0 0 0 0 0 0 0 0 0 0 0 1674 5927 10294 9090 3475 393 15 0 0 0 0 0 0 0 0 0 0 0
1522	sub_1522_0025200.log	DONE exit=20	200	True	608495	0 0 0 0 0 0 0 0 0 0 0 1739 6482 11251 8340 1090 21 0 0 0 0 0 0 0 0 0 0 0 0
1522	sub_1522_0025400.log	DONE exit=20	200	True	688781	0 0 0 0 0 0 0 0 0 0 0 1853 7967 14358 7975 881 68 0 0 0 0 0 0 0 0 0 0 0 0
1522	sub_1522_0025600.log	DONE exit=20	200	True	506042	0 0 0 0 0 0 0 0 0 0 0 1781 6637 10497 6528 954 81 1 0 0 0 0 0 0 0 0 0 0 0
1522	sub_1522_0025800.log	DONE exit=20	200	True	410355	0 0 0 0 0 0 0 0 0 0 0 1415 4831 7661 4175 235 1 0 0 0 0 0 0 0 0 0 0 0 0
1522	sub_1522_0026000.log	DONE exit=20	200	True	99715	0 0 0 0 0 0 0 0 0 0 0 1098 2508 2629 1107 155 2 0 0 0 0 0 0 0 0 0 0 0 0
1522	sub_1522_0026200.log	DONE exit=20	200	True	79177	0 0 0 0 0 0 0 0 0 0 0 1022 2073 1514 271 15 0 0 0 0 0 0 0 0 0 0 0 0 0
1522	sub_1522_0026400.log	DONE exit=20	200	True	53876	0 0 0 0 0 0 0 0 0 0 0 720 965 253 9 0 0 0 0 0 0 0 0 0 0 0 0 0 0
1522	sub_1522_0026600.log	DONE exit=20	200	True	101432	0 0 0 0 0 0 0 0 0 0 0 891 1775 1005 279 30 3 0 0 0 0 0 0 0 0 0 0 0 0
1522	sub_1522_0026800.log	DONE exit=20	200	True	53491	0 0 0 0 0 0 0 0 0 0 0 698 811 219 17 0 0 0 0 0 0 0 0 0 0 0 0 0 0
1522	sub_1522_0027000.log	DONE exit=20	200	True	97575	0 0 0 0 0 0 0 0 0 0 0 860 1726 900 149 9 0 0 0 0 0 0 0 0 0 0 0 0 0
1522	sub_1522_0027200.log	DONE exit=20	200	True	70355	0 0 0 0 0 0 0 0 0 0 0 857 1211 507 62 5 0 0 0 0 0 0 0 0 0 0 0 0 0
1522	sub_1522_0027400.log	DONE exit=20	200	True	96402	0 0 0 0 0 0 0 0 0 0 0 879 1761 1280 412 32 0 0 0 0 0 0 0 0 0 0 0 0 0
1522	sub_1522_0027600.log	DONE exit=20	200	True	44007	0 0 0 0 0 0 0 0 0 0 0 656 719 154 6 0 0 0 0 0 0 0 0 0 0 0 0 0 0
1522	sub_1522_0027800.log	DONE exit=20	200	True	121004	0 0 0 0 0 0 0 0 0 0 0 1053 2275 1206 455 10 0 0 0 0 0 0 0 0 0 0 0 0 0
1522	sub_1522_0028000.log	DONE exit=20	200	True	42692	0 0 0 0 0 0 0 0 0 0 0 776 747 208 23 1 0 0 0 0 0 0 0 0 0 0 0 0 0
1522	sub_1522_0028200.log	DONE exit=20	200	True	75364	0 0 0 0 0 0 0 0 0 0 0 866 1567 1056 254 19 0 0 0 0 0 0 0 0 0 0 0 0 0
1522	sub_1522_0028400.log	DONE exit=20	200	True	45113	0 0 0 0 0 0 0 0 0 0 0 644 847 373 63 11 0 0 0 0 0 0 0 0 0 0 0 0 0
1522	sub_1522_0028600.log	DONE exit=20	200	True	58985	0 0 0 0 0 0 0 0 0 0 0 737 1014 532 96 5 0 0 0 0 0 0 0 0 0 0 0 0 0
1522	sub_1522_0028800.log	DONE exit=20	200	True	32428	0 0 0 0 0 0 0 0 0 0 0 504 460 141 24 2 0 0 0 0 0 0 0 0 0 0 0 0 0
1522	sub_1522_0029000.log	DONE exit=20	200	True	66466	0 0 0 0 0 0 0 0 0 0 0 747 1131 671 154 17 0 0 0 0 0 0 0 0 0 0 0 0 0
1522	sub_1522_0029200.log	DONE exit=20	200	True	78704	0 0 0 0 0 0 0 0 0 0 0 809 1198 779 286 23 1 0 0 0 0 0 0 0 0 0 0 0 0
1522	sub_1522_0029400.log	DONE exit=20	200	True	24971	0 0 0 0 0 0 0 0 0 0 0 440 279 87 13 0 0 0 0 0 0 0 0 0 0 0 0 0 0
1522	sub_1522_0029600.log	DONE exit=20	200	True	66596	0 0 0 0 0 0 0 0 0 0 0 787 1120 591 277 96 0 0 0 0 0 0 0 0 0 0 0 0 0
1522	sub_1522_0029800.log	DONE exit=20	200	True	56557	0 0 0 0 0 0 0 0 0 0 0 667 822 462 144 3 0 0 0 0 0 0 0 0 0 0 0 0 0
1522	sub_1522_0030000.log	DONE exit=20	200	True	99552	0 0 0 0 0 0 0 0 0 0 0 879 1652 1261 272 16 0 0 0 0 0 0 0 0 0 0 0 0 0
1522	sub_1522_0030200.log	DONE exit=20	200	True	134528	0 0 0 0 0 0 0 0 0 0 0 926 1979 1985 928 223 64 7 0 0 0 0 0 0 0 0 0 0 0
1522	sub_1522_0030400.log	DONE exit=20	200	True	39497	0 0 0 0 0 0 0 0 0 0 0 552 440 170 27 0 0 0 0 0 0 0 0 0 0 0 0 0 0
1522	sub_1522_0030600.log	DONE exit=20	200	True	47312	0 0 0 0 0 0 0 0 0 0 0 525 598 239 24 0 0 0 0 0 0 0 0 0 0 0 0 0 0
1522	sub_1522_0030800.log	DONE exit=20	200	True	79253	0 0 0 0 0 0 0 0 0 0 0 833 1376 902 300 30 0 0 0 0 0 0 0 0 0 0 0 0 0
1522	sub_1522_0031000.log	DONE exit=20	200	True	146754	0 0 0 0 0 0 0 0 0 0 0 1087 2543 2331 737 99 5 0 0 0 0 0 0 0 0 0 0 0 0
1522	sub_1522_0031200.log	DONE exit=20	200	True	194972	0 0 0 0 0 0 0 0 0 0 0 1027 2885 3708 2217 549 173 28 0 0 0 0 0 0 0 0 0 0 0
1522	sub_1522_0031400.log	DONE exit=20	200	True	72321	0 0 0 0 0 0 0 0 0 0 0 766 1143 480 68 0 0 0 0 0 0 0 0 0 0 0 0 0 0
1522	sub_1522_0031600.log	DONE exit=20	200	True	49144	0 0 0 0 0 0 0 0 0 0 0 579 641 240 22 0 0 0 0 0 0 0 0 0 0 0 0 0 0
1522	sub_1522_0031800.log	DONE exit=20	200	True	26783	0 0 0 0 0 0 0 0 0 0 0 445 197 22 0 0 0 0 0 0 0 0 0 0 0 0 0 0 0
1522	sub_1522_0032000.log	DONE exit=20	200	True	72558	0 0 0 0 0 0 0 0 0 0 0 612 814 893 35 0 0 0 0 0 0 0 0 0 0 0 0 0 0
1522	sub_1522_0032200.log	DONE exit=20	200	True	71454	0 0 0 0 0 0 0 0 0 0 0 614 920 882 155 0 0 0 0 0 0 0 0 0 0 0 0 0 0
1522	sub_1522_0032400.log	DONE exit=20	200	True	86192	0 0 0 0 0 0 0 0 0 0 0 810 1417 815 174 9 0 0 0 0 0 0 0 0 0 0 0 0 0
1522	sub_1522_0032600.log	DONE exit=20	200	True	269194	0 0 0 0 0 0 0 0 0 0 0 1041 2829 4819 2859 407 12 0 0 0 0 0 0 0 0 0 0 0 0
1522	sub_1522_0032800.log	DONE exit=20	200	True	326632	0 0 0 0 0 0 0 0 0 0 0 1044 2848 5738 5188 686 18 0 0 0 0 0 0 0 0 0 0 0 0
1522	sub_1522_0033000.log	DONE exit=20	200	True	92292	0 0 0 0 0 0 0 0 0 0 0 839 1380 1096 115 3 0 0 0 0 0 0 0 0 0 0 0 0 0
1522	sub_1522_0033200.log	DONE exit=20	200	True	146088	0 0 0 0 0 0 0 0 0 0 0 970 2262 1988 486 26 0 0 0 0 0 0 0 0 0 0 0 0 0
1522	sub_1522_0033400.log	DONE exit=20	200	True	365793	0 0 0 0 0 0 0 0 0 0 0 1588 5256 7767 4435 1220 273 44 1 0 0 0 0 0 0 0 0 0 0
1522	sub_1522_0033600.log	DONE exit=20	200	True	497090	0 0 0 0 0 0 0 0 0 0 0 1636 6165 10182 6616 2202 638 131 13 0 0 0 0 0 0 0 0 0 0
1522	sub_1522_0033800.log	DONE exit=20	200	True	123350	0 0 0 0 0 0 0 0 0 0 0 858 1603 1830 432 46 0 0 0 0 0 0 0 0 0 0 0 0 0
1522	sub_1522_0034000.log	DONE exit=20	200	True	42968	0 0 0 0 0 0 0 0 0 0 0 607 705 354 36 1 0 0 0 0 0 0 0 0 0 0 0 0 0
1522	sub_1522_0034200.log	DONE exit=20	200	True	114096	0 0 0 0 0 0 0 0 0 0 0 770 1503 1809 803 83 0 0 0 0 0 0 0 0 0 0 0 0 0
1522	sub_1522_0034400.log	DONE exit=20	200	True	106737	0 0 0 0 0 0 0 0 0 0 0 807 1475 1484 816 88 2 0 0 0 0 0 0 0 0 0 0 0 0
1522	sub_1522_0034600.log	DONE exit=20	200	True	110856	0 0 0 0 0 0 0 0 0 0 0 731 1407 1607 516 90 0 0 0 0 0 0 0 0 0 0 0 0 0
1522	sub_1522_0034800.log	DONE exit=20	200	True	76225	0 0 0 0 0 0 0 0 0 0 0 569 940 1114 312 16 0 0 0 0 0 0 0 0 0 0 0 0 0
1522	sub_1522_0035000.log	DONE exit=20	200	True	98545	0 0 0 0 0 0 0 0 0 0 0 793 1289 1492 570 48 1 0 0 0 0 0 0 0 0 0 0 0 0
1522	sub_1522_0035200.log	DONE exit=20	200	True	222900	0 0 0 0 0 0 0 0 0 0 0 1228 3539 3927 1702 360 46 8 0 0 0 0 0 0 0 0 0 0 0
1522	sub_1522_0035400.log	DONE exit=20	200	True	313139	0 0 0 0 0 0 0 0 0 0 0 1439 4594 6119 3274 823 159 8 0 0 0 0 0 0 0 0 0 0 0
1522	sub_1522_0035600.log	DONE exit=20	200	True	513616	0 0 0 0 0 0 0 0 0 0 0 1959 7455 11318 7318 2195 448 50 1 0 0 0 0 0 0 0 0 0 0
1522	sub_1522_0035800.log	DONE exit=20	200	True	391396	0 0 0 0 0 0 0 0 0 0 0 1309 4773 7592 4617 908 162 16 0 0 0 0 0 0 0 0 0 0 0
1522	sub_1522_0036000.log	DONE exit=20	200	True	283407	0 0 0 0 0 0 0 0 0 0 0 1271 3320 5051 3538 608 12 0 0 0 0 0 0 0 0 0 0 0 0
1522	sub_1522_0036200.log	DONE exit=20	200	True	30470	0 0 0 0 0 0 0 0 0 0 0 477 368 104 6 0 0 0 0 0 0 0 0 0 0 0 0 0 0
1522	sub_1522_0036400.log	DONE exit=20	200	True	170343	0 0 0 0 0 0 0 0 0 0 0 1063 2481 2635 1250 131 3 0 0 0 0 0 0 0 0 0 0 0 0
1522	sub_1522_0036600.log	DONE exit=20	200	True	99493	0 0 0 0 0 0 0 0 0 0 0 802 1461 1255 226 10 0 0 0 0 0 0 0 0 0 0 0 0 0
1522	sub_1522_0036800.log	DONE exit=20	200	True	48660	0 0 0 0 0 0 0 0 0 0 0 600 705 452 69 0 0 0 0 0 0 0 0 0 0 0 0 0 0
1522	sub_1522_0037000.log	DONE exit=20	200	True	55888	0 0 0 0 0 0 0 0 0 0 0 525 694 522 82 7 0 0 0 0 0 0 0 0 0 0 0 0 0
1522	sub_1522_0037200.log	DONE exit=20	200	True	131234	0 0 0 0 0 0 0 0 0 0 0 1117 2090 1759 660 37 0 0 0 0 0 0 0 0 0 0 0 0 0
1522	sub_1522_0037400.log	DONE exit=20	200	True	103714	0 0 0 0 0 0 0 0 0 0 0 680 1352 1464 198 7 0 0 0 0 0 0 0 0 0 0 0 0 0
1522	sub_1522_0037600.log	DONE exit=20	200	True	90019	0 0 0 0 0 0 0 0 0 0 0 721 1666 1807 581 43 0 0 0 0 0 0 0 0 0 0 0 0 0
1522	sub_1522_0037800.log	DONE exit=20	200	True	590565	0 0 0 0 0 0 0 0 0 0 0 2251 9228 15334 10455 2189 133 0 0 0 0 0 0 0 0 0 0 0 0
1522	sub_1522_0038000.log	DONE exit=20	200	True	757252	0 0 0 0 0 0 0 0 0 0 0 2139 10038 19462 15012 5668 915 2 0 0 0 0 0 0 0 0 0 0 0
1522	sub_1522_0038200.log	DONE exit=20	200	True	393936	0 0 0 0 0 0 0 0 0 0 0 1805 7034 11638 7292 1250 63 0 0 0 0 0 0 0 0 0 0 0 0
1522	sub_1522_0038400.log	DONE exit=20	200	True	1188006	0 0 0 0 0 0 0 0 0 0 0 2437 13238 32157 36031 17696 2036 6 0 0 0 0 0 0 0 0 0 0 0
1522	sub_1522_0038600.log	DONE exit=20	200	True	502072	0 0 0 0 0 0 0 0 0 0 0 1907 8026 13121 13018 5232 891 1 0 0 0 0 0 0 0 0 0 0 0
1522	sub_1522_0038800.log	DONE exit=20	200	True	420588	0 0 0 0 0 0 0 0 0 0 0 1270 5626 12322 13756 4592 464 0 0 0 0 0 0 0 0 0 0 0 0
1522	sub_1522_0039000.log	DONE exit=20	200	True	506434	0 0 0 0 0 0 0 0 0 0 0 1632 6356 11842 9750 3204 360 0 0 0 0 0 0 0 0 0 0 0 0
1522	sub_1522_0039200.log	DONE exit=20	200	True	452068	0 0 0 0 0 0 0 0 0 0 0 1584 6097 10450 6733 1530 93 0 0 0 0 0 0 0 0 0 0 0 0
1522	sub_1522_0039400.log	DONE exit=20	200	True	647093	0 0 0 0 0 0 0 0 0 0 0 1733 7369 15138 14326 5117 841 143 1 0 0 0 0 0 0 0 0 0 0
1522	sub_1522_0039600.log	DONE exit=20	200	True	171454	0 0 0 0 0 0 0 0 0 0 0 1105 2794 3251 1902 407 3 0 0 0 0 0 0 0 0 0 0 0 0
1522	sub_1522_0039800.log	DONE exit=20	200	True	107504	0 0 0 0 0 0 0 0 0 0 0 936 1929 1177 234 9 0 0 0 0 0 0 0 0 0 0 0 0 0
1522	sub_1522_0040000.log	DONE exit=20	200	True	100358	0 0 0 0 0 0 0 0 0 0 0 922 1802 1274 268 36 0 0 0 0 0 0 0 0 0 0 0 0 0
1522	sub_1522_0040200.log	DONE exit=20	200	True	93738	0 0 0 0 0 0 0 0 0 0 0 943 1727 1104 210 5 0 0 0 0 0 0 0 0 0 0 0 0 0
1522	sub_1522_0040400.log	DONE exit=20	200	True	221296	0 0 0 0 0 0 0 0 0 0 0 1518 3338 3002 567 28 0 0 0 0 0 0 0 0 0 0 0 0 0
1522	sub_1522_0040600.log	DONE exit=20	200	True	181852	0 0 0 0 0 0 0 0 0 0 0 1388 3110 2369 512 8 0 0 0 0 0 0 0 0 0 0 0 0 0
1522	sub_1522_0040800.log	DONE exit=20	200	True	736315	0 0 0 0 0 0 0 0 0 0 0 1253 5946 11219 11013 2609 43 0 0 0 0 0 0 0 0 0 0 0 0
1522	sub_1522_0041000.log	DONE exit=20	200	True	1445232	0 0 0 0 0 0 0 0 0 0 0 1703 9055 21261 27041 6674 151 0 0 0 0 0 0 0 0 0 0 0 0
1522	sub_1522_0041200.log	DONE exit=20	200	True	224362	0 0 0 0 0 0 0 0 0 0 0 1390 3621 3457 868 73 6 0 0 0 0 0 0 0 0 0 0 0 0
1522	sub_1522_0041400.log	DONE exit=20	200	True	722061	0 0 0 0 0 0 0 0 0 0 0 1408 5889 13393 14176 4011 354 0 0 0 0 0 0 0 0 0 0 0 0
1522	sub_1522_0041600.log	DONE exit=20	200	True	703877	0 0 0 0 0 0 0 0 0 0 0 1614 6486 12155 11249 3588 422 5 0 0 0 0 0 0 0 0 0 0 0
1522	sub_1522_0041800.log	DONE exit=20	200	True	263129	0 0 0 0 0 0 0 0 0 0 0 1595 4390 4367 985 77 0 0 0 0 0 0 0 0 0 0 0 0 0
1522	sub_1522_0042000.log	DONE exit=20	200	True	706631	0 0 0 0 0 0 0 0 0 0 0 1412 5684 11627 11905 3277 55 0 0 0 0 0 0 0 0 0 0 0 0
1522	sub_1522_0042200.log	DONE exit=20	200	True	1107131	0 0 0 0 0 0 0 0 0 0 0 1561 7289 18508 23064 10670 1898 288 17 0 0 0 0 0 0 0 0 0 0
1522	sub_1522_0042400.log	DONE exit=20	200	True	480632	0 0 0 0 0 0 0 0 0 0 0 1600 6102 8246 2865 390 28 3 0 0 0 0 0 0 0 0 0 0 0
1522	sub_1522_0042600.log	DONE exit=20	200	True	218564	0 0 0 0 0 0 0 0 0 0 0 1352 3274 2934 619 34 0 0 0 0 0 0 0 0 0 0 0 0 0
1522	sub_1522_0042800.log	DONE exit=20	200	True	885584	0 0 0 0 0 0 0 0 0 0 0 1379 6186 14488 15628 3533 69 0 0 0 0 0 0 0 0 0 0 0 0
1522	sub_1522_0043000.log	DONE exit=20	200	True	1651548	0 0 0 0 0 0 0 0 0 0 0 1973 10407 27758 34482 9544 471 11 0 0 0 0 0 0 0 0 0 0 0
1522	sub_1522_0043200.log	DONE exit=20	200	True	152199	0 0 0 0 0 0 0 0 0 0 0 958 2301 1850 234 13 0 0 0 0 0 0 0 0 0 0 0 0 0
1522	sub_1522_0043400.log	DONE exit=20	200	True	226652	0 0 0 0 0 0 0 0 0 0 0 1286 3422 2985 817 116 4 0 0 0 0 0 0 0 0 0 0 0 0
1522	sub_1522_0043600.log	DONE exit=20	200	True	603005	0 0 0 0 0 0 0 0 0 0 0 1337 5016 9722 10396 1752 4 0 0 0 0 0 0 0 0 0 0 0 0
1522	sub_1522_0043800.log	DONE exit=20	200	True	355572	0 0 0 0 0 0 0 0 0 0 0 1445 5853 8428 3965 608 0 0 0 0 0 0 0 0 0 0 0 0 0
1522	sub_1522_0044000.log	DONE exit=20	200	True	397893	0 0 0 0 0 0 0 0 0 0 0 1721 5752 10427 8137 2591 88 0 0 0 0 0 0 0 0 0 0 0 0
1522	sub_1522_0044200.log	DONE exit=20	200	True	442062	0 0 0 0 0 0 0 0 0 0 0 1652 6253 10833 7724 2188 86 0 0 0 0 0 0 0 0 0 0 0 0
1522	sub_1522_0044400.log	DONE exit=20	200	True	253874	0 0 0 0 0 0 0 0 0 0 0 1190 3304 3709 1567 362 31 0 0 0 0 0 0 0 0 0 0 0 0
1522	sub_1522_0044600.log	DONE exit=20	200	True	163007	0 0 0 0 0 0 0 0 0 0 0 1004 2458 2199 573 55 0 0 0 0 0 0 0 0 0 0 0 0 0
1522	sub_1522_0044800.log	DONE exit=20	200	True	89663	0 0 0 0 0 0 0 0 0 0 0 876 1540 1031 193 13 0 0 0 0 0 0 0 0 0 0 0 0 0
1522	sub_1522_0045000.log	DONE exit=20	200	True	267203	0 0 0 0 0 0 0 0 0 0 0 1211 4183 5459 2002 110 0 0 0 0 0 0 0 0 0 0 0 0 0
1522	sub_1522_0045200.log	DONE exit=20	200	True	178253	0 0 0 0 0 0 0 0 0 0 0 1153 2763 3337 1828 332 5 0 0 0 0 0 0 0 0 0 0 0 0
1522	sub_1522_0045400.log	DONE exit=20	200	True	106966	0 0 0 0 0 0 0 0 0 0 0 875 1797 1175 156 7 0 0 0 0 0 0 0 0 0 0 0 0 0
1522	sub_1522_0045600.log	DONE exit=20	200	True	335362	0 0 0 0 0 0 0 0 0 0 0 1264 5299 7066 1954 88 0 0 0 0 0 0 0 0 0 0 0 0 0
1522	sub_1522_0045800.log	DONE exit=20	200	True	66865	0 0 0 0 0 0 0 0 0 0 0 674 1051 559 118 1 0 0 0 0 0 0 0 0 0 0 0 0 0
1522	sub_1522_0046000.log	DONE exit=20	200	True	156302	0 0 0 0 0 0 0 0 0 0 0 1248 2775 2471 592 41 0 0 0 0 0 0 0 0 0 0 0 0 0
1522	sub_1522_0046200.log	DONE exit=20	200	True	403409	0 0 0 0 0 0 0 0 0 0 0 1494 6151 8649 3086 199 1 0 0 0 0 0 0 0 0 0 0 0 0
1522	sub_1522_0046400.log	DONE exit=20	200	True	201617	0 0 0 0 0 0 0 0 0 0 0 1119 2909 3974 2976 832 26 0 0 0 0 0 0 0 0 0 0 0 0
1522	sub_1522_0046600.log	DONE exit=20	200	True	301508	0 0 0 0 0 0 0 0 0 0 0 1414 4467 6872 4376 949 87 1 0 0 0 0 0 0 0 0 0 0 0
1522	sub_1522_0046800.log	DONE exit=20	200	True	1061533	0 0 0 0 0 0 0 0 0 0 0 1841 9259 20920 23561 11160 1912 127 0 0 0 0 0 0 0 0 0 0 0
1522	sub_1522_0047000.log	DONE exit=20	200	True	231252	0 0 0 0 0 0 0 0 0 0 0 1023 2951 4701 3028 548 32 0 0 0 0 0 0 0 0 0 0 0 0
1522	sub_1522_0047200.log	DONE exit=20	200	True	172211	0 0 0 0 0 0 0 0 0 0 0 1211 2433 2069 787 86 0 0 0 0 0 0 0 0 0 0 0 0 0
1522	sub_1522_0047400.log	DONE exit=20	200	True	116895	0 0 0 0 0 0 0 0 0 0 0 947 1691 1251 215 2 0 0 0 0 0 0 0 0 0 0 0 0 0
1522	sub_1522_0047600.log	DONE exit=20	200	True	89222	0 0 0 0 0 0 0 0 0 0 0 732 1341 779 85 0 0 0 0 0 0 0 0 0 0 0 0 0 0
1522	sub_1522_0047800.log	DONE exit=20	200	True	506442	0 0 0 0 0 0 0 0 0 0 0 1884 7958 15102 12216 4314 654 29 1 0 0 0 0 0 0 0 0 0 0
1522	sub_1522_0048000.log	DONE exit=20	200	True	441999	0 0 0 0 0 0 0 0 0 0 0 1698 6117 10595 8509 2884 177 6 0 0 0 0 0 0 0 0 0 0 0
1522	sub_1522_0048200.log	DONE exit=20	200	True	302446	0 0 0 0 0 0 0 0 0 0 0 1344 4185 6467 4891 1432 115 4 0 0 0 0 0 0 0 0 0 0 0
1522	sub_1522_0048400.log	DONE exit=20	200	True	328358	0 0 0 0 0 0 0 0 0 0 0 1422 4970 7918 4980 1031 42 0 0 0 0 0 0 0 0 0 0 0 0
1522	sub_1522_0048600.log	DONE exit=20	200	True	106262	0 0 0 0 0 0 0 0 0 0 0 1066 2083 1531 405 33 3 0 0 0 0 0 0 0 0 0 0 0 0
1522	sub_1522_0048800.log	DONE exit=20	200	True	81127	0 0 0 0 0 0 0 0 0 0 0 1038 1672 753 63 1 0 0 0 0 0 0 0 0 0 0 0 0 0
1522	sub_1522_0049000.log	DONE exit=20	200	True	62622	0 0 0 0 0 0 0 0 0 0 0 882 1201 385 16 0 0 0 0 0 0 0 0 0 0 0 0 0 0
1522	sub_1522_0049200.log	DONE exit=20	200	True	55730	0 0 0 0 0 0 0 0 0 0 0 802 1007 368 25 0 0 0 0 0 0 0 0 0 0 0 0 0 0
1522	sub_1522_0049400.log	DONE exit=20	200	True	274581	0 0 0 0 0 0 0 0 0 0 0 1511 4358 4583 1673 130 1 0 0 0 0 0 0 0 0 0 0 0 0
1522	sub_1522_0049600.log	DONE exit=20	200	True	688582	0 0 0 0 0 0 0 0 0 0 0 1654 6357 12640 9883 1502 35 0 0 0 0 0 0 0 0 0 0 0 0
1522	sub_1522_0049800.log	DONE exit=20	200	True	758437	0 0 0 0 0 0 0 0 0 0 0 1901 8304 15809 10222 1221 49 0 0 0 0 0 0 0 0 0 0 0 0
1522	sub_1522_0050000.log	DONE exit=20	200	True	463175	0 0 0 0 0 0 0 0 0 0 0 1615 6006 9980 5876 856 40 0 0 0 0 0 0 0 0 0 0 0 0
1522	sub_1522_0050200.log	DONE exit=20	200	True	478367	0 0 0 0 0 0 0 0 0 0 0 1566 5890 9449 5589 789 18 0 0 0 0 0 0 0 0 0 0 0 0
1522	sub_1522_0050400.log	DONE exit=20	200	True	651790	0 0 0 0 0 0 0 0 0 0 0 1936 7844 14432 9221 1730 71 0 0 0 0 0 0 0 0 0 0 0 0
1522	sub_1522_0050600.log	DONE exit=20	200	True	791241	0 0 0 0 0 0 0 0 0 0 0 1737 7754 16910 14454 3963 284 6 0 0 0 0 0 0 0 0 0 0 0
1522	sub_1522_0050800.log	DONE exit=20	200	True	730268	0 0 0 0 0 0 0 0 0 0 0 1629 7016 14447 11234 2187 157 13 0 0 0 0 0 0 0 0 0 0 0
1522	sub_1522_0051000.log	DONE exit=20	200	True	759304	0 0 0 0 0 0 0 0 0 0 0 1724 7783 15793 11558 2297 115 1 0 0 0 0 0 0 0 0 0 0 0
1522	sub_1522_0051200.log	DONE exit=20	200	True	80599	0 0 0 0 0 0 0 0 0 0 0 803 1371 583 64 2 0 0 0 0 0 0 0 0 0 0 0 0 0
1522	sub_1522_0051400.log	DONE exit=20	200	True	82716	0 0 0 0 0 0 0 0 0 0 0 807 1432 732 164 1 0 0 0 0 0 0 0 0 0 0 0 0 0
1522	sub_1522_0051600.log	DONE exit=20	200	True	104147	0 0 0 0 0 0 0 0 0 0 0 871 1666 855 250 19 2 0 0 0 0 0 0 0 0 0 0 0 0
1522	sub_1522_0051800.log	DONE exit=20	200	True	47044	0 0 0 0 0 0 0 0 0 0 0 650 675 170 16 1 0 0 0 0 0 0 0 0 0 0 0 0 0
1522	sub_1522_0052000.log	DONE exit=20	200	True	106380	0 0 0 0 0 0 0 0 0 0 0 930 1835 658 374 24 0 0 0 0 0 0 0 0 0 0 0 0 0
1522	sub_1522_0052200.log	DONE exit=20	200	True	48330	0 0 0 0 0 0 0 0 0 0 0 657 825 338 69 4 0 0 0 0 0 0 0 0 0 0 0 0 0
1522	sub_1522_0052400.log	DONE exit=20	200	True	181465	0 0 0 0 0 0 0 0 0 0 0 1108 2805 2293 1387 85 2 0 0 0 0 0 0 0 0 0 0 0 0
1522	sub_1522_0052600.log	DONE exit=20	200	True	55377	0 0 0 0 0 0 0 0 0 0 0 855 938 181 13 0 0 0 0 0 0 0 0 0 0 0 0 0 0
1522	sub_1522_0052800.log	DONE exit=20	200	True	66794	0 0 0 0 0 0 0 0 0 0 0 793 1247 658 91 1 0 0 0 0 0 0 0 0 0 0 0 0 0
1522	sub_1522_0053000.log	DONE exit=20	200	True	138412	0 0 0 0 0 0 0 0 0 0 0 1051 2267 1972 681 43 3 0 0 0 0 0 0 0 0 0 0 0 0
1522	sub_1522_0053200.log	DONE exit=20	200	True	40739	0 0 0 0 0 0 0 0 0 0 0 532 589 227 18 0 0 0 0 0 0 0 0 0 0 0 0 0 0
1522	sub_1522_0053400.log	DONE exit=20	200	True	84305	0 0 0 0 0 0 0 0 0 0 0 754 1313 1003 261 3 0 0 0 0 0 0 0 0 0 0 0 0 0
1522	sub_1522_0053600.log	DONE exit=20	200	True	49402	0 0 0 0 0 0 0 0 0 0 0 613 753 343 40 1 0 0 0 0 0 0 0 0 0 0 0 0 0
1522	sub_1522_0053800.log	DONE exit=20	200	True	60426	0 0 0 0 0 0 0 0 0 0 0 675 932 595 109 14 0 0 0 0 0 0 0 0 0 0 0 0 0
1522	sub_1522_0054000.log	DONE exit=20	200	True	51510	0 0 0 0 0 0 0 0 0 0 0 663 800 329 20 1 0 0 0 0 0 0 0 0 0 0 0 0 0
1522	sub_1522_0054200.log	DONE exit=20	200	True	91007	0 0 0 0 0 0 0 0 0 0 0 750 1642 1353 350 46 0 0 0 0 0 0 0 0 0 0 0 0 0
1522	sub_1522_0054400.log	DONE exit=20	200	True	90864	0 0 0 0 0 0 0 0 0 0 0 813 1324 1221 461 48 3 0 0 0 0 0 0 0 0 0 0 0 0
1522	sub_1522_0054600.log	DONE exit=20	200	True	207040	0 0 0 0 0 0 0 0 0 0 0 1172 2939 3347 2200 572 100 8 0 0 0 0 0 0 0 0 0 0 0
1522	sub_1522_0054800.log	DONE exit=20	200	True	158607	0 0 0 0 0 0 0 0 0 0 0 967 2395 2853 1305 227 3 0 0 0 0 0 0 0 0 0 0 0 0
1522	sub_1522_0055000.log	DONE exit=20	200	True	47387	0 0 0 0 0 0 0 0 0 0 0 594 541 273 50 4 0 0 0 0 0 0 0 0 0 0 0 0 0
1522	sub_1522_0055200.log	DONE exit=20	200	True	45914	0 0 0 0 0 0 0 0 0 0 0 532 570 200 26 0 0 0 0 0 0 0 0 0 0 0 0 0 0
1522	sub_1522_0055400.log	DONE exit=20	200	True	46553	0 0 0 0 0 0 0 0 0 0 0 477 578 240 27 0 0 0 0 0 0 0 0 0 0 0 0 0 0
1522	sub_1522_0055600.log	DONE exit=20	200	True	40345	0 0 0 0 0 0 0 0 0 0 0 453 443 138 13 0 0 0 0 0 0 0 0 0 0 0 0 0 0
1522	sub_1522_0055800.log	DONE exit=20	200	True	44615	0 0 0 0 0 0 0 0 0 0 0 592 613 251 86 0 0 0 0 0 0 0 0 0 0 0 0 0 0
1522	sub_1522_0056000.log	DONE exit=20	200	True	221135	0 0 0 0 0 0 0 0 0 0 0 1146 3196 3728 1926 449 32 0 0 0 0 0 0 0 0 0 0 0 0
1522	sub_1522_0056200.log	DONE exit=20	200	True	159750	0 0 0 0 0 0 0 0 0 0 0 1005 2242 2578 1418 265 6 0 0 0 0 0 0 0 0 0 0 0 0
1522	sub_1522_0056400.log	DONE exit=20	200	True	128048	0 0 0 0 0 0 0 0 0 0 0 929 1916 1732 859 142 18 0 0 0 0 0 0 0 0 0 0 0 0
1522	sub_1522_0056600.log	DONE exit=20	200	True	46828	0 0 0 0 0 0 0 0 0 0 0 526 567 233 22 0 0 0 0 0 0 0 0 0 0 0 0 0 0
1522	sub_1522_0056800.log	DONE exit=20	200	True	36388	0 0 0 0 0 0 0 0 0 0 0 512 345 57 0 0 0 0 0 0 0 0 0 0 0 0 0 0 0
1522	sub_1522_0057000.log	DONE exit=20	200	True	28396	0 0 0 0 0 0 0 0 0 0 0 368 341 161 15 0 0 0 0 0 0 0 0 0 0 0 0 0 0
1522	sub_1522_0057200.log	DONE exit=20	200	True	110793	0 0 0 0 0 0 0 0 0 0 0 822 1571 1729 346 32 1 0 0 0 0 0 0 0 0 0 0 0 0
1522	sub_1522_0057400.log	DONE exit=20	200	True	89304	0 0 0 0 0 0 0 0 0 0 0 745 1117 1109 293 30 0 0 0 0 0 0 0 0 0 0 0 0 0
1522	sub_1522_0057600.log	DONE exit=20	200	True	99050	0 0 0 0 0 0 0 0 0 0 0 766 1120 1244 130 3 0 0 0 0 0 0 0 0 0 0 0 0 0
1522	sub_1522_0057800.log	DONE exit=20	200	True	66659	0 0 0 0 0 0 0 0 0 0 0 776 1002 551 88 0 0 0 0 0 0 0 0 0 0 0 0 0 0
1522	sub_1522_0058000.log	DONE exit=20	200	True	224539	0 0 0 0 0 0 0 0 0 0 0 1240 3365 3512 1203 83 2 0 0 0 0 0 0 0 0 0 0 0 0
1522	sub_1522_0058200.log	DONE exit=20	200	True	469504	0 0 0 0 0 0 0 0 0 0 0 1610 5767 8890 5139 993 77 4 0 0 0 0 0 0 0 0 0 0 0
1522	sub_1522_0058400.log	DONE exit=20	200	True	370092	0 0 0 0 0 0 0 0 0 0 0 1248 4288 6525 3820 689 71 0 0 0 0 0 0 0 0 0 0 0 0
1522	sub_1522_0058600.log	DONE exit=20	200	True	248472	0 0 0 0 0 0 0 0 0 0 0 1009 2605 4346 2727 281 8 0 0 0 0 0 0 0 0 0 0 0 0
1522	sub_1522_0058800.log	DONE exit=20	200	True	454170	0 0 0 0 0 0 0 0 0 0 0 1240 4025 8101 6969 1194 9 0 0 0 0 0 0 0 0 0 0 0 0
1522	sub_1522_0059000.log	DONE exit=20	200	True	211497	0 0 0 0 0 0 0 0 0 0 0 1216 2854 3254 1266 86 1 0 0 0 0 0 0 0 0 0 0 0 0
1522	sub_1522_0059200.log	DONE exit=20	200	True	56760	0 0 0 0 0 0 0 0 0 0 0 549 815 806 445 44 0 0 0 0 0 0 0 0 0 0 0 0 0
1522	sub_1522_0059400.log	DONE exit=20	200	True	158191	0 0 0 0 0 0 0 0 0 0 0 1011 2060 2259 867 79 2 0 0 0 0 0 0 0 0 0 0 0 0
1522	sub_1522_0059600.log	DONE exit=20	200	True	46447	0 0 0 0 0 0 0 0 0 0 0 602 658 356 40 1 0 0 0 0 0 0 0 0 0 0 0 0 0
1522	sub_1522_0059800.log	DONE exit=20	200	True	202992	0 0 0 0 0 0 0 0 0 0 0 806 2209 3443 2540 306 10 0 0 0 0 0 0 0 0 0 0 0 0
1522	sub_1522_0060000.log	DONE exit=20	200	True	69986	0 0 0 0 0 0 0 0 0 0 0 709 993 683 113 6 0 0 0 0 0 0 0 0 0 0 0 0 0
1522	sub_1522_0060200.log	DONE exit=20	200	True	143566	0 0 0 0 0 0 0 0 0 0 0 973 1780 1808 617 40 0 0 0 0 0 0 0 0 0 0 0 0 0
1522	sub_1522_0060400.log	DONE exit=20	200	True	37497	0 0 0 0 0 0 0 0 0 0 0 524 473 212 15 1 0 0 0 0 0 0 0 0 0 0 0 0 0
1522	sub_1522_0060600.log	DONE exit=20	200	True	288702	0 0 0 0 0 0 0 0 0 0 0 1150 3004 4484 3443 339 9 0 0 0 0 0 0 0 0 0 0 0 0
1522	sub_1522_0060800.log	DONE exit=20	200	True	71415	0 0 0 0 0 0 0 0 0 0 0 670 1002 753 94 3 0 0 0 0 0 0 0 0 0 0 0 0 0
1522	sub_1522_0061000.log	DONE exit=20	200	True	130749	0 0 0 0 0 0 0 0 0 0 0 999 2103 1667 246 10 0 0 0 0 0 0 0 0 0 0 0 0 0
1522	sub_1522_0061200.log	DONE exit=20	200	True	160868	0 0 0 0 0 0 0 0 0 0 0 1017 2227 2236 725 46 3 0 0 0 0 0 0 0 0 0 0 0 0
1522	sub_1522_0061400.log	DONE exit=20	200	True	405950	0 0 0 0 0 0 0 0 0 0 0 1724 6116 8297 3944 613 32 1 0 0 0 0 0 0 0 0 0 0 0
1522	sub_1522_0061600.log	DONE exit=20	200	True	425258	0 0 0 0 0 0 0 0 0 0 0 1480 5545 8611 4466 536 37 1 0 0 0 0 0 0 0 0 0 0 0
1522	sub_1522_0061800.log	DONE exit=20	200	True	97123	0 0 0 0 0 0 0 0 0 0 0 868 1477 985 272 48 5 0 0 0 0 0 0 0 0 0 0 0 0
1522	sub_1522_0062000.log	DONE exit=20	200	True	192957	0 0 0 0 0 0 0 0 0 0 0 963 2273 3062 2055 482 11 0 0 0 0 0 0 0 0 0 0 0 0
1522	sub_1522_0062200.log	DONE exit=20	200	True	145975	0 0 0 0 0 0 0 0 0 0 0 766 1507 2195 1209 37 0 0 0 0 0 0 0 0 0 0 0 0 0
1522	sub_1522_0062400.log	DONE exit=20	200	True	187765	0 0 0 0 0 0 0 0 0 0 0 970 2521 3352 2386 213 0 0 0 0 0 0 0 0 0 0 0 0 0
1522	sub_1522_0062600.log	DONE exit=20	200	True	150175	0 0 0 0 0 0 0 0 0 0 0 1119 2547 2339 869 208 1 0 0 0 0 0 0 0 0 0 0 0 0
1522	sub_1522_0062800.log	DONE exit=20	200	True	232541	0 0 0 0 0 0 0 0 0 0 0 845 2590 4502 4053 1239 36 1 0 0 0 0 0 0 0 0 0 0 0
1522	sub_1522_0063000.log	DONE exit=20	200	True	32463	0 0 0 0 0 0 0 0 0 0 0 365 535 206 84 14 0 0 0 0 0 0 0 0 0 0 0 0 0
1522	sub_1522_0063200.log	DONE exit=20	200	True	26089	0 0 0 0 0 0 0 0 0 0 0 368 294 92 8 0 0 0 0 0 0 0 0 0 0 0 0 0 0
1522	sub_1522_0063400.log	DONE exit=20	200	True	13293	0 0 0 0 0 0 0 0 0 0 0 181 13 0 0 0 0 0 0 0 0 0 0 0 0 0 0 0 0
1522	sub_1522_0063600.log	DONE exit=20	200	True	23247	0 0 0 0 0 0 0 0 0 0 0 342 228 44 5 0 0 0 0 0 0 0 0 0 0 0 0 0 0
1522	sub_1522_0063800.log	DONE exit=20	200	True	22562	0 0 0 0 0 0 0 0 0 0 0 338 186 34 0 0 0 0 0 0 0 0 0 0 0 0 0 0 0
1522	sub_1522_0064000.log	DONE exit=20	200	True	49364	0 0 0 0 0 0 0 0 0 0 0 440 601 525 93 0 0 0 0 0 0 0 0 0 0 0 0 0 0
1522	sub_1522_0064200.log	DONE exit=20	200	True	49812	0 0 0 0 0 0 0 0 0 0 0 714 763 236 23 1 0 0 0 0 0 0 0 0 0 0 0 0 0
1522	sub_1522_0064400.log	DONE exit=20	200	True	384426112	0 0 0 0 0 0 0 0 0 0 0 2515 21628 130224 558649 1559897 2839087 3996136 5059223 1997647 463154 0 0 0 0 0 0 0 0
1522	sub_1522_0064600.log	DONE exit=20	200	True	8487613	0 0 0 0 0 0 0 0 0 0 0 1949 9874 27077 53247 78175 76523 6744 279 18 1 0 0 0 0 0 0 0 0
1522	sub_1522_0064800.log	DONE exit=20	200	True	10930335	0 0 0 0 0 0 0 0 0 0 0 1740 5582 11717 23449 53344 97935 145648 14816 7388 2734 0 0 0 0 0 0 0 0
1522	sub_1522_0065000.log	DONE exit=20	200	True	19049229	0 0 0 0 0 0 0 0 0 0 0 2075 9080 27682 62901 125952 182083 232767 27284 13612 2563 0 0 0 0 0 0 0 0
1522	sub_1522_0065200.log	DONE exit=20	200	True	43755	0 0 0 0 0 0 0 0 0 0 0 640 631 297 23 0 0 0 0 0 0 0 0 0 0 0 0 0 0
1522	sub_1522_0065400.log	DONE exit=20	200	True	280973	0 0 0 0 0 0 0 0 0 0 0 1094 2092 2237 890 438 9 0 0 0 0 0 0 0 0 0 0 0 0
1522	sub_1522_0065600.log	DONE exit=20	200	True	322979	0 0 0 0 0 0 0 0 0 0 0 1332 3676 3204 631 77 0 0 0 0 0 0 0 0 0 0 0 0 0
1522	sub_1522_0065800.log	DONE exit=20	200	True	2294675	0 0 0 0 0 0 0 0 0 0 0 1535 7453 19402 24481 11663 1107 164 0 0 0 0 0 0 0 0 0 0 0
1522	sub_1522_0066000.log	DONE exit=20	200	True	6445045	0 0 0 0 0 0 0 0 0 0 0 1325 5938 16082 29385 35310 38524 35637 45417 56089 16992 0 0 0 0 0 0 0 0
1522	sub_1522_0066200.log	DONE exit=20	200	True	56958	0 0 0 0 0 0 0 0 0 0 0 703 891 513 78 0 0 0 0 0 0 0 0 0 0 0 0 0 0
1522	sub_1522_0066400.log	DONE exit=20	200	True	72787	0 0 0 0 0 0 0 0 0 0 0 479 634 498 130 20 0 0 0 0 0 0 0 0 0 0 0 0 0
1522	sub_1522_0066600.log	DONE exit=20	200	True	623337	0 0 0 0 0 0 0 0 0 0 0 926 2648 3955 4419 3072 41 0 0 0 0 0 0 0 0 0 0 0 0
1522	sub_1522_0066800.log	DONE exit=20	200	True	19495	0 0 0 0 0 0 0 0 0 0 0 221 96 34 20 1 0 0 0 0 0 0 0 0 0 0 0 0 0
1522	sub_1522_0067000.log	DONE exit=20	200	True	53526	0 0 0 0 0 0 0 0 0 0 0 396 303 296 193 71 0 0 0 0 0 0 0 0 0 0 0 0 0
1522	sub_1522_0067200.log	DONE exit=20	200	True	44348	0 0 0 0 0 0 0 0 0 0 0 403 553 248 31 0 0 0 0 0 0 0 0 0 0 0 0 0 0
1522	sub_1522_0067400.log	DONE exit=20	200	True	249005	0 0 0 0 0 0 0 0 0 0 0 920 1701 1994 1657 569 2 0 0 0 0 0 0 0 0 0 0 0 0
1522	sub_1522_0067600.log	DONE exit=20	200	True	117885	0 0 0 0 0 0 0 0 0 0 0 884 1458 944 263 46 0 0 0 0 0 0 0 0 0 0 0 0 0
1522	sub_1522_0067800.log	DONE exit=20	200	True	354590	0 0 0 0 0 0 0 0 0 0 0 590 986 2800 3040 1020 2 0 0 0 0 0 0 0 0 0 0 0 0
1522	sub_1522_0068000.log	DONE exit=20	200	True	285177	0 0 0 0 0 0 0 0 0 0 0 839 1549 2070 2000 1106 1 0 0 0 0 0 0 0 0 0 0 0 0
1522	sub_1522_0068200.log	DONE exit=20	200	True	1634973	0 0 0 0 0 0 0 0 0 0 0 912 3079 8393 16047 14628 2636 39 0 0 0 0 0 0 0 0 0 0 0
1522	sub_1522_0068400.log	DONE exit=20	200	True	248550	0 0 0 0 0 0 0 0 0 0 0 954 1695 2182 1863 628 1 0 0 0 0 0 0 0 0 0 0 0 0
1522	sub_1522_0068600.log	DONE exit=20	200	True	88316	0 0 0 0 0 0 0 0 0 0 0 1095 1792 979 208 3 0 0 0 0 0 0 0 0 0 0 0 0 0
1522	sub_1522_0068800.log	DONE exit=20	200	True	66238	0 0 0 0 0 0 0 0 0 0 0 864 1244 645 94 1 0 0 0 0 0 0 0 0 0 0 0 0 0
1522	sub_1522_0069000.log	DONE exit=20	200	True	117944	0 0 0 0 0 0 0 0 0 0 0 1065 1897 1449 556 99 12 0 0 0 0 0 0 0 0 0 0 0 0
1522	sub_1522_0069200.log	DONE exit=20	200	True	1592061	0 0 0 0 0 0 0 0 0 0 0 1916 8900 22845 34939 33294 21770 8145 759 5 0 0 0 0 0 0 0 0 0
1522	sub_1522_0069400.log	DONE exit=20	200	True	119494	0 0 0 0 0 0 0 0 0 0 0 1142 2160 1885 727 185 5 0 0 0 0 0 0 0 0 0 0 0 0
1522	sub_1522_0069600.log	DONE exit=20	200	True	259546	0 0 0 0 0 0 0 0 0 0 0 1650 3678 4669 3374 1624 541 75 0 0 0 0 0 0 0 0 0 0 0
1522	sub_1522_0069800.log	DONE exit=20	200	True	146635	0 0 0 0 0 0 0 0 0 0 0 1483 2744 2534 1515 521 130 28 0 0 0 0 0 0 0 0 0 0 0
1522	sub_1522_0070000.log	DONE exit=20	200	True	101919113	0 0 0 0 0 0 0 0 0 0 0 3002 24985 125009 440128 986355 1170285 410206 45533 18689 4219 0 0 0 0 0 0 0 0
1522	sub_1522_0070200.log	DONE exit=20	200	True	818658403	0 0 0 0 0 0 0 0 0 0 0 3588 35124 208622 857348 2482880 5480147 9974027 12886040 5765811 1526769 0 0 0 0 0 0 0 0
1522	sub_1522_0070400.log	DONE exit=20	200	True	1078458	0 0 0 0 0 0 0 0 0 0 0 1845 6589 11697 9323 3009 445 1 0 0 0 0 0 0 0 0 0 0 0
1522	sub_1522_0070600.log	DONE exit=20	200	True	2674593	0 0 0 0 0 0 0 0 0 0 0 1907 8750 17871 20700 15023 9604 3735 0 0 0 0 0 0 0 0 0 0 0
1522	sub_1522_0070800.log	DONE exit=20	200	True	776255	0 0 0 0 0 0 0 0 0 0 0 1625 4759 6622 7305 5599 1894 142 0 0 0 0 0 0 0 0 0 0 0
1522	sub_1522_0071000.log	DONE exit=20	200	True	26994004	0 0 0 0 0 0 0 0 0 0 0 1941 7974 24016 64777 161531 281715 302988 80693 42886 10104 0 0 0 0 0 0 0 0
1522	sub_1522_0071200.log	DONE exit=20	200	True	9210609	0 0 0 0 0 0 0 0 0 0 0 1958 7401 18406 40815 81705 96114 48524 4692 1715 373 0 0 0 0 0 0 0 0
1522	sub_1522_0071400.log	DONE exit=20	200	True	17009500	0 0 0 0 0 0 0 0 0 0 0 2441 12605 40819 90063 158653 166437 121348 21342 12867 3405 0 0 0 0 0 0 0 0
1522	sub_1522_0071600.log	DONE exit=20	200	True	13780814	0 0 0 0 0 0 0 0 0 0 0 1684 6031 16843 42670 97465 142809 134131 30995 18790 4388 0 0 0 0 0 0 0 0
1522	sub_1522_0071800.log	DONE exit=20	200	True	75164	0 0 0 0 0 0 0 0 0 0 0 886 1277 724 92 5 0 0 0 0 0 0 0 0 0 0 0 0 0
1522	sub_1522_0072000.log	DONE exit=20	200	True	88998	0 0 0 0 0 0 0 0 0 0 0 849 1368 940 325 72 4 0 0 0 0 0 0 0 0 0 0 0 0
1522	sub_1522_0072200.log	DONE exit=20	200	True	105214	0 0 0 0 0 0 0 0 0 0 0 1246 2247 1241 274 27 3 0 0 0 0 0 0 0 0 0 0 0 0
1522	sub_1522_0072400.log	DONE exit=20	200	True	123659	0 0 0 0 0 0 0 0 0 0 0 1121 2312 1765 432 59 13 0 0 0 0 0 0 0 0 0 0 0 0
1522	sub_1522_0072600.log	DONE exit=20	200	True	94016	0 0 0 0 0 0 0 0 0 0 0 988 1644 1068 199 10 0 0 0 0 0 0 0 0 0 0 0 0 0
1522	sub_1522_0072800.log	DONE exit=20	200	True	1474342	0 0 0 0 0 0 0 0 0 0 0 1767 8451 21359 27996 16754 3550 147 0 0 0 0 0 0 0 0 0 0 0
1522	sub_1522_0073000.log	DONE exit=20	200	True	209767	0 0 0 0 0 0 0 0 0 0 0 1405 3570 3116 860 130 0 0 0 0 0 0 0 0 0 0 0 0 0
1522	sub_1522_0073200.log	DONE exit=20	200	True	365437	0 0 0 0 0 0 0 0 0 0 0 1178 2971 3730 3580 3649 2297 425 1 0 0 0 0 0 0 0 0 0 0
1522	sub_1522_0073400.log	DONE exit=20	200	True	613632	0 0 0 0 0 0 0 0 0 0 0 1318 4414 8756 10184 7822 4626 1428 85 5 0 0 0 0 0 0 0 0 0
1522	sub_1522_0073600.log	DONE exit=20	200	True	435798	0 0 0 0 0 0 0 0 0 0 0 1863 6094 8692 7522 3298 642 97 7 0 0 0 0 0 0 0 0 0 0
1522	sub_1522_0073800.log	DONE exit=20	200	True	484862	0 0 0 0 0 0 0 0 0 0 0 1907 7090 10311 6050 1354 111 15 0 0 0 0 0 0 0 0 0 0 0
1522	sub_1522_0074000.log	DONE exit=20	200	True	510833	0 0 0 0 0 0 0 0 0 0 0 1618 5592 8865 6037 626 12 0 0 0 0 0 0 0 0 0 0 0 0
1522	sub_1522_0074200.log	DONE exit=20	200	True	443433	0 0 0 0 0 0 0 0 0 0 0 1656 6060 9216 5726 1111 115 13 0 0 0 0 0 0 0 0 0 0 0
1522	sub_1522_0074400.log	DONE exit=20	200	True	456975	0 0 0 0 0 0 0 0 0 0 0 1420 4664 8307 5857 671 31 3 0 0 0 0 0 0 0 0 0 0 0
1522	sub_1522_0074600.log	DONE exit=20	200	True	252217600	0 0 0 0 0 0 0 0 0 0 0 2434 17540 90400 357225 1059164 2224056 3108923 3045529 1006658 221192 0 0 0 0 0 0 0 0
1522	sub_1522_0074800.log	DONE exit=20	200	True	3564375	0 0 0 0 0 0 0 0 0 0 0 2078 10492 28970 36987 23806 8716 1995 8 0 0 0 0 0 0 0 0 0 0
1522	sub_1522_0075000.log	DONE exit=20	200	True	10884127	0 0 0 0 0 0 0 0 0 0 0 2359 14951 50084 79864 78572 68156 47521 28883 25899 8359 0 0 0 0 0 0 0 0
1522	sub_1522_0075200.log	DONE exit=20	200	True	2762923	0 0 0 0 0 0 0 0 0 0 0 1778 9206 25130 34096 21425 6526 930 0 0 0 0 0 0 0 0 0 0 0
1522	sub_1522_0075400.log	DONE exit=20	200	True	11737398	0 0 0 0 0 0 0 0 0 0 0 2317 14382 49370 92252 100594 77371 46186 22213 20631 5770 0 0 0 0 0 0 0 0
1522	sub_1522_0075600.log	DONE exit=20	200	True	924624	0 0 0 0 0 0 0 0 0 0 0 1350 5332 12215 12078 6183 1300 127 0 0 0 0 0 0 0 0 0 0 0
1522	sub_1522_0075800.log	DONE exit=20	200	True	77619	0 0 0 0 0 0 0 0 0 0 0 1059 2012 1475 377 56 7 0 0 0 0 0 0 0 0 0 0 0 0
1522	sub_1522_0076000.log	DONE exit=20	200	True	721362	0 0 0 0 0 0 0 0 0 0 0 1303 4667 9121 7891 3648 88 1 0 0 0 0 0 0 0 0 0 0 0
1522	sub_1522_0076200.log	DONE exit=20	200	True	1846821	0 0 0 0 0 0 0 0 0 0 0 1925 7995 15773 15522 6247 827 170 0 0 0 0 0 0 0 0 0 0 0
1522	sub_1522_0076400.log	DONE exit=20	200	True	759448	0 0 0 0 0 0 0 0 0 0 0 1475 5458 8547 6361 2565 55 1 0 0 0 0 0 0 0 0 0 0 0
1522	sub_1522_0076600.log	DONE exit=20	200	True	784483	0 0 0 0 0 0 0 0 0 0 0 1467 4951 9190 5312 1829 57 0 0 0 0 0 0 0 0 0 0 0 0
1522	sub_1522_0076800.log	DONE exit=20	200	True	769615	0 0 0 0 0 0 0 0 0 0 0 1559 5319 7730 5236 1505 19 0 0 0 0 0 0 0 0 0 0 0 0
1522	sub_1522_0077000.log	DONE exit=20	200	True	594107	0 0 0 0 0 0 0 0 0 0 0 1280 4149 5529 4022 1095 0 0 0 0 0 0 0 0 0 0 0 0 0
1522	sub_1522_0077200.log	DONE exit=20	200	True	338750	0 0 0 0 0 0 0 0 0 0 0 1045 2880 3278 1935 294 0 0 0 0 0 0 0 0 0 0 0 0 0
1522	sub_1522_0077400.log	DONE exit=20	200	True	103017	0 0 0 0 0 0 0 0 0 0 0 878 1720 1253 312 15 0 0 0 0 0 0 0 0 0 0 0 0 0
1522	sub_1522_0077600.log	DONE exit=20	200	True	44887	0 0 0 0 0 0 0 0 0 0 0 577 629 333 62 0 0 0 0 0 0 0 0 0 0 0 0 0 0
1522	sub_1522_0077800.log	DONE exit=20	200	True	61855	0 0 0 0 0 0 0 0 0 0 0 712 893 524 138 13 0 0 0 0 0 0 0 0 0 0 0 0 0
1522	sub_1522_0078000.log	DONE exit=20	200	True	478370	0 0 0 0 0 0 0 0 0 0 0 1017 2158 3328 3415 2503 37 0 0 0 0 0 0 0 0 0 0 0 0
1522	sub_1522_0078200.log	DONE exit=20	200	True	1879625	0 0 0 0 0 0 0 0 0 0 0 1164 3929 7946 13908 17303 7940 1648 0 0 0 0 0 0 0 0 0 0 0
1522	sub_1522_0078400.log	DONE exit=20	200	True	471387	0 0 0 0 0 0 0 0 0 0 0 575 1353 2293 3723 3993 341 0 0 0 0 0 0 0 0 0 0 0 0
1522	sub_1522_0078600.log	DONE exit=20	200	True	150095	0 0 0 0 0 0 0 0 0 0 0 595 761 857 823 541 0 0 0 0 0 0 0 0 0 0 0 0 0
1522	sub_1522_0078800.log	DONE exit=20	200	True	589708	0 0 0 0 0 0 0 0 0 0 0 761 2170 3309 4405 2915 0 0 0 0 0 0 0 0 0 0 0 0 0
1522	sub_1522_0079000.log	DONE exit=20	200	True	306402	0 0 0 0 0 0 0 0 0 0 0 808 1812 2446 2091 1191 15 0 0 0 0 0 0 0 0 0 0 0 0
1522	sub_1522_0079200.log	DONE exit=20	200	True	167381	0 0 0 0 0 0 0 0 0 0 0 571 700 781 1161 793 0 0 0 0 0 0 0 0 0 0 0 0 0
1522	sub_1522_0079400.log	DONE exit=20	200	True	750860	0 0 0 0 0 0 0 0 0 0 0 842 2785 4960 6325 3761 49 0 0 0 0 0 0 0 0 0 0 0 0
1522	sub_1522_0079600.log	DONE exit=20	200	True	21767	0 0 0 0 0 0 0 0 0 0 0 243 116 4 0 0 0 0 0 0 0 0 0 0 0 0 0 0 0
1522	sub_1522_0079800.log	DONE exit=20	200	True	240861	0 0 0 0 0 0 0 0 0 0 0 847 1857 2461 1870 426 22 0 0 0 0 0 0 0 0 0 0 0 0
1522	sub_1522_0080000.log	DONE exit=20	200	True	710866	0 0 0 0 0 0 0 0 0 0 0 1241 3021 4496 6856 4509 45 0 0 0 0 0 0 0 0 0 0 0 0
1522	sub_1522_0080200.log	DONE exit=20	200	True	790588	0 0 0 0 0 0 0 0 0 0 0 1074 3178 5844 7222 6401 746 20 0 0 0 0 0 0 0 0 0 0 0
1522	sub_1522_0080400.log	DONE exit=20	200	True	553579	0 0 0 0 0 0 0 0 0 0 0 1151 2964 5011 5318 4335 1377 592 6 0 0 0 0 0 0 0 0 0 0
1522	sub_1522_0080600.log	DONE exit=20	200	True	53494	0 0 0 0 0 0 0 0 0 0 0 487 430 214 116 46 0 0 0 0 0 0 0 0 0 0 0 0 0
1522	sub_1522_0080800.log	DONE exit=20	200	True	30059	0 0 0 0 0 0 0 0 0 0 0 351 195 57 7 0 0 0 0 0 0 0 0 0 0 0 0 0 0
1522	sub_1522_0081000.log	DONE exit=20	200	True	71222	0 0 0 0 0 0 0 0 0 0 0 632 764 360 157 58 0 0 0 0 0 0 0 0 0 0 0 0 0
1522	sub_1522_0081200.log	DONE exit=20	200	True	22460	0 0 0 0 0 0 0 0 0 0 0 352 107 7 0 0 0 0 0 0 0 0 0 0 0 0 0 0 0
1522	sub_1522_0081400.log	DONE exit=20	200	True	32168	0 0 0 0 0 0 0 0 0 0 0 494 273 57 4 0 0 0 0 0 0 0 0 0 0 0 0 0 0
1522	sub_1522_0081600.log	DONE exit=20	200	True	22282	0 0 0 0 0 0 0 0 0 0 0 294 84 3 0 0 0 0 0 0 0 0 0 0 0 0 0 0 0
1522	sub_1522_0081800.log	DONE exit=20	200	True	26968	0 0 0 0 0 0 0 0 0 0 0 407 313 114 6 0 0 0 0 0 0 0 0 0 0 0 0 0 0
1522	sub_1522_0082000.log	DONE exit=20	200	True	182423	0 0 0 0 0 0 0 0 0 0 0 1025 2235 3035 1092 70 0 0 0 0 0 0 0 0 0 0 0 0 0
1522	sub_1522_0082200.log	DONE exit=20	200	True	30472	0 0 0 0 0 0 0 0 0 0 0 377 289 80 13 0 0 0 0 0 0 0 0 0 0 0 0 0 0
1522	sub_1522_0082400.log	DONE exit=20	200	True	1700984	0 0 0 0 0 0 0 0 0 0 0 963 2877 8587 16892 14126 2062 12 0 0 0 0 0 0 0 0 0 0 0
1522	sub_1522_0082600.log	DONE exit=20	200	True	352266	0 0 0 0 0 0 0 0 0 0 0 615 1364 2646 2664 1435 2 0 0 0 0 0 0 0 0 0 0 0 0
1522	sub_1522_0082800.log	DONE exit=20	200	True	464420	0 0 0 0 0 0 0 0 0 0 0 1099 2927 5055 3523 1373 6 0 0 0 0 0 0 0 0 0 0 0 0
1522	sub_1522_0083000.log	DONE exit=20	200	True	42568	0 0 0 0 0 0 0 0 0 0 0 577 616 308 47 0 0 0 0 0 0 0 0 0 0 0 0 0 0
1522	sub_1522_0083200.log	DONE exit=20	200	True	105641	0 0 0 0 0 0 0 0 0 0 0 722 1270 1748 586 38 1 0 0 0 0 0 0 0 0 0 0 0 0
1522	sub_1522_0083400.log	DONE exit=20	200	True	240447	0 0 0 0 0 0 0 0 0 0 0 906 2020 2330 1583 704 28 2 0 0 0 0 0 0 0 0 0 0 0
1522	sub_1522_0083600.log	DONE exit=20	200	True	361499	0 0 0 0 0 0 0 0 0 0 0 1163 2888 3227 2427 927 6 0 0 0 0 0 0 0 0 0 0 0 0
1522	sub_1522_0083800.log	DONE exit=20	200	True	1226511	0 0 0 0 0 0 0 0 0 0 0 1670 6080 10858 13394 9852 765 6 0 0 0 0 0 0 0 0 0 0 0
1522	sub_1522_0084000.log	DONE exit=20	200	True	8957559	0 0 0 0 0 0 0 0 0 0 0 2258 11807 33757 63590 84006 78909 45881 15007 6475 1796 0 0 0 0 0 0 0 0
1522	sub_1522_0084200.log	DONE exit=20	200	True	1239485	0 0 0 0 0 0 0 0 0 0 0 971 3661 9451 15274 10525 1137 35 1 0 0 0 0 0 0 0 0 0 0
1522	sub_1522_0084400.log	DONE exit=20	200	True	389135	0 0 0 0 0 0 0 0 0 0 0 1458 4527 7257 5015 695 14 0 0 0 0 0 0 0 0 0 0 0 0
1522	sub_1522_0084600.log	DONE exit=20	200	True	101899	0 0 0 0 0 0 0 0 0 0 0 808 1298 1211 488 72 0 0 0 0 0 0 0 0 0 0 0 0 0
1522	sub_1522_0084800.log	DONE exit=20	200	True	398554	0 0 0 0 0 0 0 0 0 0 0 913 2600 4451 3846 1675 31 0 0 0 0 0 0 0 0 0 0 0 0
1522	sub_1522_0085000.log	DONE exit=20	200	True	1056054	0 0 0 0 0 0 0 0 0 0 0 1266 3599 7002 10241 8015 969 9 0 0 0 0 0 0 0 0 0 0 0
1522	sub_1522_0085200.log	DONE exit=20	200	True	113876	0 0 0 0 0 0 0 0 0 0 0 550 618 664 670 344 0 0 0 0 0 0 0 0 0 0 0 0 0
1522	sub_1522_0085400.log	DONE exit=20	200	True	1200955	0 0 0 0 0 0 0 0 0 0 0 924 3033 7760 13041 9662 1476 10 0 0 0 0 0 0 0 0 0 0 0
1522	sub_1522_0085600.log	DONE exit=20	200	True	40615	0 0 0 0 0 0 0 0 0 0 0 483 490 277 42 0 0 0 0 0 0 0 0 0 0 0 0 0 0
1522	sub_1522_0085800.log	DONE exit=20	200	True	578115	0 0 0 0 0 0 0 0 0 0 0 590 1321 4159 4362 2448 0 0 0 0 0 0 0 0 0 0 0 0 0
1522	sub_1522_0086000.log	DONE exit=20	200	True	144969	0 0 0 0 0 0 0 0 0 0 0 541 550 799 903 540 0 0 0 0 0 0 0 0 0 0 0 0 0
1522	sub_1522_0086200.log	DONE exit=20	200	True	2076683	0 0 0 0 0 0 0 0 0 0 0 1089 3749 10919 20933 17755 3491 15 0 0 0 0 0 0 0 0 0 0 0
1522	sub_1522_0086400.log	DONE exit=20	200	True	180260	0 0 0 0 0 0 0 0 0 0 0 1055 2532 3032 1584 431 81 0 0 0 0 0 0 0 0 0 0 0 0
1522	sub_1522_0086600.log	DONE exit=20	200	True	346488	0 0 0 0 0 0 0 0 0 0 0 1303 3882 5853 4123 862 50 0 0 0 0 0 0 0 0 0 0 0 0
1522	sub_1522_0086800.log	DONE exit=20	200	True	336031	0 0 0 0 0 0 0 0 0 0 0 614 1322 2394 2894 1904 87 0 0 0 0 0 0 0 0 0 0 0 0
1522	sub_1522_0087000.log	DONE exit=20	200	True	49550	0 0 0 0 0 0 0 0 0 0 0 601 745 400 72 2 0 0 0 0 0 0 0 0 0 0 0 0 0
1522	sub_1522_0087200.log	DONE exit=20	200	True	476252	0 0 0 0 0 0 0 0 0 0 0 1139 4091 8684 9917 4799 910 54 0 0 0 0 0 0 0 0 0 0 0
1522	sub_1522_0087400.log	DONE exit=20	200	True	213695	0 0 0 0 0 0 0 0 0 0 0 1153 2428 3488 3192 1408 209 9 0 0 0 0 0 0 0 0 0 0 0
1522	sub_1522_0087600.log	DONE exit=20	200	True	143910	0 0 0 0 0 0 0 0 0 0 0 1333 2169 1986 1272 391 105 14 0 0 0 0 0 0 0 0 0 0 0
1522	sub_1522_0087800.log	DONE exit=20	200	True	189901	0 0 0 0 0 0 0 0 0 0 0 1439 2711 2710 2031 878 234 22 0 0 0 0 0 0 0 0 0 0 0
1522	sub_1522_0088000.log	DONE exit=20	200	True	53502	0 0 0 0 0 0 0 0 0 0 0 760 685 425 127 6 0 0 0 0 0 0 0 0 0 0 0 0 0
1522	sub_1522_0088200.log	DONE exit=20	200	True	619491	0 0 0 0 0 0 0 0 0 0 0 1592 5301 11265 13006 6216 1122 53 0 0 0 0 0 0 0 0 0 0 0
1522	sub_1522_0088400.log	DONE exit=20	200	True	124797	0 0 0 0 0 0 0 0 0 0 0 1146 2255 1831 631 138 27 0 0 0 0 0 0 0 0 0 0 0 0
1522	sub_1522_0088600.log	DONE exit=20	200	True	196966	0 0 0 0 0 0 0 0 0 0 0 1505 3080 3004 1840 755 258 23 0 0 0 0 0 0 0 0 0 0 0
1522	sub_1522_0088800.log	DONE exit=20	200	True	198196	0 0 0 0 0 0 0 0 0 0 0 1542 3484 3152 1761 660 253 46 0 0 0 0 0 0 0 0 0 0 0
1522	sub_1522_0089000.log	DONE exit=20	200	True	148836	0 0 0 0 0 0 0 0 0 0 0 1269 3174 2871 1097 258 28 6 0 0 0 0 0 0 0 0 0 0 0
1522	sub_1522_0089200.log	DONE exit=20	200	True	273693	0 0 0 0 0 0 0 0 0 0 0 1171 3690 6035 4571 1494 51 1 0 0 0 0 0 0 0 0 0 0 0
1522	sub_1522_0089400.log	DONE exit=20	200	True	727134	0 0 0 0 0 0 0 0 0 0 0 1807 7057 13444 11498 4910 910 63 0 0 0 0 0 0 0 0 0 0 0
1522	sub_1522_0089600.log	DONE exit=20	200	True	1085622	0 0 0 0 0 0 0 0 0 0 0 1849 8989 20561 18722 5198 922 25 0 0 0 0 0 0 0 0 0 0 0
1522	sub_1522_0089800.log	DONE exit=20	200	True	798007	0 0 0 0 0 0 0 0 0 0 0 1747 7269 15028 13186 4735 933 34 0 0 0 0 0 0 0 0 0 0 0
1522	sub_1522_0090000.log	DONE exit=20	200	True	700749	0 0 0 0 0 0 0 0 0 0 0 1593 6942 15378 15442 6655 1160 28 0 0 0 0 0 0 0 0 0 0 0
1522	sub_1522_0090200.log	DONE exit=20	200	True	855462	0 0 0 0 0 0 0 0 0 0 0 2040 8946 18470 15191 4743 464 7 0 0 0 0 0 0 0 0 0 0 0
1522	sub_1522_0090400.log	DONE exit=20	200	True	732518	0 0 0 0 0 0 0 0 0 0 0 1932 8424 15738 10435 2279 146 0 0 0 0 0 0 0 0 0 0 0 0
1522	sub_1522_0090600.log	DONE exit=20	200	True	584201	0 0 0 0 0 0 0 0 0 0 0 1426 5625 11491 8719 1559 47 0 0 0 0 0 0 0 0 0 0 0 0
1522	sub_1522_0090800.log	DONE exit=20	200	True	1162049	0 0 0 0 0 0 0 0 0 0 0 2017 10099 23709 22052 5996 441 5 0 0 0 0 0 0 0 0 0 0 0
1522	sub_1522_0091000.log	DONE exit=20	200	True	265963	0 0 0 0 0 0 0 0 0 0 0 1259 3895 5959 4421 1329 105 1 0 0 0 0 0 0 0 0 0 0 0
1522	sub_1522_0091200.log	DONE exit=20	200	True	118191	0 0 0 0 0 0 0 0 0 0 0 1016 2347 2305 785 85 0 0 0 0 0 0 0 0 0 0 0 0 0
1522	sub_1522_0091400.log	DONE exit=20	200	True	81122	0 0 0 0 0 0 0 0 0 0 0 865 1321 1164 583 85 0 0 0 0 0 0 0 0 0 0 0 0 0
1522	sub_1522_0091600.log	DONE exit=20	200	True	45210	0 0 0 0 0 0 0 0 0 0 0 616 696 303 73 0 0 0 0 0 0 0 0 0 0 0 0 0 0
1522	sub_1522_0091800.log	DONE exit=20	200	True	74445	0 0 0 0 0 0 0 0 0 0 0 732 1281 819 335 60 1 0 0 0 0 0 0 0 0 0 0 0 0
1522	sub_1522_0092000.log	DONE exit=20	200	True	85171	0 0 0 0 0 0 0 0 0 0 0 815 1378 1086 500 76 6 0 0 0 0 0 0 0 0 0 0 0 0
1522	sub_1522_0092200.log	DONE exit=20	200	True	60348	0 0 0 0 0 0 0 0 0 0 0 626 815 534 450 118 0 0 0 0 0 0 0 0 0 0 0 0 0
1522	sub_1522_0092400.log	DONE exit=20	200	True	136956	0 0 0 0 0 0 0 0 0 0 0 881 1972 2217 1613 409 1 0 0 0 0 0 0 0 0 0 0 0 0
1522	sub_1522_0092600.log	DONE exit=20	200	True	110532	0 0 0 0 0 0 0 0 0 0 0 814 1697 1440 501 59 0 0 0 0 0 0 0 0 0 0 0 0 0
1522	sub_1522_0092800.log	DONE exit=20	200	True	94647	0 0 0 0 0 0 0 0 0 0 0 819 1318 1138 696 337 131 0 0 0 0 0 0 0 0 0 0 0 0
1522	sub_1522_0093000.log	DONE exit=20	200	True	45261	0 0 0 0 0 0 0 0 0 0 0 568 538 219 32 1 0 0 0 0 0 0 0 0 0 0 0 0 0
1522	sub_1522_0093200.log	DONE exit=20	200	True	42236	0 0 0 0 0 0 0 0 0 0 0 562 506 126 1 0 0 0 0 0 0 0 0 0 0 0 0 0 0
1522	sub_1522_0093400.log	DONE exit=20	200	True	102619	0 0 0 0 0 0 0 0 0 0 0 649 1267 1610 851 114 7 0 0 0 0 0 0 0 0 0 0 0 0
1522	sub_1522_0093600.log	DONE exit=20	200	True	90507	0 0 0 0 0 0 0 0 0 0 0 698 1222 1216 707 119 0 0 0 0 0 0 0 0 0 0 0 0 0
1522	sub_1522_0093800.log	DONE exit=20	200	True	130948	0 0 0 0 0 0 0 0 0 0 0 795 1678 2067 1012 224 72 17 0 0 0 0 0 0 0 0 0 0 0
1522	sub_1522_0094000.log	DONE exit=20	200	True	64186	0 0 0 0 0 0 0 0 0 0 0 550 934 743 263 36 4 0 0 0 0 0 0 0 0 0 0 0 0
1522	sub_1522_0094200.log	DONE exit=20	200	True	607394	0 0 0 0 0 0 0 0 0 0 0 1134 3457 8210 12291 8723 1936 287 3 0 0 0 0 0 0 0 0 0 0
1522	sub_1522_0094400.log	DONE exit=20	200	True	600510	0 0 0 0 0 0 0 0 0 0 0 1611 6354 11277 10297 5580 1166 90 0 0 0 0 0 0 0 0 0 0 0
1522	sub_1522_0094600.log	DONE exit=20	200	True	1195493	0 0 0 0 0 0 0 0 0 0 0 2052 10071 22739 27344 17752 4176 472 1 0 0 0 0 0 0 0 0 0 0
1522	sub_1522_0094800.log	DONE exit=20	200	True	692279	0 0 0 0 0 0 0 0 0 0 0 1323 5272 12011 15028 9471 2398 283 3 0 0 0 0 0 0 0 0 0 0
1522	sub_1522_0095000.log	DONE exit=20	200	True	306354	0 0 0 0 0 0 0 0 0 0 0 1128 3421 5728 5398 2044 379 46 1 0 0 0 0 0 0 0 0 0 0
1522	sub_1522_0095200.log	DONE exit=20	200	True	59942	0 0 0 0 0 0 0 0 0 0 0 549 779 613 268 112 56 15 0 0 0 0 0 0 0 0 0 0 0
1522	sub_1522_0095400.log	DONE exit=20	200	True	129951	0 0 0 0 0 0 0 0 0 0 0 829 1755 1976 1101 273 70 16 1 0 0 0 0 0 0 0 0 0 0
1522	sub_1522_0095600.log	DONE exit=20	200	True	706773	0 0 0 0 0 0 0 0 0 0 0 1819 8790 17457 12404 2704 163 0 0 0 0 0 0 0 0 0 0 0 0
1522	sub_1522_0095800.log	DONE exit=20	200	True	732054	0 0 0 0 0 0 0 0 0 0 0 2368 10624 21106 16947 4921 313 0 0 0 0 0 0 0 0 0 0 0 0
1522	sub_1522_0096000.log	DONE exit=20	200	True	643505	0 0 0 0 0 0 0 0 0 0 0 1923 8580 17272 13495 3931 551 17 0 0 0 0 0 0 0 0 0 0 0
1522	sub_1522_0096200.log	DONE exit=20	200	True	471535	0 0 0 0 0 0 0 0 0 0 0 1722 7018 12665 9334 2413 195 6 0 0 0 0 0 0 0 0 0 0 0
1522	sub_1522_0096400.log	DONE exit=20	200	True	549621	0 0 0 0 0 0 0 0 0 0 0 1845 7971 16008 14146 5614 715 5 0 0 0 0 0 0 0 0 0 0 0
1522	sub_1522_0096600.log	DONE exit=20	200	True	1068772	0 0 0 0 0 0 0 0 0 0 0 2118 10400 26006 31091 14053 2499 119 1 0 0 0 0 0 0 0 0 0 0
1522	sub_1522_0096800.log	DONE exit=20	200	True	1238051	0 0 0 0 0 0 0 0 0 0 0 1719 7903 20619 29605 22496 6868 118 0 0 0 0 0 0 0 0 0 0 0
1522	sub_1522_0097000.log	DONE exit=20	200	True	198530	0 0 0 0 0 0 0 0 0 0 0 1241 3083 3546 1306 116 0 0 0 0 0 0 0 0 0 0 0 0 0
1522	sub_1522_0097200.log	DONE exit=20	200	True	190837	0 0 0 0 0 0 0 0 0 0 0 1140 2771 3102 1542 223 5 0 0 0 0 0 0 0 0 0 0 0 0
1522	sub_1522_0097400.log	DONE exit=20	200	True	1019440	0 0 0 0 0 0 0 0 0 0 0 2199 11673 24627 18139 4711 432 11 0 0 0 0 0 0 0 0 0 0 0
1522	sub_1522_0097600.log	DONE exit=20	200	True	1076368	0 0 0 0 0 0 0 0 0 0 0 2193 10253 22701 23605 11997 3020 291 2 0 0 0 0 0 0 0 0 0 0
1522	sub_1522_0097800.log	DONE exit=20	200	True	396330	0 0 0 0 0 0 0 0 0 0 0 1787 6432 9685 6637 1719 160 5 0 0 0 0 0 0 0 0 0 0 0
1522	sub_1522_0098000.log	DONE exit=20	200	True	307627	0 0 0 0 0 0 0 0 0 0 0 1490 5022 8242 5731 1526 146 0 0 0 0 0 0 0 0 0 0 0 0
1522	sub_1522_0098200.log	DONE exit=20	200	True	938408	0 0 0 0 0 0 0 0 0 0 0 2120 10677 25032 24672 10105 2161 254 12 0 0 0 0 0 0 0 0 0 0
1522	sub_1522_0098400.log	DONE exit=20	200	True	456748	0 0 0 0 0 0 0 0 0 0 0 1787 6990 12451 9655 2999 524 13 0 0 0 0 0 0 0 0 0 0 0
1522	sub_1522_0098600.log	DONE exit=20	200	True	1674351	0 0 0 0 0 0 0 0 0 0 0 2620 15282 39990 49475 26966 5325 312 0 0 0 0 0 0 0 0 0 0 0
1522	sub_1522_0098800.log	DONE exit=20	200	True	920142	0 0 0 0 0 0 0 0 0 0 0 2380 11829 26585 25018 9769 1928 293 48 0 0 0 0 0 0 0 0 0 0
1522	sub_1522_0099000.log	DONE exit=20	200	True	698806	0 0 0 0 0 0 0 0 0 0 0 2018 8794 17199 14382 3893 210 7 0 0 0 0 0 0 0 0 0 0 0
1522	sub_1522_0099200.log	DONE exit=20	200	True	363497	0 0 0 0 0 0 0 0 0 0 0 1511 5586 9868 7734 2445 247 3 0 0 0 0 0 0 0 0 0 0 0
1522	sub_1522_0099400.log	DONE exit=20	200	True	912180	0 0 0 0 0 0 0 0 0 0 0 2038 10099 23969 24734 8721 805 25 0 0 0 0 0 0 0 0 0 0 0
1522	sub_1522_0099600.log	DONE exit=20	200	True	785499	0 0 0 0 0 0 0 0 0 0 0 2087 9853 21734 20968 7293 602 24 0 0 0 0 0 0 0 0 0 0 0
1522	sub_1522_0099800.log	DONE exit=20	200	True	12647132	0 0 0 0 0 0 0 0 0 0 0 3145 30383 147681 354991 447335 202936 28066 2044 11 0 0 0 0 0 0 0 0 0
1522	sub_1522_0100000.log	DONE exit=20	200	True	20104550	0 0 0 0 0 0 0 0 0 0 0 3772 33560 155829 433915 698243 359845 66712 2893 2 0 0 0 0 0 0 0 0 0
1522	sub_1522_0100200.log	DONE exit=20	200	True	15673169	0 0 0 0 0 0 0 0 0 0 0 3511 29542 136122 347798 489236 276768 66199 2810 0 0 0 0 0 0 0 0 0 0
1522	sub_1522_0100400.log	DONE exit=20	200	True	11797931	0 0 0 0 0 0 0 0 0 0 0 2883 22838 96285 245276 379116 267294 77999 4871 0 0 0 0 0 0 0 0 0 0
1522	sub_1522_0100600.log	DONE exit=20	200	True	9625886	0 0 0 0 0 0 0 0 0 0 0 2611 19305 83221 214120 311014 155807 29013 1237 0 0 0 0 0 0 0 0 0 0
1522	sub_1522_0100800.log	DONE exit=20	200	True	2302004	0 0 0 0 0 0 0 0 0 0 0 1669 9193 35690 65158 26764 3468 117 2 0 0 0 0 0 0 0 0 0 0
1522	sub_1522_0101000.log	DONE exit=20	200	True	710616	0 0 0 0 0 0 0 0 0 0 0 1243 4348 10836 15563 11868 4302 101 3 0 0 0 0 0 0 0 0 0 0
1522	sub_1522_0101200.log	DONE exit=20	200	True	148261	0 0 0 0 0 0 0 0 0 0 0 914 1927 2391 1316 309 6 0 0 0 0 0 0 0 0 0 0 0 0
1522	sub_1522_0101400.log	DONE exit=20	200	True	5541557	0 0 0 0 0 0 0 0 0 0 0 2785 20985 82454 165036 145930 51357 5109 149 1 0 0 0 0 0 0 0 0 0
1522	sub_1522_0101600.log	DONE exit=20	200	True	2498058	0 0 0 0 0 0 0 0 0 0 0 2352 13114 37649 63797 59648 32630 8105 194 1 0 0 0 0 0 0 0 0 0
1522	sub_1522_0101800.log	DONE exit=20	200	True	3028638	0 0 0 0 0 0 0 0 0 0 0 2087 12780 45001 87971 94862 42071 5494 430 14 0 0 0 0 0 0 0 0 0
1522	sub_1522_0102000.log	DONE exit=20	200	True	2605663	0 0 0 0 0 0 0 0 0 0 0 2047 12158 39611 68645 60037 20361 1853 2 0 0 0 0 0 0 0 0 0 0
1522	sub_1522_0102200.log	DONE exit=20	200	True	295186	0 0 0 0 0 0 0 0 0 0 0 1437 4244 5688 3093 717 72 0 0 0 0 0 0 0 0 0 0 0 0
1522	sub_1522_0102400.log	DONE exit=20	200	True	218080	0 0 0 0 0 0 0 0 0 0 0 1183 3057 3688 2021 480 11 0 0 0 0 0 0 0 0 0 0 0 0
1522	sub_1522_0102600.log	DONE exit=20	200	True	1059014	0 0 0 0 0 0 0 0 0 0 0 1627 7302 18898 27714 19998 6484 781 6 0 0 0 0 0 0 0 0 0 0
1522	sub_1522_0102800.log	DONE exit=20	200	True	694719	0 0 0 0 0 0 0 0 0 0 0 2209 9700 19108 17997 6179 1251 146 0 0 0 0 0 0 0 0 0 0 0
1522	sub_1522_0103000.log	DONE exit=20	200	True	1072047	0 0 0 0 0 0 0 0 0 0 0 2349 12143 27649 27799 15460 4446 259 2 0 0 0 0 0 0 0 0 0 0
1522	sub_1522_0103200.log	DONE exit=20	200	True	1672430	0 0 0 0 0 0 0 0 0 0 0 2143 12758 36946 53508 42466 15147 2314 28 0 0 0 0 0 0 0 0 0 0
1522	sub_1522_0103400.log	DONE exit=20	200	True	244231	0 0 0 0 0 0 0 0 0 0 0 1195 3469 5224 3367 1002 31 0 0 0 0 0 0 0 0 0 0 0 0
1522	sub_1522_0103600.log	DONE exit=20	200	True	198192	0 0 0 0 0 0 0 0 0 0 0 1133 3018 4203 3122 1098 152 1 0 0 0 0 0 0 0 0 0 0 0
1522	sub_1522_0103800.log	DONE exit=20	200	True	841077	0 0 0 0 0 0 0 0 0 0 0 2017 9031 18933 17890 7518 1267 118 3 0 0 0 0 0 0 0 0 0 0
1522	sub_1522_0104000.log	DONE exit=20	200	True	670415	0 0 0 0 0 0 0 0 0 0 0 1795 7725 15930 14834 5255 553 26 0 0 0 0 0 0 0 0 0 0 0
1522	sub_1522_0104200.log	DONE exit=20	200	True	495022	0 0 0 0 0 0 0 0 0 0 0 1575 6224 11316 8603 2321 313 19 0 0 0 0 0 0 0 0 0 0 0
1522	sub_1522_0104400.log	DONE exit=20	200	True	303342	0 0 0 0 0 0 0 0 0 0 0 1675 4750 5848 2847 542 44 2 0 0 0 0 0 0 0 0 0 0 0
1522	sub_1522_0104600.log	DONE exit=20	200	True	225867	0 0 0 0 0 0 0 0 0 0 0 1354 3483 3242 1009 146 2 0 0 0 0 0 0 0 0 0 0 0 0
1522	sub_1522_0104800.log	DONE exit=20	200	True	379660	0 0 0 0 0 0 0 0 0 0 0 1422 5415 7263 2850 212 5 0 0 0 0 0 0 0 0 0 0 0 0
1522	sub_1522_0105000.log	DONE exit=20	200	True	1585305	0 0 0 0 0 0 0 0 0 0 0 2083 11564 25453 29231 11712 2228 295 0 0 0 0 0 0 0 0 0 0 0
1522	sub_1522_0105200.log	DONE exit=20	200	True	247234	0 0 0 0 0 0 0 0 0 0 0 1395 4160 4703 1643 261 0 0 0 0 0 0 0 0 0 0 0 0 0
1522	sub_1522_0105400.log	DONE exit=20	200	True	239542	0 0 0 0 0 0 0 0 0 0 0 1418 3701 3471 930 81 0 0 0 0 0 0 0 0 0 0 0 0 0
1522	sub_1522_0105600.log	DONE exit=20	200	True	862071	0 0 0 0 0 0 0 0 0 0 0 1464 6467 15767 18882 7320 1008 72 5 0 0 0 0 0 0 0 0 0 0
1522	sub_1522_0105800.log	DONE exit=20	200	True	1480149	0 0 0 0 0 0 0 0 0 0 0 1854 9604 24401 31203 11253 681 2 0 0 0 0 0 0 0 0 0 0 0
1522	sub_1522_0106000.log	DONE exit=20	200	True	581678	0 0 0 0 0 0 0 0 0 0 0 1735 7132 13190 8624 2441 237 5 0 0 0 0 0 0 0 0 0 0 0
1522	sub_1522_0106200.log	DONE exit=20	200	True	356454	0 0 0 0 0 0 0 0 0 0 0 1427 4977 6744 3287 574 11 0 0 0 0 0 0 0 0 0 0 0 0
1522	sub_1522_0106400.log	DONE exit=20	200	True	2380711	0 0 0 0 0 0 0 0 0 0 0 1765 9500 30588 55382 44455 18981 4774 48 0 0 0 0 0 0 0 0 0 0
1522	sub_1522_0106600.log	DONE exit=20	200	True	1804961	0 0 0 0 0 0 0 0 0 0 0 1911 9388 26734 44050 26169 5189 628 24 0 0 0 0 0 0 0 0 0 0
1522	sub_1522_0106800.log	DONE exit=20	200	True	335726	0 0 0 0 0 0 0 0 0 0 0 1644 4797 5633 2271 369 22 2 0 0 0 0 0 0 0 0 0 0 0
1522	sub_1522_0107000.log	DONE exit=20	200	True	381024	0 0 0 0 0 0 0 0 0 0 0 1381 5026 6983 2552 189 3 0 0 0 0 0 0 0 0 0 0 0 0
1522	sub_1522_0107200.log	DONE exit=20	200	True	1451724	0 0 0 0 0 0 0 0 0 0 0 1667 8372 23673 34695 14928 1808 80 0 0 0 0 0 0 0 0 0 0 0
1522	sub_1522_0107400.log	DONE exit=20	200	True	1097619	0 0 0 0 0 0 0 0 0 0 0 1753 8496 20232 23701 9363 1233 35 0 0 0 0 0 0 0 0 0 0 0
1522	sub_1522_0107600.log	DONE exit=20	200	True	163387	0 0 0 0 0 0 0 0 0 0 0 1016 2849 3225 1537 229 18 0 0 0 0 0 0 0 0 0 0 0 0
1522	sub_1522_0107800.log	DONE exit=20	200	True	190287	0 0 0 0 0 0 0 0 0 0 0 1122 2996 3576 2151 828 31 0 0 0 0 0 0 0 0 0 0 0 0
1522	sub_1522_0108000.log	DONE exit=20	200	True	93296	0 0 0 0 0 0 0 0 0 0 0 911 1790 1381 462 76 1 0 0 0 0 0 0 0 0 0 0 0 0
1522	sub_1522_0108200.log	DONE exit=20	200	True	110426	0 0 0 0 0 0 0 0 0 0 0 958 1832 1742 849 166 7 0 0 0 0 0 0 0 0 0 0 0 0
1522	sub_1522_0108400.log	DONE exit=20	200	True	149654	0 0 0 0 0 0 0 0 0 0 0 1041 2587 2726 1011 143 6 0 0 0 0 0 0 0 0 0 0 0 0
1522	sub_1522_0108600.log	DONE exit=20	200	True	192073	0 0 0 0 0 0 0 0 0 0 0 1005 2596 3452 2454 680 72 7 0 0 0 0 0 0 0 0 0 0 0
1522	sub_1522_0108800.log	DONE exit=20	200	True	149390	0 0 0 0 0 0 0 0 0 0 0 985 2309 2583 1891 707 55 0 0 0 0 0 0 0 0 0 0 0 0
1522	sub_1522_0109000.log	DONE exit=20	200	True	801432	0 0 0 0 0 0 0 0 0 0 0 1256 5114 11487 15208 3919 38 0 0 0 0 0 0 0 0 0 0 0 0
1522	sub_1522_0109200.log	DONE exit=20	200	True	1151824	0 0 0 0 0 0 0 0 0 0 0 1942 9564 18591 17844 5356 477 12 0 0 0 0 0 0 0 0 0 0 0
1522	sub_1522_0109400.log	DONE exit=20	200	True	844108	0 0 0 0 0 0 0 0 0 0 0 1566 6725 15845 16267 4019 208 0 0 0 0 0 0 0 0 0 0 0 0
1522	sub_1522_0109600.log	DONE exit=20	200	True	199369	0 0 0 0 0 0 0 0 0 0 0 1225 2981 2447 718 77 0 0 0 0 0 0 0 0 0 0 0 0 0
1522	sub_1522_0109800.log	DONE exit=20	200	True	387221	0 0 0 0 0 0 0 0 0 0 0 1811 5667 7612 4132 1134 234 24 1 0 0 0 0 0 0 0 0 0 0
1522	sub_1522_0110000.log	DONE exit=20	200	True	693245	0 0 0 0 0 0 0 0 0 0 0 1471 5931 13703 15080 4192 205 0 0 0 0 0 0 0 0 0 0 0 0
1522	sub_1522_0110200.log	DONE exit=20	200	True	1999710	0 0 0 0 0 0 0 0 0 0 0 2010 11046 31496 41990 14100 1040 1 0 0 0 0 0 0 0 0 0 0 0
1522	sub_1522_0110400.log	DONE exit=20	200	True	395261	0 0 0 0 0 0 0 0 0 0 0 1308 4674 7271 3194 358 52 2 0 0 0 0 0 0 0 0 0 0 0
1522	sub_1522_0110600.log	DONE exit=20	200	True	423900	0 0 0 0 0 0 0 0 0 0 0 1694 5610 7032 3330 717 23 0 0 0 0 0 0 0 0 0 0 0 0
1522	sub_1522_0110800.log	DONE exit=20	200	True	865036	0 0 0 0 0 0 0 0 0 0 0 1768 8034 18681 20548 7699 981 13 0 0 0 0 0 0 0 0 0 0 0
1522	sub_1522_0111000.log	DONE exit=20	200	True	2532640	0 0 0 0 0 0 0 0 0 0 0 2074 12399 41393 67804 38974 8795 539 2 0 0 0 0 0 0 0 0 0 0
1522	sub_1522_0111200.log	DONE exit=20	200	True	391209	0 0 0 0 0 0 0 0 0 0 0 1350 4595 7204 5634 1868 168 2 0 0 0 0 0 0 0 0 0 0 0
1522	sub_1522_0111400.log	DONE exit=20	200	True	2174847	0 0 0 0 0 0 0 0 0 0 0 2001 10377 30697 54444 57234 32420 4187 94 3 0 0 0 0 0 0 0 0 0
1522	sub_1522_0111600.log	DONE exit=20	200	True	384189	0 0 0 0 0 0 0 0 0 0 0 1422 5298 7423 2444 111 0 0 0 0 0 0 0 0 0 0 0 0 0
1522	sub_1522_0111800.log	DONE exit=20	200	True	2540864	0 0 0 0 0 0 0 0 0 0 0 2338 14028 42067 59021 28163 4633 560 1 0 0 0 0 0 0 0 0 0 0
1522	sub_1522_0112000.log	DONE exit=20	200	True	198337	0 0 0 0 0 0 0 0 0 0 0 1134 3009 3878 1715 309 23 0 0 0 0 0 0 0 0 0 0 0 0
1522	sub_1522_0112200.log	DONE exit=20	200	True	491265	0 0 0 0 0 0 0 0 0 0 0 1756 6332 8665 4706 1255 95 2 0 0 0 0 0 0 0 0 0 0 0
1522	sub_1522_0112400.log	DONE exit=20	200	True	192030	0 0 0 0 0 0 0 0 0 0 0 1210 3151 3515 984 80 4 0 0 0 0 0 0 0 0 0 0 0 0
1522	sub_1522_0112600.log	DONE exit=20	200	True	109375	0 0 0 0 0 0 0 0 0 0 0 976 1914 1520 407 36 1 0 0 0 0 0 0 0 0 0 0 0 0
1522	sub_1522_0112800.log	DONE exit=20	200	True	412517	0 0 0 0 0 0 0 0 0 0 0 1387 6090 9219 3866 313 1 0 0 0 0 0 0 0 0 0 0 0 0
1522	sub_1522_0113000.log	DONE exit=20	200	True	345107	0 0 0 0 0 0 0 0 0 0 0 1621 5254 8318 6112 1814 309 9 0 0 0 0 0 0 0 0 0 0 0
1522	sub_1522_0113200.log	DONE exit=20	200	True	252665	0 0 0 0 0 0 0 0 0 0 0 1303 3568 4140 1645 246 7 0 0 0 0 0 0 0 0 0 0 0 0
1522	sub_1522_0113400.log	DONE exit=20	200	True	303319	0 0 0 0 0 0 0 0 0 0 0 1349 4259 5108 2175 474 125 0 0 0 0 0 0 0 0 0 0 0 0
1522	sub_1522_0113600.log	DONE exit=20	200	True	175952	0 0 0 0 0 0 0 0 0 0 0 1093 2383 2480 1128 177 8 0 0 0 0 0 0 0 0 0 0 0 0
1522	sub_1522_0113800.log	DONE exit=20	200	True	132904	0 0 0 0 0 0 0 0 0 0 0 922 2087 1850 619 68 1 0 0 0 0 0 0 0 0 0 0 0 0
1522	sub_1522_0114000.log	DONE exit=20	200	True	388059	0 0 0 0 0 0 0 0 0 0 0 1466 6058 8553 3480 392 26 0 0 0 0 0 0 0 0 0 0 0 0
1522	sub_1522_0114200.log	DONE exit=20	200	True	80126	0 0 0 0 0 0 0 0 0 0 0 715 1219 823 308 18 0 0 0 0 0 0 0 0 0 0 0 0 0
1522	sub_1522_0114400.log	DONE exit=20	200	True	565030	0 0 0 0 0 0 0 0 0 0 0 1699 6234 11415 9598 2474 207 13 0 0 0 0 0 0 0 0 0 0 0
1522	sub_1522_0114600.log	DONE exit=20	200	True	1339088	0 0 0 0 0 0 0 0 0 0 0 1983 10018 24561 28662 10351 1344 30 0 0 0 0 0 0 0 0 0 0 0
1522	sub_1522_0114800.log	DONE exit=20	200	True	804504	0 0 0 0 0 0 0 0 0 0 0 1886 8944 18574 16216 6627 947 28 0 0 0 0 0 0 0 0 0 0 0
1522	sub_1522_0115000.log	DONE exit=20	200	True	852695	0 0 0 0 0 0 0 0 0 0 0 1795 7724 16832 18811 9787 1586 73 2 0 0 0 0 0 0 0 0 0 0
1522	sub_1522_0115200.log	DONE exit=20	200	True	1031644	0 0 0 0 0 0 0 0 0 0 0 1887 9162 23906 30661 16381 4427 264 1 0 0 0 0 0 0 0 0 0 0
1522	sub_1522_0115400.log	DONE exit=20	200	True	450488	0 0 0 0 0 0 0 0 0 0 0 1527 6159 10019 5020 653 23 0 0 0 0 0 0 0 0 0 0 0 0
1522	sub_1522_0115600.log	DONE exit=20	200	True	738857	0 0 0 0 0 0 0 0 0 0 0 1402 5464 12608 16578 9161 1784 118 5 0 0 0 0 0 0 0 0 0 0
1522	sub_1522_0115800.log	DONE exit=20	200	True	497771	0 0 0 0 0 0 0 0 0 0 0 1177 4198 8643 10829 7429 1725 47 0 0 0 0 0 0 0 0 0 0 0
1522	sub_1522_0116000.log	DONE exit=20	200	True	981460	0 0 0 0 0 0 0 0 0 0 0 1864 9530 21575 21318 8372 1401 83 2 0 0 0 0 0 0 0 0 0 0
1522	sub_1522_0116200.log	DONE exit=20	200	True	170191	0 0 0 0 0 0 0 0 0 0 0 1130 2486 2736 1326 188 6 0 0 0 0 0 0 0 0 0 0 0 0
1522	sub_1522_0116400.log	DONE exit=20	200	True	239438	0 0 0 0 0 0 0 0 0 0 0 1276 3377 3765 1090 70 2 0 0 0 0 0 0 0 0 0 0 0 0
1522	sub_1522_0116600.log	DONE exit=20	200	True	264985	0 0 0 0 0 0 0 0 0 0 0 1192 3491 4691 2409 404 6 0 0 0 0 0 0 0 0 0 0 0 0
1522	sub_1522_0116800.log	DONE exit=20	200	True	353639	0 0 0 0 0 0 0 0 0 0 0 1340 4385 6091 3611 1198 372 0 0 0 0 0 0 0 0 0 0 0 0
1522	sub_1522_0117000.log	DONE exit=20	200	True	187104	0 0 0 0 0 0 0 0 0 0 0 947 2378 3015 1525 295 6 0 0 0 0 0 0 0 0 0 0 0 0
1522	sub_1522_0117200.log	DONE exit=20	200	True	131145	0 0 0 0 0 0 0 0 0 0 0 873 1755 1761 782 173 6 0 0 0 0 0 0 0 0 0 0 0 0
1522	sub_1522_0117400.log	DONE exit=20	200	True	82991	0 0 0 0 0 0 0 0 0 0 0 664 1204 790 70 0 0 0 0 0 0 0 0 0 0 0 0 0 0
1522	sub_1522_0117600.log	DONE exit=20	200	True	166847	0 0 0 0 0 0 0 0 0 0 0 976 2254 2365 905 133 2 0 0 0 0 0 0 0 0 0 0 0 0
1522	sub_1522_0117800.log	DONE exit=20	200	True	648306	0 0 0 0 0 0 0 0 0 0 0 1808 7004 11303 8755 3352 490 11 0 0 0 0 0 0 0 0 0 0 0
1522	sub_1522_0118000.log	DONE exit=20	200	True	162007	0 0 0 0 0 0 0 0 0 0 0 951 2265 2334 931 125 0 0 0 0 0 0 0 0 0 0 0 0 0
1522	sub_1522_0118200.log	DONE exit=20	200	True	165897	0 0 0 0 0 0 0 0 0 0 0 1158 2421 2167 793 105 9 0 0 0 0 0 0 0 0 0 0 0 0
1522	sub_1522_0118400.log	DONE exit=20	200	True	113914	0 0 0 0 0 0 0 0 0 0 0 1003 2114 1732 594 99 6 0 0 0 0 0 0 0 0 0 0 0 0
1522	sub_1522_0118600.log	DONE exit=20	200	True	1247679	0 0 0 0 0 0 0 0 0 0 0 1984 11005 27843 31333 13180 1915 30 0 0 0 0 0 0 0 0 0 0 0
1522	sub_1522_0118800.log	DONE exit=20	200	True	126550	0 0 0 0 0 0 0 0 0 0 0 969 1865 1462 335 26 0 0 0 0 0 0 0 0 0 0 0 0 0
1522	sub_1522_0119000.log	DONE exit=20	200	True	323997	0 0 0 0 0 0 0 0 0 0 0 1142 3712 5439 3050 846 77 0 0 0 0 0 0 0 0 0 0 0 0
1522	sub_1522_0119200.log	DONE exit=20	200	True	264054	0 0 0 0 0 0 0 0 0 0 0 1073 3282 4467 2538 644 35 2 0 0 0 0 0 0 0 0 0 0 0
1522	sub_1522_0119400.log	DONE exit=20	200	True	975590	0 0 0 0 0 0 0 0 0 0 0 1793 8155 18472 20225 8994 2629 413 1 0 0 0 0 0 0 0 0 0 0
1522	sub_1522_0119600.log	DONE exit=20	200	True	821344	0 0 0 0 0 0 0 0 0 0 0 1987 8940 20306 20988 10603 1699 10 0 0 0 0 0 0 0 0 0 0 0
1522	sub_1522_0119800.log	DONE exit=20	200	True	1062903	0 0 0 0 0 0 0 0 0 0 0 1911 9406 24391 27880 14647 3299 64 2 0 0 0 0 0 0 0 0 0 0
1522	sub_1522_0120000.log	DONE exit=20	200	True	884577	0 0 0 0 0 0 0 0 0 0 0 1933 8741 18339 19376 9164 3668 41 0 0 0 0 0 0 0 0 0 0 0
1522	sub_1522_0120200.log	DONE exit=20	200	True	2401471	0 0 0 0 0 0 0 0 0 0 0 1903 12245 39491 62713 45192 16966 3876 177 0 0 0 0 0 0 0 0 0 0
1522	sub_1522_0120400.log	DONE exit=20	200	True	621097	0 0 0 0 0 0 0 0 0 0 0 1618 6001 10451 9573 4187 635 5 0 0 0 0 0 0 0 0 0 0 0
1522	sub_1522_0120600.log	DONE exit=20	200	True	149394	0 0 0 0 0 0 0 0 0 0 0 858 2022 2165 894 80 1 0 0 0 0 0 0 0 0 0 0 0 0
1522	sub_1522_0120800.log	DONE exit=20	200	True	402278	0 0 0 0 0 0 0 0 0 0 0 1245 3802 7018 6193 1977 155 0 0 0 0 0 0 0 0 0 0 0 0
1522	sub_1522_0121000.log	DONE exit=20	200	True	543781	0 0 0 0 0 0 0 0 0 0 0 1456 5378 10425 10486 2976 290 24 0 0 0 0 0 0 0 0 0 0 0
1522	sub_1522_0121200.log	DONE exit=20	200	True	621921	0 0 0 0 0 0 0 0 0 0 0 1451 6439 13848 12552 5159 979 78 0 0 0 0 0 0 0 0 0 0 0
1522	sub_1522_0121400.log	DONE exit=20	200	True	197519	0 0 0 0 0 0 0 0 0 0 0 1092 3190 4621 2747 755 40 0 0 0 0 0 0 0 0 0 0 0 0
1522	sub_1522_0121600.log	DONE exit=20	200	True	135779	0 0 0 0 0 0 0 0 0 0 0 993 2334 2079 899 352 90 11 0 0 0 0 0 0 0 0 0 0 0
1522	sub_1522_0121800.log	DONE exit=20	200	True	407873	0 0 0 0 0 0 0 0 0 0 0 1319 5777 9740 6010 1904 412 1 0 0 0 0 0 0 0 0 0 0 0
1522	sub_1522_0122000.log	DONE exit=20	200	True	493523	0 0 0 0 0 0 0 0 0 0 0 1669 6412 12703 11161 3718 489 12 0 0 0 0 0 0 0 0 0 0 0
1522	sub_1522_0122200.log	DONE exit=20	200	True	131870	0 0 0 0 0 0 0 0 0 0 0 994 2314 1951 662 110 4 0 0 0 0 0 0 0 0 0 0 0 0
1522	sub_1522_0122400.log	DONE exit=20	200	True	1157593	0 0 0 0 0 0 0 0 0 0 0 2103 11420 27499 27976 10908 1685 28 0 0 0 0 0 0 0 0 0 0 0
1522	sub_1522_0122600.log	DONE exit=20	200	True	92863	0 0 0 0 0 0 0 0 0 0 0 735 1518 1253 327 25 0 0 0 0 0 0 0 0 0 0 0 0 0
1522	sub_1522_0122800.log	DONE exit=20	200	True	195472	0 0 0 0 0 0 0 0 0 0 0 859 2334 3727 2370 499 31 2 0 0 0 0 0 0 0 0 0 0 0
1522	sub_1522_0123000.log	DONE exit=20	200	True	80238	0 0 0 0 0 0 0 0 0 0 0 1107 1928 1040 124 4 0 0 0 0 0 0 0 0 0 0 0 0 0
1522	sub_1522_0123200.log	DONE exit=20	200	True	67447	0 0 0 0 0 0 0 0 0 0 0 872 1487 852 132 1 0 0 0 0 0 0 0 0 0 0 0 0 0
1522	sub_1522_0123400.log	DONE exit=20	200	True	79946	0 0 0 0 0 0 0 0 0 0 0 1038 1734 1045 216 6 0 0 0 0 0 0 0 0 0 0 0 0 0
1522	sub_1522_0123600.log	DONE exit=20	200	True	72967	0 0 0 0 0 0 0 0 0 0 0 922 1495 854 175 6 0 0 0 0 0 0 0 0 0 0 0 0 0
1522	sub_1522_0123800.log	DONE exit=20	200	True	124700	0 0 0 0 0 0 0 0 0 0 0 1069 2094 1702 523 40 0 0 0 0 0 0 0 0 0 0 0 0 0
1522	sub_1522_0124000.log	DONE exit=20	200	True	323800	0 0 0 0 0 0 0 0 0 0 0 1548 4940 6563 2307 134 1 0 0 0 0 0 0 0 0 0 0 0 0
1522	sub_1522_0124200.log	DONE exit=20	200	True	487281	0 0 0 0 0 0 0 0 0 0 0 1963 7270 10600 3826 410 2 0 0 0 0 0 0 0 0 0 0 0 0
1522	sub_1522_0124400.log	DONE exit=20	200	True	612628	0 0 0 0 0 0 0 0 0 0 0 1870 7947 13377 6446 608 10 0 0 0 0 0 0 0 0 0 0 0 0
1522	sub_1522_0124600.log	DONE exit=20	200	True	508843	0 0 0 0 0 0 0 0 0 0 0 1383 4881 9180 8217 1132 4 0 0 0 0 0 0 0 0 0 0 0 0
1522	sub_1522_0124800.log	DONE exit=20	200	True	618061	0 0 0 0 0 0 0 0 0 0 0 1767 7337 13323 7982 540 3 0 0 0 0 0 0 0 0 0 0 0 0
1522	sub_1522_0125000.log	DONE exit=20	200	True	347851	0 0 0 0 0 0 0 0 0 0 0 1625 5722 7581 2944 168 2 0 0 0 0 0 0 0 0 0 0 0 0
1522	sub_1522_0125200.log	DONE exit=20	200	True	456355	0 0 0 0 0 0 0 0 0 0 0 1954 7044 10132 3580 222 2 0 0 0 0 0 0 0 0 0 0 0 0
1522	sub_1522_0125400.log	DONE exit=20	200	True	600038	0 0 0 0 0 0 0 0 0 0 0 2013 8306 13166 5826 487 9 0 0 0 0 0 0 0 0 0 0 0 0
1522	sub_1522_0125600.log	DONE exit=20	200	True	688088	0 0 0 0 0 0 0 0 0 0 0 1765 7520 14372 10324 1253 20 0 0 0 0 0 0 0 0 0 0 0 0
1522	sub_1522_0125800.log	DONE exit=20	200	True	444947	0 0 0 0 0 0 0 0 0 0 0 1323 4926 8798 5519 571 1 0 0 0 0 0 0 0 0 0 0 0 0
1522	sub_1522_0126000.log	DONE exit=20	200	True	619570	0 0 0 0 0 0 0 0 0 0 0 1866 7960 13771 7012 726 8 0 0 0 0 0 0 0 0 0 0 0 0
1522	sub_1522_0126200.log	DONE exit=20	200	True	1037304	0 0 0 0 0 0 0 0 0 0 0 2268 11832 24992 23222 9165 1433 60 0 0 0 0 0 0 0 0 0 0 0
1522	sub_1522_0126400.log	DONE exit=20	200	True	563241	0 0 0 0 0 0 0 0 0 0 0 1725 5867 11758 13946 7535 1590 84 0 0 0 0 0 0 0 0 0 0 0
1522	sub_1522_0126600.log	DONE exit=20	200	True	183863	0 0 0 0 0 0 0 0 0 0 0 1320 3410 3738 1597 386 66 0 0 0 0 0 0 0 0 0 0 0 0
1522	sub_1522_0126800.log	DONE exit=20	200	True	132280	0 0 0 0 0 0 0 0 0 0 0 1539 2970 2181 880 244 98 18 0 0 0 0 0 0 0 0 0 0 0
1522	sub_1522_0127000.log	DONE exit=20	200	True	392839	0 0 0 0 0 0 0 0 0 0 0 1918 6298 8890 5892 2149 666 89 0 0 0 0 0 0 0 0 0 0 0
1522	sub_1522_0127200.log	DONE exit=20	200	True	284541	0 0 0 0 0 0 0 0 0 0 0 1784 5271 6550 4073 1202 277 26 0 0 0 0 0 0 0 0 0 0 0
1522	sub_1522_0127400.log	DONE exit=20	200	True	236954	0 0 0 0 0 0 0 0 0 0 0 1421 4574 6203 3214 464 11 0 0 0 0 0 0 0 0 0 0 0 0
1522	sub_1522_0127600.log	DONE exit=20	200	True	1433548	0 0 0 0 0 0 0 0 0 0 0 2257 12211 34162 47000 26644 5005 202 0 0 0 0 0 0 0 0 0 0 0
1522	sub_1522_0127800.log	DONE exit=20	200	True	201326	0 0 0 0 0 0 0 0 0 0 0 1354 4101 5378 2786 461 22 0 0 0 0 0 0 0 0 0 0 0 0
1522	sub_1522_0128000.log	DONE exit=20	200	True	465668	0 0 0 0 0 0 0 0 0 0 0 1863 7456 13358 10226 2948 149 4 0 0 0 0 0 0 0 0 0 0 0
1522	sub_1522_0128200.log	DONE exit=20	200	True	168825	0 0 0 0 0 0 0 0 0 0 0 1175 3378 4750 2991 673 31 0 0 0 0 0 0 0 0 0 0 0 0
1522	sub_1522_0128400.log	DONE exit=20	200	True	84651	0 0 0 0 0 0 0 0 0 0 0 901 1465 980 195 9 0 0 0 0 0 0 0 0 0 0 0 0 0
1522	sub_1522_0128600.log	DONE exit=20	200	True	99496	0 0 0 0 0 0 0 0 0 0 0 937 1897 1434 338 6 0 0 0 0 0 0 0 0 0 0 0 0 0
1522	sub_1522_0128800.log	DONE exit=20	200	True	193647	0 0 0 0 0 0 0 0 0 0 0 1382 3640 3891 1722 279 9 0 0 0 0 0 0 0 0 0 0 0 0
1522	sub_1522_0129000.log	DONE exit=20	200	True	228254	0 0 0 0 0 0 0 0 0 0 0 1303 3638 4451 2187 414 5 0 0 0 0 0 0 0 0 0 0 0 0
1522	sub_1522_0129200.log	DONE exit=20	200	True	401118	0 0 0 0 0 0 0 0 0 0 0 1325 5160 10561 10450 4253 446 13 0 0 0 0 0 0 0 0 0 0 0
1522	sub_1522_0129400.log	DONE exit=20	200	True	335590	0 0 0 0 0 0 0 0 0 0 0 1760 5319 6341 2156 244 7 0 0 0 0 0 0 0 0 0 0 0 0
1522	sub_1522_0129600.log	DONE exit=20	200	True	557750	0 0 0 0 0 0 0 0 0 0 0 1760 7075 12280 5925 818 31 0 0 0 0 0 0 0 0 0 0 0 0
1522	sub_1522_0129800.log	DONE exit=20	200	True	702587	0 0 0 0 0 0 0 0 0 0 0 1672 6693 12734 11138 1125 8 0 0 0 0 0 0 0 0 0 0 0 0
1522	sub_1522_0130000.log	DONE exit=20	200	True	510239	0 0 0 0 0 0 0 0 0 0 0 1757 6534 10733 6905 777 18 0 0 0 0 0 0 0 0 0 0 0 0
1522	sub_1522_0130200.log	DONE exit=20	200	True	601862	0 0 0 0 0 0 0 0 0 0 0 1549 6709 14716 14770 6387 967 23 0 0 0 0 0 0 0 0 0 0 0
1522	sub_1522_0130400.log	DONE exit=20	200	True	617736	0 0 0 0 0 0 0 0 0 0 0 2042 8326 14688 9781 2588 236 1 0 0 0 0 0 0 0 0 0 0 0
1522	sub_1522_0130600.log	DONE exit=20	200	True	714281	0 0 0 0 0 0 0 0 0 0 0 1980 8784 16712 10638 2164 185 2 0 0 0 0 0 0 0 0 0 0 0
1522	sub_1522_0130800.log	DONE exit=20	200	True	501060	0 0 0 0 0 0 0 0 0 0 0 1397 5151 9487 8072 1779 122 3 0 0 0 0 0 0 0 0 0 0 0
1522	sub_1522_0131000.log	DONE exit=20	200	True	650353	0 0 0 0 0 0 0 0 0 0 0 1779 7451 13918 9760 1516 54 0 0 0 0 0 0 0 0 0 0 0 0
1522	sub_1522_0131200.log	DONE exit=20	200	True	769545	0 0 0 0 0 0 0 0 0 0 0 1829 8779 20268 21452 10277 1969 74 3 0 0 0 0 0 0 0 0 0 0
1522	sub_1522_0131400.log	DONE exit=20	200	True	324925	0 0 0 0 0 0 0 0 0 0 0 1764 5748 8461 5235 1351 54 1 0 0 0 0 0 0 0 0 0 0 0
1522	sub_1522_0131600.log	DONE exit=20	200	True	422457	0 0 0 0 0 0 0 0 0 0 0 1603 5754 9897 8362 2906 210 5 0 0 0 0 0 0 0 0 0 0 0
1522	sub_1522_0131800.log	DONE exit=20	200	True	284970	0 0 0 0 0 0 0 0 0 0 0 1398 4713 6540 3905 863 45 0 0 0 0 0 0 0 0 0 0 0 0
1522	sub_1522_0132000.log	DONE exit=20	200	True	349942	0 0 0 0 0 0 0 0 0 0 0 1453 5181 8879 6072 1505 99 0 0 0 0 0 0 0 0 0 0 0 0
1522	sub_1522_0132200.log	DONE exit=20	200	True	352543	0 0 0 0 0 0 0 0 0 0 0 1831 5978 7471 3715 644 36 0 0 0 0 0 0 0 0 0 0 0 0
1522	sub_1522_0132400.log	DONE exit=20	200	True	697066	0 0 0 0 0 0 0 0 0 0 0 1979 8254 15119 8840 1638 76 0 0 0 0 0 0 0 0 0 0 0 0
1522	sub_1522_0132600.log	DONE exit=20	200	True	912927	0 0 0 0 0 0 0 0 0 0 0 1874 8453 17899 14742 1862 53 0 0 0 0 0 0 0 0 0 0 0 0
1522	sub_1522_0132800.log	DONE exit=20	200	True	460831	0 0 0 0 0 0 0 0 0 0 0 1583 6037 10212 6300 992 64 5 0 0 0 0 0 0 0 0 0 0 0
1522	sub_1522_0133000.log	DONE exit=20	200	True	475312	0 0 0 0 0 0 0 0 0 0 0 1620 5713 9101 5069 580 18 1 0 0 0 0 0 0 0 0 0 0 0
1522	sub_1522_0133200.log	DONE exit=20	200	True	58210	0 0 0 0 0 0 0 0 0 0 0 890 1053 303 16 0 0 0 0 0 0 0 0 0 0 0 0 0 0
1522	sub_1522_0133400.log	DONE exit=20	200	True	87401	0 0 0 0 0 0 0 0 0 0 0 861 1694 1578 641 112 9 0 0 0 0 0 0 0 0 0 0 0 0
1522	sub_1522_0133600.log	DONE exit=20	200	True	96126	0 0 0 0 0 0 0 0 0 0 0 961 1759 1148 291 5 0 0 0 0 0 0 0 0 0 0 0 0 0
1522	sub_1522_0133800.log	DONE exit=20	200	True	63571	0 0 0 0 0 0 0 0 0 0 0 653 1030 764 155 9 0 0 0 0 0 0 0 0 0 0 0 0 0
1522	sub_1522_0134000.log	DONE exit=20	200	True	57924	0 0 0 0 0 0 0 0 0 0 0 751 1076 541 111 0 0 0 0 0 0 0 0 0 0 0 0 0 0
1522	sub_1522_0134200.log	DONE exit=20	200	True	35044	0 0 0 0 0 0 0 0 0 0 0 595 520 164 17 0 0 0 0 0 0 0 0 0 0 0 0 0 0
1522	sub_1522_0134400.log	DONE exit=20	200	True	75077	0 0 0 0 0 0 0 0 0 0 0 803 1164 676 336 88 0 0 0 0 0 0 0 0 0 0 0 0 0
1522	sub_1522_0134600.log	DONE exit=20	200	True	83903	0 0 0 0 0 0 0 0 0 0 0 822 1188 964 467 24 0 0 0 0 0 0 0 0 0 0 0 0 0
1522	sub_1522_0134800.log	DONE exit=20	200	True	93534	0 0 0 0 0 0 0 0 0 0 0 812 1595 1377 698 154 0 0 0 0 0 0 0 0 0 0 0 0 0
1522	sub_1522_0135000.log	DONE exit=20	200	True	126774	0 0 0 0 0 0 0 0 0 0 0 959 1826 1812 1162 390 4 0 0 0 0 0 0 0 0 0 0 0 0
1522	sub_1522_0135200.log	DONE exit=20	200	True	62393	0 0 0 0 0 0 0 0 0 0 0 684 1033 763 350 55 1 0 0 0 0 0 0 0 0 0 0 0 0
1522	sub_1522_0135400.log	DONE exit=20	200	True	40752	0 0 0 0 0 0 0 0 0 0 0 599 616 229 17 0 0 0 0 0 0 0 0 0 0 0 0 0 0
1522	sub_1522_0135600.log	DONE exit=20	200	True	86397	0 0 0 0 0 0 0 0 0 0 0 839 1373 1016 339 15 1 0 0 0 0 0 0 0 0 0 0 0 0
1522	sub_1522_0135800.log	DONE exit=20	200	True	43958	0 0 0 0 0 0 0 0 0 0 0 636 722 196 8 0 0 0 0 0 0 0 0 0 0 0 0 0 0
1522	sub_1522_0136000.log	DONE exit=20	200	True	71679	0 0 0 0 0 0 0 0 0 0 0 866 1273 618 59 1 0 0 0 0 0 0 0 0 0 0 0 0 0
1522	sub_1522_0136200.log	DONE exit=20	200	True	56863	0 0 0 0 0 0 0 0 0 0 0 736 880 463 61 3 0 0 0 0 0 0 0 0 0 0 0 0 0
1522	sub_1522_0136400.log	DONE exit=20	200	True	98679	0 0 0 0 0 0 0 0 0 0 0 922 1816 1393 415 26 0 0 0 0 0 0 0 0 0 0 0 0 0
1522	sub_1522_0136600.log	DONE exit=20	200	True	97888	0 0 0 0 0 0 0 0 0 0 0 833 1825 1510 337 41 0 0 0 0 0 0 0 0 0 0 0 0 0
1522	sub_1522_0136800.log	DONE exit=20	200	True	103512	0 0 0 0 0 0 0 0 0 0 0 1004 1804 1309 420 35 3 2 0 0 0 0 0 0 0 0 0 0 0
1522	sub_1522_0137000.log	DONE exit=20	200	True	40351	0 0 0 0 0 0 0 0 0 0 0 467 526 165 18 0 0 0 0 0 0 0 0 0 0 0 0 0 0
1522	sub_1522_0137200.log	DONE exit=20	200	True	29071	0 0 0 0 0 0 0 0 0 0 0 441 251 83 10 0 0 0 0 0 0 0 0 0 0 0 0 0 0
1522	sub_1522_0137400.log	DONE exit=20	200	True	192087	0 0 0 0 0 0 0 0 0 0 0 1235 3126 3173 1729 273 29 0 0 0 0 0 0 0 0 0 0 0 0
1522	sub_1522_0137600.log	DONE exit=20	200	True	156141	0 0 0 0 0 0 0 0 0 0 0 1022 2510 2932 1311 279 85 0 0 0 0 0 0 0 0 0 0 0 0
1522	sub_1522_0137800.log	DONE exit=20	200	True	85140	0 0 0 0 0 0 0 0 0 0 0 756 1246 959 407 103 32 0 0 0 0 0 0 0 0 0 0 0 0
1522	sub_1522_0138000.log	DONE exit=20	200	True	137243	0 0 0 0 0 0 0 0 0 0 0 947 2217 2052 705 80 1 0 0 0 0 0 0 0 0 0 0 0 0
1522	sub_1522_0138200.log	DONE exit=20	200	True	140144	0 0 0 0 0 0 0 0 0 0 0 778 1584 2134 1957 627 39 0 0 0 0 0 0 0 0 0 0 0 0
1522	sub_1522_0138400.log	DONE exit=20	200	True	170072	0 0 0 0 0 0 0 0 0 0 0 1161 2471 2834 1399 281 49 0 0 0 0 0 0 0 0 0 0 0 0
1522	sub_1522_0138600.log	DONE exit=20	200	True	115432	0 0 0 0 0 0 0 0 0 0 0 810 1734 1718 956 229 28 1 0 0 0 0 0 0 0 0 0 0 0
1522	sub_1522_0138800.log	DONE exit=20	200	True	44186	0 0 0 0 0 0 0 0 0 0 0 556 542 242 19 0 0 0 0 0 0 0 0 0 0 0 0 0 0
1522	sub_1522_0139000.log	DONE exit=20	200	True	43479	0 0 0 0 0 0 0 0 0 0 0 566 500 183 29 0 0 0 0 0 0 0 0 0 0 0 0 0 0
1522	sub_1522_0139200.log	DONE exit=20	200	True	49116	0 0 0 0 0 0 0 0 0 0 0 616 691 249 24 0 0 0 0 0 0 0 0 0 0 0 0 0 0
1522	sub_1522_0139400.log	DONE exit=20	200	True	41401	0 0 0 0 0 0 0 0 0 0 0 576 391 49 1 0 0 0 0 0 0 0 0 0 0 0 0 0 0
1522	sub_1522_0139600.log	DONE exit=20	200	True	29403	0 0 0 0 0 0 0 0 0 0 0 396 324 139 18 0 0 0 0 0 0 0 0 0 0 0 0 0 0
1522	sub_1522_0139800.log	DONE exit=20	200	True	54902	0 0 0 0 0 0 0 0 0 0 0 610 1025 869 246 19 0 0 0 0 0 0 0 0 0 0 0 0 0
1522	sub_1522_0140000.log	DONE exit=20	200	True	24969	0 0 0 0 0 0 0 0 0 0 0 412 299 64 1 0 0 0 0 0 0 0 0 0 0 0 0 0 0
1522	sub_1522_0140200.log	DONE exit=20	200	True	344220	0 0 0 0 0 0 0 0 0 0 0 1380 3935 6131 4339 713 19 0 0 0 0 0 0 0 0 0 0 0 0
1522	sub_1522_0140400.log	DONE exit=20	200	True	49792	0 0 0 0 0 0 0 0 0 0 0 680 718 309 28 0 0 0 0 0 0 0 0 0 0 0 0 0 0
1522	sub_1522_0140600.log	DONE exit=20	200	True	129362	0 0 0 0 0 0 0 0 0 0 0 736 1600 1938 1270 120 0 0 0 0 0 0 0 0 0 0 0 0 0
1522	sub_1522_0140800.log	DONE exit=20	200	True	131002	0 0 0 0 0 0 0 0 0 0 0 974 1737 1678 291 9 0 0 0 0 0 0 0 0 0 0 0 0 0
1522	sub_1522_0141000.log	DONE exit=20	200	True	41372	0 0 0 0 0 0 0 0 0 0 0 571 609 268 17 0 0 0 0 0 0 0 0 0 0 0 0 0 0
1522	sub_1522_0141200.log	DONE exit=20	200	True	182978	0 0 0 0 0 0 0 0 0 0 0 916 1907 2640 1769 173 2 0 0 0 0 0 0 0 0 0 0 0 0
1522	sub_1522_0141400.log	DONE exit=20	200	True	156073	0 0 0 0 0 0 0 0 0 0 0 900 1888 2552 1346 184 7 0 0 0 0 0 0 0 0 0 0 0 0
1522	sub_1522_0141600.log	DONE exit=20	200	True	100243	0 0 0 0 0 0 0 0 0 0 0 744 1259 1581 792 40 0 0 0 0 0 0 0 0 0 0 0 0 0
1522	sub_1522_0141800.log	DONE exit=20	200	True	98121	0 0 0 0 0 0 0 0 0 0 0 809 1417 1217 371 58 4 0 0 0 0 0 0 0 0 0 0 0 0
1522	sub_1522_0142000.log	DONE exit=20	200	True	264302	0 0 0 0 0 0 0 0 0 0 0 1297 4045 5257 2675 521 125 14 0 0 0 0 0 0 0 0 0 0 0
1522	sub_1522_0142200.log	DONE exit=20	200	True	646829	0 0 0 0 0 0 0 0 0 0 0 1969 7867 13786 10471 3171 598 36 0 0 0 0 0 0 0 0 0 0 0
1522	sub_1522_0142400.log	DONE exit=20	200	True	554143	0 0 0 0 0 0 0 0 0 0 0 1651 6140 10095 7421 2487 297 15 0 0 0 0 0 0 0 0 0 0 0
1522	sub_1522_0142600.log	DONE exit=20	200	True	79369	0 0 0 0 0 0 0 0 0 0 0 738 1207 790 247 12 0 0 0 0 0 0 0 0 0 0 0 0 0
1522	sub_1522_0142800.log	DONE exit=20	200	True	520742	0 0 0 0 0 0 0 0 0 0 0 1500 5158 9915 8301 1813 63 1 0 0 0 0 0 0 0 0 0 0 0
1522	sub_1522_0143000.log	DONE exit=20	200	True	596248	0 0 0 0 0 0 0 0 0 0 0 1528 5486 11187 9820 2223 117 1 0 0 0 0 0 0 0 0 0 0 0
1522	sub_1522_0143200.log	DONE exit=20	200	True	374680	0 0 0 0 0 0 0 0 0 0 0 1280 4139 6888 6036 1178 34 1 0 0 0 0 0 0 0 0 0 0 0
1522	sub_1522_0143400.log	DONE exit=20	200	True	89128	0 0 0 0 0 0 0 0 0 0 0 843 1602 1503 530 47 0 0 0 0 0 0 0 0 0 0 0 0 0
1522	sub_1522_0143600.log	DONE exit=20	200	True	115616	0 0 0 0 0 0 0 0 0 0 0 835 1571 1603 874 114 2 0 0 0 0 0 0 0 0 0 0 0 0
1522	sub_1522_0143800.log	DONE exit=20	200	True	196957	0 0 0 0 0 0 0 0 0 0 0 1133 2831 3280 1373 161 6 0 0 0 0 0 0 0 0 0 0 0 0
1522	sub_1522_0144000.log	DONE exit=20	200	True	94069	0 0 0 0 0 0 0 0 0 0 0 878 1620 1167 295 12 0 0 0 0 0 0 0 0 0 0 0 0 0
1522	sub_1522_0144200.log	DONE exit=20	200	True	293683	0 0 0 0 0 0 0 0 0 0 0 972 2939 5305 5106 1149 63 2 0 0 0 0 0 0 0 0 0 0 0
1522	sub_1522_0144400.log	DONE exit=20	200	True	87086	0 0 0 0 0 0 0 0 0 0 0 809 1296 1045 160 7 0 0 0 0 0 0 0 0 0 0 0 0 0
1522	sub_1522_0144600.log	DONE exit=20	200	True	141058	0 0 0 0 0 0 0 0 0 0 0 955 2203 1927 583 41 0 0 0 0 0 0 0 0 0 0 0 0 0
1522	sub_1522_0144800.log	DONE exit=20	200	True	307240	0 0 0 0 0 0 0 0 0 0 0 1349 4238 6149 3464 782 180 11 0 0 0 0 0 0 0 0 0 0 0
1522	sub_1522_0145000.log	DONE exit=20	200	True	513162	0 0 0 0 0 0 0 0 0 0 0 1796 6963 11342 7147 1822 356 24 0 0 0 0 0 0 0 0 0 0 0
1522	sub_1522_0145200.log	DONE exit=20	200	True	121565	0 0 0 0 0 0 0 0 0 0 0 828 2006 2610 1382 261 12 0 0 0 0 0 0 0 0 0 0 0 0
1522	sub_1522_0145400.log	DONE exit=20	200	True	177060	0 0 0 0 0 0 0 0 0 0 0 1175 2601 2563 1118 196 14 0 0 0 0 0 0 0 0 0 0 0 0
1522	sub_1522_0145600.log	DONE exit=20	200	True	251367	0 0 0 0 0 0 0 0 0 0 0 931 2642 4554 3470 670 55 2 0 0 0 0 0 0 0 0 0 0 0
1522	sub_1522_0145800.log	DONE exit=20	200	True	146404	0 0 0 0 0 0 0 0 0 0 0 843 1741 2118 1785 174 7 0 0 0 0 0 0 0 0 0 0 0 0
1522	sub_1522_0146000.log	DONE exit=20	200	True	141931	0 0 0 0 0 0 0 0 0 0 0 640 1440 2150 1911 137 1 0 0 0 0 0 0 0 0 0 0 0 0
1522	sub_1522_0146200.log	DONE exit=20	200	True	14435126	0 0 0 0 0 0 0 0 0 0 0 2948 24573 112697 298613 416444 221536 25672 2123 38 0 0 0 0 0 0 0 0 0
1522	sub_1522_0146400.log	DONE exit=20	200	True	936787	0 0 0 0 0 0 0 0 0 0 0 2693 13202 27274 21176 6219 706 23 0 0 0 0 0 0 0 0 0 0 0
1522	sub_1522_0146600.log	DONE exit=20	200	True	1494331	0 0 0 0 0 0 0 0 0 0 0 2183 11990 28984 29143 15066 5708 978 13 0 0 0 0 0 0 0 0 0 0
1522	sub_1522_0146800.log	DONE exit=20	200	True	905500	0 0 0 0 0 0 0 0 0 0 0 2076 9650 20344 17228 5435 948 15 0 0 0 0 0 0 0 0 0 0 0
1522	sub_1522_0147000.log	DONE exit=20	200	True	1899822	0 0 0 0 0 0 0 0 0 0 0 2045 10520 26574 37957 38152 23527 1962 17 0 0 0 0 0 0 0 0 0 0
1522	sub_1522_0147200.log	DONE exit=20	200	True	1441791	0 0 0 0 0 0 0 0 0 0 0 1809 7694 18399 25663 25118 18289 2882 38 0 0 0 0 0 0 0 0 0 0
1522	sub_1522_0147400.log	DONE exit=20	200	True	2415898	0 0 0 0 0 0 0 0 0 0 0 2416 13606 39213 57198 42670 23201 1072 6 0 0 0 0 0 0 0 0 0 0
1522	sub_1522_0147600.log	DONE exit=20	200	True	935319	0 0 0 0 0 0 0 0 0 0 0 2169 9962 20832 17227 5623 777 104 0 0 0 0 0 0 0 0 0 0 0
1522	sub_1522_0147800.log	DONE exit=20	200	True	473639	0 0 0 0 0 0 0 0 0 0 0 1660 6494 10953 6628 1626 108 1 0 0 0 0 0 0 0 0 0 0 0
1522	sub_1522_0148000.log	DONE exit=20	200	True	821829	0 0 0 0 0 0 0 0 0 0 0 1920 8574 18735 18234 6943 849 57 1 0 0 0 0 0 0 0 0 0 0
1522	sub_1522_0148200.log	DONE exit=20	200	True	8173581	0 0 0 0 0 0 0 0 0 0 0 2403 16201 65581 162918 226943 146635 34041 4178 114 0 0 0 0 0 0 0 0 0
1522	sub_1522_0148400.log	DONE exit=20	200	True	4813323	0 0 0 0 0 0 0 0 0 0 0 2670 15548 49339 98672 120992 52026 3655 45 0 0 0 0 0 0 0 0 0 0
1522	sub_1522_0148600.log	DONE exit=20	200	True	1673577	0 0 0 0 0 0 0 0 0 0 0 2505 14460 36939 38043 18556 5958 1055 44 2 0 0 0 0 0 0 0 0 0
1522	sub_1522_0148800.log	DONE exit=20	200	True	1164667	0 0 0 0 0 0 0 0 0 0 0 2161 10135 21733 18684 5944 1944 478 0 0 0 0 0 0 0 0 0 0 0
1522	sub_1522_0149000.log	DONE exit=20	200	True	565576	0 0 0 0 0 0 0 0 0 0 0 1714 7546 14335 11804 3870 551 14 2 0 0 0 0 0 0 0 0 0 0
1522	sub_1522_0149200.log	DONE exit=20	200	True	2925212	0 0 0 0 0 0 0 0 0 0 0 2145 11102 30710 51410 63115 52660 10374 1162 0 0 0 0 0 0 0 0 0 0
1522	sub_1522_0149400.log	DONE exit=20	200	True	2801450	0 0 0 0 0 0 0 0 0 0 0 2490 13394 36538 54261 50713 37913 6400 224 0 0 0 0 0 0 0 0 0 0
1522	sub_1522_0149600.log	DONE exit=20	200	True	9412404	0 0 0 0 0 0 0 0 0 0 0 2646 21689 91827 218688 326771 213800 56463 1996 4 0 0 0 0 0 0 0 0 0
1522	sub_1522_0149800.log	DONE exit=20	200	True	12387392	0 0 0 0 0 0 0 0 0 0 0 2686 21525 102976 268248 357735 214203 44002 1509 0 0 0 0 0 0 0 0 0 0
1522	sub_1522_0150000.log	DONE exit=20	200	True	16196260	0 0 0 0 0 0 0 0 0 0 0 3428 30096 139710 359139 475905 247941 27535 222 0 0 0 0 0 0 0 0 0 0
1522	sub_1522_0150200.log	DONE exit=20	200	True	1625098	0 0 0 0 0 0 0 0 0 0 0 2734 14343 34175 38553 21888 6861 1294 39 0 0 0 0 0 0 0 0 0 0
1522	sub_1522_0150400.log	DONE exit=20	200	True	1966921	0 0 0 0 0 0 0 0 0 0 0 2338 13696 36178 40862 27371 11811 2007 82 0 0 0 0 0 0 0 0 0 0
1522	sub_1522_0150600.log	DONE exit=20	200	True	1371440	0 0 0 0 0 0 0 0 0 0 0 2262 11477 26368 29282 14029 5734 1411 5 0 0 0 0 0 0 0 0 0 0
1522	sub_1522_0150800.log	DONE exit=20	200	True	820311	0 0 0 0 0 0 0 0 0 0 0 1625 6210 11978 12952 12105 9185 239 0 0 0 0 0 0 0 0 0 0 0
1522	sub_1522_0151000.log	DONE exit=20	200	True	2142939	0 0 0 0 0 0 0 0 0 0 0 2151 10571 26897 39135 41256 32340 2407 0 0 0 0 0 0 0 0 0 0 0
1522	sub_1522_0151200.log	DONE exit=20	200	True	3540014	0 0 0 0 0 0 0 0 0 0 0 2529 15978 50471 81420 75391 42800 2419 2 0 0 0 0 0 0 0 0 0 0
1522	sub_1522_0151400.log	DONE exit=20	200	True	6427032	0 0 0 0 0 0 0 0 0 0 0 2380 15009 56133 132887 177288 89655 8473 108 0 0 0 0 0 0 0 0 0 0
1522	sub_1522_0151600.log	DONE exit=20	200	True	968780	0 0 0 0 0 0 0 0 0 0 0 2041 9099 18744 15294 6462 1455 134 1 0 0 0 0 0 0 0 0 0 0
1522	sub_1522_0151800.log	DONE exit=20	200	True	796250	0 0 0 0 0 0 0 0 0 0 0 2208 10145 18533 15580 4565 354 13 0 0 0 0 0 0 0 0 0 0 0
1522	sub_1522_0152000.log	DONE exit=20	200	True	865028	0 0 0 0 0 0 0 0 0 0 0 1715 6636 14027 15734 9503 2663 139 0 0 0 0 0 0 0 0 0 0 0
1522	sub_1522_0152200.log	DONE exit=20	200	True	1104645	0 0 0 0 0 0 0 0 0 0 0 2035 8544 18328 21115 12914 4350 276 8 0 0 0 0 0 0 0 0 0 0
1522	sub_1522_0152400.log	DONE exit=20	200	True	2455967	0 0 0 0 0 0 0 0 0 0 0 2435 13918 39074 55454 42303 24591 1788 9 0 0 0 0 0 0 0 0 0 0
1522	sub_1522_0152600.log	DONE exit=20	200	True	430509	0 0 0 0 0 0 0 0 0 0 0 1128 3633 7518 7339 4706 2105 160 1 0 0 0 0 0 0 0 0 0 0
1522	sub_1522_0152800.log	DONE exit=20	200	True	191152	0 0 0 0 0 0 0 0 0 0 0 1273 2306 1640 907 729 212 19 1 0 0 0 0 0 0 0 0 0 0
1522	sub_1522_0153000.log	DONE exit=20	200	True	260694	0 0 0 0 0 0 0 0 0 0 0 1732 3966 4483 2168 597 71 1 0 0 0 0 0 0 0 0 0 0 0
1522	sub_1522_0153200.log	DONE exit=20	200	True	519675	0 0 0 0 0 0 0 0 0 0 0 1274 6696 8417 2814 121 3 0 0 0 0 0 0 0 0 0 0 0 0
1522	sub_1522_0153400.log	DONE exit=20	200	True	1991685	0 0 0 0 0 0 0 0 0 0 0 2157 12911 27467 36723 12682 2430 907 0 0 0 0 0 0 0 0 0 0 0
1522	sub_1522_0153600.log	DONE exit=20	200	True	1201338	0 0 0 0 0 0 0 0 0 0 0 1394 7500 19530 28203 13978 2317 272 0 0 0 0 0 0 0 0 0 0 0
1522	sub_1522_0153800.log	DONE exit=20	200	True	920413	0 0 0 0 0 0 0 0 0 0 0 1974 8230 17819 20302 12730 7066 666 5 0 0 0 0 0 0 0 0 0 0
1522	sub_1522_0154000.log	DONE exit=20	200	True	1044077	0 0 0 0 0 0 0 0 0 0 0 1379 5830 13772 19065 12690 10220 1661 0 0 0 0 0 0 0 0 0 0 0
1522	sub_1522_0154200.log	DONE exit=20	200	True	3224406	0 0 0 0 0 0 0 0 0 0 0 2158 13718 45442 77999 55928 35183 7709 583 25 0 0 0 0 0 0 0 0 0
1522	sub_1522_0154400.log	DONE exit=20	200	True	140476	0 0 0 0 0 0 0 0 0 0 0 861 2305 1917 552 79 3 0 0 0 0 0 0 0 0 0 0 0 0
1522	sub_1522_0154600.log	DONE exit=20	200	True	240937	0 0 0 0 0 0 0 0 0 0 0 1020 3284 3375 1209 130 8 0 0 0 0 0 0 0 0 0 0 0 0
1522	sub_1522_0154800.log	DONE exit=20	200	True	123642	0 0 0 0 0 0 0 0 0 0 0 771 1501 1324 595 49 0 0 0 0 0 0 0 0 0 0 0 0 0
1522	sub_1522_0155000.log	DONE exit=20	200	True	104094	0 0 0 0 0 0 0 0 0 0 0 986 1482 795 177 19 5 0 0 0 0 0 0 0 0 0 0 0 0
1522	sub_1522_0155200.log	DONE exit=20	200	True	136280	0 0 0 0 0 0 0 0 0 0 0 954 2175 1899 455 44 0 0 0 0 0 0 0 0 0 0 0 0 0
1522	sub_1522_0155400.log	DONE exit=20	200	True	2252623	0 0 0 0 0 0 0 0 0 0 0 1664 10675 30967 46205 31228 22102 1315 0 0 0 0 0 0 0 0 0 0 0
1522	sub_1522_0155600.log	DONE exit=20	200	True	905912	0 0 0 0 0 0 0 0 0 0 0 1748 5164 10050 14850 14130 8926 1856 0 0 0 0 0 0 0 0 0 0 0
1522	sub_1522_0155800.log	DONE exit=20	200	True	130723	0 0 0 0 0 0 0 0 0 0 0 1160 1870 1094 226 13 2 0 0 0 0 0 0 0 0 0 0 0 0
1522	sub_1522_0156000.log	DONE exit=20	200	True	151930	0 0 0 0 0 0 0 0 0 0 0 1152 2172 1581 348 35 0 0 0 0 0 0 0 0 0 0 0 0 0
1522	sub_1522_0156200.log	DONE exit=20	200	True	139997	0 0 0 0 0 0 0 0 0 0 0 1069 1908 1356 481 71 0 0 0 0 0 0 0 0 0 0 0 0 0
1522	sub_1522_0156400.log	DONE exit=20	200	True	184159	0 0 0 0 0 0 0 0 0 0 0 983 2151 2231 961 136 0 0 0 0 0 0 0 0 0 0 0 0 0
1522	sub_1522_0156600.log	DONE exit=20	200	True	124217	0 0 0 0 0 0 0 0 0 0 0 877 2074 1871 445 11 0 0 0 0 0 0 0 0 0 0 0 0 0
1522	sub_1522_0156800.log	DONE exit=20	200	True	1076118	0 0 0 0 0 0 0 0 0 0 0 1431 8008 17785 17508 12361 13219 102 0 0 0 0 0 0 0 0 0 0 0
1522	sub_1522_0157000.log	DONE exit=20	200	True	211192	0 0 0 0 0 0 0 0 0 0 0 789 1831 2838 2198 195 0 0 0 0 0 0 0 0 0 0 0 0 0
1522	sub_1522_0157200.log	DONE exit=20	200	True	276721	0 0 0 0 0 0 0 0 0 0 0 1365 3162 4331 3356 1069 165 3 0 0 0 0 0 0 0 0 0 0 0
1522	sub_1522_0157400.log	DONE exit=20	200	True	2263704	0 0 0 0 0 0 0 0 0 0 0 1678 10327 29927 46062 33455 25899 1316 0 0 0 0 0 0 0 0 0 0 0
1522	sub_1522_0157600.log	DONE exit=20	200	True	309511	0 0 0 0 0 0 0 0 0 0 0 1157 3570 5087 3121 792 241 103 0 0 0 0 0 0 0 0 0 0 0
1522	sub_1522_0157800.log	DONE exit=20	200	True	2613848	0 0 0 0 0 0 0 0 0 0 0 1974 9211 26963 49905 53009 30562 6410 237 0 0 0 0 0 0 0 0 0 0
1522	sub_1522_0158000.log	DONE exit=20	200	True	189974	0 0 0 0 0 0 0 0 0 0 0 1266 2415 2131 1166 375 56 3 0 0 0 0 0 0 0 0 0 0 0
1522	sub_1522_0158200.log	DONE exit=20	200	True	1721368	0 0 0 0 0 0 0 0 0 0 0 1650 9813 25295 30959 27887 25114 1457 0 0 0 0 0 0 0 0 0 0 0
1522	sub_1522_0158400.log	DONE exit=20	200	True	2154975	0 0 0 0 0 0 0 0 0 0 0 1546 8028 25810 47285 48520 34267 9149 179 0 0 0 0 0 0 0 0 0 0
1522	sub_1522_0158600.log	DONE exit=20	200	True	428861	0 0 0 0 0 0 0 0 0 0 0 1390 3763 5757 5478 2507 614 53 0 0 0 0 0 0 0 0 0 0 0
1522	sub_1522_0158800.log	DONE exit=20	200	True	275105	0 0 0 0 0 0 0 0 0 0 0 1446 3689 4320 2166 355 27 3 0 0 0 0 0 0 0 0 0 0 0
1522	sub_1522_0159000.log	DONE exit=20	200	True	530993	0 0 0 0 0 0 0 0 0 0 0 1490 7085 12518 8168 3465 653 7 0 0 0 0 0 0 0 0 0 0 0
1522	sub_1522_0159200.log	DONE exit=20	200	True	296655	0 0 0 0 0 0 0 0 0 0 0 1408 4579 6482 3394 487 32 4 0 0 0 0 0 0 0 0 0 0 0
1522	sub_1522_0159400.log	DONE exit=20	200	True	618426	0 0 0 0 0 0 0 0 0 0 0 2096 7919 13294 9915 3057 676 34 0 0 0 0 0 0 0 0 0 0 0
1522	sub_1522_0159600.log	DONE exit=20	200	True	147772	0 0 0 0 0 0 0 0 0 0 0 998 1941 1902 1012 181 0 0 0 0 0 0 0 0 0 0 0 0 0
1522	sub_1522_0159800.log	DONE exit=20	200	True	169141	0 0 0 0 0 0 0 0 0 0 0 1157 2350 2201 841 121 1 0 0 0 0 0 0 0 0 0 0 0 0
1522	sub_1522_0160000.log	DONE exit=20	200	True	161280	0 0 0 0 0 0 0 0 0 0 0 980 2092 1986 809 124 2 0 0 0 0 0 0 0 0 0 0 0 0
1522	sub_1522_0160200.log	DONE exit=20	200	True	138794	0 0 0 0 0 0 0 0 0 0 0 893 1637 1410 742 143 0 0 0 0 0 0 0 0 0 0 0 0 0
1522	sub_1522_0160400.log	DONE exit=20	200	True	185191	0 0 0 0 0 0 0 0 0 0 0 872 2128 2484 1314 280 14 1 0 0 0 0 0 0 0 0 0 0 0
1522	sub_1522_0160600.log	DONE exit=20	200	True	299644150	0 0 0 0 0 0 0 0 0 0 0 2040 15872 80901 300524 897187 2190501 4119546 5524689 4306907 1574829 0 0 0 0 0 0 0 0
1522	sub_1522_0160800.log	DONE exit=20	200	True	92285783	0 0 0 0 0 0 0 0 0 0 0 2023 10924 39500 116216 310217 711032 1195934 1490778 1069328 321626 0 0 0 0 0 0 0 0
1522	sub_1522_0161000.log	DONE exit=20	200	True	18196108	0 0 0 0 0 0 0 0 0 0 0 1738 8118 22491 49509 110652 189851 215288 141961 102170 33818 0 0 0 0 0 0 0 0
1522	sub_1522_0161200.log	DONE exit=20	200	True	366564621	0 0 0 0 0 0 0 0 0 0 0 2930 23068 113216 420581 1200091 2606156 4451773 5426145 2537992 696408 0 0 0 0 0 0 0 0
1522	sub_1522_0161400.log	DONE exit=20	200	True	410052184	0 0 0 0 0 0 0 0 0 0 0 2595 19825 101274 389728 1165923 2781415 5221252 6703176 3548354 1029807 0 0 0 0 0 0 0 0
1522	sub_1522_0161600.log	DONE exit=20	200	True	4944346	0 0 0 0 0 0 0 0 0 0 0 1907 7966 16378 25897 37696 45991 22655 18 0 0 0 0 0 0 0 0 0 0
1522	sub_1522_0161800.log	DONE exit=20	200	True	27577218	0 0 0 0 0 0 0 0 0 0 0 1892 7225 20683 60781 166446 296673 319072 63610 37863 8603 0 0 0 0 0 0 0 0
1522	sub_1522_0162000.log	DONE exit=20	200	True	31299591	0 0 0 0 0 0 0 0 0 0 0 2218 11416 36798 88075 199660 344405 381500 82934 44610 7725 0 0 0 0 0 0 0 0
1522	sub_1522_0162200.log	DONE exit=20	200	True	63686	0 0 0 0 0 0 0 0 0 0 0 784 1133 500 69 3 0 0 0 0 0 0 0 0 0 0 0 0 0
1522	sub_1522_0162400.log	DONE exit=20	200	True	1039215	0 0 0 0 0 0 0 0 0 0 0 1301 4399 8880 7528 3389 25 1 0 0 0 0 0 0 0 0 0 0 0
1522	sub_1522_0162600.log	DONE exit=20	200	True	1503247	0 0 0 0 0 0 0 0 0 0 0 1803 7003 12518 13154 5494 824 173 0 0 0 0 0 0 0 0 0 0 0
1522	sub_1522_0162800.log	DONE exit=20	200	True	882037	0 0 0 0 0 0 0 0 0 0 0 1312 4566 7928 7075 3808 29 3 0 0 0 0 0 0 0 0 0 0 0
1522	sub_1522_0163000.log	DONE exit=20	200	True	1801589	0 0 0 0 0 0 0 0 0 0 0 1801 7214 15033 15576 7589 1717 223 0 0 0 0 0 0 0 0 0 0 0
1522	sub_1522_0163200.log	DONE exit=20	200	True	606215	0 0 0 0 0 0 0 0 0 0 0 1357 4500 6939 5363 3324 393 33 0 0 0 0 0 0 0 0 0 0 0
1522	sub_1522_0163400.log	DONE exit=20	200	True	1180146	0 0 0 0 0 0 0 0 0 0 0 1640 6165 10926 10840 4602 1385 296 11 0 0 0 0 0 0 0 0 0 0
1522	sub_1522_0163600.log	DONE exit=20	200	True	891323	0 0 0 0 0 0 0 0 0 0 0 1329 4397 8346 5352 2304 66 0 0 0 0 0 0 0 0 0 0 0 0
1522	sub_1522_0163800.log	DONE exit=20	200	True	762119	0 0 0 0 0 0 0 0 0 0 0 1528 4915 6886 5152 1575 6 0 0 0 0 0 0 0 0 0 0 0 0
1522	sub_1522_0164000.log	DONE exit=20	200	True	535576	0 0 0 0 0 0 0 0 0 0 0 1221 3744 4797 3500 1084 5 0 0 0 0 0 0 0 0 0 0 0 0
1522	sub_1522_0164200.log	DONE exit=20	200	True	718361	0 0 0 0 0 0 0 0 0 0 0 1413 5691 10549 10254 4682 893 45 0 0 0 0 0 0 0 0 0 0 0
1522	sub_1522_0164400.log	DONE exit=20	200	True	994698	0 0 0 0 0 0 0 0 0 0 0 1930 8606 18320 17152 7716 1836 333 5 0 0 0 0 0 0 0 0 0 0
1522	sub_1522_0164600.log	DONE exit=20	200	True	398456	0 0 0 0 0 0 0 0 0 0 0 1528 4650 6505 4800 2171 673 94 0 0 0 0 0 0 0 0 0 0 0
1522	sub_1522_0164800.log	DONE exit=20	200	True	519136	0 0 0 0 0 0 0 0 0 0 0 1394 4683 7857 7685 5075 2195 441 5 0 0 0 0 0 0 0 0 0 0
1522	sub_1522_0165000.log	DONE exit=20	200	True	312118	0 0 0 0 0 0 0 0 0 0 0 1205 3789 5541 3594 967 93 6 0 0 0 0 0 0 0 0 0 0 0
1522	sub_1522_0165200.log	DONE exit=20	200	True	26128	0 0 0 0 0 0 0 0 0 0 0 416 206 23 0 0 0 0 0 0 0 0 0 0 0 0 0 0 0
1522	sub_1522_0165400.log	DONE exit=20	200	True	296101	0 0 0 0 0 0 0 0 0 0 0 995 1985 2349 1517 826 0 0 0 0 0 0 0 0 0 0 0 0 0
1522	sub_1522_0165600.log	DONE exit=20	200	True	433483	0 0 0 0 0 0 0 0 0 0 0 887 1956 2537 3218 2786 5 0 0 0 0 0 0 0 0 0 0 0 0
1522	sub_1522_0165800.log	DONE exit=20	200	True	2176031	0 0 0 0 0 0 0 0 0 0 0 1192 4598 9738 14851 18869 10116 3311 752 270 38 0 0 0 0 0 0 0 0
1522	sub_1522_0166000.log	DONE exit=20	200	True	151916	0 0 0 0 0 0 0 0 0 0 0 534 785 893 870 479 0 0 0 0 0 0 0 0 0 0 0 0 0
1522	sub_1522_0166200.log	DONE exit=20	200	True	700327	0 0 0 0 0 0 0 0 0 0 0 824 2349 3914 5603 3637 49 0 0 0 0 0 0 0 0 0 0 0 0
1522	sub_1522_0166400.log	DONE exit=20	200	True	373793	0 0 0 0 0 0 0 0 0 0 0 632 1279 1939 2843 1904 24 0 0 0 0 0 0 0 0 0 0 0 0
1522	sub_1522_0166600.log	DONE exit=20	200	True	380219	0 0 0 0 0 0 0 0 0 0 0 677 1464 2253 2986 1888 25 0 0 0 0 0 0 0 0 0 0 0 0
1522	sub_1522_0166800.log	DONE exit=20	200	True	679309	0 0 0 0 0 0 0 0 0 0 0 738 2306 4581 6132 3811 104 0 0 0 0 0 0 0 0 0 0 0 0
1522	sub_1522_0167000.log	DONE exit=20	200	True	22432	0 0 0 0 0 0 0 0 0 0 0 251 94 2 0 0 0 0 0 0 0 0 0 0 0 0 0 0 0
1522	sub_1522_0167200.log	DONE exit=20	200	True	50849	0 0 0 0 0 0 0 0 0 0 0 400 298 160 123 55 0 0 0 0 0 0 0 0 0 0 0 0 0
1522	sub_1522_0167400.log	DONE exit=20	200	True	266507	0 0 0 0 0 0 0 0 0 0 0 873 1706 2197 2044 403 1 0 0 0 0 0 0 0 0 0 0 0 0
1522	sub_1522_0167600.log	DONE exit=20	200	True	703235	0 0 0 0 0 0 0 0 0 0 0 931 2446 4162 6672 4670 159 0 0 0 0 0 0 0 0 0 0 0 0
1522	sub_1522_0167800.log	DONE exit=20	200	True	475555	0 0 0 0 0 0 0 0 0 0 0 1059 2100 3159 3228 3118 370 7 0 0 0 0 0 0 0 0 0 0 0
1522	sub_1522_0168000.log	DONE exit=20	200	True	792353	0 0 0 0 0 0 0 0 0 0 0 1151 3306 6175 7549 6447 1159 17 0 0 0 0 0 0 0 0 0 0 0
1522	sub_1522_0168200.log	DONE exit=20	200	True	63665	0 0 0 0 0 0 0 0 0 0 0 561 637 361 144 44 0 0 0 0 0 0 0 0 0 0 0 0 0
1522	sub_1522_0168400.log	DONE exit=20	200	True	127259	0 0 0 0 0 0 0 0 0 0 0 707 1645 2103 1061 175 8 0 0 0 0 0 0 0 0 0 0 0 0
1522	sub_1522_0168600.log	DONE exit=20	200	True	33630	0 0 0 0 0 0 0 0 0 0 0 458 260 32 0 0 0 0 0 0 0 0 0 0 0 0 0 0 0
1522	sub_1522_0168800.log	DONE exit=20	200	True	38951	0 0 0 0 0 0 0 0 0 0 0 505 345 60 1 0 0 0 0 0 0 0 0 0 0 0 0 0 0
1522	sub_1522_0169000.log	DONE exit=20	200	True	28856	0 0 0 0 0 0 0 0 0 0 0 339 216 26 0 0 0 0 0 0 0 0 0 0 0 0 0 0 0
1522	sub_1522_0169200.log	DONE exit=20	200	True	30036	0 0 0 0 0 0 0 0 0 0 0 354 298 163 73 2 0 0 0 0 0 0 0 0 0 0 0 0 0
1522	sub_1522_0169400.log	DONE exit=20	200	True	111570	0 0 0 0 0 0 0 0 0 0 0 787 1708 2030 1127 295 17 0 0 0 0 0 0 0 0 0 0 0 0
1522	sub_1522_0169600.log	DONE exit=20	200	True	26306	0 0 0 0 0 0 0 0 0 0 0 378 193 19 2 0 0 0 0 0 0 0 0 0 0 0 0 0 0
1522	sub_1522_0169800.log	DONE exit=20	200	True	824890	0 0 0 0 0 0 0 0 0 0 0 908 2039 4465 6848 5351 1656 9 0 0 0 0 0 0 0 0 0 0 0
1522	sub_1522_0170000.log	DONE exit=20	200	True	1319243	0 0 0 0 0 0 0 0 0 0 0 653 1726 5842 12819 12084 2417 15 0 0 0 0 0 0 0 0 0 0 0
1522	sub_1522_0170200.log	DONE exit=20	200	True	255342	0 0 0 0 0 0 0 0 0 0 0 1025 2493 4040 2723 152 0 0 0 0 0 0 0 0 0 0 0 0 0
1522	sub_1522_0170400.log	DONE exit=20	200	True	376665	0 0 0 0 0 0 0 0 0 0 0 785 1759 2904 2870 1361 11 0 0 0 0 0 0 0 0 0 0 0 0
1522	sub_1522_0170600.log	DONE exit=20	200	True	243406	0 0 0 0 0 0 0 0 0 0 0 631 747 1133 1992 1758 117 0 0 0 0 0 0 0 0 0 0 0 0
1522	sub_1522_0170800.log	DONE exit=20	200	True	756090	0 0 0 0 0 0 0 0 0 0 0 735 1706 4127 6548 5251 1793 7 0 0 0 0 0 0 0 0 0 0 0
1522	sub_1522_0171000.log	DONE exit=20	200	True	1435685	0 0 0 0 0 0 0 0 0 0 0 771 2195 6767 13839 12707 2395 12 0 0 0 0 0 0 0 0 0 0 0
1522	sub_1522_0171200.log	DONE exit=20	200	True	76689	0 0 0 0 0 0 0 0 0 0 0 839 1084 756 430 72 0 0 0 0 0 0 0 0 0 0 0 0 0
1522	sub_1522_0171400.log	DONE exit=20	200	True	382859	0 0 0 0 0 0 0 0 0 0 0 1165 3660 6369 4946 297 10 0 0 0 0 0 0 0 0 0 0 0 0
1522	sub_1522_0171600.log	DONE exit=20	200	True	373862	0 0 0 0 0 0 0 0 0 0 0 716 1445 2447 3132 2177 113 0 0 0 0 0 0 0 0 0 0 0 0
1522	sub_1522_0171800.log	DONE exit=20	200	True	598344	0 0 0 0 0 0 0 0 0 0 0 668 1452 4333 4575 2455 3 0 0 0 0 0 0 0 0 0 0 0 0
1522	sub_1522_0172000.log	DONE exit=20	200	True	394888	0 0 0 0 0 0 0 0 0 0 0 1197 2865 2880 2025 978 5 2 0 0 0 0 0 0 0 0 0 0 0
1522	sub_1522_0172200.log	DONE exit=20	200	True	214627	0 0 0 0 0 0 0 0 0 0 0 1109 2933 3329 1646 390 19 1 0 0 0 0 0 0 0 0 0 0 0
1522	sub_1522_0172400.log	DONE exit=20	200	True	2453320	0 0 0 0 0 0 0 0 0 0 0 1769 7955 20128 30295 23204 2520 173 2 0 0 0 0 0 0 0 0 0 0
1522	sub_1522_0172600.log	DONE exit=20	200	True	5877602	0 0 0 0 0 0 0 0 0 0 0 1593 7601 21946 42043 50169 42473 31341 8002 3368 659 0 0 0 0 0 0 0 0
1522	sub_1522_0172800.log	DONE exit=20	200	True	221016	0 0 0 0 0 0 0 0 0 0 0 708 1084 1323 1386 952 14 0 0 0 0 0 0 0 0 0 0 0 0
1522	sub_1522_0173000.log	DONE exit=20	200	True	1345332	0 0 0 0 0 0 0 0 0 0 0 896 2503 6319 12588 12356 3602 13 0 0 0 0 0 0 0 0 0 0 0
1522	sub_1522_0173200.log	DONE exit=20	200	True	204581	0 0 0 0 0 0 0 0 0 0 0 1223 2827 3143 746 46 0 0 0 0 0 0 0 0 0 0 0 0 0
1522	sub_1522_0173400.log	DONE exit=20	200	True	60799	0 0 0 0 0 0 0 0 0 0 0 651 876 691 208 14 0 0 0 0 0 0 0 0 0 0 0 0 0
1522	sub_1522_0173600.log	DONE exit=20	200	True	201347	0 0 0 0 0 0 0 0 0 0 0 867 1989 3201 1997 87 0 0 0 0 0 0 0 0 0 0 0 0 0
1522	sub_1522_0173800.log	DONE exit=20	200	True	405657	0 0 0 0 0 0 0 0 0 0 0 1257 3774 6386 6248 698 18 0 0 0 0 0 0 0 0 0 0 0 0
1522	sub_1522_0174000.log	DONE exit=20	200	True	154281	0 0 0 0 0 0 0 0 0 0 0 696 1429 1812 1498 508 0 0 0 0 0 0 0 0 0 0 0 0 0
1522	sub_1522_0174200.log	DONE exit=20	200	True	1444610	0 0 0 0 0 0 0 0 0 0 0 1670 6220 13342 16235 9001 1171 7 0 0 0 0 0 0 0 0 0 0 0
1522	sub_1522_0174400.log	DONE exit=20	200	True	635583	0 0 0 0 0 0 0 0 0 0 0 904 2392 5054 7225 5520 2709 2 0 0 0 0 0 0 0 0 0 0 0
1522	sub_1522_0174600.log	DONE exit=20	200	True	68811	0 0 0 0 0 0 0 0 0 0 0 820 1210 768 141 5 0 0 0 0 0 0 0 0 0 0 0 0 0
1522	sub_1522_0174800.log	DONE exit=20	200	True	611464	0 0 0 0 0 0 0 0 0 0 0 1798 7436 14683 11504 3010 203 3 0 0 0 0 0 0 0 0 0 0 0
1522	sub_1522_0175000.log	DONE exit=20	200	True	494023	0 0 0 0 0 0 0 0 0 0 0 1428 5858 11364 8530 2366 181 8 0 0 0 0 0 0 0 0 0 0 0
1522	sub_1522_0175200.log	DONE exit=20	200	True	897821	0 0 0 0 0 0 0 0 0 0 0 1810 8205 18855 22517 12201 2224 78 0 0 0 0 0 0 0 0 0 0 0
1522	sub_1522_0175400.log	DONE exit=20	200	True	127586	0 0 0 0 0 0 0 0 0 0 0 1172 2615 2357 823 101 4 0 0 0 0 0 0 0 0 0 0 0 0
1522	sub_1522_0175600.log	DONE exit=20	200	True	1589065	0 0 0 0 0 0 0 0 0 0 0 2249 12397 34113 42964 21547 4052 205 1 0 0 0 0 0 0 0 0 0 0
1522	sub_1522_0175800.log	DONE exit=20	200	True	936422	0 0 0 0 0 0 0 0 0 0 0 2022 8907 18799 16338 5344 535 27 0 0 0 0 0 0 0 0 0 0 0
1522	sub_1522_0176000.log	DONE exit=20	200	True	892323	0 0 0 0 0 0 0 0 0 0 0 1933 8655 17436 13839 4063 450 24 0 0 0 0 0 0 0 0 0 0 0
1522	sub_1522_0176200.log	DONE exit=20	200	True	666625	0 0 0 0 0 0 0 0 0 0 0 1496 5846 11650 10772 2713 140 0 0 0 0 0 0 0 0 0 0 0 0
1522	sub_1522_0176400.log	DONE exit=20	200	True	649401	0 0 0 0 0 0 0 0 0 0 0 1649 7029 12945 8076 1272 56 1 0 0 0 0 0 0 0 0 0 0 0
1522	sub_1522_0176600.log	DONE exit=20	200	True	767601	0 0 0 0 0 0 0 0 0 0 0 1911 8392 17533 14465 3815 241 5 0 0 0 0 0 0 0 0 0 0 0
1522	sub_1522_0176800.log	DONE exit=20	200	True	618636	0 0 0 0 0 0 0 0 0 0 0 1610 6901 14011 11942 3666 299 12 0 0 0 0 0 0 0 0 0 0 0
1522	sub_1522_0177000.log	DONE exit=20	200	True	976175	0 0 0 0 0 0 0 0 0 0 0 1886 9290 21502 20919 8482 1544 111 0 0 0 0 0 0 0 0 0 0 0
1522	sub_1522_0177200.log	DONE exit=20	200	True	415943	0 0 0 0 0 0 0 0 0 0 0 1606 4937 6956 3496 703 188 0 0 0 0 0 0 0 0 0 0 0 0
1522	sub_1522_0177400.log	DONE exit=20	200	True	1217799	0 0 0 0 0 0 0 0 0 0 0 1964 9356 21429 20183 5275 548 19 2 0 0 0 0 0 0 0 0 0 0
1522	sub_1522_0177600.log	DONE exit=20	200	True	492350	0 0 0 0 0 0 0 0 0 0 0 1533 5583 9080 6367 1775 218 12 0 0 0 0 0 0 0 0 0 0 0
1522	sub_1522_0177800.log	DONE exit=20	200	True	349470	0 0 0 0 0 0 0 0 0 0 0 1346 4323 6619 3347 298 14 0 0 0 0 0 0 0 0 0 0 0 0
1522	sub_1522_0178000.log	DONE exit=20	200	True	446213	0 0 0 0 0 0 0 0 0 0 0 1456 5525 10070 7336 2241 241 6 0 0 0 0 0 0 0 0 0 0 0
1522	sub_1522_0178200.log	DONE exit=20	200	True	175599	0 0 0 0 0 0 0 0 0 0 0 1098 2884 2953 1328 387 45 3 0 0 0 0 0 0 0 0 0 0 0
1522	sub_1522_0178400.log	DONE exit=20	200	True	358563	0 0 0 0 0 0 0 0 0 0 0 962 3365 7056 5820 1644 251 1 0 0 0 0 0 0 0 0 0 0 0
1522	sub_1522_0178600.log	DONE exit=20	200	True	90423	0 0 0 0 0 0 0 0 0 0 0 678 1282 1070 523 127 2 0 0 0 0 0 0 0 0 0 0 0 0
1522	sub_1522_0178800.log	DONE exit=20	200	True	108214	0 0 0 0 0 0 0 0 0 0 0 831 1592 1579 731 106 1 0 0 0 0 0 0 0 0 0 0 0 0
1522	sub_1522_0179000.log	DONE exit=20	200	True	126294	0 0 0 0 0 0 0 0 0 0 0 858 1796 1701 755 146 14 2 0 0 0 0 0 0 0 0 0 0 0
1522	sub_1522_0179200.log	DONE exit=20	200	True	113880	0 0 0 0 0 0 0 0 0 0 0 850 1743 1631 647 99 7 0 0 0 0 0 0 0 0 0 0 0 0
1522	sub_1522_0179400.log	DONE exit=20	200	True	509942	0 0 0 0 0 0 0 0 0 0 0 1189 4032 7865 7877 4078 1291 208 61 0 0 0 0 0 0 0 0 0 0
1522	sub_1522_0179600.log	DONE exit=20	200	True	365108	0 0 0 0 0 0 0 0 0 0 0 1043 3127 6179 6162 2454 283 0 0 0 0 0 0 0 0 0 0 0 0
1522	sub_1522_0179800.log	DONE exit=20	200	True	59759	0 0 0 0 0 0 0 0 0 0 0 476 771 418 225 24 0 0 0 0 0 0 0 0 0 0 0 0 0
1522	sub_1522_0180000.log	DONE exit=20	200	True	434521	0 0 0 0 0 0 0 0 0 0 0 1397 4687 7867 6847 2010 206 6 0 0 0 0 0 0 0 0 0 0 0
1522	sub_1522_0180200.log	DONE exit=20	200	True	237044	0 0 0 0 0 0 0 0 0 0 0 851 1996 3293 3222 1305 106 3 0 0 0 0 0 0 0 0 0 0 0
1522	sub_1522_0180400.log	DONE exit=20	200	True	1591543	0 0 0 0 0 0 0 0 0 0 0 1551 7530 22411 33977 21971 6271 792 10 0 0 0 0 0 0 0 0 0 0
1522	sub_1522_0180600.log	DONE exit=20	200	True	78477	0 0 0 0 0 0 0 0 0 0 0 586 1050 804 266 40 0 0 0 0 0 0 0 0 0 0 0 0 0
1522	sub_1522_0180800.log	DONE exit=20	200	True	151827	0 0 0 0 0 0 0 0 0 0 0 903 1947 2547 1843 387 12 2 0 0 0 0 0 0 0 0 0 0 0
1522	sub_1522_0181000.log	DONE exit=20	200	True	192760	0 0 0 0 0 0 0 0 0 0 0 898 2434 3740 3093 696 23 0 0 0 0 0 0 0 0 0 0 0 0
1522	sub_1522_0181200.log	DONE exit=20	200	True	87593	0 0 0 0 0 0 0 0 0 0 0 565 922 1125 942 166 7 0 0 0 0 0 0 0 0 0 0 0 0
1522	sub_1522_0181400.log	DONE exit=20	200	True	169738	0 0 0 0 0 0 0 0 0 0 0 881 2205 3063 1882 358 24 0 0 0 0 0 0 0 0 0 0 0 0
1522	sub_1522_0181600.log	DONE exit=20	200	True	187878	0 0 0 0 0 0 0 0 0 0 0 763 1752 2731 2474 293 0 0 0 0 0 0 0 0 0 0 0 0 0
1522	sub_1522_0181800.log	DONE exit=20	200	True	173850	0 0 0 0 0 0 0 0 0 0 0 879 2145 2783 1613 207 8 0 0 0 0 0 0 0 0 0 0 0 0
1522	sub_1522_0182000.log	DONE exit=20	200	True	487778	0 0 0 0 0 0 0 0 0 0 0 1443 4829 8702 8449 1591 75 1 0 0 0 0 0 0 0 0 0 0 0
1522	sub_1522_0182200.log	DONE exit=20	200	True	129702	0 0 0 0 0 0 0 0 0 0 0 723 1498 1833 911 290 51 4 0 0 0 0 0 0 0 0 0 0 0
1522	sub_1522_0182400.log	DONE exit=20	200	True	350166	0 0 0 0 0 0 0 0 0 0 0 1266 4172 6358 3945 880 72 3 0 0 0 0 0 0 0 0 0 0 0
1522	sub_1522_0182600.log	DONE exit=20	200	True	594427	0 0 0 0 0 0 0 0 0 0 0 1583 6207 11673 8566 1505 80 6 0 0 0 0 0 0 0 0 0 0 0
1522	sub_1522_0182800.log	DONE exit=20	200	True	185271	0 0 0 0 0 0 0 0 0 0 0 744 1798 2899 2266 254 23 0 0 0 0 0 0 0 0 0 0 0 0
1522	sub_1522_0183000.log	DONE exit=20	200	True	524294	0 0 0 0 0 0 0 0 0 0 0 1298 4499 8888 9795 2156 95 0 0 0 0 0 0 0 0 0 0 0 0
1522	sub_1522_0183200.log	DONE exit=20	200	True	154509	0 0 0 0 0 0 0 0 0 0 0 1196 2866 2562 911 198 0 0 0 0 0 0 0 0 0 0 0 0 0
1522	sub_1522_0183400.log	DONE exit=20	200	True	216791	0 0 0 0 0 0 0 0 0 0 0 796 2383 4160 3798 1404 122 13 0 0 0 0 0 0 0 0 0 0 0
1522	sub_1522_0183600.log	DONE exit=20	200	True	18472	0 0 0 0 0 0 0 0 0 0 0 228 160 71 10 0 0 0 0 0 0 0 0 0 0 0 0 0 0
1522	sub_1522_0183800.log	DONE exit=20	200	True	30464	0 0 0 0 0 0 0 0 0 0 0 373 315 149 25 0 0 0 0 0 0 0 0 0 0 0 0 0 0
1522	sub_1522_0184000.log	DONE exit=20	200	True	34803	0 0 0 0 0 0 0 0 0 0 0 496 429 125 8 0 0 0 0 0 0 0 0 0 0 0 0 0 0
1522	sub_1522_0184200.log	DONE exit=20	200	True	93362	0 0 0 0 0 0 0 0 0 0 0 912 1655 1077 212 8 0 0 0 0 0 0 0 0 0 0 0 0 0
1522	sub_1522_0184400.log	DONE exit=20	200	True	168271	0 0 0 0 0 0 0 0 0 0 0 1276 3166 3081 1281 391 2 0 0 0 0 0 0 0 0 0 0 0 0
1522	sub_1522_0184600.log	DONE exit=20	200	True	377271	0 0 0 0 0 0 0 0 0 0 0 1314 4508 7832 6413 2448 49 0 0 0 0 0 0 0 0 0 0 0 0
1522	sub_1522_0184800.log	DONE exit=20	200	True	374532	0 0 0 0 0 0 0 0 0 0 0 1492 5368 9492 7785 3182 372 0 0 0 0 0 0 0 0 0 0 0 0
1522	sub_1522_0185000.log	DONE exit=20	200	True	378744	0 0 0 0 0 0 0 0 0 0 0 1447 5128 8870 7504 3116 338 5 0 0 0 0 0 0 0 0 0 0 0
1522	sub_1522_0185200.log	DONE exit=20	200	True	250636	0 0 0 0 0 0 0 0 0 0 0 1563 4862 6032 2889 524 21 0 0 0 0 0 0 0 0 0 0 0 0
1522	sub_1522_0185400.log	DONE exit=20	200	True	128300	0 0 0 0 0 0 0 0 0 0 0 875 2187 2555 1344 226 6 0 0 0 0 0 0 0 0 0 0 0 0
1522	sub_1522_0185600.log	DONE exit=20	200	True	39098	0 0 0 0 0 0 0 0 0 0 0 442 730 311 101 12 0 0 0 0 0 0 0 0 0 0 0 0 0
1522	sub_1522_0185800.log	DONE exit=20	200	True	19065	0 0 0 0 0 0 0 0 0 0 0 279 115 16 0 0 0 0 0 0 0 0 0 0 0 0 0 0 0
1522	sub_1522_0186000.log	DONE exit=20	200	True	36193	0 0 0 0 0 0 0 0 0 0 0 501 469 166 12 0 0 0 0 0 0 0 0 0 0 0 0 0 0
1522	sub_1522_0186200.log	DONE exit=20	200	True	24872	0 0 0 0 0 0 0 0 0 0 0 357 278 64 5 0 0 0 0 0 0 0 0 0 0 0 0 0 0
1522	sub_1522_0186400.log	DONE exit=20	200	True	17047	0 0 0 0 0 0 0 0 0 0 0 250 116 52 7 0 0 0 0 0 0 0 0 0 0 0 0 0 0
1522	sub_1522_0186600.log	DONE exit=20	200	True	31196	0 0 0 0 0 0 0 0 0 0 0 412 311 137 80 0 0 0 0 0 0 0 0 0 0 0 0 0 0
1522	sub_1522_0186800.log	DONE exit=20	200	True	45315	0 0 0 0 0 0 0 0 0 0 0 504 593 351 35 1 0 0 0 0 0 0 0 0 0 0 0 0 0
1522	sub_1522_0187000.log	DONE exit=20	200	True	30634	0 0 0 0 0 0 0 0 0 0 0 412 394 130 9 0 0 0 0 0 0 0 0 0 0 0 0 0 0
1522	sub_1522_0187200.log	DONE exit=20	200	True	64717	0 0 0 0 0 0 0 0 0 0 0 712 1005 469 66 6 0 0 0 0 0 0 0 0 0 0 0 0 0
1522	sub_1522_0187400.log	DONE exit=20	200	True	413074	0 0 0 0 0 0 0 0 0 0 0 1101 2700 3832 2664 114 18 2 0 0 0 0 0 0 0 0 0 0 0
1522	sub_1522_0187600.log	DONE exit=20	200	True	108196	0 0 0 0 0 0 0 0 0 0 0 715 1091 665 178 9 0 0 0 0 0 0 0 0 0 0 0 0 0
1522	sub_1522_0187800.log	DONE exit=20	200	True	188671	0 0 0 0 0 0 0 0 0 0 0 950 2207 1623 501 65 0 0 0 0 0 0 0 0 0 0 0 0 0
1522	sub_1522_0188000.log	DONE exit=20	200	True	171828	0 0 0 0 0 0 0 0 0 0 0 1058 2096 1589 554 38 0 0 0 0 0 0 0 0 0 0 0 0 0
1522	sub_1522_0188200.log	DONE exit=20	200	True	137591	0 0 0 0 0 0 0 0 0 0 0 629 1164 935 313 122 0 0 0 0 0 0 0 0 0 0 0 0 0
1522	sub_1522_0188400.log	DONE exit=20	200	True	281737	0 0 0 0 0 0 0 0 0 0 0 666 1497 2381 2503 507 0 0 0 0 0 0 0 0 0 0 0 0 0
1522	sub_1522_0188600.log	DONE exit=20	200	True	1486177	0 0 0 0 0 0 0 0 0 0 0 1393 4503 8950 8229 5159 7487 2623 0 0 0 0 0 0 0 0 0 0 0
1522	sub_1522_0188800.log	DONE exit=20	200	True	786959	0 0 0 0 0 0 0 0 0 0 0 1386 4239 7368 5749 382 97 8 0 0 0 0 0 0 0 0 0 0 0
1522	sub_1522_0189000.log	DONE exit=20	200	True	77061	0 0 0 0 0 0 0 0 0 0 0 450 563 482 331 0 0 0 0 0 0 0 0 0 0 0 0 0 0
1522	sub_1522_0189200.log	DONE exit=20	200	True	207143	0 0 0 0 0 0 0 0 0 0 0 844 2002 2187 460 126 4 0 0 0 0 0 0 0 0 0 0 0 0
1522	sub_1522_0189400.log	DONE exit=20	200	True	660760	0 0 0 0 0 0 0 0 0 0 0 1168 3093 4728 4556 3382 565 12 0 0 0 0 0 0 0 0 0 0 0
1522	sub_1522_0189600.log	DONE exit=20	200	True	34318	0 0 0 0 0 0 0 0 0 0 0 498 450 125 12 0 0 0 0 0 0 0 0 0 0 0 0 0 0
1522	sub_1522_0189800.log	DONE exit=20	200	True	143581	0 0 0 0 0 0 0 0 0 0 0 824 1318 1072 371 107 0 0 0 0 0 0 0 0 0 0 0 0 0
1522	sub_1522_0190000.log	DONE exit=20	200	True	81121	0 0 0 0 0 0 0 0 0 0 0 635 797 295 99 25 0 0 0 0 0 0 0 0 0 0 0 0 0
1522	sub_1522_0190200.log	DONE exit=20	200	True	101328	0 0 0 0 0 0 0 0 0 0 0 696 1123 369 4 0 0 0 0 0 0 0 0 0 0 0 0 0 0
1522	sub_1522_0190400.log	DONE exit=20	200	True	90591	0 0 0 0 0 0 0 0 0 0 0 806 905 330 115 32 0 0 0 0 0 0 0 0 0 0 0 0 0
1522	sub_1522_0190600.log	DONE exit=20	200	True	377539	0 0 0 0 0 0 0 0 0 0 0 698 1260 1964 3380 2441 10 0 0 0 0 0 0 0 0 0 0 0 0
1522	sub_1522_0190800.log	DONE exit=20	200	True	609731	0 0 0 0 0 0 0 0 0 0 0 1270 3167 4473 4575 3316 29 0 0 0 0 0 0 0 0 0 0 0 0
1522	sub_1522_0191000.log	DONE exit=20	200	True	60287	0 0 0 0 0 0 0 0 0 0 0 628 691 164 1 1 0 0 0 0 0 0 0 0 0 0 0 0 0
1522	sub_1522_0191200.log	DONE exit=20	200	True	56180	0 0 0 0 0 0 0 0 0 0 0 569 875 323 28 0 0 0 0 0 0 0 0 0 0 0 0 0 0
1522	sub_1522_0191400.log	DONE exit=20	200	True	42539	0 0 0 0 0 0 0 0 0 0 0 601 727 432 89 17 1 0 0 0 0 0 0 0 0 0 0 0 0
1522	sub_1522_0191600.log	DONE exit=20	200	True	96324	0 0 0 0 0 0 0 0 0 0 0 719 1534 1113 139 3 0 0 0 0 0 0 0 0 0 0 0 0 0
1522	sub_1522_0191800.log	DONE exit=20	200	True	56851	0 0 0 0 0 0 0 0 0 0 0 629 800 386 74 3 0 0 0 0 0 0 0 0 0 0 0 0 0
1522	sub_1522_0192000.log	DONE exit=20	200	True	35096	0 0 0 0 0 0 0 0 0 0 0 487 387 96 7 0 0 0 0 0 0 0 0 0 0 0 0 0 0
1522	sub_1522_0192200.log	DONE exit=20	200	True	58561	0 0 0 0 0 0 0 0 0 0 0 685 931 129 8 0 0 0 0 0 0 0 0 0 0 0 0 0 0
1522	sub_1522_0192400.log	DONE exit=20	200	True	63471	0 0 0 0 0 0 0 0 0 0 0 662 1102 706 173 11 0 0 0 0 0 0 0 0 0 0 0 0 0
1522	sub_1522_0192600.log	DONE exit=20	200	True	45392	0 0 0 0 0 0 0 0 0 0 0 614 762 252 75 2 0 0 0 0 0 0 0 0 0 0 0 0 0
1522	sub_1522_0192800.log	DONE exit=20	200	True	88604	0 0 0 0 0 0 0 0 0 0 0 805 1496 762 201 15 0 0 0 0 0 0 0 0 0 0 0 0 0
1522	sub_1522_0193000.log	DONE exit=20	200	True	16548	0 0 0 0 0 0 0 0 0 0 0 301 186 27 4 0 0 0 0 0 0 0 0 0 0 0 0 0 0
1522	sub_1522_0193200.log	DONE exit=20	200	True	30953	0 0 0 0 0 0 0 0 0 0 0 474 449 121 12 0 0 0 0 0 0 0 0 0 0 0 0 0 0
1522	sub_1522_0193400.log	DONE exit=20	200	True	36908	0 0 0 0 0 0 0 0 0 0 0 471 473 177 52 3 0 0 0 0 0 0 0 0 0 0 0 0 0
1522	sub_1522_0193600.log	DONE exit=20	200	True	35451	0 0 0 0 0 0 0 0 0 0 0 461 607 180 28 0 0 0 0 0 0 0 0 0 0 0 0 0 0
1522	sub_1522_0193800.log	DONE exit=20	200	True	24780	0 0 0 0 0 0 0 0 0 0 0 394 211 9 0 0 0 0 0 0 0 0 0 0 0 0 0 0 0
1522	sub_1522_0194000.log	DONE exit=20	200	True	40184	0 0 0 0 0 0 0 0 0 0 0 650 876 508 107 6 0 0 0 0 0 0 0 0 0 0 0 0 0
1522	sub_1522_0194200.log	DONE exit=20	200	True	58802	0 0 0 0 0 0 0 0 0 0 0 790 1181 800 248 50 2 0 0 0 0 0 0 0 0 0 0 0 0
1522	sub_1522_0194400.log	DONE exit=20	200	True	45951	0 0 0 0 0 0 0 0 0 0 0 632 827 411 53 0 0 0 0 0 0 0 0 0 0 0 0 0 0
1522	sub_1522_0194600.log	DONE exit=20	200	True	70837	0 0 0 0 0 0 0 0 0 0 0 750 1261 676 147 5 0 0 0 0 0 0 0 0 0 0 0 0 0
1522	sub_1522_0194800.log	DONE exit=20	200	True	80175	0 0 0 0 0 0 0 0 0 0 0 677 1212 941 223 34 0 0 0 0 0 0 0 0 0 0 0 0 0
1522	sub_1522_0195000.log	DONE exit=20	200	True	33607	0 0 0 0 0 0 0 0 0 0 0 499 410 148 5 0 0 0 0 0 0 0 0 0 0 0 0 0 0
1522	sub_1522_0195200.log	DONE exit=20	200	True	65744	0 0 0 0 0 0 0 0 0 0 0 703 1143 758 238 49 0 0 0 0 0 0 0 0 0 0 0 0 0
1522	sub_1522_0195400.log	DONE exit=20	200	True	68847	0 0 0 0 0 0 0 0 0 0 0 785 1129 673 200 13 0 0 0 0 0 0 0 0 0 0 0 0 0
1522	sub_1522_0195600.log	DONE exit=20	200	True	33811	0 0 0 0 0 0 0 0 0 0 0 535 414 61 3 0 0 0 0 0 0 0 0 0 0 0 0 0 0
1522	sub_1522_0195800.log	DONE exit=20	200	True	33044	0 0 0 0 0 0 0 0 0 0 0 555 517 178 23 0 0 0 0 0 0 0 0 0 0 0 0 0 0
1522	sub_1522_0196000.log	DONE exit=20	200	True	69550	0 0 0 0 0 0 0 0 0 0 0 680 1151 595 116 9 0 0 0 0 0 0 0 0 0 0 0 0 0
1522	sub_1522_0196200.log	DONE exit=20	200	True	88215	0 0 0 0 0 0 0 0 0 0 0 773 1236 1043 551 13 0 0 0 0 0 0 0 0 0 0 0 0 0
1522	sub_1522_0196400.log	DONE exit=20	200	True	73384	0 0 0 0 0 0 0 0 0 0 0 811 1345 701 133 8 0 0 0 0 0 0 0 0 0 0 0 0 0
1522	sub_1522_0196600.log	DONE exit=20	200	True	25101	0 0 0 0 0 0 0 0 0 0 0 404 224 29 0 0 0 0 0 0 0 0 0 0 0 0 0 0 0
1522	sub_1522_0196800.log	DONE exit=20	200	True	51809	0 0 0 0 0 0 0 0 0 0 0 635 793 297 51 1 0 0 0 0 0 0 0 0 0 0 0 0 0
1522	sub_1522_0197000.log	DONE exit=20	200	True	71816	0 0 0 0 0 0 0 0 0 0 0 759 1217 624 118 2 0 0 0 0 0 0 0 0 0 0 0 0 0
1522	sub_1522_0197200.log	DONE exit=20	200	True	51452	0 0 0 0 0 0 0 0 0 0 0 678 787 287 39 0 0 0 0 0 0 0 0 0 0 0 0 0 0
1522	sub_1522_0197400.log	DONE exit=20	200	True	107646	0 0 0 0 0 0 0 0 0 0 0 691 1505 1914 711 122 0 0 0 0 0 0 0 0 0 0 0 0 0
1522	sub_1522_0197600.log	DONE exit=20	200	True	36249	0 0 0 0 0 0 0 0 0 0 0 574 510 56 2 0 0 0 0 0 0 0 0 0 0 0 0 0 0
1522	sub_1522_0197800.log	DONE exit=20	200	True	59042	0 0 0 0 0 0 0 0 0 0 0 669 1071 748 69 0 0 0 0 0 0 0 0 0 0 0 0 0 0
1522	sub_1522_0198000.log	DONE exit=20	200	True	42435	0 0 0 0 0 0 0 0 0 0 0 666 767 215 18 0 0 0 0 0 0 0 0 0 0 0 0 0 0
1522	sub_1522_0198200.log	DONE exit=20	200	True	61673	0 0 0 0 0 0 0 0 0 0 0 587 1054 969 76 0 0 0 0 0 0 0 0 0 0 0 0 0 0
1522	sub_1522_0198400.log	DONE exit=20	200	True	193582	0 0 0 0 0 0 0 0 0 0 0 1106 2709 3180 802 7 0 0 0 0 0 0 0 0 0 0 0 0 0
1522	sub_1522_0198600.log	DONE exit=20	200	True	139707	0 0 0 0 0 0 0 0 0 0 0 815 1693 1942 839 105 11 0 0 0 0 0 0 0 0 0 0 0 0
1522	sub_1522_0198800.log	DONE exit=20	200	True	71641	0 0 0 0 0 0 0 0 0 0 0 765 1314 903 315 74 3 0 0 0 0 0 0 0 0 0 0 0 0
1522	sub_1522_0199000.log	DONE exit=20	200	True	60946	0 0 0 0 0 0 0 0 0 0 0 692 1062 857 261 24 0 0 0 0 0 0 0 0 0 0 0 0 0
1522	sub_1522_0199200.log	DONE exit=20	200	True	175878	0 0 0 0 0 0 0 0 0 0 0 988 2367 3080 1582 463 39 0 0 0 0 0 0 0 0 0 0 0 0
1522	sub_1522_0199400.log	DONE exit=20	200	True	246267	0 0 0 0 0 0 0 0 0 0 0 1102 2735 4053 2052 508 120 2 0 0 0 0 0 0 0 0 0 0 0
1522	sub_1522_0199600.log	DONE exit=20	200	True	305432	0 0 0 0 0 0 0 0 0 0 0 1038 2901 4634 4119 2011 769 147 0 0 0 0 0 0 0 0 0 0 0
1522	sub_1522_0199800.log	DONE exit=20	200	True	56837	0 0 0 0 0 0 0 0 0 0 0 689 921 435 96 11 0 0 0 0 0 0 0 0 0 0 0 0 0
1522	sub_1522_0200000.log	DONE exit=20	200	True	62795	0 0 0 0 0 0 0 0 0 0 0 687 974 476 34 5 0 0 0 0 0 0 0 0 0 0 0 0 0
1522	sub_1522_0200200.log	DONE exit=20	200	True	147179	0 0 0 0 0 0 0 0 0 0 0 1009 2504 2309 457 30 1 0 0 0 0 0 0 0 0 0 0 0 0
1522	sub_1522_0200400.log	DONE exit=20	200	True	231269	0 0 0 0 0 0 0 0 0 0 0 1216 3290 4291 2162 544 71 0 0 0 0 0 0 0 0 0 0 0 0
1522	sub_1522_0200600.log	DONE exit=20	200	True	219551	0 0 0 0 0 0 0 0 0 0 0 1009 2539 3666 2359 517 32 1 0 0 0 0 0 0 0 0 0 0 0
1522	sub_1522_0200800.log	DONE exit=20	200	True	184926	0 0 0 0 0 0 0 0 0 0 0 1272 3180 3507 1472 293 28 1 0 0 0 0 0 0 0 0 0 0 0
1522	sub_1522_0201000.log	DONE exit=20	200	True	225280	0 0 0 0 0 0 0 0 0 0 0 1175 3111 3831 1546 220 22 0 0 0 0 0 0 0 0 0 0 0 0
1522	sub_1522_0201200.log	DONE exit=20	200	True	77831	0 0 0 0 0 0 0 0 0 0 0 669 1141 933 163 6 0 0 0 0 0 0 0 0 0 0 0 0 0
1522	sub_1522_0201400.log	DONE exit=20	200	True	114795	0 0 0 0 0 0 0 0 0 0 0 940 1846 1715 630 46 0 0 0 0 0 0 0 0 0 0 0 0 0
1522	sub_1522_0201600.log	DONE exit=20	200	True	60182	0 0 0 0 0 0 0 0 0 0 0 584 859 734 267 8 0 0 0 0 0 0 0 0 0 0 0 0 0
1522	sub_1522_0201800.log	DONE exit=20	200	True	78006	0 0 0 0 0 0 0 0 0 0 0 719 1271 1096 345 26 0 0 0 0 0 0 0 0 0 0 0 0 0
1522	sub_1522_0202000.log	DONE exit=20	200	True	59881	0 0 0 0 0 0 0 0 0 0 0 661 977 607 163 6 0 0 0 0 0 0 0 0 0 0 0 0 0
1522	sub_1522_0202200.log	DONE exit=20	200	True	72313	0 0 0 0 0 0 0 0 0 0 0 669 1176 1082 297 51 0 0 0 0 0 0 0 0 0 0 0 0 0
1522	sub_1522_0202400.log	DONE exit=20	200	True	69297	0 0 0 0 0 0 0 0 0 0 0 622 1147 1116 415 32 0 0 0 0 0 0 0 0 0 0 0 0 0
1522	sub_1522_0202600.log	DONE exit=20	200	True	138374	0 0 0 0 0 0 0 0 0 0 0 950 2029 2427 1365 229 14 0 0 0 0 0 0 0 0 0 0 0 0
1522	sub_1522_0202800.log	DONE exit=20	200	True	35839	0 0 0 0 0 0 0 0 0 0 0 591 551 215 26 1 0 0 0 0 0 0 0 0 0 0 0 0 0
1522	sub_1522_0203000.log	DONE exit=20	200	True	65651	0 0 0 0 0 0 0 0 0 0 0 950 1068 367 43 2 0 0 0 0 0 0 0 0 0 0 0 0 0
1522	sub_1522_0203200.log	DONE exit=20	200	True	100498	0 0 0 0 0 0 0 0 0 0 0 1091 1923 1069 175 0 0 0 0 0 0 0 0 0 0 0 0 0 0
1522	sub_1522_0203400.log	DONE exit=20	200	True	95049	0 0 0 0 0 0 0 0 0 0 0 918 1655 1130 333 19 1 0 0 0 0 0 0 0 0 0 0 0 0
1522	sub_1522_0203600.log	DONE exit=20	200	True	622237	0 0 0 0 0 0 0 0 0 0 0 1609 6184 14462 17563 8952 1933 221 2 0 0 0 0 0 0 0 0 0 0
1522	sub_1522_0203800.log	DONE exit=20	200	True	73980	0 0 0 0 0 0 0 0 0 0 0 726 1377 958 423 39 2 0 0 0 0 0 0 0 0 0 0 0 0
1522	sub_1522_0204000.log	DONE exit=20	200	True	241589	0 0 0 0 0 0 0 0 0 0 0 1417 4392 5565 2381 400 42 0 0 0 0 0 0 0 0 0 0 0 0
1522	sub_1522_0204200.log	DONE exit=20	200	True	66552	0 0 0 0 0 0 0 0 0 0 0 906 1184 539 78 2 0 0 0 0 0 0 0 0 0 0 0 0 0
1522	sub_1522_0204400.log	DONE exit=20	200	True	137935	0 0 0 0 0 0 0 0 0 0 0 1353 2746 1795 356 8 0 0 0 0 0 0 0 0 0 0 0 0 0
1522	sub_1522_0204600.log	DONE exit=20	200	True	92404	0 0 0 0 0 0 0 0 0 0 0 950 1697 1097 232 12 0 0 0 0 0 0 0 0 0 0 0 0 0
1522	sub_1522_0204800.log	DONE exit=20	200	True	110610	0 0 0 0 0 0 0 0 0 0 0 953 2078 1572 442 60 0 0 0 0 0 0 0 0 0 0 0 0 0
1522	sub_1522_0205000.log	DONE exit=20	200	True	132038	0 0 0 0 0 0 0 0 0 0 0 835 1920 2135 1061 228 4 0 0 0 0 0 0 0 0 0 0 0 0
1522	sub_1522_0205200.log	DONE exit=20	200	True	54909	0 0 0 0 0 0 0 0 0 0 0 741 1063 623 36 1 0 0 0 0 0 0 0 0 0 0 0 0 0
1522	sub_1522_0205400.log	DONE exit=20	200	True	49514	0 0 0 0 0 0 0 0 0 0 0 659 895 471 88 0 0 0 0 0 0 0 0 0 0 0 0 0 0
1522	sub_1522_0205600.log	DONE exit=20	200	True	142630	0 0 0 0 0 0 0 0 0 0 0 1142 2511 2236 649 44 6 0 0 0 0 0 0 0 0 0 0 0 0
1522	sub_1522_0205800.log	DONE exit=20	200	True	205961	0 0 0 0 0 0 0 0 0 0 0 1268 3619 3653 1423 127 2 0 0 0 0 0 0 0 0 0 0 0 0
1522	sub_1522_0206000.log	DONE exit=20	200	True	288411	0 0 0 0 0 0 0 0 0 0 0 1548 4620 5137 2955 835 55 2 0 0 0 0 0 0 0 0 0 0 0
1522	sub_1522_0206200.log	DONE exit=20	200	True	143093	0 0 0 0 0 0 0 0 0 0 0 908 2124 2196 704 59 0 0 0 0 0 0 0 0 0 0 0 0 0
1522	sub_1522_0206400.log	DONE exit=20	200	True	88097	0 0 0 0 0 0 0 0 0 0 0 861 1800 1233 224 10 0 0 0 0 0 0 0 0 0 0 0 0 0
1522	sub_1522_0206600.log	DONE exit=20	200	True	56016	0 0 0 0 0 0 0 0 0 0 0 757 1070 665 140 22 7 0 0 0 0 0 0 0 0 0 0 0 0
1522	sub_1522_0206800.log	DONE exit=20	200	True	103296	0 0 0 0 0 0 0 0 0 0 0 900 1656 1530 551 39 3 0 0 0 0 0 0 0 0 0 0 0 0
1522	sub_1522_0207000.log	DONE exit=20	200	True	318298	0 0 0 0 0 0 0 0 0 0 0 1333 4267 6389 4371 1383 328 43 0 0 0 0 0 0 0 0 0 0 0
1522	sub_1522_0207200.log	DONE exit=20	200	True	255196	0 0 0 0 0 0 0 0 0 0 0 1469 4229 4149 1593 380 32 0 0 0 0 0 0 0 0 0 0 0 0
1522	sub_1522_0207400.log	DONE exit=20	200	True	514671	0 0 0 0 0 0 0 0 0 0 0 1695 5907 8843 7137 3630 1309 457 0 0 0 0 0 0 0 0 0 0 0
1522	sub_1522_0207600.log	DONE exit=20	200	True	263806	0 0 0 0 0 0 0 0 0 0 0 925 2938 4594 3540 1871 624 54 0 0 0 0 0 0 0 0 0 0 0
1522	sub_1522_0207800.log	DONE exit=20	200	True	102521	0 0 0 0 0 0 0 0 0 0 0 909 2102 1675 438 44 2 0 0 0 0 0 0 0 0 0 0 0 0
1522	sub_1522_0208000.log	DONE exit=20	200	True	67729	0 0 0 0 0 0 0 0 0 0 0 664 934 1026 670 98 4 0 0 0 0 0 0 0 0 0 0 0 0
1522	sub_1522_0208200.log	DONE exit=20	200	True	148789	0 0 0 0 0 0 0 0 0 0 0 1061 2770 2104 495 69 0 0 0 0 0 0 0 0 0 0 0 0 0
1522	sub_1522_0208400.log	DONE exit=20	200	True	197622	0 0 0 0 0 0 0 0 0 0 0 1393 3177 3210 1388 160 1 0 0 0 0 0 0 0 0 0 0 0 0
1522	sub_1522_0208600.log	DONE exit=20	200	True	169771	0 0 0 0 0 0 0 0 0 0 0 1088 2551 2920 1538 320 12 0 0 0 0 0 0 0 0 0 0 0 0
1522	sub_1522_0208800.log	DONE exit=20	200	True	330078	0 0 0 0 0 0 0 0 0 0 0 1346 4894 6530 3499 591 11 0 0 0 0 0 0 0 0 0 0 0 0
1522	sub_1522_0209000.log	DONE exit=20	200	True	338078	0 0 0 0 0 0 0 0 0 0 0 1788 5974 7007 3009 628 14 0 0 0 0 0 0 0 0 0 0 0 0
1522	sub_1522_0209200.log	DONE exit=20	200	True	438386	0 0 0 0 0 0 0 0 0 0 0 1500 5359 10347 7712 1733 167 1 0 0 0 0 0 0 0 0 0 0 0
1522	sub_1522_0209400.log	DONE exit=20	200	True	263940	0 0 0 0 0 0 0 0 0 0 0 1251 4315 7209 5395 1064 87 0 0 0 0 0 0 0 0 0 0 0 0
1522	sub_1522_0209600.log	DONE exit=20	200	True	218224	0 0 0 0 0 0 0 0 0 0 0 1391 3928 4666 2717 347 3 0 0 0 0 0 0 0 0 0 0 0 0
1522	sub_1522_0209800.log	DONE exit=20	200	True	89299	0 0 0 0 0 0 0 0 0 0 0 837 1790 1352 458 53 0 0 0 0 0 0 0 0 0 0 0 0 0
1522	sub_1522_0210000.log	DONE exit=20	200	True	43819	0 0 0 0 0 0 0 0 0 0 0 577 819 393 89 4 0 0 0 0 0 0 0 0 0 0 0 0 0
1522	sub_1522_0210200.log	DONE exit=20	200	True	82715	0 0 0 0 0 0 0 0 0 0 0 809 1515 1258 409 73 0 0 0 0 0 0 0 0 0 0 0 0 0
1522	sub_1522_0210400.log	DONE exit=20	200	True	74149	0 0 0 0 0 0 0 0 0 0 0 618 1065 885 372 29 1 0 0 0 0 0 0 0 0 0 0 0 0
1522	sub_1522_0210600.log	DONE exit=20	200	True	81085	0 0 0 0 0 0 0 0 0 0 0 608 1118 937 420 71 1 0 0 0 0 0 0 0 0 0 0 0 0
1522	sub_1522_0210800.log	DONE exit=20	200	True	317031	0 0 0 0 0 0 0 0 0 0 0 508 1599 2147 1909 1048 0 0 0 0 0 0 0 0 0 0 0 0 0
1522	sub_1522_0211000.log	DONE exit=20	200	True	615471	0 0 0 0 0 0 0 0 0 0 0 886 2620 5961 5357 76 2 0 0 0 0 0 0 0 0 0 0 0 0
1522	sub_1522_0211200.log	DONE exit=20	200	True	1453028	0 0 0 0 0 0 0 0 0 0 0 1388 4493 8263 8211 5714 7611 2416 0 0 0 0 0 0 0 0 0 0 0
1522	sub_1522_0211400.log	DONE exit=20	200	True	1527660	0 0 0 0 0 0 0 0 0 0 0 1200 4011 7705 8450 6696 9208 3806 0 0 0 0 0 0 0 0 0 0 0
1522	sub_1522_0211600.log	DONE exit=20	200	True	301835	0 0 0 0 0 0 0 0 0 0 0 844 1750 2412 1846 966 0 0 0 0 0 0 0 0 0 0 0 0 0
1522	sub_1522_0211800.log	DONE exit=20	200	True	214704	0 0 0 0 0 0 0 0 0 0 0 783 1512 1621 1032 479 0 0 0 0 0 0 0 0 0 0 0 0 0
1522	sub_1522_0212000.log	DONE exit=20	200	True	169070	0 0 0 0 0 0 0 0 0 0 0 814 1690 1517 146 51 0 0 0 0 0 0 0 0 0 0 0 0 0
1522	sub_1522_0212200.log	DONE exit=20	200	True	802697	0 0 0 0 0 0 0 0 0 0 0 1358 3976 6280 6523 5678 1246 13 0 0 0 0 0 0 0 0 0 0 0
1522	sub_1522_0212400.log	DONE exit=20	200	True	265822	0 0 0 0 0 0 0 0 0 0 0 980 2086 2095 1463 787 3 0 0 0 0 0 0 0 0 0 0 0 0
1522	sub_1522_0212600.log	DONE exit=20	200	True	388156	0 0 0 0 0 0 0 0 0 0 0 626 1243 1882 3370 2367 9 0 0 0 0 0 0 0 0 0 0 0 0
1522	sub_1522_0212800.log	DONE exit=20	200	True	113618	0 0 0 0 0 0 0 0 0 0 0 751 1242 1017 434 70 0 0 0 0 0 0 0 0 0 0 0 0 0
1522	sub_1522_0213000.log	DONE exit=20	200	True	102883	0 0 0 0 0 0 0 0 0 0 0 922 1184 808 214 58 0 0 0 0 0 0 0 0 0 0 0 0 0
1522	sub_1522_0213200.log	DONE exit=20	200	True	589060	0 0 0 0 0 0 0 0 0 0 0 1116 2642 4265 4972 3488 36 0 0 0 0 0 0 0 0 0 0 0 0
1522	sub_1522_0213400.log	DONE exit=20	200	True	53842	0 0 0 0 0 0 0 0 0 0 0 516 591 366 140 8 0 0 0 0 0 0 0 0 0 0 0 0 0
1522	sub_1522_0213600.log	DONE exit=20	200	True	111975	0 0 0 0 0 0 0 0 0 0 0 771 935 630 259 64 0 0 0 0 0 0 0 0 0 0 0 0 0
1522	sub_1522_0213800.log	DONE exit=20	200	True	861641	0 0 0 0 0 0 0 0 0 0 0 986 2492 4508 7439 6152 81 0 0 0 0 0 0 0 0 0 0 0 0
1522	sub_1522_0214000.log	DONE exit=20	200	True	100402	0 0 0 0 0 0 0 0 0 0 0 822 1548 1367 529 67 4 0 0 0 0 0 0 0 0 0 0 0 0
1522	sub_1522_0214200.log	DONE exit=20	200	True	146445	0 0 0 0 0 0 0 0 0 0 0 825 1810 1159 120 14 0 0 0 0 0 0 0 0 0 0 0 0 0
1522	sub_1522_0214400.log	DONE exit=20	200	True	1019073	0 0 0 0 0 0 0 0 0 0 0 1278 3697 6750 7939 6555 1576 12 0 0 0 0 0 0 0 0 0 0 0
1522	sub_1522_0214600.log	DONE exit=20	200	True	100457	0 0 0 0 0 0 0 0 0 0 0 606 916 842 240 87 0 0 0 0 0 0 0 0 0 0 0 0 0
1522	sub_1522_0214800.log	DONE exit=20	200	True	683298	0 0 0 0 0 0 0 0 0 0 0 950 1984 3600 6315 5545 1163 0 0 0 0 0 0 0 0 0 0 0 0
1522	sub_1522_0215000.log	DONE exit=20	200	True	1220258	0 0 0 0 0 0 0 0 0 0 0 1090 3514 7515 12513 9047 327 12 0 0 0 0 0 0 0 0 0 0 0
1522	sub_1522_0215200.log	DONE exit=20	200	True	258362	0 0 0 0 0 0 0 0 0 0 0 617 1155 1477 2013 1215 3 0 0 0 0 0 0 0 0 0 0 0 0
1522	sub_1522_0215400.log	DONE exit=20	200	True	111592	0 0 0 0 0 0 0 0 0 0 0 810 999 665 271 70 0 0 0 0 0 0 0 0 0 0 0 0 0
1522	sub_1522_0215600.log	DONE exit=20	200	True	404004	0 0 0 0 0 0 0 0 0 0 0 926 2094 2543 3593 2525 50 0 0 0 0 0 0 0 0 0 0 0 0
1522	sub_1522_0215800.log	DONE exit=20	200	True	610768	0 0 0 0 0 0 0 0 0 0 0 1171 2882 4300 5020 3614 36 0 0 0 0 0 0 0 0 0 0 0 0
1522	sub_1522_0216000.log	DONE exit=20	200	True	79532	0 0 0 0 0 0 0 0 0 0 0 729 1317 899 269 7 0 0 0 0 0 0 0 0 0 0 0 0 0
1522	sub_1522_0216200.log	DONE exit=20	200	True	54614	0 0 0 0 0 0 0 0 0 0 0 595 710 468 182 9 0 0 0 0 0 0 0 0 0 0 0 0 0
1522	sub_1522_0216400.log	DONE exit=20	200	True	55243	0 0 0 0 0 0 0 0 0 0 0 535 679 612 227 9 0 0 0 0 0 0 0 0 0 0 0 0 0
1522	sub_1522_0216600.log	DONE exit=20	200	True	44328	0 0 0 0 0 0 0 0 0 0 0 603 660 238 15 0 0 0 0 0 0 0 0 0 0 0 0 0 0
1522	sub_1522_0216800.log	DONE exit=20	200	True	26269	0 0 0 0 0 0 0 0 0 0 0 484 355 26 0 0 0 0 0 0 0 0 0 0 0 0 0 0 0
1522	sub_1522_0217000.log	DONE exit=20	200	True	23962	0 0 0 0 0 0 0 0 0 0 0 534 334 52 0 0 0 0 0 0 0 0 0 0 0 0 0 0 0
1522	sub_1522_0217200.log	DONE exit=20	200	True	49701	0 0 0 0 0 0 0 0 0 0 0 700 842 440 89 0 0 0 0 0 0 0 0 0 0 0 0 0 0
1522	sub_1522_0217400.log	DONE exit=20	200	True	68274	0 0 0 0 0 0 0 0 0 0 0 721 1110 762 219 20 0 0 0 0 0 0 0 0 0 0 0 0 0
1522	sub_1522_0217600.log	DONE exit=20	200	True	71596	0 0 0 0 0 0 0 0 0 0 0 666 1196 998 398 53 0 0 0 0 0 0 0 0 0 0 0 0 0
1522	sub_1522_0217800.log	DONE exit=20	200	True	40242	0 0 0 0 0 0 0 0 0 0 0 597 633 278 41 1 0 0 0 0 0 0 0 0 0 0 0 0 0
1522	sub_1522_0218000.log	DONE exit=20	200	True	55562	0 0 0 0 0 0 0 0 0 0 0 628 842 682 245 9 0 0 0 0 0 0 0 0 0 0 0 0 0
1522	sub_1522_0218200.log	DONE exit=20	200	True	179704	0 0 0 0 0 0 0 0 0 0 0 909 2431 2964 1352 203 6 0 0 0 0 0 0 0 0 0 0 0 0
1522	sub_1522_0218400.log	DONE exit=20	200	True	310945	0 0 0 0 0 0 0 0 0 0 0 1306 4152 5709 3067 575 39 2 0 0 0 0 0 0 0 0 0 0 0
1522	sub_1522_0218600.log	DONE exit=20	200	True	74898	0 0 0 0 0 0 0 0 0 0 0 707 1274 1076 339 22 0 0 0 0 0 0 0 0 0 0 0 0 0
1522	sub_1522_0218800.log	DONE exit=20	200	True	46962	0 0 0 0 0 0 0 0 0 0 0 652 856 541 166 10 0 0 0 0 0 0 0 0 0 0 0 0 0
1522	sub_1522_0219000.log	DONE exit=20	200	True	96372	0 0 0 0 0 0 0 0 0 0 0 750 1620 1504 573 65 0 0 0 0 0 0 0 0 0 0 0 0 0
1522	sub_1522_0219200.log	DONE exit=20	200	True	34402	0 0 0 0 0 0 0 0 0 0 0 485 645 210 22 0 0 0 0 0 0 0 0 0 0 0 0 0 0
1522	sub_1522_0219400.log	DONE exit=20	200	True	52563	0 0 0 0 0 0 0 0 0 0 0 616 755 500 178 13 0 0 0 0 0 0 0 0 0 0 0 0 0
1522	sub_1522_0219600.log	DONE exit=20	200	True	56273	0 0 0 0 0 0 0 0 0 0 0 654 1101 781 271 44 1 0 0 0 0 0 0 0 0 0 0 0 0
1522	sub_1522_0219800.log	DONE exit=20	200	True	35071	0 0 0 0 0 0 0 0 0 0 0 449 462 251 58 1 0 0 0 0 0 0 0 0 0 0 0 0 0
1522	sub_1522_0220000.log	DONE exit=20	200	True	37052	0 0 0 0 0 0 0 0 0 0 0 509 624 309 65 1 0 0 0 0 0 0 0 0 0 0 0 0 0
1522	sub_1522_0220200.log	DONE exit=20	200	True	26388	0 0 0 0 0 0 0 0 0 0 0 409 279 60 7 0 0 0 0 0 0 0 0 0 0 0 0 0 0
1522	sub_1522_0220400.log	DONE exit=20	200	True	40015	0 0 0 0 0 0 0 0 0 0 0 666 571 185 29 1 0 0 0 0 0 0 0 0 0 0 0 0 0
1522	sub_1522_0220600.log	DONE exit=20	200	True	55463	0 0 0 0 0 0 0 0 0 0 0 671 969 625 168 36 0 0 0 0 0 0 0 0 0 0 0 0 0
1522	sub_1522_0220800.log	DONE exit=20	200	True	99667	0 0 0 0 0 0 0 0 0 0 0 903 1696 1594 673 55 0 0 0 0 0 0 0 0 0 0 0 0 0
1522	sub_1522_0221000.log	DONE exit=20	200	True	54677	0 0 0 0 0 0 0 0 0 0 0 752 931 426 78 4 0 0 0 0 0 0 0 0 0 0 0 0 0
1522	sub_1522_0221200.log	DONE exit=20	200	True	118641	0 0 0 0 0 0 0 0 0 0 0 816 1763 1866 821 188 4 0 0 0 0 0 0 0 0 0 0 0 0
1522	sub_1522_0221400.log	DONE exit=20	200	True	96539	0 0 0 0 0 0 0 0 0 0 0 859 1701 1285 278 38 0 0 0 0 0 0 0 0 0 0 0 0 0
1522	sub_1522_0221600.log	DONE exit=20	200	True	76588	0 0 0 0 0 0 0 0 0 0 0 682 1026 1118 835 174 6 0 0 0 0 0 0 0 0 0 0 0 0
1522	sub_1522_0221800.log	DONE exit=20	200	True	71768	0 0 0 0 0 0 0 0 0 0 0 729 1339 1220 370 27 1 0 0 0 0 0 0 0 0 0 0 0 0
1522	sub_1522_0222000.log	DONE exit=20	200	True	72151	0 0 0 0 0 0 0 0 0 0 0 762 1420 720 165 21 0 0 0 0 0 0 0 0 0 0 0 0 0
1522	sub_1522_0222200.log	DONE exit=20	200	True	46780	0 0 0 0 0 0 0 0 0 0 0 576 787 433 102 12 0 0 0 0 0 0 0 0 0 0 0 0 0
1522	sub_1522_0222400.log	DONE exit=20	200	True	25926	0 0 0 0 0 0 0 0 0 0 0 364 243 36 3 0 0 0 0 0 0 0 0 0 0 0 0 0 0
1522	sub_1522_0222600.log	DONE exit=20	200	True	29499	0 0 0 0 0 0 0 0 0 0 0 425 353 78 6 0 0 0 0 0 0 0 0 0 0 0 0 0 0
1522	sub_1522_0222800.log	DONE exit=20	200	True	31820	0 0 0 0 0 0 0 0 0 0 0 386 319 74 7 0 0 0 0 0 0 0 0 0 0 0 0 0 0
1522	sub_1522_0223000.log	DONE exit=20	200	True	48175	0 0 0 0 0 0 0 0 0 0 0 552 699 268 36 2 0 0 0 0 0 0 0 0 0 0 0 0 0
1522	sub_1522_0223200.log	DONE exit=20	200	True	24413	0 0 0 0 0 0 0 0 0 0 0 304 205 38 0 0 0 0 0 0 0 0 0 0 0 0 0 0 0
1522	sub_1522_0223400.log	DONE exit=20	200	True	27165	0 0 0 0 0 0 0 0 0 0 0 387 262 49 1 0 0 0 0 0 0 0 0 0 0 0 0 0 0
1522	sub_1522_0223600.log	DONE exit=20	200	True	35331	0 0 0 0 0 0 0 0 0 0 0 467 405 162 20 1 0 0 0 0 0 0 0 0 0 0 0 0 0
1522	sub_1522_0223800.log	DONE exit=20	200	True	20629	0 0 0 0 0 0 0 0 0 0 0 243 99 15 0 0 0 0 0 0 0 0 0 0 0 0 0 0 0
1522	sub_1522_0224000.log	DONE exit=20	200	True	385491	0 0 0 0 0 0 0 0 0 0 0 677 1555 3386 2378 496 0 0 0 0 0 0 0 0 0 0 0 0 0
1522	sub_1522_0224200.log	DONE exit=20	200	True	292604	0 0 0 0 0 0 0 0 0 0 0 682 1362 1920 2227 1375 508 11 0 0 0 0 0 0 0 0 0 0 0
1522	sub_1522_0224400.log	DONE exit=20	200	True	68352	0 0 0 0 0 0 0 0 0 0 0 618 885 723 281 18 2 0 0 0 0 0 0 0 0 0 0 0 0
1522	sub_1522_0224600.log	DONE exit=20	200	True	102866	0 0 0 0 0 0 0 0 0 0 0 713 1151 1285 835 89 0 0 0 0 0 0 0 0 0 0 0 0 0
1522	sub_1522_0224800.log	DONE exit=20	200	True	55239	0 0 0 0 0 0 0 0 0 0 0 633 825 414 87 1 0 0 0 0 0 0 0 0 0 0 0 0 0
1522	sub_1522_0225000.log	DONE exit=20	200	True	101640	0 0 0 0 0 0 0 0 0 0 0 750 1283 1346 794 50 0 0 0 0 0 0 0 0 0 0 0 0 0
1522	sub_1522_0225200.log	DONE exit=20	200	True	142596	0 0 0 0 0 0 0 0 0 0 0 531 824 909 988 605 0 0 0 0 0 0 0 0 0 0 0 0 0
1522	sub_1522_0225400.log	DONE exit=20	200	True	827326	0 0 0 0 0 0 0 0 0 0 0 1481 4671 7998 7155 1284 19 1 0 0 0 0 0 0 0 0 0 0 0
1522	sub_1522_0225600.log	DONE exit=20	200	True	11410605	0 0 0 0 0 0 0 0 0 0 0 1812 6502 15150 25075 44459 104458 160766 30119 16057 4336 0 0 0 0 0 0 0 0
1522	sub_1522_0225800.log	DONE exit=20	200	True	512363	0 0 0 0 0 0 0 0 0 0 0 1430 3834 4919 3485 145 0 0 0 0 0 0 0 0 0 0 0 0 0
1522	sub_1522_0226000.log	DONE exit=20	200	True	60685507	0 0 0 0 0 0 0 0 0 0 0 1719 10256 37855 108201 276870 655136 989362 181460 128653 47577 0 0 0 0 0 0 0 0
1522	sub_1522_0226200.log	DONE exit=20	200	True	84867026	0 0 0 0 0 0 0 0 0 0 0 3043 20413 68028 170958 399289 872654 1375641 40785 683 125 0 0 0 0 0 0 0 0
1522	sub_1522_0226400.log	DONE exit=20	200	True	213930932	0 0 0 0 0 0 0 0 0 0 0 3385 26409 114150 352781 961454 2349226 3561944 481861 292743 109697 0 0 0 0 0 0 0 0
1522	sub_1522_0226600.log	DONE exit=20	200	True	653867	0 0 0 0 0 0 0 0 0 0 0 673 2006 4145 6203 4219 20 0 0 0 0 0 0 0 0 0 0 0 0
1522	sub_1522_0226800.log	DONE exit=20	200	True	57889	0 0 0 0 0 0 0 0 0 0 0 544 697 608 232 15 1 0 0 0 0 0 0 0 0 0 0 0 0
1522	sub_1522_0227000.log	DONE exit=20	200	True	9335170	0 0 0 0 0 0 0 0 0 0 0 1115 4509 15160 37800 71489 92052 63630 34212 20269 5379 0 0 0 0 0 0 0 0
1522	sub_1522_0227200.log	DONE exit=20	200	True	1127939	0 0 0 0 0 0 0 0 0 0 0 1308 3641 7179 8964 5618 903 108 0 0 0 0 0 0 0 0 0 0 0
1522	sub_1522_0227400.log	DONE exit=20	200	True	1076046	0 0 0 0 0 0 0 0 0 0 0 1558 5132 7912 8644 6624 2677 402 0 0 0 0 0 0 0 0 0 0 0
1522	sub_1522_0227600.log	DONE exit=20	200	True	56305996	0 0 0 0 0 0 0 0 0 0 0 1724 10452 38433 113049 302147 654040 897554 57488 18167 7564 0 0 0 0 0 0 0 0
1522	sub_1522_0227800.log	DONE exit=20	200	True	187613	0 0 0 0 0 0 0 0 0 0 0 704 1376 1242 946 447 0 0 0 0 0 0 0 0 0 0 0 0 0
1522	sub_1522_0228000.log	DONE exit=20	200	True	316714	0 0 0 0 0 0 0 0 0 0 0 960 2208 2262 1912 589 0 0 0 0 0 0 0 0 0 0 0 0 0
1522	sub_1522_0228200.log	DONE exit=20	200	True	147322	0 0 0 0 0 0 0 0 0 0 0 789 1399 865 337 175 0 0 0 0 0 0 0 0 0 0 0 0 0
1522	sub_1522_0228400.log	DONE exit=20	200	True	209987	0 0 0 0 0 0 0 0 0 0 0 877 1492 1204 834 404 0 0 0 0 0 0 0 0 0 0 0 0 0
1522	sub_1522_0228600.log	DONE exit=20	200	True	301234	0 0 0 0 0 0 0 0 0 0 0 822 2099 2280 2148 946 1 0 0 0 0 0 0 0 0 0 0 0 0
1522	sub_1522_0228800.log	DONE exit=20	200	True	27594	0 0 0 0 0 0 0 0 0 0 0 361 234 33 1 0 0 0 0 0 0 0 0 0 0 0 0 0 0
1522	sub_1522_0229000.log	DONE exit=20	200	True	40362	0 0 0 0 0 0 0 0 0 0 0 636 649 231 15 0 0 0 0 0 0 0 0 0 0 0 0 0 0
1522	sub_1522_0229200.log	DONE exit=20	200	True	35889	0 0 0 0 0 0 0 0 0 0 0 538 469 125 24 1 0 0 0 0 0 0 0 0 0 0 0 0 0
1522	sub_1522_0229400.log	DONE exit=20	200	True	25225	0 0 0 0 0 0 0 0 0 0 0 338 182 43 4 0 0 0 0 0 0 0 0 0 0 0 0 0 0
1522	sub_1522_0229600.log	DONE exit=20	200	True	54289	0 0 0 0 0 0 0 0 0 0 0 623 860 561 194 24 1 0 0 0 0 0 0 0 0 0 0 0 0
1522	sub_1522_0229800.log	DONE exit=20	200	True	41752	0 0 0 0 0 0 0 0 0 0 0 520 553 159 3 0 0 0 0 0 0 0 0 0 0 0 0 0 0
1522	sub_1522_0230000.log	DONE exit=20	200	True	38609	0 0 0 0 0 0 0 0 0 0 0 479 492 248 37 3 0 0 0 0 0 0 0 0 0 0 0 0 0
1522	sub_1522_0230200.log	DONE exit=20	200	True	83763	0 0 0 0 0 0 0 0 0 0 0 769 1388 1070 316 42 0 0 0 0 0 0 0 0 0 0 0 0 0
1522	sub_1522_0230400.log	DONE exit=20	200	True	92693	0 0 0 0 0 0 0 0 0 0 0 905 1485 1041 330 49 3 0 0 0 0 0 0 0 0 0 0 0 0
1522	sub_1522_0230600.log	DONE exit=20	200	True	46207	0 0 0 0 0 0 0 0 0 0 0 437 542 410 199 58 0 0 0 0 0 0 0 0 0 0 0 0 0
1522	sub_1522_0230800.log	DONE exit=20	200	True	44033	0 0 0 0 0 0 0 0 0 0 0 541 597 258 50 1 0 0 0 0 0 0 0 0 0 0 0 0 0
1522	sub_1522_0231000.log	DONE exit=20	200	True	33091	0 0 0 0 0 0 0 0 0 0 0 435 429 196 44 2 0 0 0 0 0 0 0 0 0 0 0 0 0
1522	sub_1522_0231200.log	DONE exit=20	200	True	94712	0 0 0 0 0 0 0 0 0 0 0 839 1604 1072 274 40 1 0 0 0 0 0 0 0 0 0 0 0 0
1522	sub_1522_0231400.log	DONE exit=20	200	True	40503	0 0 0 0 0 0 0 0 0 0 0 491 545 252 63 11 1 0 0 0 0 0 0 0 0 0 0 0 0
1522	sub_1522_0231600.log	DONE exit=20	200	True	31296	0 0 0 0 0 0 0 0 0 0 0 369 364 192 32 2 0 0 0 0 0 0 0 0 0 0 0 0 0
1522	sub_1522_0231800.log	DONE exit=20	200	True	71906	0 0 0 0 0 0 0 0 0 0 0 785 1041 538 97 7 0 0 0 0 0 0 0 0 0 0 0 0 0
1522	sub_1522_0232000.log	DONE exit=20	200	True	29887	0 0 0 0 0 0 0 0 0 0 0 404 234 60 4 0 0 0 0 0 0 0 0 0 0 0 0 0 0
1522	sub_1522_0232200.log	DONE exit=20	200	True	66830	0 0 0 0 0 0 0 0 0 0 0 730 959 379 42 2 0 0 0 0 0 0 0 0 0 0 0 0 0
1522	sub_1522_0232400.log	DONE exit=20	200	True	45499	0 0 0 0 0 0 0 0 0 0 0 507 554 300 85 17 0 0 0 0 0 0 0 0 0 0 0 0 0
1522	sub_1522_0232600.log	DONE exit=20	200	True	123961	0 0 0 0 0 0 0 0 0 0 0 1013 2163 1514 387 44 1 0 0 0 0 0 0 0 0 0 0 0 0
1522	sub_1522_0232800.log	DONE exit=20	200	True	28714	0 0 0 0 0 0 0 0 0 0 0 345 272 53 0 0 0 0 0 0 0 0 0 0 0 0 0 0 0
1522	sub_1522_0233000.log	DONE exit=20	200	True	173768	0 0 0 0 0 0 0 0 0 0 0 502 978 1778 518 2 0 0 0 0 0 0 0 0 0 0 0 0 0
1522	sub_1522_0233200.log	DONE exit=20	200	True	26646	0 0 0 0 0 0 0 0 0 0 0 358 287 79 15 0 0 0 0 0 0 0 0 0 0 0 0 0 0
1522	sub_1522_0233400.log	DONE exit=20	200	True	729687	0 0 0 0 0 0 0 0 0 0 0 1280 3887 6299 6565 2092 20 1 0 0 0 0 0 0 0 0 0 0 0
1522	sub_1522_0233600.log	DONE exit=20	200	True	7717975	0 0 0 0 0 0 0 0 0 0 0 2253 11476 29354 53092 64067 44791 4888 0 0 0 0 0 0 0 0 0 0 0
1522	sub_1522_0233800.log	DONE exit=20	200	True	93199344	0 0 0 0 0 0 0 0 0 0 0 2409 15690 55142 157389 415167 989958 1602618 43470 357 100 0 0 0 0 0 0 0 0
1522	sub_1522_0234000.log	DONE exit=20	200	True	110787	0 0 0 0 0 0 0 0 0 0 0 442 728 977 347 2 0 0 0 0 0 0 0 0 0 0 0 0 0
1522	sub_1522_0234200.log	DONE exit=20	200	True	410823	0 0 0 0 0 0 0 0 0 0 0 881 2439 3518 3284 1581 18 0 0 0 0 0 0 0 0 0 0 0 0
1522	sub_1522_0234400.log	DONE exit=20	200	True	177057	0 0 0 0 0 0 0 0 0 0 0 494 772 1031 1688 904 0 0 0 0 0 0 0 0 0 0 0 0 0
1522	sub_1522_0234600.log	DONE exit=20	200	True	80766	0 0 0 0 0 0 0 0 0 0 0 527 1098 695 126 1 0 0 0 0 0 0 0 0 0 0 0 0 0
1522	sub_1522_0234800.log	DONE exit=20	200	True	1084193	0 0 0 0 0 0 0 0 0 0 0 1353 4249 7773 9397 7213 1343 125 0 0 0 0 0 0 0 0 0 0 0
1522	sub_1522_0235000.log	DONE exit=20	200	True	200938	0 0 0 0 0 0 0 0 0 0 0 756 1700 1740 1322 573 0 0 0 0 0 0 0 0 0 0 0 0 0
1522	sub_1522_0235200.log	DONE exit=20	200	True	126039	0 0 0 0 0 0 0 0 0 0 0 318 437 1220 795 16 0 0 0 0 0 0 0 0 0 0 0 0 0
1522	sub_1522_0235400.log	DONE exit=20	200	True	298379	0 0 0 0 0 0 0 0 0 0 0 723 1441 2428 1847 460 0 0 0 0 0 0 0 0 0 0 0 0 0
1522	sub_1522_0235600.log	DONE exit=20	200	True	237081	0 0 0 0 0 0 0 0 0 0 0 796 1531 1882 1857 993 0 0 0 0 0 0 0 0 0 0 0 0 0
1522	sub_1522_0235800.log	DONE exit=20	200	True	80263	0 0 0 0 0 0 0 0 0 0 0 846 1297 844 234 22 0 0 0 0 0 0 0 0 0 0 0 0 0
1522	sub_1522_0236000.log	DONE exit=20	200	True	52441	0 0 0 0 0 0 0 0 0 0 0 536 747 438 88 8 0 0 0 0 0 0 0 0 0 0 0 0 0
1522	sub_1522_0236200.log	DONE exit=20	200	True	346362	0 0 0 0 0 0 0 0 0 0 0 1095 2894 3576 2058 142 2 0 0 0 0 0 0 0 0 0 0 0 0
1522	sub_1522_0236400.log	DONE exit=20	200	True	1054780	0 0 0 0 0 0 0 0 0 0 0 1666 5862 10830 10116 2800 36 2 0 0 0 0 0 0 0 0 0 0 0
1522	sub_1522_0236600.log	DONE exit=20	200	True	11243471	0 0 0 0 0 0 0 0 0 0 0 1773 6593 14063 23220 43053 104442 160734 30020 13814 1466 0 0 0 0 0 0 0 0
1522	sub_1522_0236800.log	DONE exit=20	200	True	2171033	0 0 0 0 0 0 0 0 0 0 0 1457 4531 8921 16468 16365 6197 1786 0 0 0 0 0 0 0 0 0 0 0
1522	sub_1522_0237000.log	DONE exit=20	200	True	9752656	0 0 0 0 0 0 0 0 0 0 0 2187 12663 35567 65620 84874 63558 10045 863 188 32 0 0 0 0 0 0 0 0
1522	sub_1522_0237200.log	DONE exit=20	200	True	18437433	0 0 0 0 0 0 0 0 0 0 0 3555 22624 65111 121304 165874 117326 24188 2701 516 80 0 0 0 0 0 0 0 0
1522	sub_1522_0237400.log	DONE exit=20	200	True	95912899	0 0 0 0 0 0 0 0 0 0 0 2146 14717 56314 161380 429035 1050132 1599216 144653 51805 17579 0 0 0 0 0 0 0 0
1522	sub_1522_0237600.log	DONE exit=20	200	True	101775	0 0 0 0 0 0 0 0 0 0 0 806 1440 838 193 29 0 0 0 0 0 0 0 0 0 0 0 0 0
1522	sub_1522_0237800.log	DONE exit=20	200	True	198621	0 0 0 0 0 0 0 0 0 0 0 945 2096 2525 2032 1029 658 174 0 0 0 0 0 0 0 0 0 0 0
1522	sub_1522_0238000.log	DONE exit=20	200	True	226678	0 0 0 0 0 0 0 0 0 0 0 957 2387 3116 2174 826 223 2 0 0 0 0 0 0 0 0 0 0 0
1522	sub_1522_0238200.log	DONE exit=20	200	True	350351	0 0 0 0 0 0 0 0 0 0 0 1128 3002 5040 4674 2628 1030 212 1 0 0 0 0 0 0 0 0 0 0
1522	sub_1522_0238400.log	DONE exit=20	200	True	91222	0 0 0 0 0 0 0 0 0 0 0 849 1457 1193 462 104 5 0 0 0 0 0 0 0 0 0 0 0 0
1522	sub_1522_0238600.log	DONE exit=20	200	True	228132	0 0 0 0 0 0 0 0 0 0 0 785 1588 1643 1785 1259 218 0 0 0 0 0 0 0 0 0 0 0 0
1522	sub_1522_0238800.log	DONE exit=20	200	True	585075	0 0 0 0 0 0 0 0 0 0 0 782 2184 4161 5977 3832 94 0 0 0 0 0 0 0 0 0 0 0 0
1522	sub_1522_0239000.log	DONE exit=20	200	True	48577	0 0 0 0 0 0 0 0 0 0 0 520 696 274 14 0 0 0 0 0 0 0 0 0 0 0 0 0 0
1522	sub_1522_0239200.log	DONE exit=20	200	True	66648	0 0 0 0 0 0 0 0 0 0 0 759 1050 406 32 0 0 0 0 0 0 0 0 0 0 0 0 0 0
1522	sub_1522_0239400.log	DONE exit=20	200	True	91573	0 0 0 0 0 0 0 0 0 0 0 692 1076 614 168 62 0 0 0 0 0 0 0 0 0 0 0 0 0
1522	sub_1522_0239600.log	DONE exit=20	200	True	295028	0 0 0 0 0 0 0 0 0 0 0 871 2125 2213 1899 624 0 0 0 0 0 0 0 0 0 0 0 0 0
1522	sub_1522_0239800.log	DONE exit=20	200	True	165755	0 0 0 0 0 0 0 0 0 0 0 886 1741 1377 530 217 2 0 0 0 0 0 0 0 0 0 0 0 0
1522	sub_1522_0240000.log	DONE exit=20	200	True	218437	0 0 0 0 0 0 0 0 0 0 0 712 1625 1594 1419 644 0 0 0 0 0 0 0 0 0 0 0 0 0
1522	sub_1522_0240200.log	DONE exit=20	200	True	163961	0 0 0 0 0 0 0 0 0 0 0 489 785 1604 987 23 0 0 0 0 0 0 0 0 0 0 0 0 0
1522	sub_1522_0240400.log	DONE exit=20	200	True	194658	0 0 0 0 0 0 0 0 0 0 0 484 765 1535 1382 499 0 0 0 0 0 0 0 0 0 0 0 0 0
1522	sub_1522_0240600.log	DONE exit=20	200	True	440963	0 0 0 0 0 0 0 0 0 0 0 638 1705 3070 3470 2000 1 0 0 0 0 0 0 0 0 0 0 0 0
1522	sub_1522_0240800.log	DONE exit=20	200	True	96256	0 0 0 0 0 0 0 0 0 0 0 822 1457 1312 451 66 4 0 0 0 0 0 0 0 0 0 0 0 0
1522	sub_1522_0241000.log	DONE exit=20	200	True	85485	0 0 0 0 0 0 0 0 0 0 0 856 1360 797 246 42 0 0 0 0 0 0 0 0 0 0 0 0 0
1522	sub_1522_0241200.log	DONE exit=20	200	True	142667	0 0 0 0 0 0 0 0 0 0 0 888 2135 1845 379 50 0 0 0 0 0 0 0 0 0 0 0 0 0
1522	sub_1522_0241400.log	DONE exit=20	200	True	677934	0 0 0 0 0 0 0 0 0 0 0 1499 4842 7407 5427 302 7 0 0 0 0 0 0 0 0 0 0 0 0
1522	sub_1522_0241600.log	DONE exit=20	200	True	8765666	0 0 0 0 0 0 0 0 0 0 0 1805 6227 13178 20941 36790 80242 116045 19421 9206 2290 0 0 0 0 0 0 0 0
1522	sub_1522_0241800.log	DONE exit=20	200	True	98352180	0 0 0 0 0 0 0 0 0 0 0 2687 18104 66330 181127 450682 1050461 1592857 139976 47876 16576 0 0 0 0 0 0 0 0
1522	sub_1522_0242000.log	DONE exit=20	200	True	118457983	0 0 0 0 0 0 0 0 0 0 0 2426 17877 73421 215011 573813 1354916 1959488 230233 91177 30382 0 0 0 0 0 0 0 0
1522	sub_1522_0242200.log	DONE exit=20	200	True	8897812	0 0 0 0 0 0 0 0 0 0 0 1796 7881 20333 39034 64021 90595 77565 22549 16076 5404 0 0 0 0 0 0 0 0
1522	sub_1522_0242400.log	DONE exit=20	200	True	17339172	0 0 0 0 0 0 0 0 0 0 0 2107 12412 40174 87852 149699 185182 124986 40903 25700 7916 0 0 0 0 0 0 0 0
1522	sub_1522_0242600.log	DONE exit=20	200	True	18886588	0 0 0 0 0 0 0 0 0 0 0 1333 8348 33474 89479 175363 237260 180506 70961 13274 4764 0 0 0 0 0 0 0 0
1522	sub_1522_0242800.log	DONE exit=20	200	True	134610	0 0 0 0 0 0 0 0 0 0 0 979 1833 1660 948 113 12 0 0 0 0 0 0 0 0 0 0 0 0
1522	sub_1522_0243000.log	DONE exit=20	200	True	128687	0 0 0 0 0 0 0 0 0 0 0 875 1728 1950 1321 348 12 0 0 0 0 0 0 0 0 0 0 0 0
1522	sub_1522_0243200.log	DONE exit=20	200	True	168819	0 0 0 0 0 0 0 0 0 0 0 984 2557 2463 639 116 8 0 0 0 0 0 0 0 0 0 0 0 0
1522	sub_1522_0243400.log	DONE exit=20	200	True	721076	0 0 0 0 0 0 0 0 0 0 0 1364 4129 6883 7081 4353 1494 41 3 0 0 0 0 0 0 0 0 0 0
1522	sub_1522_0243600.log	DONE exit=20	200	True	156552	0 0 0 0 0 0 0 0 0 0 0 672 1306 1257 1053 765 190 2 0 0 0 0 0 0 0 0 0 0 0
1522	sub_1522_0243800.log	DONE exit=20	200	True	315542	0 0 0 0 0 0 0 0 0 0 0 1348 4034 5939 3781 874 84 0 0 0 0 0 0 0 0 0 0 0 0
1522	sub_1522_0244000.log	DONE exit=20	200	True	373040	0 0 0 0 0 0 0 0 0 0 0 1400 4636 7222 4894 967 61 5 0 0 0 0 0 0 0 0 0 0 0
1522	sub_1522_0244200.log	DONE exit=20	200	True	1226808	0 0 0 0 0 0 0 0 0 0 0 1338 4912 9802 11937 7810 188 1 0 0 0 0 0 0 0 0 0 0 0
1522	sub_1522_0244400.log	DONE exit=20	200	True	210764	0 0 0 0 0 0 0 0 0 0 0 1140 2742 3068 1719 388 18 0 0 0 0 0 0 0 0 0 0 0 0
1522	sub_1522_0244600.log	DONE exit=20	200	True	542026	0 0 0 0 0 0 0 0 0 0 0 1174 4246 8698 8752 4938 1366 141 9 0 0 0 0 0 0 0 0 0 0
1522	sub_1522_0244800.log	DONE exit=20	200	True	208654	0 0 0 0 0 0 0 0 0 0 0 832 1360 1175 617 374 0 0 0 0 0 0 0 0 0 0 0 0 0
1522	sub_1522_0245000.log	DONE exit=20	200	True	269867	0 0 0 0 0 0 0 0 0 0 0 884 2023 1957 1675 695 0 0 0 0 0 0 0 0 0 0 0 0 0
1522	sub_1522_0245200.log	DONE exit=20	200	True	204586	0 0 0 0 0 0 0 0 0 0 0 807 1950 1906 1213 431 0 0 0 0 0 0 0 0 0 0 0 0 0
1522	sub_1522_0245400.log	DONE exit=20	200	True	265161	0 0 0 0 0 0 0 0 0 0 0 735 1499 1622 1519 787 0 0 0 0 0 0 0 0 0 0 0 0 0
1522	sub_1522_0245600.log	DONE exit=20	200	True	129915	0 0 0 0 0 0 0 0 0 0 0 817 1913 1755 653 98 9 0 0 0 0 0 0 0 0 0 0 0 0
1522	sub_1522_0245800.log	DONE exit=20	200	True	189228	0 0 0 0 0 0 0 0 0 0 0 850 1801 1589 697 236 0 0 0 0 0 0 0 0 0 0 0 0 0
1522	sub_1522_0246000.log	DONE exit=20	200	True	580535	0 0 0 0 0 0 0 0 0 0 0 1066 3110 5042 5459 1976 168 4 0 0 0 0 0 0 0 0 0 0 0
1522	sub_1522_0246200.log	DONE exit=20	200	True	625021	0 0 0 0 0 0 0 0 0 0 0 1633 4567 6275 5117 2077 151 1 0 0 0 0 0 0 0 0 0 0 0
1522	sub_1522_0246400.log	DONE exit=20	200	True	758576	0 0 0 0 0 0 0 0 0 0 0 1581 4522 6771 6274 2556 142 1 0 0 0 0 0 0 0 0 0 0 0
1522	sub_1522_0246600.log	DONE exit=20	200	True	10755443	0 0 0 0 0 0 0 0 0 0 0 1832 9477 29180 58801 90438 103200 68961 32271 16215 4384 0 0 0 0 0 0 0 0
1522	sub_1522_0246800.log	DONE exit=20	200	True	1608420	0 0 0 0 0 0 0 0 0 0 0 1473 5116 10663 14406 11231 3098 542 0 0 0 0 0 0 0 0 0 0 0
1522	sub_1522_0247000.log	DONE exit=20	200	True	6516294	0 0 0 0 0 0 0 0 0 0 0 2236 11563 26761 38658 58141 57897 17978 161 1 0 0 0 0 0 0 0 0 0
1522	sub_1522_0247200.log	DONE exit=20	200	True	1779044	0 0 0 0 0 0 0 0 0 0 0 2171 10516 22933 23148 13080 2578 95 0 0 0 0 0 0 0 0 0 0 0
1522	sub_1522_0247400.log	DONE exit=20	200	True	10104951	0 0 0 0 0 0 0 0 0 0 0 2868 16486 41902 66066 93174 80770 17903 13 0 0 0 0 0 0 0 0 0 0
1522	sub_1522_0247600.log	DONE exit=20	200	True	607021	0 0 0 0 0 0 0 0 0 0 0 1201 3949 6947 7603 4367 1211 219 0 0 0 0 0 0 0 0 0 0 0
1522	sub_1522_0247800.log	DONE exit=20	200	True	363122	0 0 0 0 0 0 0 0 0 0 0 1113 3476 5120 3365 907 31 0 0 0 0 0 0 0 0 0 0 0 0
1522	sub_1522_0248000.log	DONE exit=20	200	True	192316	0 0 0 0 0 0 0 0 0 0 0 843 1979 2094 1248 382 5 0 0 0 0 0 0 0 0 0 0 0 0
1522	sub_1522_0248200.log	DONE exit=20	200	True	80265	0 0 0 0 0 0 0 0 0 0 0 720 1201 877 232 24 1 0 0 0 0 0 0 0 0 0 0 0 0
1522	sub_1522_0248400.log	DONE exit=20	200	True	35699	0 0 0 0 0 0 0 0 0 0 0 453 455 159 25 3 0 0 0 0 0 0 0 0 0 0 0 0 0
1522	sub_1522_0248600.log	DONE exit=20	200	True	29229	0 0 0 0 0 0 0 0 0 0 0 433 378 122 18 0 0 0 0 0 0 0 0 0 0 0 0 0 0
1522	sub_1522_0248800.log	DONE exit=20	200	True	42980	0 0 0 0 0 0 0 0 0 0 0 516 589 157 14 0 0 0 0 0 0 0 0 0 0 0 0 0 0
1522	sub_1522_0249000.log	DONE exit=20	200	True	30244	0 0 0 0 0 0 0 0 0 0 0 368 330 87 7 0 0 0 0 0 0 0 0 0 0 0 0 0 0
1522	sub_1522_0249200.log	DONE exit=20	200	True	36891	0 0 0 0 0 0 0 0 0 0 0 423 369 256 136 10 0 0 0 0 0 0 0 0 0 0 0 0 0
1522	sub_1522_0249400.log	DONE exit=20	200	True	90831	0 0 0 0 0 0 0 0 0 0 0 834 1576 1188 365 57 4 0 0 0 0 0 0 0 0 0 0 0 0
1522	sub_1522_0249600.log	DONE exit=20	200	True	126053	0 0 0 0 0 0 0 0 0 0 0 717 1490 1676 1114 354 33 0 0 0 0 0 0 0 0 0 0 0 0
1522	sub_1522_0249800.log	DONE exit=20	200	True	27574	0 0 0 0 0 0 0 0 0 0 0 360 327 98 9 0 0 0 0 0 0 0 0 0 0 0 0 0 0
1522	sub_1522_0250000.log	DONE exit=20	200	True	87584	0 0 0 0 0 0 0 0 0 0 0 925 1561 782 135 22 0 0 0 0 0 0 0 0 0 0 0 0 0
1522	sub_1522_0250200.log	DONE exit=20	200	True	35279	0 0 0 0 0 0 0 0 0 0 0 472 453 191 29 3 0 0 0 0 0 0 0 0 0 0 0 0 0
1522	sub_1522_0250400.log	DONE exit=20	200	True	173976	0 0 0 0 0 0 0 0 0 0 0 1251 3171 3146 1272 283 21 1 0 0 0 0 0 0 0 0 0 0 0
1522	sub_1522_0250600.log	DONE exit=20	200	True	63213	0 0 0 0 0 0 0 0 0 0 0 608 969 775 365 109 0 0 0 0 0 0 0 0 0 0 0 0 0
1522	sub_1522_0250800.log	DONE exit=20	200	True	65099	0 0 0 0 0 0 0 0 0 0 0 756 1084 736 227 32 2 0 0 0 0 0 0 0 0 0 0 0 0
1522	sub_1522_0251000.log	DONE exit=20	200	True	60495	0 0 0 0 0 0 0 0 0 0 0 614 1007 707 179 20 0 0 0 0 0 0 0 0 0 0 0 0 0
1522	sub_1522_0251200.log	DONE exit=20	200	True	93191	0 0 0 0 0 0 0 0 0 0 0 931 1446 781 130 9 0 0 0 0 0 0 0 0 0 0 0 0 0
1522	sub_1522_0251400.log	DONE exit=20	200	True	28277	0 0 0 0 0 0 0 0 0 0 0 394 221 41 2 0 0 0 0 0 0 0 0 0 0 0 0 0 0
1522	sub_1522_0251600.log	DONE exit=20	200	True	155604	0 0 0 0 0 0 0 0 0 0 0 1160 2736 2403 905 119 1 0 0 0 0 0 0 0 0 0 0 0 0
1522	sub_1522_0251800.log	DONE exit=20	200	True	38703	0 0 0 0 0 0 0 0 0 0 0 482 498 162 1 0 0 0 0 0 0 0 0 0 0 0 0 0 0
1522	sub_1522_0252000.log	DONE exit=20	200	True	28482	0 0 0 0 0 0 0 0 0 0 0 391 324 78 4 0 0 0 0 0 0 0 0 0 0 0 0 0 0
1522	sub_1522_0252200.log	DONE exit=20	200	True	85757	0 0 0 0 0 0 0 0 0 0 0 934 1348 638 95 4 0 0 0 0 0 0 0 0 0 0 0 0 0
1522	sub_1522_0252400.log	DONE exit=20	200	True	38135	0 0 0 0 0 0 0 0 0 0 0 470 538 290 46 3 0 0 0 0 0 0 0 0 0 0 0 0 0
1522	sub_1522_0252600.log	DONE exit=20	200	True	60106	0 0 0 0 0 0 0 0 0 0 0 612 860 512 212 80 0 0 0 0 0 0 0 0 0 0 0 0 0
1522	sub_1522_0252800.log	DONE exit=20	200	True	31204	0 0 0 0 0 0 0 0 0 0 0 368 376 81 0 0 0 0 0 0 0 0 0 0 0 0 0 0 0
1522	sub_1522_0253000.log	DONE exit=20	200	True	52812	0 0 0 0 0 0 0 0 0 0 0 604 823 428 52 6 0 0 0 0 0 0 0 0 0 0 0 0 0
1522	sub_1522_0253200.log	DONE exit=20	200	True	63693	0 0 0 0 0 0 0 0 0 0 0 630 1068 725 177 4 0 0 0 0 0 0 0 0 0 0 0 0 0
1522	sub_1522_0253400.log	DONE exit=20	200	True	24509	0 0 0 0 0 0 0 0 0 0 0 281 281 143 44 4 0 0 0 0 0 0 0 0 0 0 0 0 0
1522	sub_1522_0253600.log	DONE exit=20	200	True	17354	0 0 0 0 0 0 0 0 0 0 0 241 94 43 9 0 0 0 0 0 0 0 0 0 0 0 0 0 0
1522	sub_1522_0253800.log	DONE exit=20	48	True	4913	0 0 0 0 0 0 0 0 0 0 0 74 62 12 1 0 0 0 0 0 0 0 0 0 0 0 0 0 0
1565	sub_1565_0000000.log	DONE exit=20	200	True	25830	0 0 0 0 0 0 0 0 0 0 0 561 490 129 1 0 0 0 0 0 0 0 0 0 0 0 0 0 0
1565	sub_1565_0000200.log	DONE exit=20	200	True	33947	0 0 0 0 0 0 0 0 0 0 0 591 601 187 18 0 0 0 0 0 0 0 0 0 0 0 0 0 0
1565	sub_1565_0000400.log	DONE exit=20	200	True	25342	0 0 0 0 0 0 0 0 0 0 0 541 510 194 18 0 0 0 0 0 0 0 0 0 0 0 0 0 0
1565	sub_1565_0000600.log	DONE exit=20	200	True	112249	0 0 0 0 0 0 0 0 0 0 0 995 2024 2158 1107 176 11 0 0 0 0 0 0 0 0 0 0 0 0
1565	sub_1565_0000800.log	DONE exit=20	200	True	100605	0 0 0 0 0 0 0 0 0 0 0 908 1784 1739 863 173 0 0 0 0 0 0 0 0 0 0 0 0 0
1565	sub_1565_0001000.log	DONE exit=20	200	True	142337	0 0 0 0 0 0 0 0 0 0 0 982 2206 2561 1524 425 43 10 0 0 0 0 0 0 0 0 0 0 0
1565	sub_1565_0001200.log	DONE exit=20	200	True	75604	0 0 0 0 0 0 0 0 0 0 0 722 1315 1201 577 152 24 0 0 0 0 0 0 0 0 0 0 0 0
1565	sub_1565_0001400.log	DONE exit=20	200	True	38509	0 0 0 0 0 0 0 0 0 0 0 582 696 363 98 30 6 0 0 0 0 0 0 0 0 0 0 0 0
1565	sub_1565_0001600.log	DONE exit=20	200	True	33859	0 0 0 0 0 0 0 0 0 0 0 514 601 301 76 12 2 0 0 0 0 0 0 0 0 0 0 0 0
1565	sub_1565_0001800.log	DONE exit=20	200	True	33808	0 0 0 0 0 0 0 0 0 0 0 512 632 353 58 0 0 0 0 0 0 0 0 0 0 0 0 0 0
1565	sub_1565_0002000.log	DONE exit=20	200	True	33571	0 0 0 0 0 0 0 0 0 0 0 493 476 180 32 0 0 0 0 0 0 0 0 0 0 0 0 0 0
1565	sub_1565_0002200.log	DONE exit=20	200	True	50876	0 0 0 0 0 0 0 0 0 0 0 579 821 609 238 49 4 0 0 0 0 0 0 0 0 0 0 0 0
1565	sub_1565_0002400.log	DONE exit=20	200	True	41939	0 0 0 0 0 0 0 0 0 0 0 546 597 319 67 14 0 0 0 0 0 0 0 0 0 0 0 0 0
1565	sub_1565_0002600.log	DONE exit=20	200	True	51071	0 0 0 0 0 0 0 0 0 0 0 584 797 537 152 3 0 0 0 0 0 0 0 0 0 0 0 0 0
1565	sub_1565_0002800.log	DONE exit=20	200	True	176110	0 0 0 0 0 0 0 0 0 0 0 876 2238 2999 2406 1295 530 117 15 0 0 0 0 0 0 0 0 0 0
1565	sub_1565_0003000.log	DONE exit=20	200	True	143194	0 0 0 0 0 0 0 0 0 0 0 987 2376 2785 1333 274 46 8 0 0 0 0 0 0 0 0 0 0 0
1565	sub_1565_0003200.log	DONE exit=20	200	True	51284	0 0 0 0 0 0 0 0 0 0 0 552 762 627 241 41 4 0 0 0 0 0 0 0 0 0 0 0 0
1565	sub_1565_0003400.log	DONE exit=20	200	True	34952	0 0 0 0 0 0 0 0 0 0 0 490 514 205 29 0 0 0 0 0 0 0 0 0 0 0 0 0 0
1565	sub_1565_0003600.log	DONE exit=20	200	True	40025	0 0 0 0 0 0 0 0 0 0 0 541 614 307 88 16 2 0 0 0 0 0 0 0 0 0 0 0 0
1565	sub_1565_0003800.log	DONE exit=20	200	True	43283	0 0 0 0 0 0 0 0 0 0 0 610 752 331 53 2 0 0 0 0 0 0 0 0 0 0 0 0 0
1565	sub_1565_0004000.log	DONE exit=20	200	True	42495	0 0 0 0 0 0 0 0 0 0 0 576 642 311 80 19 0 0 0 0 0 0 0 0 0 0 0 0 0
1565	sub_1565_0004200.log	DONE exit=20	200	True	90556	0 0 0 0 0 0 0 0 0 0 0 701 1259 1260 628 211 56 8 0 0 0 0 0 0 0 0 0 0 0
1565	sub_1565_0004400.log	DONE exit=20	200	True	28415	0 0 0 0 0 0 0 0 0 0 0 473 398 117 9 0 0 0 0 0 0 0 0 0 0 0 0 0 0
1565	sub_1565_0004600.log	DONE exit=20	200	True	31159	0 0 0 0 0 0 0 0 0 0 0 456 444 158 11 0 0 0 0 0 0 0 0 0 0 0 0 0 0
1565	sub_1565_0004800.log	DONE exit=20	200	True	795863	0 0 0 0 0 0 0 0 0 0 0 1744 8222 17486 16925 7381 1153 30 0 0 0 0 0 0 0 0 0 0 0
1565	sub_1565_0005000.log	DONE exit=20	200	True	356205	0 0 0 0 0 0 0 0 0 0 0 1712 6058 9163 6068 1858 186 0 0 0 0 0 0 0 0 0 0 0 0
1565	sub_1565_0005200.log	DONE exit=20	200	True	369918	0 0 0 0 0 0 0 0 0 0 0 1380 4640 7237 5751 2443 472 25 0 0 0 0 0 0 0 0 0 0 0
1565	sub_1565_0005400.log	DONE exit=20	200	True	386699	0 0 0 0 0 0 0 0 0 0 0 1436 4896 7949 5866 2588 886 104 0 0 0 0 0 0 0 0 0 0 0
1565	sub_1565_0005600.log	DONE exit=20	200	True	416909	0 0 0 0 0 0 0 0 0 0 0 1390 4725 7937 6107 2377 470 0 0 0 0 0 0 0 0 0 0 0 0
1565	sub_1565_0005800.log	DONE exit=20	200	True	101792	0 0 0 0 0 0 0 0 0 0 0 1164 2226 1441 235 2 0 0 0 0 0 0 0 0 0 0 0 0 0
1565	sub_1565_0006000.log	DONE exit=20	200	True	105820	0 0 0 0 0 0 0 0 0 0 0 1140 2273 1540 320 19 0 0 0 0 0 0 0 0 0 0 0 0 0
1565	sub_1565_0006200.log	DONE exit=20	200	True	83294	0 0 0 0 0 0 0 0 0 0 0 998 1737 1023 214 17 0 0 0 0 0 0 0 0 0 0 0 0 0
1565	sub_1565_0006400.log	DONE exit=20	200	True	88973	0 0 0 0 0 0 0 0 0 0 0 981 1757 1145 166 0 0 0 0 0 0 0 0 0 0 0 0 0 0
1565	sub_1565_0006600.log	DONE exit=20	200	True	78305	0 0 0 0 0 0 0 0 0 0 0 903 1545 922 209 0 0 0 0 0 0 0 0 0 0 0 0 0 0
1565	sub_1565_0006800.log	DONE exit=20	200	True	76634	0 0 0 0 0 0 0 0 0 0 0 938 1592 994 174 7 0 0 0 0 0 0 0 0 0 0 0 0 0
1565	sub_1565_0007000.log	DONE exit=20	200	True	110113	0 0 0 0 0 0 0 0 0 0 0 1056 2177 1860 519 56 0 0 0 0 0 0 0 0 0 0 0 0 0
1565	sub_1565_0007200.log	DONE exit=20	200	True	128690	0 0 0 0 0 0 0 0 0 0 0 1156 2598 2174 693 71 0 0 0 0 0 0 0 0 0 0 0 0 0
1565	sub_1565_0007400.log	DONE exit=20	200	True	50137787	0 0 0 0 0 0 0 0 0 0 0 1961 11432 46719 150027 368905 567750 429982 262620 135718 32621 0 0 0 0 0 0 0 0
1565	sub_1565_0007600.log	DONE exit=20	200	True	1913031	0 0 0 0 0 0 0 0 0 0 0 1485 6013 13753 18796 12349 4059 1336 67 1 0 0 0 0 0 0 0 0 0
1565	sub_1565_0007800.log	DONE exit=20	200	True	1201053	0 0 0 0 0 0 0 0 0 0 0 1437 4936 9669 11543 6388 639 9 0 0 0 0 0 0 0 0 0 0 0
1565	sub_1565_0008000.log	DONE exit=20	200	True	63673	0 0 0 0 0 0 0 0 0 0 0 684 1010 529 75 12 0 0 0 0 0 0 0 0 0 0 0 0 0
1565	sub_1565_0008200.log	DONE exit=20	200	True	228322580	0 0 0 0 0 0 0 0 0 0 0 2006 12626 53963 191623 628616 1654920 3166237 3804213 1773474 503463 0 0 0 0 0 0 0 0
1565	sub_1565_0008400.log	DONE exit=20	200	True	1460456	0 0 0 0 0 0 0 0 0 0 0 1512 5415 10790 12906 8948 2808 356 0 0 0 0 0 0 0 0 0 0 0
1565	sub_1565_0008600.log	DONE exit=20	200	True	2124068	0 0 0 0 0 0 0 0 0 0 0 1605 6585 15008 20021 12203 3714 1564 38 0 0 0 0 0 0 0 0 0 0
1565	sub_1565_0008800.log	DONE exit=20	200	True	1788135	0 0 0 0 0 0 0 0 0 0 0 1531 5745 12801 17251 10132 2274 1195 35 0 0 0 0 0 0 0 0 0 0
1565	sub_1565_0009000.log	DONE exit=20	200	True	49467666	0 0 0 0 0 0 0 0 0 0 0 1880 10983 45317 149214 368208 564627 420472 249288 132149 31922 0 0 0 0 0 0 0 0
1565	sub_1565_0009200.log	DONE exit=20	200	True	1546907	0 0 0 0 0 0 0 0 0 0 0 1360 5033 11158 14663 12111 5354 1033 0 0 0 0 0 0 0 0 0 0 0
1565	sub_1565_0009400.log	DONE exit=20	200	True	2054612	0 0 0 0 0 0 0 0 0 0 0 1579 6440 14542 19571 13730 6676 3272 419 26 10 0 0 0 0 0 0 0 0
1565	sub_1565_0009600.log	DONE exit=20	200	True	180044346	0 0 0 0 0 0 0 0 0 0 0 1717 8932 36511 141617 479765 1273356 2441163 2983480 1053054 218694 0 0 0 0 0 0 0 0
1565	sub_1565_0009800.log	DONE exit=20	200	True	1764927	0 0 0 0 0 0 0 0 0 0 0 1296 4834 12814 16943 8874 375 43 0 0 0 0 0 0 0 0 0 0 0
1565	sub_1565_0010000.log	DONE exit=20	200	True	1316441	0 0 0 0 0 0 0 0 0 0 0 1412 5106 9906 11440 5126 440 99 0 0 0 0 0 0 0 0 0 0 0
1565	sub_1565_0010200.log	DONE exit=20	200	True	324277	0 0 0 0 0 0 0 0 0 0 0 1025 2409 2687 2093 733 0 0 0 0 0 0 0 0 0 0 0 0 0
1565	sub_1565_0010400.log	DONE exit=20	200	True	82963	0 0 0 0 0 0 0 0 0 0 0 929 1434 961 430 79 13 0 0 0 0 0 0 0 0 0 0 0 0
1565	sub_1565_0010600.log	DONE exit=20	200	True	45996	0 0 0 0 0 0 0 0 0 0 0 749 899 332 58 0 0 0 0 0 0 0 0 0 0 0 0 0 0
1565	sub_1565_0010800.log	DONE exit=20	200	True	66894	0 0 0 0 0 0 0 0 0 0 0 896 1276 714 270 4 0 0 0 0 0 0 0 0 0 0 0 0 0
1565	sub_1565_0011000.log	DONE exit=20	200	True	73817	0 0 0 0 0 0 0 0 0 0 0 815 1414 1109 276 5 0 0 0 0 0 0 0 0 0 0 0 0 0
1565	sub_1565_0011200.log	DONE exit=20	200	True	97400	0 0 0 0 0 0 0 0 0 0 0 868 1807 1648 503 93 3 0 0 0 0 0 0 0 0 0 0 0 0
1565	sub_1565_0011400.log	DONE exit=20	200	True	253944	0 0 0 0 0 0 0 0 0 0 0 752 1602 1878 1532 927 24 0 0 0 0 0 0 0 0 0 0 0 0
1565	sub_1565_0011600.log	DONE exit=20	200	True	289451	0 0 0 0 0 0 0 0 0 0 0 797 1637 1871 1953 1568 195 0 0 0 0 0 0 0 0 0 0 0 0
1565	sub_1565_0011800.log	DONE exit=20	200	True	229000	0 0 0 0 0 0 0 0 0 0 0 793 1346 1403 1475 921 13 0 0 0 0 0 0 0 0 0 0 0 0
1565	sub_1565_0012000.log	DONE exit=20	200	True	767946	0 0 0 0 0 0 0 0 0 0 0 1080 3263 4726 6142 5140 656 0 0 0 0 0 0 0 0 0 0 0 0
1565	sub_1565_0012200.log	DONE exit=20	200	True	77991	0 0 0 0 0 0 0 0 0 0 0 751 1379 1141 358 123 13 0 0 0 0 0 0 0 0 0 0 0 0
1565	sub_1565_0012400.log	DONE exit=20	200	True	148359	0 0 0 0 0 0 0 0 0 0 0 1180 2671 2648 828 104 2 0 0 0 0 0 0 0 0 0 0 0 0
1565	sub_1565_0012600.log	DONE exit=20	200	True	216549	0 0 0 0 0 0 0 0 0 0 0 1039 2491 3991 3735 1548 166 1 0 0 0 0 0 0 0 0 0 0 0
1565	sub_1565_0012800.log	DONE exit=20	200	True	595932	0 0 0 0 0 0 0 0 0 0 0 906 2239 3498 4964 4439 780 0 0 0 0 0 0 0 0 0 0 0 0
1565	sub_1565_0013000.log	DONE exit=20	200	True	46223	0 0 0 0 0 0 0 0 0 0 0 629 688 170 16 0 0 0 0 0 0 0 0 0 0 0 0 0 0
1565	sub_1565_0013200.log	DONE exit=20	200	True	62374	0 0 0 0 0 0 0 0 0 0 0 766 1019 511 108 5 0 0 0 0 0 0 0 0 0 0 0 0 0
1565	sub_1565_0013400.log	DONE exit=20	200	True	113394	0 0 0 0 0 0 0 0 0 0 0 859 1648 976 250 24 1 0 0 0 0 0 0 0 0 0 0 0 0
1565	sub_1565_0013600.log	DONE exit=20	200	True	64552	0 0 0 0 0 0 0 0 0 0 0 721 935 781 403 75 0 0 0 0 0 0 0 0 0 0 0 0 0
1565	sub_1565_0013800.log	DONE exit=20	200	True	321393	0 0 0 0 0 0 0 0 0 0 0 1029 2726 4365 4891 3995 2101 376 19 0 0 0 0 0 0 0 0 0 0
1565	sub_1565_0014000.log	DONE exit=20	200	True	99584	0 0 0 0 0 0 0 0 0 0 0 660 933 845 608 2 0 0 0 0 0 0 0 0 0 0 0 0 0
1565	sub_1565_0014200.log	DONE exit=20	200	True	476762	0 0 0 0 0 0 0 0 0 0 0 775 1892 2869 3621 2937 39 0 0 0 0 0 0 0 0 0 0 0 0
1565	sub_1565_0014400.log	DONE exit=20	200	True	337736	0 0 0 0 0 0 0 0 0 0 0 763 1567 1896 2365 2476 165 0 0 0 0 0 0 0 0 0 0 0 0
1565	sub_1565_0014600.log	DONE exit=20	200	True	628626	0 0 0 0 0 0 0 0 0 0 0 899 2296 3733 4828 3935 190 0 0 0 0 0 0 0 0 0 0 0 0
1565	sub_1565_0014800.log	DONE exit=20	200	True	866281	0 0 0 0 0 0 0 0 0 0 0 869 2341 4366 6420 6922 3332 1117 18 0 0 0 0 0 0 0 0 0 0
1565	sub_1565_0015000.log	DONE exit=20	200	True	172994	0 0 0 0 0 0 0 0 0 0 0 1018 2400 2398 1168 373 29 0 0 0 0 0 0 0 0 0 0 0 0
1565	sub_1565_0015200.log	DONE exit=20	200	True	88755	0 0 0 0 0 0 0 0 0 0 0 590 1216 1516 967 318 30 0 0 0 0 0 0 0 0 0 0 0 0
1565	sub_1565_0015400.log	DONE exit=20	200	True	70810	0 0 0 0 0 0 0 0 0 0 0 670 1181 1011 447 82 0 0 0 0 0 0 0 0 0 0 0 0 0
1565	sub_1565_0015600.log	DONE exit=20	200	True	187795	0 0 0 0 0 0 0 0 0 0 0 1203 2994 3259 1578 275 16 1 0 0 0 0 0 0 0 0 0 0 0
1565	sub_1565_0015800.log	DONE exit=20	200	True	68317	0 0 0 0 0 0 0 0 0 0 0 720 1120 802 290 40 2 0 0 0 0 0 0 0 0 0 0 0 0
1565	sub_1565_0016000.log	DONE exit=20	200	True	169549	0 0 0 0 0 0 0 0 0 0 0 1013 2636 3265 1677 317 30 0 0 0 0 0 0 0 0 0 0 0 0
1565	sub_1565_0016200.log	DONE exit=20	200	True	135102	0 0 0 0 0 0 0 0 0 0 0 896 1995 2336 1177 234 38 3 0 0 0 0 0 0 0 0 0 0 0
1565	sub_1565_0016400.log	DONE exit=20	200	True	59706	0 0 0 0 0 0 0 0 0 0 0 664 969 726 281 48 3 0 0 0 0 0 0 0 0 0 0 0 0
1565	sub_1565_0016600.log	DONE exit=20	200	True	167790	0 0 0 0 0 0 0 0 0 0 0 1182 2854 3046 1404 274 19 0 0 0 0 0 0 0 0 0 0 0 0
1565	sub_1565_0016800.log	DONE exit=20	200	True	12040740	0 0 0 0 0 0 0 0 0 0 0 1428 5369 15072 40064 92922 141615 116287 29042 12612 2647 0 0 0 0 0 0 0 0
1565	sub_1565_0017000.log	DONE exit=20	200	True	2653437	0 0 0 0 0 0 0 0 0 0 0 1900 7817 16640 22855 23290 10242 3592 81 15 7 0 0 0 0 0 0 0 0
1565	sub_1565_0017200.log	DONE exit=20	200	True	2176101	0 0 0 0 0 0 0 0 0 0 0 1307 4378 9096 14074 16036 11816 5453 3951 1201 135 0 0 0 0 0 0 0 0
1565	sub_1565_0017400.log	DONE exit=20	200	True	6178703	0 0 0 0 0 0 0 0 0 0 0 1654 7052 18606 36142 53180 56691 35674 12983 3943 755 0 0 0 0 0 0 0 0
1565	sub_1565_0017600.log	DONE exit=20	200	True	11822399	0 0 0 0 0 0 0 0 0 0 0 2281 12548 38371 79717 112909 106424 56087 11472 5948 1222 0 0 0 0 0 0 0 0
1565	sub_1565_0017800.log	DONE exit=20	200	True	697547	0 0 0 0 0 0 0 0 0 0 0 871 2334 5030 8041 5267 731 6 0 0 0 0 0 0 0 0 0 0 0
1565	sub_1565_0018000.log	DONE exit=20	200	True	218855	0 0 0 0 0 0 0 0 0 0 0 1186 3242 4337 2574 1035 261 27 0 0 0 0 0 0 0 0 0 0 0
1565	sub_1565_0018200.log	DONE exit=20	200	True	355620	0 0 0 0 0 0 0 0 0 0 0 1256 3604 5611 4476 1834 291 3 0 0 0 0 0 0 0 0 0 0 0
1565	sub_1565_0018400.log	DONE exit=20	200	True	1005359	0 0 0 0 0 0 0 0 0 0 0 1103 3419 6367 8073 7005 2153 545 2 0 0 0 0 0 0 0 0 0 0
1565	sub_1565_0018600.log	DONE exit=20	200	True	2547026	0 0 0 0 0 0 0 0 0 0 0 1239 4512 11453 21515 24157 15576 5630 65 0 0 0 0 0 0 0 0 0 0
1565	sub_1565_0018800.log	DONE exit=20	200	True	2802117	0 0 0 0 0 0 0 0 0 0 0 1458 5914 15500 26890 26560 11295 1676 126 2 2 0 0 0 0 0 0 0 0
1565	sub_1565_0019000.log	DONE exit=20	200	True	29238	0 0 0 0 0 0 0 0 0 0 0 486 380 135 16 0 0 0 0 0 0 0 0 0 0 0 0 0 0
1565	sub_1565_0019200.log	DONE exit=20	200	True	981770	0 0 0 0 0 0 0 0 0 0 0 857 2458 5521 9576 8278 1788 23 0 0 0 0 0 0 0 0 0 0 0
1565	sub_1565_0019400.log	DONE exit=20	200	True	601907	0 0 0 0 0 0 0 0 0 0 0 852 2565 5175 6435 3420 143 3 0 0 0 0 0 0 0 0 0 0 0
1565	sub_1565_0019600.log	DONE exit=20	200	True	567058	0 0 0 0 0 0 0 0 0 0 0 656 1435 3171 5094 4900 864 0 0 0 0 0 0 0 0 0 0 0 0
1565	sub_1565_0019800.log	DONE exit=20	200	True	466365	0 0 0 0 0 0 0 0 0 0 0 630 1291 2567 4408 3856 468 0 0 0 0 0 0 0 0 0 0 0 0
1565	sub_1565_0020000.log	DONE exit=20	200	True	3194245	0 0 0 0 0 0 0 0 0 0 0 1548 5903 12270 17312 18639 21665 22879 4966 1401 232 0 0 0 0 0 0 0 0
1565	sub_1565_0020200.log	DONE exit=20	200	True	671163	0 0 0 0 0 0 0 0 0 0 0 627 1272 3266 6872 5880 549 0 0 0 0 0 0 0 0 0 0 0 0
1565	sub_1565_0020400.log	DONE exit=20	200	True	1211090	0 0 0 0 0 0 0 0 0 0 0 785 2165 6098 11358 10598 931 0 0 0 0 0 0 0 0 0 0 0 0
1565	sub_1565_0020600.log	DONE exit=20	200	True	1175458	0 0 0 0 0 0 0 0 0 0 0 807 2581 6546 10970 8557 718 0 0 0 0 0 0 0 0 0 0 0 0
1565	sub_1565_0020800.log	DONE exit=20	200	True	1445554	0 0 0 0 0 0 0 0 0 0 0 1351 4800 10214 14387 11116 3022 36 0 0 0 0 0 0 0 0 0 0 0
1565	sub_1565_0021000.log	DONE exit=20	200	True	378771	0 0 0 0 0 0 0 0 0 0 0 1036 2956 4108 3466 1552 10 0 0 0 0 0 0 0 0 0 0 0 0
1565	sub_1565_0021200.log	DONE exit=20	200	True	132703	0 0 0 0 0 0 0 0 0 0 0 736 1488 2280 1131 59 0 0 0 0 0 0 0 0 0 0 0 0 0
1565	sub_1565_0021400.log	DONE exit=20	200	True	233545	0 0 0 0 0 0 0 0 0 0 0 1291 4326 6958 5053 1513 126 3 0 0 0 0 0 0 0 0 0 0 0
1565	sub_1565_0021600.log	DONE exit=20	200	True	263374	0 0 0 0 0 0 0 0 0 0 0 1526 4910 6860 4455 1355 211 11 0 0 0 0 0 0 0 0 0 0 0
1565	sub_1565_0021800.log	DONE exit=20	200	True	315208	0 0 0 0 0 0 0 0 0 0 0 1624 5769 8932 5160 1250 119 5 0 0 0 0 0 0 0 0 0 0 0
1565	sub_1565_0022000.log	DONE exit=20	200	True	268939	0 0 0 0 0 0 0 0 0 0 0 1430 4621 6130 3500 1060 123 2 0 0 0 0 0 0 0 0 0 0 0
1565	sub_1565_0022200.log	DONE exit=20	200	True	4971627	0 0 0 0 0 0 0 0 0 0 0 2014 12639 47275 108809 156231 131951 38561 194 0 0 0 0 0 0 0 0 0 0
1565	sub_1565_0022400.log	DONE exit=20	200	True	2261922	0 0 0 0 0 0 0 0 0 0 0 2319 12747 36531 60961 60278 36592 8405 26 0 0 0 0 0 0 0 0 0 0
1565	sub_1565_0022600.log	DONE exit=20	200	True	1543015	0 0 0 0 0 0 0 0 0 0 0 1731 8432 21927 32268 32881 24000 9358 6 0 0 0 0 0 0 0 0 0 0
1565	sub_1565_0022800.log	DONE exit=20	200	True	1969464	0 0 0 0 0 0 0 0 0 0 0 2000 10418 28602 45197 47607 36132 14021 374 1 0 0 0 0 0 0 0 0 0
1565	sub_1565_0023000.log	DONE exit=20	200	True	2107335	0 0 0 0 0 0 0 0 0 0 0 1789 8845 25289 45159 53788 42573 17171 31 0 0 0 0 0 0 0 0 0 0
1565	sub_1565_0023200.log	DONE exit=20	200	True	177482	0 0 0 0 0 0 0 0 0 0 0 927 2785 4268 3140 1194 232 19 0 0 0 0 0 0 0 0 0 0 0
1565	sub_1565_0023400.log	DONE exit=20	200	True	151015	0 0 0 0 0 0 0 0 0 0 0 1134 2670 2620 941 186 35 3 0 0 0 0 0 0 0 0 0 0 0
1565	sub_1565_0023600.log	DONE exit=20	200	True	121647	0 0 0 0 0 0 0 0 0 0 0 1017 2130 1893 754 123 11 1 0 0 0 0 0 0 0 0 0 0 0
1565	sub_1565_0023800.log	DONE exit=20	200	True	95017	0 0 0 0 0 0 0 0 0 0 0 849 1690 1518 413 38 0 0 0 0 0 0 0 0 0 0 0 0 0
1565	sub_1565_0024000.log	DONE exit=20	200	True	468284	0 0 0 0 0 0 0 0 0 0 0 1277 4730 10011 10319 4892 1158 147 3 0 0 0 0 0 0 0 0 0 0
1565	sub_1565_0024200.log	DONE exit=20	200	True	709545	0 0 0 0 0 0 0 0 0 0 0 1450 5386 11040 12538 8717 4544 794 8 0 0 0 0 0 0 0 0 0 0
1565	sub_1565_0024400.log	DONE exit=20	200	True	603226	0 0 0 0 0 0 0 0 0 0 0 1442 5614 10932 9841 3947 1216 181 0 0 0 0 0 0 0 0 0 0 0
1565	sub_1565_0024600.log	DONE exit=20	200	True	5227629	0 0 0 0 0 0 0 0 0 0 0 2393 15442 56344 123591 166814 132257 44443 691 7 0 0 0 0 0 0 0 0 0
1565	sub_1565_0024800.log	DONE exit=20	200	True	5872225	0 0 0 0 0 0 0 0 0 0 0 2816 18472 64372 133444 168022 118839 31279 206 0 0 0 0 0 0 0 0 0 0
1565	sub_1565_0025000.log	DONE exit=20	200	True	2581626	0 0 0 0 0 0 0 0 0 0 0 2553 14995 44411 72620 67885 38523 8025 261 14 1 0 0 0 0 0 0 0 0
1565	sub_1565_0025200.log	DONE exit=20	200	True	1522411	0 0 0 0 0 0 0 0 0 0 0 2090 11221 29033 36562 25405 11908 3242 14 0 0 0 0 0 0 0 0 0 0
1565	sub_1565_0025400.log	DONE exit=20	200	True	901939	0 0 0 0 0 0 0 0 0 0 0 1717 7796 17347 19339 13292 6636 2030 3 0 0 0 0 0 0 0 0 0 0
1565	sub_1565_0025600.log	DONE exit=20	200	True	2485804	0 0 0 0 0 0 0 0 0 0 0 2198 12377 36151 58926 60067 39583 11783 259 1 0 0 0 0 0 0 0 0 0
1565	sub_1565_0025800.log	DONE exit=20	200	True	2356958	0 0 0 0 0 0 0 0 0 0 0 1998 10548 31054 52886 57426 41763 13117 104 8 0 0 0 0 0 0 0 0 0
1565	sub_1565_0026000.log	DONE exit=20	200	True	10919476	0 0 0 0 0 0 0 0 0 0 0 2953 22639 95162 235164 341137 242014 49136 553 2 0 0 0 0 0 0 0 0 0
1565	sub_1565_0026200.log	DONE exit=20	200	True	7842969	0 0 0 0 0 0 0 0 0 0 0 2688 18244 69842 166868 238231 165793 42366 2191 87 0 0 0 0 0 0 0 0 0
1565	sub_1565_0026400.log	DONE exit=20	200	True	1716355	0 0 0 0 0 0 0 0 0 0 0 2420 12660 31752 42117 27063 13074 3584 45 0 0 0 0 0 0 0 0 0 0
1565	sub_1565_0026600.log	DONE exit=20	200	True	1139967	0 0 0 0 0 0 0 0 0 0 0 1838 9552 23066 23864 13256 4973 1085 7 0 0 0 0 0 0 0 0 0 0
1565	sub_1565_0026800.log	DONE exit=20	200	True	1154255	0 0 0 0 0 0 0 0 0 0 0 2137 10388 22732 23395 14827 7082 1611 15 0 0 0 0 0 0 0 0 0 0
1565	sub_1565_0027000.log	DONE exit=20	200	True	3018452	0 0 0 0 0 0 0 0 0 0 0 2064 11745 36335 64821 74737 50522 9608 226 0 0 0 0 0 0 0 0 0 0
1565	sub_1565_0027200.log	DONE exit=20	200	True	2649105	0 0 0 0 0 0 0 0 0 0 0 2211 12320 36670 59754 58921 39667 7422 8 0 0 0 0 0 0 0 0 0 0
1565	sub_1565_0027400.log	DONE exit=20	200	True	1155594	0 0 0 0 0 0 0 0 0 0 0 1786 7538 17171 22738 20051 11960 935 8 0 0 0 0 0 0 0 0 0 0
1565	sub_1565_0027600.log	DONE exit=20	200	True	697426	0 0 0 0 0 0 0 0 0 0 0 1484 5574 11175 12779 8364 3102 436 2 0 0 0 0 0 0 0 0 0 0
1565	sub_1565_0027800.log	DONE exit=20	200	True	671012	0 0 0 0 0 0 0 0 0 0 0 1574 6628 13625 11715 3000 328 21 0 0 0 0 0 0 0 0 0 0 0
1565	sub_1565_0028000.log	DONE exit=20	200	True	663305	0 0 0 0 0 0 0 0 0 0 0 1652 6556 12606 11431 4984 1531 126 3 0 0 0 0 0 0 0 0 0 0
1565	sub_1565_0028200.log	DONE exit=20	200	True	629771	0 0 0 0 0 0 0 0 0 0 0 1530 5542 11686 13709 7835 2402 331 1 0 0 0 0 0 0 0 0 0 0
1565	sub_1565_0028400.log	DONE exit=20	200	True	680043	0 0 0 0 0 0 0 0 0 0 0 1544 5963 11968 11384 4710 1326 199 0 0 0 0 0 0 0 0 0 0 0
1565	sub_1565_0028600.log	DONE exit=20	200	True	608606	0 0 0 0 0 0 0 0 0 0 0 1385 5467 11223 10164 2162 103 0 0 0 0 0 0 0 0 0 0 0 0
1565	sub_1565_0028800.log	DONE exit=20	200	True	163168	0 0 0 0 0 0 0 0 0 0 0 1046 2368 2800 1758 374 46 2 0 0 0 0 0 0 0 0 0 0 0
1565	sub_1565_0029000.log	DONE exit=20	200	True	170498	0 0 0 0 0 0 0 0 0 0 0 1046 2691 3177 1740 515 79 0 0 0 0 0 0 0 0 0 0 0 0
1565	sub_1565_0029200.log	DONE exit=20	200	True	160578	0 0 0 0 0 0 0 0 0 0 0 1068 2612 2818 1478 319 57 9 0 0 0 0 0 0 0 0 0 0 0
1565	sub_1565_0029400.log	DONE exit=20	200	True	126479	0 0 0 0 0 0 0 0 0 0 0 1036 2285 2130 833 111 11 1 0 0 0 0 0 0 0 0 0 0 0
1565	sub_1565_0029600.log	DONE exit=20	200	True	141745	0 0 0 0 0 0 0 0 0 0 0 972 2284 2726 1722 452 56 4 0 0 0 0 0 0 0 0 0 0 0
1565	sub_1565_0029800.log	DONE exit=20	200	True	114646	0 0 0 0 0 0 0 0 0 0 0 1039 2073 1797 711 137 17 0 0 0 0 0 0 0 0 0 0 0 0
1565	sub_1565_0030000.log	DONE exit=20	200	True	163605	0 0 0 0 0 0 0 0 0 0 0 1105 2623 3130 1864 465 42 0 0 0 0 0 0 0 0 0 0 0 0
1565	sub_1565_0030200.log	DONE exit=20	200	True	244587	0 0 0 0 0 0 0 0 0 0 0 963 2765 4971 3946 1279 189 19 0 0 0 0 0 0 0 0 0 0 0
1565	sub_1565_0030400.log	DONE exit=20	200	True	219502	0 0 0 0 0 0 0 0 0 0 0 1174 3074 4120 3189 1244 290 28 0 0 0 0 0 0 0 0 0 0 0
1565	sub_1565_0030600.log	DONE exit=20	200	True	264573	0 0 0 0 0 0 0 0 0 0 0 1029 3047 5038 4149 1849 646 125 1 0 0 0 0 0 0 0 0 0 0
1565	sub_1565_0030800.log	DONE exit=20	200	True	146368	0 0 0 0 0 0 0 0 0 0 0 1115 2529 2385 1164 229 30 1 0 0 0 0 0 0 0 0 0 0 0
1565	sub_1565_0031000.log	DONE exit=20	200	True	271963	0 0 0 0 0 0 0 0 0 0 0 1194 3614 5881 4532 1453 138 7 0 0 0 0 0 0 0 0 0 0 0
1565	sub_1565_0031200.log	DONE exit=20	200	True	292370	0 0 0 0 0 0 0 0 0 0 0 1321 4250 6705 4535 1359 123 10 0 0 0 0 0 0 0 0 0 0 0
1565	sub_1565_0031400.log	DONE exit=20	200	True	326206	0 0 0 0 0 0 0 0 0 0 0 1499 4888 7648 5585 1379 104 1 0 0 0 0 0 0 0 0 0 0 0
1565	sub_1565_0031600.log	DONE exit=20	200	True	266278	0 0 0 0 0 0 0 0 0 0 0 1080 3302 5347 4391 1784 401 1 0 0 0 0 0 0 0 0 0 0 0
1565	sub_1565_0031800.log	DONE exit=20	200	True	156787	0 0 0 0 0 0 0 0 0 0 0 958 2385 3171 1646 305 4 0 0 0 0 0 0 0 0 0 0 0 0
1565	sub_1565_0032000.log	DONE exit=20	200	True	143144	0 0 0 0 0 0 0 0 0 0 0 891 1876 2059 1313 448 44 2 0 0 0 0 0 0 0 0 0 0 0
1565	sub_1565_0032200.log	DONE exit=20	200	True	199098	0 0 0 0 0 0 0 0 0 0 0 1022 2727 3613 1996 422 78 44 0 0 0 0 0 0 0 0 0 0 0
1565	sub_1565_0032400.log	DONE exit=20	200	True	117896	0 0 0 0 0 0 0 0 0 0 0 922 1871 1881 944 231 16 0 0 0 0 0 0 0 0 0 0 0 0
1565	sub_1565_0032600.log	DONE exit=20	200	True	200823	0 0 0 0 0 0 0 0 0 0 0 1156 3102 3864 2152 512 19 0 0 0 0 0 0 0 0 0 0 0 0
1565	sub_1565_0032800.log	DONE exit=20	200	True	305118	0 0 0 0 0 0 0 0 0 0 0 1289 4265 7609 6488 2603 364 6 0 0 0 0 0 0 0 0 0 0 0
1565	sub_1565_0033000.log	DONE exit=20	200	True	142753	0 0 0 0 0 0 0 0 0 0 0 1030 2504 2441 1259 317 51 4 0 0 0 0 0 0 0 0 0 0 0
1565	sub_1565_0033200.log	DONE exit=20	200	True	286251	0 0 0 0 0 0 0 0 0 0 0 1073 2807 3908 4146 2542 804 71 0 0 0 0 0 0 0 0 0 0 0
1565	sub_1565_0033400.log	DONE exit=20	200	True	1419235	0 0 0 0 0 0 0 0 0 0 0 1684 7596 19584 30287 28421 15767 3770 44 0 0 0 0 0 0 0 0 0 0
1565	sub_1565_0033600.log	DONE exit=20	200	True	602327	0 0 0 0 0 0 0 0 0 0 0 1358 5533 11864 12739 5842 1359 113 0 0 0 0 0 0 0 0 0 0 0
1565	sub_1565_0033800.log	DONE exit=20	200	True	144923	0 0 0 0 0 0 0 0 0 0 0 1028 2410 2138 753 102 6 0 0 0 0 0 0 0 0 0 0 0 0
1565	sub_1565_0034000.log	DONE exit=20	200	True	414746	0 0 0 0 0 0 0 0 0 0 0 1215 3858 6466 5862 3161 688 52 0 0 0 0 0 0 0 0 0 0 0
1565	sub_1565_0034200.log	DONE exit=20	200	True	204462	0 0 0 0 0 0 0 0 0 0 0 881 2288 3202 2300 392 28 0 0 0 0 0 0 0 0 0 0 0 0
1565	sub_1565_0034400.log	DONE exit=20	200	True	268903	0 0 0 0 0 0 0 0 0 0 0 1327 4025 5817 4481 1086 98 0 0 0 0 0 0 0 0 0 0 0 0
1565	sub_1565_0034600.log	DONE exit=20	200	True	231888	0 0 0 0 0 0 0 0 0 0 0 1307 4042 5730 3557 701 13 0 0 0 0 0 0 0 0 0 0 0 0
1565	sub_1565_0034800.log	DONE exit=20	200	True	190243	0 0 0 0 0 0 0 0 0 0 0 1004 2372 2843 2070 498 55 0 0 0 0 0 0 0 0 0 0 0 0
1565	sub_1565_0035000.log	DONE exit=20	200	True	168618	0 0 0 0 0 0 0 0 0 0 0 815 2140 2394 1538 583 197 24 0 0 0 0 0 0 0 0 0 0 0
1565	sub_1565_0035200.log	DONE exit=20	200	True	373200	0 0 0 0 0 0 0 0 0 0 0 1261 3898 5985 5592 2874 998 201 27 0 0 0 0 0 0 0 0 0 0
1565	sub_1565_0035400.log	DONE exit=20	200	True	226284	0 0 0 0 0 0 0 0 0 0 0 1047 2708 3972 3327 1439 234 10 0 0 0 0 0 0 0 0 0 0 0
1565	sub_1565_0035600.log	DONE exit=20	200	True	339328	0 0 0 0 0 0 0 0 0 0 0 1356 4700 7233 5555 2244 529 54 0 0 0 0 0 0 0 0 0 0 0
1565	sub_1565_0035800.log	DONE exit=20	200	True	374241	0 0 0 0 0 0 0 0 0 0 0 1049 4020 7993 7494 3294 701 43 0 0 0 0 0 0 0 0 0 0 0
1565	sub_1565_0036000.log	DONE exit=20	200	True	104447	0 0 0 0 0 0 0 0 0 0 0 885 1650 1664 753 130 15 0 0 0 0 0 0 0 0 0 0 0 0
1565	sub_1565_0036200.log	DONE exit=20	200	True	143955	0 0 0 0 0 0 0 0 0 0 0 914 2269 2702 1365 220 8 0 0 0 0 0 0 0 0 0 0 0 0
1565	sub_1565_0036400.log	DONE exit=20	200	True	163995	0 0 0 0 0 0 0 0 0 0 0 972 2355 3026 1715 359 44 1 0 0 0 0 0 0 0 0 0 0 0
1565	sub_1565_0036600.log	DONE exit=20	200	True	177386	0 0 0 0 0 0 0 0 0 0 0 992 2627 3453 1809 321 11 0 0 0 0 0 0 0 0 0 0 0 0
1565	sub_1565_0036800.log	DONE exit=20	200	True	203573	0 0 0 0 0 0 0 0 0 0 0 1228 3209 3957 2055 491 38 2 0 0 0 0 0 0 0 0 0 0 0
1565	sub_1565_0037000.log	DONE exit=20	200	True	417392	0 0 0 0 0 0 0 0 0 0 0 1416 4766 7825 6330 2255 433 33 0 0 0 0 0 0 0 0 0 0 0
1565	sub_1565_0037200.log	DONE exit=20	200	True	1099860	0 0 0 0 0 0 0 0 0 0 0 1565 6726 15265 20223 15559 7245 1520 30 0 0 0 0 0 0 0 0 0 0
1565	sub_1565_0037400.log	DONE exit=20	200	True	476394	0 0 0 0 0 0 0 0 0 0 0 1457 5016 8363 6664 2022 264 17 0 0 0 0 0 0 0 0 0 0 0
1565	sub_1565_0037600.log	DONE exit=20	200	True	296458	0 0 0 0 0 0 0 0 0 0 0 1091 3517 5658 4017 968 458 29 0 0 0 0 0 0 0 0 0 0 0
1565	sub_1565_0037800.log	DONE exit=20	200	True	217119	0 0 0 0 0 0 0 0 0 0 0 834 2032 3224 3333 952 55 0 0 0 0 0 0 0 0 0 0 0 0
1565	sub_1565_0038000.log	DONE exit=20	200	True	224336	0 0 0 0 0 0 0 0 0 0 0 972 2689 3787 2575 847 262 10 2 0 0 0 0 0 0 0 0 0 0
1565	sub_1565_0038200.log	DONE exit=20	200	True	137995	0 0 0 0 0 0 0 0 0 0 0 652 1364 2056 2163 477 21 1 0 0 0 0 0 0 0 0 0 0 0
1565	sub_1565_0038400.log	DONE exit=20	200	True	246614	0 0 0 0 0 0 0 0 0 0 0 1121 3097 4306 2939 784 99 4 0 0 0 0 0 0 0 0 0 0 0
1565	sub_1565_0038600.log	DONE exit=20	200	True	375456	0 0 0 0 0 0 0 0 0 0 0 1136 3460 6541 7309 2225 295 7 0 0 0 0 0 0 0 0 0 0 0
1565	sub_1565_0038800.log	DONE exit=20	200	True	133999	0 0 0 0 0 0 0 0 0 0 0 787 1797 2038 841 113 14 2 0 0 0 0 0 0 0 0 0 0 0
1565	sub_1565_0039000.log	DONE exit=20	200	True	300120	0 0 0 0 0 0 0 0 0 0 0 1276 4252 5962 3468 764 42 2 0 0 0 0 0 0 0 0 0 0 0
1565	sub_1565_0039200.log	DONE exit=20	200	True	213115	0 0 0 0 0 0 0 0 0 0 0 975 2550 3746 2756 598 70 0 0 0 0 0 0 0 0 0 0 0 0
1565	sub_1565_0039400.log	DONE exit=20	200	True	31007	0 0 0 0 0 0 0 0 0 0 0 567 643 267 41 3 0 0 0 0 0 0 0 0 0 0 0 0 0
1565	sub_1565_0039600.log	DONE exit=20	200	True	45524	0 0 0 0 0 0 0 0 0 0 0 678 897 523 143 14 0 0 0 0 0 0 0 0 0 0 0 0 0
1565	sub_1565_0039800.log	DONE exit=20	200	True	100795	0 0 0 0 0 0 0 0 0 0 0 1169 2323 1875 633 58 1 0 0 0 0 0 0 0 0 0 0 0 0
1565	sub_1565_0040000.log	DONE exit=20	200	True	70365	0 0 0 0 0 0 0 0 0 0 0 896 1430 748 116 9 0 0 0 0 0 0 0 0 0 0 0 0 0
1565	sub_1565_0040200.log	DONE exit=20	200	True	177752	0 0 0 0 0 0 0 0 0 0 0 1337 3243 2913 1153 176 14 0 0 0 0 0 0 0 0 0 0 0 0
1565	sub_1565_0040400.log	DONE exit=20	200	True	140283	0 0 0 0 0 0 0 0 0 0 0 1134 2622 2711 1434 418 7 0 0 0 0 0 0 0 0 0 0 0 0
1565	sub_1565_0040600.log	DONE exit=20	200	True	144661	0 0 0 0 0 0 0 0 0 0 0 1066 2414 2440 1076 411 3 0 0 0 0 0 0 0 0 0 0 0 0
1565	sub_1565_0040800.log	DONE exit=20	200	True	556915	0 0 0 0 0 0 0 0 0 0 0 1663 6738 13352 12858 5833 1273 198 3 0 0 0 0 0 0 0 0 0 0
1565	sub_1565_0041000.log	DONE exit=20	200	True	363070	0 0 0 0 0 0 0 0 0 0 0 1341 4862 9136 8204 3122 402 13 0 0 0 0 0 0 0 0 0 0 0
1565	sub_1565_0041200.log	DONE exit=20	200	True	388693	0 0 0 0 0 0 0 0 0 0 0 1034 3844 8365 9281 4784 784 28 0 0 0 0 0 0 0 0 0 0 0
1565	sub_1565_0041400.log	DONE exit=20	200	True	39961	0 0 0 0 0 0 0 0 0 0 0 528 649 344 125 10 0 0 0 0 0 0 0 0 0 0 0 0 0
1565	sub_1565_0041600.log	DONE exit=20	200	True	36443	0 0 0 0 0 0 0 0 0 0 0 553 536 225 69 13 0 0 0 0 0 0 0 0 0 0 0 0 0
1565	sub_1565_0041800.log	DONE exit=20	200	True	68740	0 0 0 0 0 0 0 0 0 0 0 723 1278 1117 445 86 8 0 0 0 0 0 0 0 0 0 0 0 0
1565	sub_1565_0042000.log	DONE exit=20	200	True	41470	0 0 0 0 0 0 0 0 0 0 0 507 629 409 145 15 1 0 0 0 0 0 0 0 0 0 0 0 0
1565	sub_1565_0042200.log	DONE exit=20	200	True	42027	0 0 0 0 0 0 0 0 0 0 0 584 695 367 66 8 0 0 0 0 0 0 0 0 0 0 0 0 0
1565	sub_1565_0042400.log	DONE exit=20	200	True	36739	0 0 0 0 0 0 0 0 0 0 0 449 522 292 36 2 0 0 0 0 0 0 0 0 0 0 0 0 0
1565	sub_1565_0042600.log	DONE exit=20	200	True	40333	0 0 0 0 0 0 0 0 0 0 0 462 596 413 139 22 2 0 0 0 0 0 0 0 0 0 0 0 0
1565	sub_1565_0042800.log	DONE exit=20	200	True	33754	0 0 0 0 0 0 0 0 0 0 0 463 417 129 13 2 0 0 0 0 0 0 0 0 0 0 0 0 0
1565	sub_1565_0043000.log	DONE exit=20	200	True	27992	0 0 0 0 0 0 0 0 0 0 0 440 399 139 15 1 0 0 0 0 0 0 0 0 0 0 0 0 0
1565	sub_1565_0043200.log	DONE exit=20	200	True	68304	0 0 0 0 0 0 0 0 0 0 0 745 1174 708 189 17 1 0 0 0 0 0 0 0 0 0 0 0 0
1565	sub_1565_0043400.log	DONE exit=20	200	True	55750	0 0 0 0 0 0 0 0 0 0 0 625 924 607 181 27 1 0 0 0 0 0 0 0 0 0 0 0 0
1565	sub_1565_0043600.log	DONE exit=20	200	True	46951	0 0 0 0 0 0 0 0 0 0 0 496 632 509 140 12 0 0 0 0 0 0 0 0 0 0 0 0 0
1565	sub_1565_0043800.log	DONE exit=20	200	True	74314	0 0 0 0 0 0 0 0 0 0 0 667 1141 937 269 43 1 0 0 0 0 0 0 0 0 0 0 0 0
1565	sub_1565_0044000.log	DONE exit=20	200	True	76306	0 0 0 0 0 0 0 0 0 0 0 729 1232 856 337 113 15 0 0 0 0 0 0 0 0 0 0 0 0
1565	sub_1565_0044200.log	DONE exit=20	200	True	43362	0 0 0 0 0 0 0 0 0 0 0 624 655 223 30 2 0 0 0 0 0 0 0 0 0 0 0 0 0
1565	sub_1565_0044400.log	DONE exit=20	200	True	24603	0 0 0 0 0 0 0 0 0 0 0 506 375 91 6 0 0 0 0 0 0 0 0 0 0 0 0 0 0
1565	sub_1565_0044600.log	DONE exit=20	200	True	125746	0 0 0 0 0 0 0 0 0 0 0 1289 3146 2735 784 70 3 0 0 0 0 0 0 0 0 0 0 0 0
1565	sub_1565_0044800.log	DONE exit=20	200	True	117679	0 0 0 0 0 0 0 0 0 0 0 1080 2586 2604 942 122 5 0 0 0 0 0 0 0 0 0 0 0 0
1565	sub_1565_0045000.log	DONE exit=20	200	True	139680	0 0 0 0 0 0 0 0 0 0 0 1362 3309 2767 889 96 6 0 0 0 0 0 0 0 0 0 0 0 0
1565	sub_1565_0045200.log	DONE exit=20	200	True	62155	0 0 0 0 0 0 0 0 0 0 0 935 1552 948 249 20 0 0 0 0 0 0 0 0 0 0 0 0 0
1565	sub_1565_0045400.log	DONE exit=20	200	True	42175	0 0 0 0 0 0 0 0 0 0 0 747 1016 513 89 4 0 0 0 0 0 0 0 0 0 0 0 0 0
1565	sub_1565_0045600.log	DONE exit=20	200	True	129366	0 0 0 0 0 0 0 0 0 0 0 1187 3013 3776 1997 373 19 0 0 0 0 0 0 0 0 0 0 0 0
1565	sub_1565_0045800.log	DONE exit=20	200	True	75882	0 0 0 0 0 0 0 0 0 0 0 1090 1976 1211 183 11 0 0 0 0 0 0 0 0 0 0 0 0 0
1565	sub_1565_0046000.log	DONE exit=20	200	True	101343	0 0 0 0 0 0 0 0 0 0 0 1205 2697 2256 671 69 0 0 0 0 0 0 0 0 0 0 0 0 0
1565	sub_1565_0046200.log	DONE exit=20	200	True	112387	0 0 0 0 0 0 0 0 0 0 0 1313 3261 2356 490 38 0 0 0 0 0 0 0 0 0 0 0 0 0
1565	sub_1565_0046400.log	DONE exit=20	200	True	537549	0 0 0 0 0 0 0 0 0 0 0 1872 8537 18332 17567 6644 762 14 0 0 0 0 0 0 0 0 0 0 0
1565	sub_1565_0046600.log	DONE exit=20	200	True	346701	0 0 0 0 0 0 0 0 0 0 0 1771 6101 9179 6327 2106 234 0 0 0 0 0 0 0 0 0 0 0 0
1565	sub_1565_0046800.log	DONE exit=20	200	True	248714	0 0 0 0 0 0 0 0 0 0 0 1368 4388 6233 3915 903 50 0 0 0 0 0 0 0 0 0 0 0 0
1565	sub_1565_0047000.log	DONE exit=20	200	True	153718	0 0 0 0 0 0 0 0 0 0 0 1084 2777 3270 1670 325 22 0 0 0 0 0 0 0 0 0 0 0 0
1565	sub_1565_0047200.log	DONE exit=20	200	True	418696	0 0 0 0 0 0 0 0 0 0 0 1781 6871 12459 10062 3271 334 6 0 0 0 0 0 0 0 0 0 0 0
1565	sub_1565_0047400.log	DONE exit=20	200	True	149036	0 0 0 0 0 0 0 0 0 0 0 1392 3694 3655 1269 135 2 0 0 0 0 0 0 0 0 0 0 0 0
1565	sub_1565_0047600.log	DONE exit=20	200	True	147882	0 0 0 0 0 0 0 0 0 0 0 1211 3228 3845 1922 333 20 0 0 0 0 0 0 0 0 0 0 0 0
1565	sub_1565_0047800.log	DONE exit=20	200	True	129011	0 0 0 0 0 0 0 0 0 0 0 1205 2995 2821 959 124 4 0 0 0 0 0 0 0 0 0 0 0 0
1565	sub_1565_0048000.log	DONE exit=20	200	True	89785	0 0 0 0 0 0 0 0 0 0 0 1084 2254 1962 583 50 1 0 0 0 0 0 0 0 0 0 0 0 0
1565	sub_1565_0048200.log	DONE exit=20	200	True	66149	0 0 0 0 0 0 0 0 0 0 0 962 1644 1109 244 10 0 0 0 0 0 0 0 0 0 0 0 0 0
1565	sub_1565_0048400.log	DONE exit=20	200	True	87205	0 0 0 0 0 0 0 0 0 0 0 1042 2083 1604 309 24 0 0 0 0 0 0 0 0 0 0 0 0 0
1565	sub_1565_0048600.log	DONE exit=20	200	True	41120	0 0 0 0 0 0 0 0 0 0 0 724 975 488 124 15 0 0 0 0 0 0 0 0 0 0 0 0 0
1565	sub_1565_0048800.log	DONE exit=20	200	True	21118	0 0 0 0 0 0 0 0 0 0 0 423 352 98 12 2 0 0 0 0 0 0 0 0 0 0 0 0 0
1565	sub_1565_0049000.log	DONE exit=20	200	True	30756	0 0 0 0 0 0 0 0 0 0 0 502 468 167 22 2 0 0 0 0 0 0 0 0 0 0 0 0 0
1565	sub_1565_0049200.log	DONE exit=20	200	True	21014	0 0 0 0 0 0 0 0 0 0 0 397 281 67 4 0 0 0 0 0 0 0 0 0 0 0 0 0 0
1565	sub_1565_0049400.log	DONE exit=20	200	True	23906	0 0 0 0 0 0 0 0 0 0 0 448 397 129 12 1 0 0 0 0 0 0 0 0 0 0 0 0 0
1565	sub_1565_0049600.log	DONE exit=20	200	True	34716	0 0 0 0 0 0 0 0 0 0 0 548 556 264 51 4 0 0 0 0 0 0 0 0 0 0 0 0 0
1565	sub_1565_0049800.log	DONE exit=20	200	True	52622	0 0 0 0 0 0 0 0 0 0 0 732 1118 594 123 5 0 0 0 0 0 0 0 0 0 0 0 0 0
1565	sub_1565_0050000.log	DONE exit=20	200	True	26074	0 0 0 0 0 0 0 0 0 0 0 453 376 167 25 2 0 0 0 0 0 0 0 0 0 0 0 0 0
1565	sub_1565_0050200.log	DONE exit=20	200	True	24704	0 0 0 0 0 0 0 0 0 0 0 419 274 67 5 0 0 0 0 0 0 0 0 0 0 0 0 0 0
1565	sub_1565_0050400.log	DONE exit=20	200	True	53295	0 0 0 0 0 0 0 0 0 0 0 724 1019 547 114 8 0 0 0 0 0 0 0 0 0 0 0 0 0
1565	sub_1565_0050600.log	DONE exit=20	200	True	35184	0 0 0 0 0 0 0 0 0 0 0 573 597 198 30 0 0 0 0 0 0 0 0 0 0 0 0 0 0
1565	sub_1565_0050800.log	DONE exit=20	200	True	51105	0 0 0 0 0 0 0 0 0 0 0 661 867 505 97 10 0 0 0 0 0 0 0 0 0 0 0 0 0
1565	sub_1565_0051000.log	DONE exit=20	200	True	47122	0 0 0 0 0 0 0 0 0 0 0 596 730 458 44 0 0 0 0 0 0 0 0 0 0 0 0 0 0
1565	sub_1565_0051200.log	DONE exit=20	200	True	133712	0 0 0 0 0 0 0 0 0 0 0 1027 2408 2509 1242 256 10 0 0 0 0 0 0 0 0 0 0 0 0
1565	sub_1565_0051400.log	DONE exit=20	200	True	82618	0 0 0 0 0 0 0 0 0 0 0 847 1495 1144 268 10 0 0 0 0 0 0 0 0 0 0 0 0 0
1565	sub_1565_0051600.log	DONE exit=20	200	True	60068	0 0 0 0 0 0 0 0 0 0 0 664 1005 680 224 27 0 0 0 0 0 0 0 0 0 0 0 0 0
1565	sub_1565_0051800.log	DONE exit=20	200	True	61905	0 0 0 0 0 0 0 0 0 0 0 667 1170 946 233 18 0 0 0 0 0 0 0 0 0 0 0 0 0
1565	sub_1565_0052000.log	DONE exit=20	200	True	38451	0 0 0 0 0 0 0 0 0 0 0 524 689 336 45 1 0 0 0 0 0 0 0 0 0 0 0 0 0
1565	sub_1565_0052200.log	DONE exit=20	200	True	25676	0 0 0 0 0 0 0 0 0 0 0 373 282 85 9 0 0 0 0 0 0 0 0 0 0 0 0 0 0
1565	sub_1565_0052400.log	DONE exit=20	200	True	23614	0 0 0 0 0 0 0 0 0 0 0 381 232 41 5 0 0 0 0 0 0 0 0 0 0 0 0 0 0
1565	sub_1565_0052600.log	DONE exit=20	200	True	41509	0 0 0 0 0 0 0 0 0 0 0 626 765 303 26 0 0 0 0 0 0 0 0 0 0 0 0 0 0
1565	sub_1565_0052800.log	DONE exit=20	200	True	36425	0 0 0 0 0 0 0 0 0 0 0 548 551 187 17 0 0 0 0 0 0 0 0 0 0 0 0 0 0
1565	sub_1565_0053000.log	DONE exit=20	200	True	51073	0 0 0 0 0 0 0 0 0 0 0 676 919 508 113 13 0 0 0 0 0 0 0 0 0 0 0 0 0
1565	sub_1565_0053200.log	DONE exit=20	200	True	46347	0 0 0 0 0 0 0 0 0 0 0 555 672 427 138 27 3 0 0 0 0 0 0 0 0 0 0 0 0
1565	sub_1565_0053400.log	DONE exit=20	200	True	31220	0 0 0 0 0 0 0 0 0 0 0 486 466 180 29 2 0 0 0 0 0 0 0 0 0 0 0 0 0
1565	sub_1565_0053600.log	DONE exit=20	200	True	17572	0 0 0 0 0 0 0 0 0 0 0 303 104 3 0 0 0 0 0 0 0 0 0 0 0 0 0 0 0
1565	sub_1565_0053800.log	DONE exit=20	200	True	29696	0 0 0 0 0 0 0 0 0 0 0 465 387 97 3 0 0 0 0 0 0 0 0 0 0 0 0 0 0
1565	sub_1565_0054000.log	DONE exit=20	200	True	19930	0 0 0 0 0 0 0 0 0 0 0 326 178 40 2 0 0 0 0 0 0 0 0 0 0 0 0 0 0
1565	sub_1565_0054200.log	DONE exit=20	200	True	34181	0 0 0 0 0 0 0 0 0 0 0 520 581 236 25 2 0 0 0 0 0 0 0 0 0 0 0 0 0
1565	sub_1565_0054400.log	DONE exit=20	200	True	72254	0 0 0 0 0 0 0 0 0 0 0 901 1476 910 196 3 0 0 0 0 0 0 0 0 0 0 0 0 0
1565	sub_1565_0054600.log	DONE exit=20	200	True	97781	0 0 0 0 0 0 0 0 0 0 0 1050 2041 1357 229 0 0 0 0 0 0 0 0 0 0 0 0 0 0
1565	sub_1565_0054800.log	DONE exit=20	200	True	133584	0 0 0 0 0 0 0 0 0 0 0 1298 2997 2697 1202 245 18 0 0 0 0 0 0 0 0 0 0 0 0
1565	sub_1565_0055000.log	DONE exit=20	200	True	106972	0 0 0 0 0 0 0 0 0 0 0 1101 2259 1826 669 119 12 0 0 0 0 0 0 0 0 0 0 0 0
1565	sub_1565_0055200.log	DONE exit=20	200	True	94452	0 0 0 0 0 0 0 0 0 0 0 1124 2167 1497 253 9 0 0 0 0 0 0 0 0 0 0 0 0 0
1565	sub_1565_0055400.log	DONE exit=20	200	True	95899	0 0 0 0 0 0 0 0 0 0 0 1066 2048 1415 306 22 0 0 0 0 0 0 0 0 0 0 0 0 0
1565	sub_1565_0055600.log	DONE exit=20	200	True	166222	0 0 0 0 0 0 0 0 0 0 0 1236 3099 3007 1095 157 17 0 0 0 0 0 0 0 0 0 0 0 0
1565	sub_1565_0055800.log	DONE exit=20	200	True	152377	0 0 0 0 0 0 0 0 0 0 0 1225 2924 2640 763 57 1 0 0 0 0 0 0 0 0 0 0 0 0
1565	sub_1565_0056000.log	DONE exit=20	200	True	281938498	0 0 0 0 0 0 0 0 0 0 0 1969 12483 59722 237421 786305 2044086 3948493 4994852 2821438 820648 0 0 0 0 0 0 0 0
1565	sub_1565_0056200.log	DONE exit=20	200	True	1290500	0 0 0 0 0 0 0 0 0 0 0 1470 5318 10919 12001 7082 1671 896 75 1 0 0 0 0 0 0 0 0 0
1565	sub_1565_0056400.log	DONE exit=20	200	True	775889	0 0 0 0 0 0 0 0 0 0 0 1380 4585 7713 7382 3589 925 96 0 0 0 0 0 0 0 0 0 0 0
1565	sub_1565_0056600.log	DONE exit=20	200	True	1533253	0 0 0 0 0 0 0 0 0 0 0 1285 5043 11491 15444 9261 2273 389 8 0 0 0 0 0 0 0 0 0 0
1565	sub_1565_0056800.log	DONE exit=20	200	True	71519827	0 0 0 0 0 0 0 0 0 0 0 1327 8930 48499 191645 508931 836931 721259 285919 132142 31647 0 0 0 0 0 0 0 0
1565	sub_1565_0057000.log	DONE exit=20	200	True	18791252	0 0 0 0 0 0 0 0 0 0 0 2238 12681 41714 92958 182615 242346 85507 693 109 15 0 0 0 0 0 0 0 0
1565	sub_1565_0057200.log	DONE exit=20	200	True	1875561	0 0 0 0 0 0 0 0 0 0 0 1661 6565 14595 18234 10820 2435 1165 18 0 0 0 0 0 0 0 0 0 0
1565	sub_1565_0057400.log	DONE exit=20	200	True	775208	0 0 0 0 0 0 0 0 0 0 0 1340 4761 8170 7360 3260 86 12 0 0 0 0 0 0 0 0 0 0 0
1565	sub_1565_0057600.log	DONE exit=20	200	True	2792309	0 0 0 0 0 0 0 0 0 0 0 1879 8303 19891 28008 18478 6608 1880 38 0 0 0 0 0 0 0 0 0 0
1565	sub_1565_0057800.log	DONE exit=20	200	True	67344683	0 0 0 0 0 0 0 0 0 0 0 2005 13250 59347 199244 503237 838980 736201 239678 124744 37495 0 0 0 0 0 0 0 0
1565	sub_1565_0058000.log	DONE exit=20	200	True	1412157	0 0 0 0 0 0 0 0 0 0 0 1739 6925 14184 14476 9607 2600 631 90 6 0 0 0 0 0 0 0 0 0
1565	sub_1565_0058200.log	DONE exit=20	200	True	1526352	0 0 0 0 0 0 0 0 0 0 0 1472 5462 11199 13812 10161 5682 3017 426 31 9 0 0 0 0 0 0 0 0
1565	sub_1565_0058400.log	DONE exit=20	200	True	1745776	0 0 0 0 0 0 0 0 0 0 0 1618 6636 14027 17527 10755 3698 670 40 0 0 0 0 0 0 0 0 0 0
1565	sub_1565_0058600.log	DONE exit=20	200	True	1118461	0 0 0 0 0 0 0 0 0 0 0 1221 3992 9548 9349 4421 15 0 0 0 0 0 0 0 0 0 0 0 0
1565	sub_1565_0058800.log	DONE exit=20	200	True	514295	0 0 0 0 0 0 0 0 0 0 0 1188 3165 3962 3387 1842 428 102 0 0 0 0 0 0 0 0 0 0 0
1565	sub_1565_0059000.log	DONE exit=20	200	True	1342821	0 0 0 0 0 0 0 0 0 0 0 1253 4552 9650 13257 6703 960 59 0 0 0 0 0 0 0 0 0 0 0
1565	sub_1565_0059200.log	DONE exit=20	200	True	974772	0 0 0 0 0 0 0 0 0 0 0 1384 5285 10112 10165 3812 12 0 0 0 0 0 0 0 0 0 0 0 0
1565	sub_1565_0059400.log	DONE exit=20	200	True	438221	0 0 0 0 0 0 0 0 0 0 0 1157 4643 10369 10603 4389 522 22 0 0 0 0 0 0 0 0 0 0 0
1565	sub_1565_0059600.log	DONE exit=20	200	True	1244166	0 0 0 0 0 0 0 0 0 0 0 2214 10539 25123 30753 18054 4400 475 36 0 0 0 0 0 0 0 0 0 0
1565	sub_1565_0059800.log	DONE exit=20	200	True	154299	0 0 0 0 0 0 0 0 0 0 0 1408 2496 2656 2241 1134 329 62 3 0 0 0 0 0 0 0 0 0 0
1565	sub_1565_0060000.log	DONE exit=20	200	True	163600	0 0 0 0 0 0 0 0 0 0 0 1394 2979 3059 2152 973 285 40 0 0 0 0 0 0 0 0 0 0 0
1565	sub_1565_0060200.log	DONE exit=20	200	True	409335	0 0 0 0 0 0 0 0 0 0 0 1827 5754 9016 8774 5141 1652 216 4 0 0 0 0 0 0 0 0 0 0
1565	sub_1565_0060400.log	DONE exit=20	200	True	154729	0 0 0 0 0 0 0 0 0 0 0 1297 2782 2915 1827 645 81 1 0 0 0 0 0 0 0 0 0 0 0
1565	sub_1565_0060600.log	DONE exit=20	200	True	92922416	0 0 0 0 0 0 0 0 0 0 0 2863 24226 124918 435912 955716 1135026 453849 60000 20681 4253 0 0 0 0 0 0 0 0
1565	sub_1565_0060800.log	DONE exit=20	200	True	291757901	0 0 0 0 0 0 0 0 0 0 0 2952 23143 116072 415864 1081555 2217510 3749089 4640686 2442296 736136 0 0 0 0 0 0 0 0
1565	sub_1565_0061000.log	DONE exit=20	200	True	1061412	0 0 0 0 0 0 0 0 0 0 0 1749 6343 10548 8859 5029 2155 491 0 0 0 0 0 0 0 0 0 0 0
1565	sub_1565_0061200.log	DONE exit=20	200	True	4495215	0 0 0 0 0 0 0 0 0 0 0 1668 4614 7685 15029 33477 53333 47703 10444 5095 1428 0 0 0 0 0 0 0 0
1565	sub_1565_0061400.log	DONE exit=20	200	True	15059120	0 0 0 0 0 0 0 0 0 0 0 2083 10176 31972 69146 120574 148053 153176 45858 26738 7294 0 0 0 0 0 0 0 0
1565	sub_1565_0061600.log	DONE exit=20	200	True	17686772	0 0 0 0 0 0 0 0 0 0 0 1729 7142 20981 53106 120775 195775 180399 67273 38716 11336 0 0 0 0 0 0 0 0
1565	sub_1565_0061800.log	DONE exit=20	200	True	4420183	0 0 0 0 0 0 0 0 0 0 0 1735 6861 14509 22696 32385 34293 29571 886 179 29 0 0 0 0 0 0 0 0
1565	sub_1565_0062000.log	DONE exit=20	200	True	413217	0 0 0 0 0 0 0 0 0 0 0 902 1641 2200 3322 2952 1022 92 0 0 0 0 0 0 0 0 0 0 0
1565	sub_1565_0062200.log	DONE exit=20	200	True	57328	0 0 0 0 0 0 0 0 0 0 0 726 1046 735 330 58 3 0 0 0 0 0 0 0 0 0 0 0 0
1565	sub_1565_0062400.log	DONE exit=20	200	True	84831	0 0 0 0 0 0 0 0 0 0 0 883 1681 1435 636 191 3 0 0 0 0 0 0 0 0 0 0 0 0
1565	sub_1565_0062600.log	DONE exit=20	200	True	73261	0 0 0 0 0 0 0 0 0 0 0 754 1481 1307 258 5 0 0 0 0 0 0 0 0 0 0 0 0 0
1565	sub_1565_0062800.log	DONE exit=20	200	True	103115	0 0 0 0 0 0 0 0 0 0 0 718 1347 1067 398 18 0 0 0 0 0 0 0 0 0 0 0 0 0
1565	sub_1565_0063000.log	DONE exit=20	200	True	303239	0 0 0 0 0 0 0 0 0 0 0 827 1733 2154 2164 1479 70 0 0 0 0 0 0 0 0 0 0 0 0
1565	sub_1565_0063200.log	DONE exit=20	200	True	286407	0 0 0 0 0 0 0 0 0 0 0 933 1856 1919 2034 1339 10 0 0 0 0 0 0 0 0 0 0 0 0
1565	sub_1565_0063400.log	DONE exit=20	200	True	169874	0 0 0 0 0 0 0 0 0 0 0 1283 2948 2906 911 68 5 0 0 0 0 0 0 0 0 0 0 0 0
1565	sub_1565_0063600.log	DONE exit=20	200	True	300495	0 0 0 0 0 0 0 0 0 0 0 1324 4173 6585 5164 1988 491 73 0 0 0 0 0 0 0 0 0 0 0
1565	sub_1565_0063800.log	DONE exit=20	200	True	122636	0 0 0 0 0 0 0 0 0 0 0 899 1990 2873 1879 304 40 0 0 0 0 0 0 0 0 0 0 0 0
1565	sub_1565_0064000.log	DONE exit=20	200	True	730074	0 0 0 0 0 0 0 0 0 0 0 904 2766 4628 6267 5091 674 1 0 0 0 0 0 0 0 0 0 0 0
1565	sub_1565_0064200.log	DONE exit=20	200	True	155301	0 0 0 0 0 0 0 0 0 0 0 800 969 743 830 552 0 0 0 0 0 0 0 0 0 0 0 0 0
1565	sub_1565_0064400.log	DONE exit=20	200	True	551470	0 0 0 0 0 0 0 0 0 0 0 898 2374 3401 4893 3807 278 3 0 0 0 0 0 0 0 0 0 0 0
1565	sub_1565_0064600.log	DONE exit=20	200	True	91863	0 0 0 0 0 0 0 0 0 0 0 908 1377 977 344 49 2 0 0 0 0 0 0 0 0 0 0 0 0
1565	sub_1565_0064800.log	DONE exit=20	200	True	141080	0 0 0 0 0 0 0 0 0 0 0 1143 2597 2568 940 112 10 0 0 0 0 0 0 0 0 0 0 0 0
1565	sub_1565_0065000.log	DONE exit=20	200	True	32137	0 0 0 0 0 0 0 0 0 0 0 485 536 280 78 12 0 0 0 0 0 0 0 0 0 0 0 0 0
1565	sub_1565_0065200.log	DONE exit=20	200	True	142415	0 0 0 0 0 0 0 0 0 0 0 1109 2661 2790 948 114 3 0 0 0 0 0 0 0 0 0 0 0 0
1565	sub_1565_0065400.log	DONE exit=20	200	True	62526	0 0 0 0 0 0 0 0 0 0 0 711 1147 750 172 18 0 0 0 0 0 0 0 0 0 0 0 0 0
1565	sub_1565_0065600.log	DONE exit=20	200	True	3943846	0 0 0 0 0 0 0 0 0 0 0 1876 7707 18051 30463 38489 23243 4194 121 23 12 0 0 0 0 0 0 0 0
1565	sub_1565_0065800.log	DONE exit=20	200	True	8979611	0 0 0 0 0 0 0 0 0 0 0 1836 7873 19955 39599 72421 99242 75622 8517 1626 392 0 0 0 0 0 0 0 0
1565	sub_1565_0066000.log	DONE exit=20	200	True	14851201	0 0 0 0 0 0 0 0 0 0 0 2319 12775 38725 81122 126226 143162 98158 35400 13039 2541 0 0 0 0 0 0 0 0
1565	sub_1565_0066200.log	DONE exit=20	200	True	12029569	0 0 0 0 0 0 0 0 0 0 0 1749 8862 26288 53464 81211 108999 120520 97451 64006 19633 0 0 0 0 0 0 0 0
1565	sub_1565_0066400.log	DONE exit=20	200	True	3225526	0 0 0 0 0 0 0 0 0 0 0 1254 4311 10316 18953 25218 21957 11065 7347 1908 298 0 0 0 0 0 0 0 0
1565	sub_1565_0066600.log	DONE exit=20	200	True	156048	0 0 0 0 0 0 0 0 0 0 0 1171 2905 3289 1589 319 26 0 0 0 0 0 0 0 0 0 0 0 0
1565	sub_1565_0066800.log	DONE exit=20	200	True	127529	0 0 0 0 0 0 0 0 0 0 0 1077 2290 2317 1134 232 8 0 0 0 0 0 0 0 0 0 0 0 0
1565	sub_1565_0067000.log	DONE exit=20	200	True	63916	0 0 0 0 0 0 0 0 0 0 0 646 1104 918 409 50 0 0 0 0 0 0 0 0 0 0 0 0 0
1565	sub_1565_0067200.log	DONE exit=20	200	True	114924	0 0 0 0 0 0 0 0 0 0 0 958 1967 2002 936 175 13 0 0 0 0 0 0 0 0 0 0 0 0
1565	sub_1565_0067400.log	DONE exit=20	200	True	290881	0 0 0 0 0 0 0 0 0 0 0 893 2120 2637 1576 948 10 1 0 0 0 0 0 0 0 0 0 0 0
1565	sub_1565_0067600.log	DONE exit=20	200	True	1334314	0 0 0 0 0 0 0 0 0 0 0 1451 5170 10488 14148 9116 666 87 0 0 0 0 0 0 0 0 0 0 0
1565	sub_1565_0067800.log	DONE exit=20	200	True	3944919	0 0 0 0 0 0 0 0 0 0 0 1383 5582 14554 25829 29118 26544 24457 10540 3128 402 0 0 0 0 0 0 0 0
1565	sub_1565_0068000.log	DONE exit=20	200	True	142792	0 0 0 0 0 0 0 0 0 0 0 528 914 954 1027 759 0 0 0 0 0 0 0 0 0 0 0 0 0
1565	sub_1565_0068200.log	DONE exit=20	200	True	70555	0 0 0 0 0 0 0 0 0 0 0 631 986 900 520 202 19 0 0 0 0 0 0 0 0 0 0 0 0
1565	sub_1565_0068400.log	DONE exit=20	200	True	27902	0 0 0 0 0 0 0 0 0 0 0 464 405 177 48 10 0 0 0 0 0 0 0 0 0 0 0 0 0
1565	sub_1565_0068600.log	DONE exit=20	200	True	1870127	0 0 0 0 0 0 0 0 0 0 0 1190 4223 8301 10578 10722 13591 15017 4021 2108 221 0 0 0 0 0 0 0 0
1565	sub_1565_0068800.log	DONE exit=20	200	True	708764	0 0 0 0 0 0 0 0 0 0 0 768 1767 4060 7547 5971 364 0 0 0 0 0 0 0 0 0 0 0 0
1565	sub_1565_0069000.log	DONE exit=20	200	True	40675	0 0 0 0 0 0 0 0 0 0 0 504 610 428 123 6 0 0 0 0 0 0 0 0 0 0 0 0 0
1565	sub_1565_0069200.log	DONE exit=20	200	True	743758	0 0 0 0 0 0 0 0 0 0 0 869 2402 4973 7179 5520 236 0 0 0 0 0 0 0 0 0 0 0 0
1565	sub_1565_0069400.log	DONE exit=20	200	True	3001718	0 0 0 0 0 0 0 0 0 0 0 924 3233 9312 17153 18988 17032 18439 4694 2145 217 0 0 0 0 0 0 0 0
1565	sub_1565_0069600.log	DONE exit=20	200	True	2546229	0 0 0 0 0 0 0 0 0 0 0 1066 3257 6695 10672 12929 19449 23074 5524 2833 651 0 0 0 0 0 0 0 0
1565	sub_1565_0069800.log	DONE exit=20	200	True	1679784	0 0 0 0 0 0 0 0 0 0 0 992 3175 8723 17347 15469 3168 33 0 0 0 0 0 0 0 0 0 0 0
1565	sub_1565_0070000.log	DONE exit=20	200	True	6971607	0 0 0 0 0 0 0 0 0 0 0 941 2924 6533 14636 34712 72460 84676 27832 15714 3392 0 0 0 0 0 0 0 0
1565	sub_1565_0070200.log	DONE exit=20	200	True	1099090	0 0 0 0 0 0 0 0 0 0 0 1136 4032 9163 13100 9670 1860 118 12 0 0 0 0 0 0 0 0 0 0
1565	sub_1565_0070400.log	DONE exit=20	200	True	464756	0 0 0 0 0 0 0 0 0 0 0 1446 5307 9141 5949 990 114 8 0 0 0 0 0 0 0 0 0 0 0
1565	sub_1565_0070600.log	DONE exit=20	200	True	265963	0 0 0 0 0 0 0 0 0 0 0 1194 3805 5255 3509 1270 240 27 0 0 0 0 0 0 0 0 0 0 0
1565	sub_1565_0070800.log	DONE exit=20	200	True	52372	0 0 0 0 0 0 0 0 0 0 0 510 656 626 298 28 5 0 0 0 0 0 0 0 0 0 0 0 0
1565	sub_1565_0071000.log	DONE exit=20	200	True	252110	0 0 0 0 0 0 0 0 0 0 0 705 1182 1616 1968 2098 382 0 0 0 0 0 0 0 0 0 0 0 0
1565	sub_1565_0071200.log	DONE exit=20	200	True	232775	0 0 0 0 0 0 0 0 0 0 0 685 1198 1591 1755 1425 147 0 0 0 0 0 0 0 0 0 0 0 0
1565	sub_1565_0071400.log	DONE exit=20	200	True	54518	0 0 0 0 0 0 0 0 0 0 0 673 942 425 67 1 0 0 0 0 0 0 0 0 0 0 0 0 0
1565	sub_1565_0071600.log	DONE exit=20	200	True	55084	0 0 0 0 0 0 0 0 0 0 0 749 1036 441 67 1 0 0 0 0 0 0 0 0 0 0 0 0 0
1565	sub_1565_0071800.log	DONE exit=20	200	True	70552	0 0 0 0 0 0 0 0 0 0 0 781 1217 594 105 5 0 0 0 0 0 0 0 0 0 0 0 0 0
1565	sub_1565_0072000.log	DONE exit=20	200	True	393833	0 0 0 0 0 0 0 0 0 0 0 834 1784 2051 2749 2663 5 0 0 0 0 0 0 0 0 0 0 0 0
1565	sub_1565_0072200.log	DONE exit=20	200	True	405668	0 0 0 0 0 0 0 0 0 0 0 840 1763 2474 3266 2276 4 0 0 0 0 0 0 0 0 0 0 0 0
1565	sub_1565_0072400.log	DONE exit=20	200	True	130193	0 0 0 0 0 0 0 0 0 0 0 723 1147 927 470 268 0 0 0 0 0 0 0 0 0 0 0 0 0
1565	sub_1565_0072600.log	DONE exit=20	200	True	618396	0 0 0 0 0 0 0 0 0 0 0 996 2530 3825 4791 3760 147 0 0 0 0 0 0 0 0 0 0 0 0
1565	sub_1565_0072800.log	DONE exit=20	200	True	380141	0 0 0 0 0 0 0 0 0 0 0 836 1874 2524 3160 2148 7 0 0 0 0 0 0 0 0 0 0 0 0
1565	sub_1565_0073000.log	DONE exit=20	200	True	53798	0 0 0 0 0 0 0 0 0 0 0 537 836 571 132 21 0 0 0 0 0 0 0 0 0 0 0 0 0
1565	sub_1565_0073200.log	DONE exit=20	200	True	16993	0 0 0 0 0 0 0 0 0 0 0 306 234 71 2 0 0 0 0 0 0 0 0 0 0 0 0 0 0
1565	sub_1565_0073400.log	DONE exit=20	200	True	86921	0 0 0 0 0 0 0 0 0 0 0 1005 1658 822 128 4 0 0 0 0 0 0 0 0 0 0 0 0 0
1565	sub_1565_0073600.log	DONE exit=20	200	True	66794	0 0 0 0 0 0 0 0 0 0 0 813 1119 597 97 2 0 0 0 0 0 0 0 0 0 0 0 0 0
1565	sub_1565_0073800.log	DONE exit=20	200	True	2108724	0 0 0 0 0 0 0 0 0 0 0 2547 15258 42749 57475 40458 16228 3224 149 0 0 0 0 0 0 0 0 0 0
1565	sub_1565_0074000.log	DONE exit=20	200	True	702247	0 0 0 0 0 0 0 0 0 0 0 2042 8506 15390 11339 4485 1398 264 20 0 0 0 0 0 0 0 0 0 0
1565	sub_1565_0074200.log	DONE exit=20	200	True	449379	0 0 0 0 0 0 0 0 0 0 0 1580 5619 9033 7447 3197 469 20 0 0 0 0 0 0 0 0 0 0 0
1565	sub_1565_0074400.log	DONE exit=20	200	True	539832	0 0 0 0 0 0 0 0 0 0 0 1510 5847 11090 9629 4427 1305 169 0 0 0 0 0 0 0 0 0 0 0
1565	sub_1565_0074600.log	DONE exit=20	200	True	392780	0 0 0 0 0 0 0 0 0 0 0 1601 5648 8121 4356 1233 107 0 0 0 0 0 0 0 0 0 0 0 0
1565	sub_1565_0074800.log	DONE exit=20	200	True	113610	0 0 0 0 0 0 0 0 0 0 0 917 1775 1545 792 241 17 1 0 0 0 0 0 0 0 0 0 0 0
1565	sub_1565_0075000.log	DONE exit=20	200	True	95449	0 0 0 0 0 0 0 0 0 0 0 868 1570 1319 363 25 1 0 0 0 0 0 0 0 0 0 0 0 0
1565	sub_1565_0075200.log	DONE exit=20	200	True	51286	0 0 0 0 0 0 0 0 0 0 0 688 919 559 73 1 0 0 0 0 0 0 0 0 0 0 0 0 0
1565	sub_1565_0075400.log	DONE exit=20	200	True	120882	0 0 0 0 0 0 0 0 0 0 0 1203 2914 3017 999 95 0 0 0 0 0 0 0 0 0 0 0 0 0
1565	sub_1565_0075600.log	DONE exit=20	200	True	83029	0 0 0 0 0 0 0 0 0 0 0 988 1592 835 147 7 0 0 0 0 0 0 0 0 0 0 0 0 0
1565	sub_1565_0075800.log	DONE exit=20	200	True	60826	0 0 0 0 0 0 0 0 0 0 0 811 1053 527 66 3 0 0 0 0 0 0 0 0 0 0 0 0 0
1565	sub_1565_0076000.log	DONE exit=20	200	True	148476	0 0 0 0 0 0 0 0 0 0 0 1159 2995 3954 2150 439 10 0 0 0 0 0 0 0 0 0 0 0 0
1565	sub_1565_0076200.log	DONE exit=20	200	True	57699	0 0 0 0 0 0 0 0 0 0 0 941 1371 734 195 22 1 0 0 0 0 0 0 0 0 0 0 0 0
1565	sub_1565_0076400.log	DONE exit=20	200	True	70935	0 0 0 0 0 0 0 0 0 0 0 904 1534 1179 361 51 1 0 0 0 0 0 0 0 0 0 0 0 0
1565	sub_1565_0076600.log	DONE exit=20	200	True	398084	0 0 0 0 0 0 0 0 0 0 0 1373 4701 8373 7912 2915 193 0 0 0 0 0 0 0 0 0 0 0 0
1565	sub_1565_0076800.log	DONE exit=20	200	True	67242	0 0 0 0 0 0 0 0 0 0 0 818 1205 546 65 2 0 0 0 0 0 0 0 0 0 0 0 0 0
1565	sub_1565_0077000.log	DONE exit=20	200	True	43810	0 0 0 0 0 0 0 0 0 0 0 635 695 368 50 0 0 0 0 0 0 0 0 0 0 0 0 0 0
1565	sub_1565_0077200.log	DONE exit=20	200	True	46064	0 0 0 0 0 0 0 0 0 0 0 608 791 356 46 1 0 0 0 0 0 0 0 0 0 0 0 0 0
1565	sub_1565_0077400.log	DONE exit=20	200	True	71001	0 0 0 0 0 0 0 0 0 0 0 668 1069 802 186 18 1 0 0 0 0 0 0 0 0 0 0 0 0
1565	sub_1565_0077600.log	DONE exit=20	200	True	27143	0 0 0 0 0 0 0 0 0 0 0 374 338 98 8 0 0 0 0 0 0 0 0 0 0 0 0 0 0
1565	sub_1565_0077800.log	DONE exit=20	200	True	20389	0 0 0 0 0 0 0 0 0 0 0 283 215 75 2 0 0 0 0 0 0 0 0 0 0 0 0 0 0
1565	sub_1565_0078000.log	DONE exit=20	200	True	27887	0 0 0 0 0 0 0 0 0 0 0 433 333 111 19 0 0 0 0 0 0 0 0 0 0 0 0 0 0
1565	sub_1565_0078200.log	DONE exit=20	200	True	38477	0 0 0 0 0 0 0 0 0 0 0 492 527 306 27 0 0 0 0 0 0 0 0 0 0 0 0 0 0
1565	sub_1565_0078400.log	DONE exit=20	200	True	50713	0 0 0 0 0 0 0 0 0 0 0 652 859 459 38 0 0 0 0 0 0 0 0 0 0 0 0 0 0
1565	sub_1565_0078600.log	DONE exit=20	200	True	360980	0 0 0 0 0 0 0 0 0 0 0 1161 3379 5425 5346 2968 827 40 0 0 0 0 0 0 0 0 0 0 0
1565	sub_1565_0078800.log	DONE exit=20	200	True	65328	0 0 0 0 0 0 0 0 0 0 0 689 1126 878 184 21 1 0 0 0 0 0 0 0 0 0 0 0 0
1565	sub_1565_0079000.log	DONE exit=20	200	True	107166	0 0 0 0 0 0 0 0 0 0 0 890 1747 1490 604 68 0 0 0 0 0 0 0 0 0 0 0 0 0
1565	sub_1565_0079200.log	DONE exit=20	200	True	26363	0 0 0 0 0 0 0 0 0 0 0 271 242 187 33 0 0 0 0 0 0 0 0 0 0 0 0 0 0
1565	sub_1565_0079400.log	DONE exit=20	200	True	15773	0 0 0 0 0 0 0 0 0 0 0 232 81 4 0 0 0 0 0 0 0 0 0 0 0 0 0 0 0
1565	sub_1565_0079600.log	DONE exit=20	200	True	24998	0 0 0 0 0 0 0 0 0 0 0 335 276 127 39 0 0 0 0 0 0 0 0 0 0 0 0 0 0
1565	sub_1565_0079800.log	DONE exit=20	200	True	62476	0 0 0 0 0 0 0 0 0 0 0 649 897 764 220 13 0 0 0 0 0 0 0 0 0 0 0 0 0
1565	sub_1565_0080000.log	DONE exit=20	200	True	39671	0 0 0 0 0 0 0 0 0 0 0 555 612 221 29 0 0 0 0 0 0 0 0 0 0 0 0 0 0
1565	sub_1565_0080200.log	DONE exit=20	200	True	31417	0 0 0 0 0 0 0 0 0 0 0 319 336 271 40 0 0 0 0 0 0 0 0 0 0 0 0 0 0
1565	sub_1565_0080400.log	DONE exit=20	200	True	15626	0 0 0 0 0 0 0 0 0 0 0 288 123 20 2 0 0 0 0 0 0 0 0 0 0 0 0 0 0
1565	sub_1565_0080600.log	DONE exit=20	200	True	21818	0 0 0 0 0 0 0 0 0 0 0 452 281 64 6 0 0 0 0 0 0 0 0 0 0 0 0 0 0
1565	sub_1565_0080800.log	DONE exit=20	200	True	130065	0 0 0 0 0 0 0 0 0 0 0 1152 2282 1572 342 30 0 0 0 0 0 0 0 0 0 0 0 0 0
1565	sub_1565_0081000.log	DONE exit=20	200	True	132934	0 0 0 0 0 0 0 0 0 0 0 1016 2174 1889 597 28 0 0 0 0 0 0 0 0 0 0 0 0 0
1565	sub_1565_0081200.log	DONE exit=20	200	True	70785	0 0 0 0 0 0 0 0 0 0 0 798 1226 662 90 3 0 0 0 0 0 0 0 0 0 0 0 0 0
1565	sub_1565_0081400.log	DONE exit=20	200	True	317624	0 0 0 0 0 0 0 0 0 0 0 819 1872 3018 1521 482 0 0 0 0 0 0 0 0 0 0 0 0 0
1565	sub_1565_0081600.log	DONE exit=20	200	True	651447	0 0 0 0 0 0 0 0 0 0 0 1325 4145 6154 4717 1836 0 0 0 0 0 0 0 0 0 0 0 0 0
1565	sub_1565_0081800.log	DONE exit=20	200	True	450381	0 0 0 0 0 0 0 0 0 0 0 1295 3698 4293 2360 421 0 0 0 0 0 0 0 0 0 0 0 0 0
1565	sub_1565_0082000.log	DONE exit=20	200	True	65145	0 0 0 0 0 0 0 0 0 0 0 468 657 402 119 81 0 0 0 0 0 0 0 0 0 0 0 0 0
1565	sub_1565_0082200.log	DONE exit=20	200	True	101497	0 0 0 0 0 0 0 0 0 0 0 932 1686 818 162 5 0 0 0 0 0 0 0 0 0 0 0 0 0
1565	sub_1565_0082400.log	DONE exit=20	200	True	351779	0 0 0 0 0 0 0 0 0 0 0 915 1775 2493 2345 1738 5 0 0 0 0 0 0 0 0 0 0 0 0
1565	sub_1565_0082600.log	DONE exit=20	200	True	1329381	0 0 0 0 0 0 0 0 0 0 0 1266 4130 6584 9087 10464 6368 2199 658 322 63 0 0 0 0 0 0 0 0
1565	sub_1565_0082800.log	DONE exit=20	200	True	401649	0 0 0 0 0 0 0 0 0 0 0 631 1625 2156 2787 2958 355 0 0 0 0 0 0 0 0 0 0 0 0
1565	sub_1565_0083000.log	DONE exit=20	200	True	524520	0 0 0 0 0 0 0 0 0 0 0 674 1853 3210 4335 2713 45 0 0 0 0 0 0 0 0 0 0 0 0
1565	sub_1565_0083200.log	DONE exit=20	200	True	385939	0 0 0 0 0 0 0 0 0 0 0 667 1514 2629 3304 1948 49 0 0 0 0 0 0 0 0 0 0 0 0
1565	sub_1565_0083400.log	DONE exit=20	200	True	24697	0 0 0 0 0 0 0 0 0 0 0 316 203 94 14 0 0 0 0 0 0 0 0 0 0 0 0 0 0
1565	sub_1565_0083600.log	DONE exit=20	200	True	284073	0 0 0 0 0 0 0 0 0 0 0 799 1560 2154 2469 959 4 0 0 0 0 0 0 0 0 0 0 0 0
1565	sub_1565_0083800.log	DONE exit=20	200	True	732697	0 0 0 0 0 0 0 0 0 0 0 1026 2790 5179 6623 5274 469 12 0 0 0 0 0 0 0 0 0 0 0
1565	sub_1565_0084000.log	DONE exit=20	200	True	220081	0 0 0 0 0 0 0 0 0 0 0 748 1299 1758 1758 1416 195 7 0 0 0 0 0 0 0 0 0 0 0
1565	sub_1565_0084200.log	DONE exit=20	200	True	24557	0 0 0 0 0 0 0 0 0 0 0 278 137 15 0 0 0 0 0 0 0 0 0 0 0 0 0 0 0
1565	sub_1565_0084400.log	DONE exit=20	200	True	46669	0 0 0 0 0 0 0 0 0 0 0 396 304 146 98 47 0 0 0 0 0 0 0 0 0 0 0 0 0
1565	sub_1565_0084600.log	DONE exit=20	200	True	42176	0 0 0 0 0 0 0 0 0 0 0 396 344 154 77 35 0 0 0 0 0 0 0 0 0 0 0 0 0
1565	sub_1565_0084800.log	DONE exit=20	200	True	78660	0 0 0 0 0 0 0 0 0 0 0 689 1178 964 400 71 3 0 0 0 0 0 0 0 0 0 0 0 0
1565	sub_1565_0085000.log	DONE exit=20	200	True	33292	0 0 0 0 0 0 0 0 0 0 0 436 431 119 8 0 0 0 0 0 0 0 0 0 0 0 0 0 0
1565	sub_1565_0085200.log	DONE exit=20	200	True	158971	0 0 0 0 0 0 0 0 0 0 0 909 2035 2620 1096 247 17 0 0 0 0 0 0 0 0 0 0 0 0
1565	sub_1565_0085400.log	DONE exit=20	200	True	67077	0 0 0 0 0 0 0 0 0 0 0 718 987 710 289 32 0 0 0 0 0 0 0 0 0 0 0 0 0
1565	sub_1565_0085600.log	DONE exit=20	200	True	54184	0 0 0 0 0 0 0 0 0 0 0 438 596 545 235 12 0 0 0 0 0 0 0 0 0 0 0 0 0
1565	sub_1565_0085800.log	DONE exit=20	200	True	307348	0 0 0 0 0 0 0 0 0 0 0 946 2164 2975 2391 845 8 0 0 0 0 0 0 0 0 0 0 0 0
1565	sub_1565_0086000.log	DONE exit=20	200	True	202304	0 0 0 0 0 0 0 0 0 0 0 732 1318 1976 1458 1047 156 0 0 0 0 0 0 0 0 0 0 0 0
1565	sub_1565_0086200.log	DONE exit=20	200	True	184207	0 0 0 0 0 0 0 0 0 0 0 888 1670 2022 843 352 1 1 0 0 0 0 0 0 0 0 0 0 0
1565	sub_1565_0086400.log	DONE exit=20	200	True	186613	0 0 0 0 0 0 0 0 0 0 0 858 1666 1455 856 353 3 1 0 0 0 0 0 0 0 0 0 0 0
1565	sub_1565_0086600.log	DONE exit=20	200	True	1775931	0 0 0 0 0 0 0 0 0 0 0 1479 5378 11347 17067 16081 7024 1226 0 0 0 0 0 0 0 0 0 0 0
1565	sub_1565_0086800.log	DONE exit=20	200	True	1391733	0 0 0 0 0 0 0 0 0 0 0 1374 5279 12054 16658 11254 1002 30 0 0 0 0 0 0 0 0 0 0 0
1565	sub_1565_0087000.log	DONE exit=20	200	True	193167	0 0 0 0 0 0 0 0 0 0 0 993 2464 3035 1426 169 0 0 0 0 0 0 0 0 0 0 0 0 0
1565	sub_1565_0087200.log	DONE exit=20	200	True	786678	0 0 0 0 0 0 0 0 0 0 0 1232 3873 7344 7742 4419 669 6 0 0 0 0 0 0 0 0 0 0 0
1565	sub_1565_0087400.log	DONE exit=20	200	True	221601	0 0 0 0 0 0 0 0 0 0 0 502 686 1023 1688 1923 671 0 0 0 0 0 0 0 0 0 0 0 0
1565	sub_1565_0087600.log	DONE exit=20	200	True	1036667	0 0 0 0 0 0 0 0 0 0 0 909 2523 6207 9951 7736 1617 11 0 0 0 0 0 0 0 0 0 0 0
1565	sub_1565_0087800.log	DONE exit=20	200	True	118005	0 0 0 0 0 0 0 0 0 0 0 596 831 909 733 389 4 0 0 0 0 0 0 0 0 0 0 0 0
1565	sub_1565_0088000.log	DONE exit=20	200	True	382116	0 0 0 0 0 0 0 0 0 0 0 493 1011 2655 2995 1665 17 0 0 0 0 0 0 0 0 0 0 0 0
1565	sub_1565_0088200.log	DONE exit=20	200	True	629476	0 0 0 0 0 0 0 0 0 0 0 780 1846 3699 5835 4970 1310 5 0 0 0 0 0 0 0 0 0 0 0
1565	sub_1565_0088400.log	DONE exit=20	200	True	117578	0 0 0 0 0 0 0 0 0 0 0 912 1673 1533 222 6 0 0 0 0 0 0 0 0 0 0 0 0 0
1565	sub_1565_0088600.log	DONE exit=20	200	True	235393	0 0 0 0 0 0 0 0 0 0 0 858 1456 1691 1811 1294 82 0 0 0 0 0 0 0 0 0 0 0 0
1565	sub_1565_0088800.log	DONE exit=20	200	True	60138	0 0 0 0 0 0 0 0 0 0 0 831 1119 582 140 13 0 0 0 0 0 0 0 0 0 0 0 0 0
1565	sub_1565_0089000.log	DONE exit=20	200	True	52388	0 0 0 0 0 0 0 0 0 0 0 767 930 535 137 19 2 0 0 0 0 0 0 0 0 0 0 0 0
1565	sub_1565_0089200.log	DONE exit=20	200	True	26035	0 0 0 0 0 0 0 0 0 0 0 574 384 105 8 0 0 0 0 0 0 0 0 0 0 0 0 0 0
1565	sub_1565_0089400.log	DONE exit=20	200	True	352141	0 0 0 0 0 0 0 0 0 0 0 1490 5994 8950 6497 2536 290 2 0 0 0 0 0 0 0 0 0 0 0
1565	sub_1565_0089600.log	DONE exit=20	200	True	737918	0 0 0 0 0 0 0 0 0 0 0 2002 8659 17235 16183 7458 1598 148 8 0 0 0 0 0 0 0 0 0 0
1565	sub_1565_0089800.log	DONE exit=20	200	True	167260	0 0 0 0 0 0 0 0 0 0 0 1255 3060 3301 1497 395 93 8 0 0 0 0 0 0 0 0 0 0 0
1565	sub_1565_0090000.log	DONE exit=20	200	True	132443	0 0 0 0 0 0 0 0 0 0 0 1307 2656 2524 1243 246 43 9 0 0 0 0 0 0 0 0 0 0 0
1565	sub_1565_0090200.log	DONE exit=20	200	True	209362	0 0 0 0 0 0 0 0 0 0 0 1597 3976 4350 2382 615 126 12 0 0 0 0 0 0 0 0 0 0 0
1565	sub_1565_0090400.log	DONE exit=20	200	True	284688	0 0 0 0 0 0 0 0 0 0 0 1598 4583 6061 4327 1599 468 105 10 0 0 0 0 0 0 0 0 0 0
1565	sub_1565_0090600.log	DONE exit=20	200	True	69844	0 0 0 0 0 0 0 0 0 0 0 871 1562 1164 490 94 4 0 0 0 0 0 0 0 0 0 0 0 0
1565	sub_1565_0090800.log	DONE exit=20	200	True	69454	0 0 0 0 0 0 0 0 0 0 0 795 1201 733 125 1 0 0 0 0 0 0 0 0 0 0 0 0 0
1565	sub_1565_0091000.log	DONE exit=20	200	True	1418359	0 0 0 0 0 0 0 0 0 0 0 1952 10974 30728 38643 20412 3820 206 0 0 0 0 0 0 0 0 0 0 0
1565	sub_1565_0091200.log	DONE exit=20	200	True	510162	0 0 0 0 0 0 0 0 0 0 0 1780 6371 9740 6210 1676 249 22 0 0 0 0 0 0 0 0 0 0 0
1565	sub_1565_0091400.log	DONE exit=20	200	True	437643	0 0 0 0 0 0 0 0 0 0 0 1438 5141 8417 5380 1021 83 1 0 0 0 0 0 0 0 0 0 0 0
1565	sub_1565_0091600.log	DONE exit=20	200	True	758245	0 0 0 0 0 0 0 0 0 0 0 1639 6760 13744 13471 5483 697 25 0 0 0 0 0 0 0 0 0 0 0
1565	sub_1565_0091800.log	DONE exit=20	200	True	415198	0 0 0 0 0 0 0 0 0 0 0 1383 4487 7327 5557 2206 883 120 0 0 0 0 0 0 0 0 0 0 0
1565	sub_1565_0092000.log	DONE exit=20	200	True	137894	0 0 0 0 0 0 0 0 0 0 0 1155 2648 2479 901 112 5 0 0 0 0 0 0 0 0 0 0 0 0
1565	sub_1565_0092200.log	DONE exit=20	200	True	160286	0 0 0 0 0 0 0 0 0 0 0 1186 2774 2628 991 121 2 0 0 0 0 0 0 0 0 0 0 0 0
1565	sub_1565_0092400.log	DONE exit=20	200	True	361214	0 0 0 0 0 0 0 0 0 0 0 1384 5077 9492 9075 3961 630 54 1 0 0 0 0 0 0 0 0 0 0
1565	sub_1565_0092600.log	DONE exit=20	200	True	363471	0 0 0 0 0 0 0 0 0 0 0 1612 5152 7270 3125 221 3 0 0 0 0 0 0 0 0 0 0 0 0
1565	sub_1565_0092800.log	DONE exit=20	200	True	529014	0 0 0 0 0 0 0 0 0 0 0 1668 6465 11061 7341 1157 36 0 0 0 0 0 0 0 0 0 0 0 0
1565	sub_1565_0093000.log	DONE exit=20	200	True	501220	0 0 0 0 0 0 0 0 0 0 0 1740 6618 10573 6304 742 27 0 0 0 0 0 0 0 0 0 0 0 0
1565	sub_1565_0093200.log	DONE exit=20	200	True	338641	0 0 0 0 0 0 0 0 0 0 0 1462 4686 6626 3273 221 7 1 0 0 0 0 0 0 0 0 0 0 0
1565	sub_1565_0093400.log	DONE exit=20	200	True	32681	0 0 0 0 0 0 0 0 0 0 0 562 449 138 39 2 0 0 0 0 0 0 0 0 0 0 0 0 0
1565	sub_1565_0093600.log	DONE exit=20	200	True	85310	0 0 0 0 0 0 0 0 0 0 0 858 1572 844 230 19 1 0 0 0 0 0 0 0 0 0 0 0 0
1565	sub_1565_0093800.log	DONE exit=20	200	True	49341	0 0 0 0 0 0 0 0 0 0 0 725 759 269 30 0 0 0 0 0 0 0 0 0 0 0 0 0 0
1565	sub_1565_0094000.log	DONE exit=20	200	True	117112	0 0 0 0 0 0 0 0 0 0 0 939 2039 1794 769 58 2 0 0 0 0 0 0 0 0 0 0 0 0
1565	sub_1565_0094200.log	DONE exit=20	200	True	73361	0 0 0 0 0 0 0 0 0 0 0 771 1204 820 343 14 0 0 0 0 0 0 0 0 0 0 0 0 0
1565	sub_1565_0094400.log	DONE exit=20	200	True	173797	0 0 0 0 0 0 0 0 0 0 0 1122 2847 2816 1461 92 0 0 0 0 0 0 0 0 0 0 0 0 0
1565	sub_1565_0094600.log	DONE exit=20	200	True	38165	0 0 0 0 0 0 0 0 0 0 0 721 637 149 4 0 0 0 0 0 0 0 0 0 0 0 0 0 0
1565	sub_1565_0094800.log	DONE exit=20	200	True	81414	0 0 0 0 0 0 0 0 0 0 0 941 1826 1314 373 42 1 0 0 0 0 0 0 0 0 0 0 0 0
1565	sub_1565_0095000.log	DONE exit=20	200	True	31803	0 0 0 0 0 0 0 0 0 0 0 479 477 155 11 0 0 0 0 0 0 0 0 0 0 0 0 0 0
1565	sub_1565_0095200.log	DONE exit=20	200	True	51946	0 0 0 0 0 0 0 0 0 0 0 683 850 427 86 2 0 0 0 0 0 0 0 0 0 0 0 0 0
1565	sub_1565_0095400.log	DONE exit=20	200	True	74958	0 0 0 0 0 0 0 0 0 0 0 674 1078 882 422 67 0 0 0 0 0 0 0 0 0 0 0 0 0
1565	sub_1565_0095600.log	DONE exit=20	200	True	49682	0 0 0 0 0 0 0 0 0 0 0 637 820 536 227 64 0 0 0 0 0 0 0 0 0 0 0 0 0
1565	sub_1565_0095800.log	DONE exit=20	200	True	97169	0 0 0 0 0 0 0 0 0 0 0 871 1591 1315 624 148 1 0 0 0 0 0 0 0 0 0 0 0 0
1565	sub_1565_0096000.log	DONE exit=20	200	True	35776	0 0 0 0 0 0 0 0 0 0 0 448 412 182 24 0 0 0 0 0 0 0 0 0 0 0 0 0 0
1565	sub_1565_0096200.log	DONE exit=20	200	True	52260	0 0 0 0 0 0 0 0 0 0 0 614 682 410 130 4 0 0 0 0 0 0 0 0 0 0 0 0 0
1565	sub_1565_0096400.log	DONE exit=20	200	True	28103	0 0 0 0 0 0 0 0 0 0 0 419 331 121 16 1 0 0 0 0 0 0 0 0 0 0 0 0 0
1565	sub_1565_0096600.log	DONE exit=20	200	True	120993	0 0 0 0 0 0 0 0 0 0 0 843 1737 1890 1078 291 26 0 0 0 0 0 0 0 0 0 0 0 0
1565	sub_1565_0096800.log	DONE exit=20	200	True	114769	0 0 0 0 0 0 0 0 0 0 0 833 1613 1856 1003 290 119 10 0 0 0 0 0 0 0 0 0 0 0
1565	sub_1565_0097000.log	DONE exit=20	200	True	40514	0 0 0 0 0 0 0 0 0 0 0 477 455 203 23 0 0 0 0 0 0 0 0 0 0 0 0 0 0
1565	sub_1565_0097200.log	DONE exit=20	200	True	53852	0 0 0 0 0 0 0 0 0 0 0 671 921 497 104 6 0 0 0 0 0 0 0 0 0 0 0 0 0
1565	sub_1565_0097400.log	DONE exit=20	200	True	156469	0 0 0 0 0 0 0 0 0 0 0 1148 2732 2653 1062 152 11 0 0 0 0 0 0 0 0 0 0 0 0
1565	sub_1565_0097600.log	DONE exit=20	200	True	137093	0 0 0 0 0 0 0 0 0 0 0 925 2159 2394 1265 303 107 10 0 0 0 0 0 0 0 0 0 0 0
1565	sub_1565_0097800.log	DONE exit=20	200	True	50145	0 0 0 0 0 0 0 0 0 0 0 585 693 247 18 0 0 0 0 0 0 0 0 0 0 0 0 0 0
1565	sub_1565_0098000.log	DONE exit=20	200	True	58761	0 0 0 0 0 0 0 0 0 0 0 633 818 370 128 16 0 0 0 0 0 0 0 0 0 0 0 0 0
1565	sub_1565_0098200.log	DONE exit=20	200	True	26446	0 0 0 0 0 0 0 0 0 0 0 451 332 73 3 0 0 0 0 0 0 0 0 0 0 0 0 0 0
1565	sub_1565_0098400.log	DONE exit=20	200	True	53473	0 0 0 0 0 0 0 0 0 0 0 704 970 475 80 4 0 0 0 0 0 0 0 0 0 0 0 0 0
1565	sub_1565_0098600.log	DONE exit=20	200	True	152548	0 0 0 0 0 0 0 0 0 0 0 972 2204 2501 1206 178 7 0 0 0 0 0 0 0 0 0 0 0 0
1565	sub_1565_0098800.log	DONE exit=20	200	True	69306	0 0 0 0 0 0 0 0 0 0 0 819 1320 822 198 22 0 0 0 0 0 0 0 0 0 0 0 0 0
1565	sub_1565_0099000.log	DONE exit=20	200	True	267920	0 0 0 0 0 0 0 0 0 0 0 1183 3465 5096 3737 979 44 0 0 0 0 0 0 0 0 0 0 0 0
1565	sub_1565_0099200.log	DONE exit=20	200	True	44971	0 0 0 0 0 0 0 0 0 0 0 619 739 278 25 0 0 0 0 0 0 0 0 0 0 0 0 0 0
1565	sub_1565_0099400.log	DONE exit=20	200	True	93257	0 0 0 0 0 0 0 0 0 0 0 865 1501 1158 329 35 0 0 0 0 0 0 0 0 0 0 0 0 0
1565	sub_1565_0099600.log	DONE exit=20	200	True	247846	0 0 0 0 0 0 0 0 0 0 0 1014 2723 4246 2947 463 9 0 0 0 0 0 0 0 0 0 0 0 0
1565	sub_1565_0099800.log	DONE exit=20	200	True	64835	0 0 0 0 0 0 0 0 0 0 0 580 788 774 129 7 0 0 0 0 0 0 0 0 0 0 0 0 0
1565	sub_1565_0100000.log	DONE exit=20	200	True	88450	0 0 0 0 0 0 0 0 0 0 0 798 1440 1025 365 51 4 0 0 0 0 0 0 0 0 0 0 0 0
1565	sub_1565_0100200.log	DONE exit=20	200	True	447722	0 0 0 0 0 0 0 0 0 0 0 1566 5034 8499 6034 1145 57 1 0 0 0 0 0 0 0 0 0 0 0
1565	sub_1565_0100400.log	DONE exit=20	200	True	152196	0 0 0 0 0 0 0 0 0 0 0 845 1802 2470 1606 278 6 0 0 0 0 0 0 0 0 0 0 0 0
1565	sub_1565_0100600.log	DONE exit=20	200	True	92559	0 0 0 0 0 0 0 0 0 0 0 759 1353 1080 388 92 9 0 0 0 0 0 0 0 0 0 0 0 0
1565	sub_1565_0100800.log	DONE exit=20	200	True	246957	0 0 0 0 0 0 0 0 0 0 0 1251 3483 4982 2966 758 201 29 0 0 0 0 0 0 0 0 0 0 0
1565	sub_1565_0101000.log	DONE exit=20	200	True	261478	0 0 0 0 0 0 0 0 0 0 0 1256 3792 5150 2946 853 249 33 1 0 0 0 0 0 0 0 0 0 0
1565	sub_1565_0101200.log	DONE exit=20	200	True	178861	0 0 0 0 0 0 0 0 0 0 0 1035 2364 3092 1813 177 3 0 0 0 0 0 0 0 0 0 0 0 0
1565	sub_1565_0101400.log	DONE exit=20	200	True	73260	0 0 0 0 0 0 0 0 0 0 0 640 988 1069 545 43 2 0 0 0 0 0 0 0 0 0 0 0 0
1565	sub_1565_0101600.log	DONE exit=20	200	True	121483	0 0 0 0 0 0 0 0 0 0 0 947 2013 1890 789 176 34 0 0 0 0 0 0 0 0 0 0 0 0
1565	sub_1565_0101800.log	DONE exit=20	200	True	188621	0 0 0 0 0 0 0 0 0 0 0 1084 2714 3019 1349 144 5 0 0 0 0 0 0 0 0 0 0 0 0
1565	sub_1565_0102000.log	DONE exit=20	200	True	533376	0 0 0 0 0 0 0 0 0 0 0 1852 6938 11305 8609 3088 604 63 0 0 0 0 0 0 0 0 0 0 0
1565	sub_1565_0102200.log	DONE exit=20	200	True	189285	0 0 0 0 0 0 0 0 0 0 0 1001 2488 3226 2418 537 42 0 0 0 0 0 0 0 0 0 0 0 0
1565	sub_1565_0102400.log	DONE exit=20	200	True	116320	0 0 0 0 0 0 0 0 0 0 0 686 1419 1938 1634 368 21 1 0 0 0 0 0 0 0 0 0 0 0
1565	sub_1565_0102600.log	DONE exit=20	200	True	153342	0 0 0 0 0 0 0 0 0 0 0 990 2257 2373 998 117 2 0 0 0 0 0 0 0 0 0 0 0 0
1565	sub_1565_0102800.log	DONE exit=20	200	True	58515	0 0 0 0 0 0 0 0 0 0 0 666 859 561 148 11 0 0 0 0 0 0 0 0 0 0 0 0 0
1565	sub_1565_0103000.log	DONE exit=20	200	True	100229	0 0 0 0 0 0 0 0 0 0 0 753 1557 1523 467 82 7 0 0 0 0 0 0 0 0 0 0 0 0
1565	sub_1565_0103200.log	DONE exit=20	200	True	75013	0 0 0 0 0 0 0 0 0 0 0 563 992 969 531 82 3 0 0 0 0 0 0 0 0 0 0 0 0
1565	sub_1565_0103400.log	DONE exit=20	200	True	71056	0 0 0 0 0 0 0 0 0 0 0 827 1425 1066 341 32 2 0 0 0 0 0 0 0 0 0 0 0 0
1565	sub_1565_0103600.log	DONE exit=20	200	True	85259	0 0 0 0 0 0 0 0 0 0 0 939 1690 1270 402 54 0 0 0 0 0 0 0 0 0 0 0 0 0
1565	sub_1565_0103800.log	DONE exit=20	200	True	83479	0 0 0 0 0 0 0 0 0 0 0 963 1706 1221 309 29 0 0 0 0 0 0 0 0 0 0 0 0 0
1565	sub_1565_0104000.log	DONE exit=20	200	True	66667	0 0 0 0 0 0 0 0 0 0 0 813 1283 962 243 25 1 0 0 0 0 0 0 0 0 0 0 0 0
1565	sub_1565_0104200.log	DONE exit=20	200	True	63020	0 0 0 0 0 0 0 0 0 0 0 758 1255 1008 452 103 18 2 0 0 0 0 0 0 0 0 0 0 0
1565	sub_1565_0104400.log	DONE exit=20	200	True	1064217	0 0 0 0 0 0 0 0 0 0 0 2155 10671 25250 29975 17910 6108 663 9 0 0 0 0 0 0 0 0 0 0
1565	sub_1565_0104600.log	DONE exit=20	200	True	827088	0 0 0 0 0 0 0 0 0 0 0 1844 9035 22104 25228 13033 2672 245 1 0 0 0 0 0 0 0 0 0 0
1565	sub_1565_0104800.log	DONE exit=20	200	True	654205	0 0 0 0 0 0 0 0 0 0 0 1806 8293 18386 18743 7621 971 33 0 0 0 0 0 0 0 0 0 0 0
1565	sub_1565_0105000.log	DONE exit=20	200	True	965602	0 0 0 0 0 0 0 0 0 0 0 1966 9918 24702 30250 16326 3919 437 0 0 0 0 0 0 0 0 0 0 0
1565	sub_1565_0105200.log	DONE exit=20	200	True	336659	0 0 0 0 0 0 0 0 0 0 0 1733 6141 8987 5637 1318 108 2 0 0 0 0 0 0 0 0 0 0 0
1565	sub_1565_0105400.log	DONE exit=20	200	True	595803	0 0 0 0 0 0 0 0 0 0 0 2208 9249 16068 12293 4614 637 8 0 0 0 0 0 0 0 0 0 0 0
1565	sub_1565_0105600.log	DONE exit=20	200	True	935022	0 0 0 0 0 0 0 0 0 0 0 2162 10971 25863 29363 14255 1984 11 0 0 0 0 0 0 0 0 0 0 0
1565	sub_1565_0105800.log	DONE exit=20	200	True	784646	0 0 0 0 0 0 0 0 0 0 0 2251 10788 22396 22554 8501 1228 13 0 0 0 0 0 0 0 0 0 0 0
1565	sub_1565_0106000.log	DONE exit=20	200	True	357387	0 0 0 0 0 0 0 0 0 0 0 1359 5266 9685 7896 2647 428 42 1 0 0 0 0 0 0 0 0 0 0
1565	sub_1565_0106200.log	DONE exit=20	200	True	367858	0 0 0 0 0 0 0 0 0 0 0 1682 6304 10148 6514 1372 118 8 0 0 0 0 0 0 0 0 0 0 0
1565	sub_1565_0106400.log	DONE exit=20	200	True	445045	0 0 0 0 0 0 0 0 0 0 0 1609 6118 10491 7463 1986 171 3 0 0 0 0 0 0 0 0 0 0 0
1565	sub_1565_0106600.log	DONE exit=20	200	True	395840	0 0 0 0 0 0 0 0 0 0 0 1453 5266 9582 8008 2489 144 8 0 0 0 0 0 0 0 0 0 0 0
1565	sub_1565_0106800.log	DONE exit=20	200	True	376416	0 0 0 0 0 0 0 0 0 0 0 1296 4507 8383 8109 3683 556 34 0 0 0 0 0 0 0 0 0 0 0
1565	sub_1565_0107000.log	DONE exit=20	200	True	81018	0 0 0 0 0 0 0 0 0 0 0 842 1639 1150 243 12 0 0 0 0 0 0 0 0 0 0 0 0 0
1565	sub_1565_0107200.log	DONE exit=20	200	True	96914	0 0 0 0 0 0 0 0 0 0 0 869 1634 1332 498 120 15 0 0 0 0 0 0 0 0 0 0 0 0
1565	sub_1565_0107400.log	DONE exit=20	200	True	115292	0 0 0 0 0 0 0 0 0 0 0 968 2008 1827 712 124 1 0 0 0 0 0 0 0 0 0 0 0 0
1565	sub_1565_0107600.log	DONE exit=20	200	True	91960	0 0 0 0 0 0 0 0 0 0 0 907 1658 1173 273 8 0 0 0 0 0 0 0 0 0 0 0 0 0
1565	sub_1565_0107800.log	DONE exit=20	200	True	117923	0 0 0 0 0 0 0 0 0 0 0 918 2004 1974 701 131 24 1 0 0 0 0 0 0 0 0 0 0 0
1565	sub_1565_0108000.log	DONE exit=20	200	True	146265	0 0 0 0 0 0 0 0 0 0 0 1106 2390 1902 567 61 2 0 0 0 0 0 0 0 0 0 0 0 0
1565	sub_1565_0108200.log	DONE exit=20	200	True	232812	0 0 0 0 0 0 0 0 0 0 0 1466 3830 4288 1787 282 4 0 0 0 0 0 0 0 0 0 0 0 0
1565	sub_1565_0108400.log	DONE exit=20	200	True	223057	0 0 0 0 0 0 0 0 0 0 0 1127 3249 3674 1270 115 9 0 0 0 0 0 0 0 0 0 0 0 0
1565	sub_1565_0108600.log	DONE exit=20	200	True	933833	0 0 0 0 0 0 0 0 0 0 0 1575 7286 15782 16957 4590 106 0 0 0 0 0 0 0 0 0 0 0 0
1565	sub_1565_0108800.log	DONE exit=20	200	True	273086	0 0 0 0 0 0 0 0 0 0 0 1528 4335 4852 1979 359 26 0 0 0 0 0 0 0 0 0 0 0 0
1565	sub_1565_0109000.log	DONE exit=20	200	True	467141	0 0 0 0 0 0 0 0 0 0 0 1390 4833 8776 7970 2500 161 10 0 0 0 0 0 0 0 0 0 0 0
1565	sub_1565_0109200.log	DONE exit=20	200	True	747901	0 0 0 0 0 0 0 0 0 0 0 1456 5949 13471 15351 6405 1133 221 4 0 0 0 0 0 0 0 0 0 0
1565	sub_1565_0109400.log	DONE exit=20	200	True	555187	0 0 0 0 0 0 0 0 0 0 0 1444 5356 9758 8905 2954 129 3 0 0 0 0 0 0 0 0 0 0 0
1565	sub_1565_0109600.log	DONE exit=20	200	True	371244	0 0 0 0 0 0 0 0 0 0 0 1443 5175 8308 5755 1730 156 3 0 0 0 0 0 0 0 0 0 0 0
1565	sub_1565_0109800.log	DONE exit=20	200	True	673094	0 0 0 0 0 0 0 0 0 0 0 1378 5471 12188 13249 4409 366 13 0 0 0 0 0 0 0 0 0 0 0
1565	sub_1565_0110000.log	DONE exit=20	200	True	462253	0 0 0 0 0 0 0 0 0 0 0 1224 4037 8479 9809 3498 316 12 0 0 0 0 0 0 0 0 0 0 0
1565	sub_1565_0110200.log	DONE exit=20	200	True	734957	0 0 0 0 0 0 0 0 0 0 0 1684 6955 11951 10732 3567 144 1 0 0 0 0 0 0 0 0 0 0 0
1565	sub_1565_0110400.log	DONE exit=20	200	True	464072	0 0 0 0 0 0 0 0 0 0 0 1071 3687 7294 8298 2562 122 0 0 0 0 0 0 0 0 0 0 0 0
1565	sub_1565_0110600.log	DONE exit=20	200	True	203007	0 0 0 0 0 0 0 0 0 0 0 1511 3490 3173 711 36 0 0 0 0 0 0 0 0 0 0 0 0 0
1565	sub_1565_0110800.log	DONE exit=20	200	True	736688	0 0 0 0 0 0 0 0 0 0 0 1351 5272 12300 14628 4719 302 51 0 0 0 0 0 0 0 0 0 0 0
1565	sub_1565_0111000.log	DONE exit=20	200	True	1170164	0 0 0 0 0 0 0 0 0 0 0 1797 8486 20819 25936 10182 1032 55 0 0 0 0 0 0 0 0 0 0 0
1565	sub_1565_0111200.log	DONE exit=20	200	True	224635	0 0 0 0 0 0 0 0 0 0 0 1218 3219 3257 1135 219 26 3 0 0 0 0 0 0 0 0 0 0 0
1565	sub_1565_0111400.log	DONE exit=20	200	True	344524	0 0 0 0 0 0 0 0 0 0 0 1218 3511 6040 6489 2740 243 6 0 0 0 0 0 0 0 0 0 0 0
1565	sub_1565_0111600.log	DONE exit=20	200	True	1276044	0 0 0 0 0 0 0 0 0 0 0 1663 7815 21243 31552 14966 1708 71 2 0 0 0 0 0 0 0 0 0 0
1565	sub_1565_0111800.log	DONE exit=20	200	True	206663	0 0 0 0 0 0 0 0 0 0 0 1198 3245 3354 1143 155 0 0 0 0 0 0 0 0 0 0 0 0 0
1565	sub_1565_0112000.log	DONE exit=20	200	True	141345	0 0 0 0 0 0 0 0 0 0 0 1015 2254 2126 677 86 5 0 0 0 0 0 0 0 0 0 0 0 0
1565	sub_1565_0112200.log	DONE exit=20	200	True	188180	0 0 0 0 0 0 0 0 0 0 0 1075 2645 2721 1377 411 41 0 0 0 0 0 0 0 0 0 0 0 0
1565	sub_1565_0112400.log	DONE exit=20	200	True	258249	0 0 0 0 0 0 0 0 0 0 0 1312 3953 5268 2328 423 16 0 0 0 0 0 0 0 0 0 0 0 0
1565	sub_1565_0112600.log	DONE exit=20	200	True	763630	0 0 0 0 0 0 0 0 0 0 0 1604 7423 17293 19831 9609 1990 184 14 0 0 0 0 0 0 0 0 0 0
1565	sub_1565_0112800.log	DONE exit=20	200	True	272795	0 0 0 0 0 0 0 0 0 0 0 1438 4360 6055 4127 1254 54 0 0 0 0 0 0 0 0 0 0 0 0
1565	sub_1565_0113000.log	DONE exit=20	200	True	125011	0 0 0 0 0 0 0 0 0 0 0 899 1925 1626 520 67 1 0 0 0 0 0 0 0 0 0 0 0 0
1565	sub_1565_0113200.log	DONE exit=20	200	True	126360	0 0 0 0 0 0 0 0 0 0 0 754 1732 1802 754 140 1 0 0 0 0 0 0 0 0 0 0 0 0
1565	sub_1565_0113400.log	DONE exit=20	200	True	266577	0 0 0 0 0 0 0 0 0 0 0 1171 3746 5219 1880 118 1 0 0 0 0 0 0 0 0 0 0 0 0
1565	sub_1565_0113600.log	DONE exit=20	200	True	534560	0 0 0 0 0 0 0 0 0 0 0 1543 6424 12504 11122 3694 430 14 0 0 0 0 0 0 0 0 0 0 0
1565	sub_1565_0113800.log	DONE exit=20	200	True	357246	0 0 0 0 0 0 0 0 0 0 0 1529 5399 9618 7018 1975 109 1 0 0 0 0 0 0 0 0 0 0 0
1565	sub_1565_0114000.log	DONE exit=20	200	True	258348	0 0 0 0 0 0 0 0 0 0 0 1080 3224 4782 3445 1093 58 0 0 0 0 0 0 0 0 0 0 0 0
1565	sub_1565_0114200.log	DONE exit=20	200	True	215061	0 0 0 0 0 0 0 0 0 0 0 1123 3070 3651 1660 204 2 0 0 0 0 0 0 0 0 0 0 0 0
1565	sub_1565_0114400.log	DONE exit=20	200	True	358860	0 0 0 0 0 0 0 0 0 0 0 1335 5065 7800 4151 853 99 3 0 0 0 0 0 0 0 0 0 0 0
1565	sub_1565_0114600.log	DONE exit=20	200	True	102192	0 0 0 0 0 0 0 0 0 0 0 844 1858 1826 528 25 0 0 0 0 0 0 0 0 0 0 0 0 0
1565	sub_1565_0114800.log	DONE exit=20	200	True	150448	0 0 0 0 0 0 0 0 0 0 0 1159 2744 2812 987 112 2 0 0 0 0 0 0 0 0 0 0 0 0
1565	sub_1565_0115000.log	DONE exit=20	200	True	1052486	0 0 0 0 0 0 0 0 0 0 0 2015 10302 24423 25480 10463 1769 66 0 0 0 0 0 0 0 0 0 0 0
1565	sub_1565_0115200.log	DONE exit=20	200	True	243238	0 0 0 0 0 0 0 0 0 0 0 1181 3563 5623 4163 1127 64 0 0 0 0 0 0 0 0 0 0 0 0
1565	sub_1565_0115400.log	DONE exit=20	200	True	256058	0 0 0 0 0 0 0 0 0 0 0 1235 3802 5768 3837 959 80 0 0 0 0 0 0 0 0 0 0 0 0
1565	sub_1565_0115600.log	DONE exit=20	200	True	525571	0 0 0 0 0 0 0 0 0 0 0 1361 5467 11289 10836 3443 168 2 0 0 0 0 0 0 0 0 0 0 0
1565	sub_1565_0115800.log	DONE exit=20	200	True	114695	0 0 0 0 0 0 0 0 0 0 0 812 1563 1582 637 46 2 0 0 0 0 0 0 0 0 0 0 0 0
1565	sub_1565_0116000.log	DONE exit=20	200	True	117819	0 0 0 0 0 0 0 0 0 0 0 899 1873 1407 234 5 0 0 0 0 0 0 0 0 0 0 0 0 0
1565	sub_1565_0116200.log	DONE exit=20	200	True	172918	0 0 0 0 0 0 0 0 0 0 0 1110 2753 2646 993 233 39 2 0 0 0 0 0 0 0 0 0 0 0
1565	sub_1565_0116400.log	DONE exit=20	200	True	208246	0 0 0 0 0 0 0 0 0 0 0 1191 3197 3209 1402 289 24 0 0 0 0 0 0 0 0 0 0 0 0
1565	sub_1565_0116600.log	DONE exit=20	200	True	129326	0 0 0 0 0 0 0 0 0 0 0 1028 2276 1856 521 56 1 0 0 0 0 0 0 0 0 0 0 0 0
1565	sub_1565_0116800.log	DONE exit=20	200	True	594902	0 0 0 0 0 0 0 0 0 0 0 1535 5716 10887 10850 2924 90 0 0 0 0 0 0 0 0 0 0 0 0
1565	sub_1565_0117000.log	DONE exit=20	200	True	193052	0 0 0 0 0 0 0 0 0 0 0 1164 3169 4103 2853 894 49 0 0 0 0 0 0 0 0 0 0 0 0
1565	sub_1565_0117200.log	DONE exit=20	200	True	276534	0 0 0 0 0 0 0 0 0 0 0 1263 4231 5683 2426 282 9 0 0 0 0 0 0 0 0 0 0 0 0
1565	sub_1565_0117400.log	DONE exit=20	200	True	220100	0 0 0 0 0 0 0 0 0 0 0 1072 2945 3192 1340 227 5 0 0 0 0 0 0 0 0 0 0 0 0
1565	sub_1565_0117600.log	DONE exit=20	200	True	482529	0 0 0 0 0 0 0 0 0 0 0 1270 4369 8165 7982 1460 12 1 0 0 0 0 0 0 0 0 0 0 0
1565	sub_1565_0117800.log	DONE exit=20	200	True	469508	0 0 0 0 0 0 0 0 0 0 0 1510 5808 12497 13027 6425 1158 21 0 0 0 0 0 0 0 0 0 0 0
1565	sub_1565_0118000.log	DONE exit=20	200	True	280358	0 0 0 0 0 0 0 0 0 0 0 1294 4600 6538 3299 531 6 0 0 0 0 0 0 0 0 0 0 0 0
1565	sub_1565_0118200.log	DONE exit=20	200	True	207574	0 0 0 0 0 0 0 0 0 0 0 1052 2860 3286 1512 273 28 1 0 0 0 0 0 0 0 0 0 0 0
1565	sub_1565_0118400.log	DONE exit=20	200	True	118845	0 0 0 0 0 0 0 0 0 0 0 927 1784 1443 488 57 0 0 0 0 0 0 0 0 0 0 0 0 0
1565	sub_1565_0118600.log	DONE exit=20	200	True	130061	0 0 0 0 0 0 0 0 0 0 0 1078 2373 2010 595 51 5 0 0 0 0 0 0 0 0 0 0 0 0
1565	sub_1565_0118800.log	DONE exit=20	200	True	812237	0 0 0 0 0 0 0 0 0 0 0 1653 7900 17870 19211 9011 1972 199 12 0 0 0 0 0 0 0 0 0 0
1565	sub_1565_0119000.log	DONE exit=20	200	True	73837	0 0 0 0 0 0 0 0 0 0 0 758 1151 666 113 4 0 0 0 0 0 0 0 0 0 0 0 0 0
1565	sub_1565_0119200.log	DONE exit=20	200	True	198915	0 0 0 0 0 0 0 0 0 0 0 1062 3250 3668 1047 9 0 0 0 0 0 0 0 0 0 0 0 0 0
1565	sub_1565_0119400.log	DONE exit=20	200	True	237459	0 0 0 0 0 0 0 0 0 0 0 1124 3522 5289 3767 1313 206 21 0 0 0 0 0 0 0 0 0 0 0
1565	sub_1565_0119600.log	DONE exit=20	200	True	287938	0 0 0 0 0 0 0 0 0 0 0 1225 3954 6325 5328 2201 398 21 0 0 0 0 0 0 0 0 0 0 0
1565	sub_1565_0119800.log	DONE exit=20	200	True	195526	0 0 0 0 0 0 0 0 0 0 0 1000 3106 4151 1661 110 0 0 0 0 0 0 0 0 0 0 0 0 0
1565	sub_1565_0120000.log	DONE exit=20	200	True	66245	0 0 0 0 0 0 0 0 0 0 0 787 1259 1016 404 64 3 0 0 0 0 0 0 0 0 0 0 0 0
1565	sub_1565_0120200.log	DONE exit=20	200	True	766688	0 0 0 0 0 0 0 0 0 0 0 1549 6208 14801 20498 14808 5239 939 91 3 0 0 0 0 0 0 0 0 0
1565	sub_1565_0120400.log	DONE exit=20	200	True	217305	0 0 0 0 0 0 0 0 0 0 0 1308 3551 4497 3073 1025 168 14 0 0 0 0 0 0 0 0 0 0 0
1565	sub_1565_0120600.log	DONE exit=20	200	True	366372	0 0 0 0 0 0 0 0 0 0 0 1562 5414 8296 5772 1864 353 24 1 0 0 0 0 0 0 0 0 0 0
1565	sub_1565_0120800.log	DONE exit=20	200	True	512257	0 0 0 0 0 0 0 0 0 0 0 1737 6374 10533 6934 2073 384 54 6 0 0 0 0 0 0 0 0 0 0
1565	sub_1565_0121000.log	DONE exit=20	200	True	668332	0 0 0 0 0 0 0 0 0 0 0 1599 6736 13919 12649 4818 932 67 1 0 0 0 0 0 0 0 0 0 0
1565	sub_1565_0121200.log	DONE exit=20	200	True	499447	0 0 0 0 0 0 0 0 0 0 0 1443 5287 9330 7093 2251 370 34 3 0 0 0 0 0 0 0 0 0 0
1565	sub_1565_0121400.log	DONE exit=20	200	True	326349	0 0 0 0 0 0 0 0 0 0 0 1437 4554 6618 4283 898 108 5 0 0 0 0 0 0 0 0 0 0 0
1565	sub_1565_0121600.log	DONE exit=20	200	True	517885	0 0 0 0 0 0 0 0 0 0 0 1529 5594 9865 7526 1984 210 7 0 0 0 0 0 0 0 0 0 0 0
1565	sub_1565_0121800.log	DONE exit=20	200	True	632040	0 0 0 0 0 0 0 0 0 0 0 1566 6352 12701 10277 2580 214 2 0 0 0 0 0 0 0 0 0 0 0
1565	sub_1565_0122000.log	DONE exit=20	200	True	430333	0 0 0 0 0 0 0 0 0 0 0 1563 5578 8786 5446 1195 172 17 2 0 0 0 0 0 0 0 0 0 0
1565	sub_1565_0122200.log	DONE exit=20	200	True	95841	0 0 0 0 0 0 0 0 0 0 0 758 1410 1139 561 79 1 0 0 0 0 0 0 0 0 0 0 0 0
1565	sub_1565_0122400.log	DONE exit=20	200	True	85540	0 0 0 0 0 0 0 0 0 0 0 784 1342 1057 508 52 5 0 0 0 0 0 0 0 0 0 0 0 0
1565	sub_1565_0122600.log	DONE exit=20	200	True	168162	0 0 0 0 0 0 0 0 0 0 0 1043 2498 2580 1479 132 2 0 0 0 0 0 0 0 0 0 0 0 0
1565	sub_1565_0122800.log	DONE exit=20	200	True	270264	0 0 0 0 0 0 0 0 0 0 0 1144 3213 4904 3428 780 34 0 0 0 0 0 0 0 0 0 0 0 0
1565	sub_1565_0123000.log	DONE exit=20	200	True	235962	0 0 0 0 0 0 0 0 0 0 0 1066 2939 3786 2437 397 41 2 0 0 0 0 0 0 0 0 0 0 0
1565	sub_1565_0123200.log	DONE exit=20	200	True	158039	0 0 0 0 0 0 0 0 0 0 0 966 2156 2704 1905 700 129 4 0 0 0 0 0 0 0 0 0 0 0
1565	sub_1565_0123400.log	DONE exit=20	200	True	196235	0 0 0 0 0 0 0 0 0 0 0 967 2640 3873 2332 578 49 0 0 0 0 0 0 0 0 0 0 0 0
1565	sub_1565_0123600.log	DONE exit=20	200	True	66556	0 0 0 0 0 0 0 0 0 0 0 566 905 819 373 64 2 0 0 0 0 0 0 0 0 0 0 0 0
1565	sub_1565_0123800.log	DONE exit=20	200	True	50411	0 0 0 0 0 0 0 0 0 0 0 656 801 356 58 4 2 0 0 0 0 0 0 0 0 0 0 0 0
1565	sub_1565_0124000.log	DONE exit=20	200	True	88898	0 0 0 0 0 0 0 0 0 0 0 779 1392 1089 371 41 1 0 0 0 0 0 0 0 0 0 0 0 0
1565	sub_1565_0124200.log	DONE exit=20	200	True	140014	0 0 0 0 0 0 0 0 0 0 0 785 1664 1915 1293 296 11 0 0 0 0 0 0 0 0 0 0 0 0
1565	sub_1565_0124400.log	DONE exit=20	200	True	98288	0 0 0 0 0 0 0 0 0 0 0 738 1357 1303 608 120 2 0 0 0 0 0 0 0 0 0 0 0 0
1565	sub_1565_0124600.log	DONE exit=20	200	True	165359	0 0 0 0 0 0 0 0 0 0 0 1025 2733 3707 2407 697 49 0 0 0 0 0 0 0 0 0 0 0 0
1565	sub_1565_0124800.log	DONE exit=20	200	True	72729	0 0 0 0 0 0 0 0 0 0 0 708 1019 785 434 115 6 0 0 0 0 0 0 0 0 0 0 0 0
1565	sub_1565_0125000.log	DONE exit=20	200	True	328694	0 0 0 0 0 0 0 0 0 0 0 1188 3577 5807 5136 1891 506 57 2 0 0 0 0 0 0 0 0 0 0
1565	sub_1565_0125200.log	DONE exit=20	200	True	117656	0 0 0 0 0 0 0 0 0 0 0 736 1471 1649 1220 477 61 4 0 0 0 0 0 0 0 0 0 0 0
1565	sub_1565_0125400.log	DONE exit=20	200	True	47351	0 0 0 0 0 0 0 0 0 0 0 479 625 300 45 0 0 0 0 0 0 0 0 0 0 0 0 0 0
1565	sub_1565_0125600.log	DONE exit=20	200	True	81071	0 0 0 0 0 0 0 0 0 0 0 731 1169 781 284 31 0 0 0 0 0 0 0 0 0 0 0 0 0
1565	sub_1565_0125800.log	DONE exit=20	200	True	153791	0 0 0 0 0 0 0 0 0 0 0 957 2209 2416 1349 332 21 0 0 0 0 0 0 0 0 0 0 0 0
1565	sub_1565_0126000.log	DONE exit=20	200	True	479264	0 0 0 0 0 0 0 0 0 0 0 1140 4139 8624 9992 6472 2107 210 0 0 0 0 0 0 0 0 0 0 0
1565	sub_1565_0126200.log	DONE exit=20	200	True	45346	0 0 0 0 0 0 0 0 0 0 0 527 660 362 96 8 0 0 0 0 0 0 0 0 0 0 0 0 0
1565	sub_1565_0126400.log	DONE exit=20	200	True	168189	0 0 0 0 0 0 0 0 0 0 0 1043 2410 2778 1450 318 23 0 0 0 0 0 0 0 0 0 0 0 0
1565	sub_1565_0126600.log	DONE exit=20	200	True	57307	0 0 0 0 0 0 0 0 0 0 0 623 890 568 169 23 0 0 0 0 0 0 0 0 0 0 0 0 0
1565	sub_1565_0126800.log	DONE exit=20	200	True	380861	0 0 0 0 0 0 0 0 0 0 0 1200 3755 6303 5193 1929 298 4 0 0 0 0 0 0 0 0 0 0 0
1565	sub_1565_0127000.log	DONE exit=20	200	True	222630	0 0 0 0 0 0 0 0 0 0 0 898 2078 3091 2980 1680 272 3 0 0 0 0 0 0 0 0 0 0 0
1565	sub_1565_0127200.log	DONE exit=20	200	True	320100	0 0 0 0 0 0 0 0 0 0 0 1146 3324 5621 5103 1690 171 8 1 0 0 0 0 0 0 0 0 0 0
1565	sub_1565_0127400.log	DONE exit=20	200	True	160350	0 0 0 0 0 0 0 0 0 0 0 890 2042 2725 1562 313 29 0 0 0 0 0 0 0 0 0 0 0 0
1565	sub_1565_0127600.log	DONE exit=20	200	True	534513	0 0 0 0 0 0 0 0 0 0 0 1014 3461 7640 9585 7669 4030 588 2 0 0 0 0 0 0 0 0 0 0
1565	sub_1565_0127800.log	DONE exit=20	200	True	373680	0 0 0 0 0 0 0 0 0 0 0 1321 4207 6578 4873 1832 318 7 0 0 0 0 0 0 0 0 0 0 0
1565	sub_1565_0128000.log	DONE exit=20	200	True	187844	0 0 0 0 0 0 0 0 0 0 0 900 2209 3065 2118 347 37 0 0 0 0 0 0 0 0 0 0 0 0
1565	sub_1565_0128200.log	DONE exit=20	200	True	152775	0 0 0 0 0 0 0 0 0 0 0 685 1517 2318 2069 391 20 0 0 0 0 0 0 0 0 0 0 0 0
1565	sub_1565_0128400.log	DONE exit=20	200	True	94029	0 0 0 0 0 0 0 0 0 0 0 715 1215 1223 569 51 0 0 0 0 0 0 0 0 0 0 0 0 0
1565	sub_1565_0128600.log	DONE exit=20	200	True	249159	0 0 0 0 0 0 0 0 0 0 0 1068 2815 4478 3445 825 110 3 0 0 0 0 0 0 0 0 0 0 0
1565	sub_1565_0128800.log	DONE exit=20	200	True	158906	0 0 0 0 0 0 0 0 0 0 0 908 2040 2332 1300 452 113 2 0 0 0 0 0 0 0 0 0 0 0
1565	sub_1565_0129000.log	DONE exit=20	200	True	246263	0 0 0 0 0 0 0 0 0 0 0 1185 3518 4707 2589 560 33 1 0 0 0 0 0 0 0 0 0 0 0
1565	sub_1565_0129200.log	DONE exit=20	200	True	177219	0 0 0 0 0 0 0 0 0 0 0 1082 2664 3371 2006 371 2 0 0 0 0 0 0 0 0 0 0 0 0
1565	sub_1565_0129400.log	DONE exit=20	200	True	277258	0 0 0 0 0 0 0 0 0 0 0 1154 3422 5336 4212 1681 114 2 0 0 0 0 0 0 0 0 0 0 0
1565	sub_1565_0129600.log	DONE exit=20	200	True	389428	0 0 0 0 0 0 0 0 0 0 0 1627 5743 9378 7023 2660 361 0 0 0 0 0 0 0 0 0 0 0 0
1565	sub_1565_0129800.log	DONE exit=20	200	True	303933	0 0 0 0 0 0 0 0 0 0 0 1222 3884 6277 5039 2178 390 10 0 0 0 0 0 0 0 0 0 0 0
1565	sub_1565_0130000.log	DONE exit=20	200	True	121247	0 0 0 0 0 0 0 0 0 0 0 505 1242 2163 2453 1344 216 0 0 0 0 0 0 0 0 0 0 0 0
1565	sub_1565_0130200.log	DONE exit=20	200	True	22647	0 0 0 0 0 0 0 0 0 0 0 292 257 108 39 16 0 0 0 0 0 0 0 0 0 0 0 0 0
1565	sub_1565_0130400.log	DONE exit=20	200	True	24641	0 0 0 0 0 0 0 0 0 0 0 350 281 87 6 0 0 0 0 0 0 0 0 0 0 0 0 0 0
1565	sub_1565_0130600.log	DONE exit=20	200	True	26495	0 0 0 0 0 0 0 0 0 0 0 366 259 97 9 0 0 0 0 0 0 0 0 0 0 0 0 0 0
1565	sub_1565_0130800.log	DONE exit=20	200	True	26174	0 0 0 0 0 0 0 0 0 0 0 333 310 126 19 0 0 0 0 0 0 0 0 0 0 0 0 0 0
1565	sub_1565_0131000.log	DONE exit=20	200	True	28132	0 0 0 0 0 0 0 0 0 0 0 375 301 136 45 0 0 0 0 0 0 0 0 0 0 0 0 0 0
1565	sub_1565_0131200.log	DONE exit=20	200	True	48112	0 0 0 0 0 0 0 0 0 0 0 578 716 326 27 0 0 0 0 0 0 0 0 0 0 0 0 0 0
1565	sub_1565_0131400.log	DONE exit=20	200	True	488217	0 0 0 0 0 0 0 0 0 0 0 1257 5062 12034 15073 9244 2663 349 23 1 0 0 0 0 0 0 0 0 0
1565	sub_1565_0131600.log	DONE exit=20	200	True	356148	0 0 0 0 0 0 0 0 0 0 0 1662 5670 8792 6291 1982 218 7 0 0 0 0 0 0 0 0 0 0 0
1565	sub_1565_0131800.log	DONE exit=20	200	True	333543	0 0 0 0 0 0 0 0 0 0 0 1489 5168 8153 5558 1465 127 4 0 0 0 0 0 0 0 0 0 0 0
1565	sub_1565_0132000.log	DONE exit=20	200	True	230518	0 0 0 0 0 0 0 0 0 0 0 1249 3612 5106 3163 861 90 2 0 0 0 0 0 0 0 0 0 0 0
1565	sub_1565_0132200.log	DONE exit=20	200	True	284746	0 0 0 0 0 0 0 0 0 0 0 1340 4020 5755 4161 1471 196 15 0 0 0 0 0 0 0 0 0 0 0
1565	sub_1565_0132400.log	DONE exit=20	200	True	377552	0 0 0 0 0 0 0 0 0 0 0 1673 5459 7240 3169 435 3 0 0 0 0 0 0 0 0 0 0 0 0
1565	sub_1565_0132600.log	DONE exit=20	200	True	409529	0 0 0 0 0 0 0 0 0 0 0 1704 6058 8921 4532 562 9 0 0 0 0 0 0 0 0 0 0 0 0
1565	sub_1565_0132800.log	DONE exit=20	200	True	548596	0 0 0 0 0 0 0 0 0 0 0 1409 5503 10816 8689 1145 16 0 0 0 0 0 0 0 0 0 0 0 0
1565	sub_1565_0133000.log	DONE exit=20	200	True	453323	0 0 0 0 0 0 0 0 0 0 0 1654 5891 9626 5570 758 22 0 0 0 0 0 0 0 0 0 0 0 0
1565	sub_1565_0133200.log	DONE exit=20	200	True	472458	0 0 0 0 0 0 0 0 0 0 0 1644 6204 10484 6144 1177 83 5 0 0 0 0 0 0 0 0 0 0 0
1565	sub_1565_0133400.log	DONE exit=20	200	True	525120	0 0 0 0 0 0 0 0 0 0 0 1676 6529 11372 7729 1897 181 2 0 0 0 0 0 0 0 0 0 0 0
1565	sub_1565_0133600.log	DONE exit=20	200	True	493980	0 0 0 0 0 0 0 0 0 0 0 1361 4982 9518 8312 2814 808 111 1 0 0 0 0 0 0 0 0 0 0
1565	sub_1565_0133800.log	DONE exit=20	200	True	639135	0 0 0 0 0 0 0 0 0 0 0 1741 7085 13586 10761 3119 411 17 0 0 0 0 0 0 0 0 0 0 0
1565	sub_1565_0134000.log	DONE exit=20	200	True	135751	0 0 0 0 0 0 0 0 0 0 0 942 2178 2172 1207 167 1 0 0 0 0 0 0 0 0 0 0 0 0
1565	sub_1565_0134200.log	DONE exit=20	200	True	59381	0 0 0 0 0 0 0 0 0 0 0 665 903 492 256 4 0 0 0 0 0 0 0 0 0 0 0 0 0
1565	sub_1565_0134400.log	DONE exit=20	200	True	138981	0 0 0 0 0 0 0 0 0 0 0 991 2261 2038 1129 96 2 0 0 0 0 0 0 0 0 0 0 0 0
1565	sub_1565_0134600.log	DONE exit=20	200	True	75714	0 0 0 0 0 0 0 0 0 0 0 772 1265 830 376 32 0 0 0 0 0 0 0 0 0 0 0 0 0
1565	sub_1565_0134800.log	DONE exit=20	200	True	42608	0 0 0 0 0 0 0 0 0 0 0 584 629 234 42 0 0 0 0 0 0 0 0 0 0 0 0 0 0
1565	sub_1565_0135000.log	DONE exit=20	200	True	67741	0 0 0 0 0 0 0 0 0 0 0 647 996 743 220 1 0 0 0 0 0 0 0 0 0 0 0 0 0
1565	sub_1565_0135200.log	DONE exit=20	200	True	67614	0 0 0 0 0 0 0 0 0 0 0 722 1101 830 247 18 3 0 0 0 0 0 0 0 0 0 0 0 0
1565	sub_1565_0135400.log	DONE exit=20	200	True	69181	0 0 0 0 0 0 0 0 0 0 0 657 1194 972 266 34 0 0 0 0 0 0 0 0 0 0 0 0 0
1565	sub_1565_0135600.log	DONE exit=20	200	True	49173	0 0 0 0 0 0 0 0 0 0 0 623 732 376 68 6 0 0 0 0 0 0 0 0 0 0 0 0 0
1565	sub_1565_0135800.log	DONE exit=20	200	True	66576	0 0 0 0 0 0 0 0 0 0 0 690 1149 846 224 4 0 0 0 0 0 0 0 0 0 0 0 0 0
1565	sub_1565_0136000.log	DONE exit=20	200	True	84552	0 0 0 0 0 0 0 0 0 0 0 827 1436 869 134 6 0 0 0 0 0 0 0 0 0 0 0 0 0
1565	sub_1565_0136200.log	DONE exit=20	200	True	44267	0 0 0 0 0 0 0 0 0 0 0 701 594 122 6 0 0 0 0 0 0 0 0 0 0 0 0 0 0
1565	sub_1565_0136400.log	DONE exit=20	200	True	130214	0 0 0 0 0 0 0 0 0 0 0 899 1786 1818 746 59 2 0 0 0 0 0 0 0 0 0 0 0 0
1565	sub_1565_0136600.log	DONE exit=20	200	True	53718	0 0 0 0 0 0 0 0 0 0 0 646 802 346 57 5 0 0 0 0 0 0 0 0 0 0 0 0 0
1565	sub_1565_0136800.log	DONE exit=20	200	True	206849	0 0 0 0 0 0 0 0 0 0 0 1049 2411 3239 1898 141 0 0 0 0 0 0 0 0 0 0 0 0 0
1565	sub_1565_0137000.log	DONE exit=20	200	True	70627	0 0 0 0 0 0 0 0 0 0 0 725 1076 776 211 11 0 0 0 0 0 0 0 0 0 0 0 0 0
1565	sub_1565_0137200.log	DONE exit=20	200	True	181755	0 0 0 0 0 0 0 0 0 0 0 903 2153 2935 2082 381 9 0 0 0 0 0 0 0 0 0 0 0 0
1565	sub_1565_0137400.log	DONE exit=20	200	True	45844	0 0 0 0 0 0 0 0 0 0 0 611 799 392 61 0 0 0 0 0 0 0 0 0 0 0 0 0 0
1565	sub_1565_0137600.log	DONE exit=20	200	True	76871	0 0 0 0 0 0 0 0 0 0 0 596 834 947 247 6 0 0 0 0 0 0 0 0 0 0 0 0 0
1565	sub_1565_0137800.log	DONE exit=20	200	True	205606	0 0 0 0 0 0 0 0 0 0 0 1145 2952 3912 2013 417 77 4 0 0 0 0 0 0 0 0 0 0 0
1565	sub_1565_0138000.log	DONE exit=20	200	True	329745	0 0 0 0 0 0 0 0 0 0 0 1299 4052 5984 3635 798 73 8 0 0 0 0 0 0 0 0 0 0 0
1565	sub_1565_0138200.log	DONE exit=20	200	True	203182	0 0 0 0 0 0 0 0 0 0 0 1055 2680 3247 1663 159 1 0 0 0 0 0 0 0 0 0 0 0 0
1565	sub_1565_0138400.log	DONE exit=20	200	True	315407	0 0 0 0 0 0 0 0 0 0 0 1177 3346 5488 4242 792 12 0 0 0 0 0 0 0 0 0 0 0 0
1565	sub_1565_0138600.log	DONE exit=20	200	True	180725	0 0 0 0 0 0 0 0 0 0 0 950 2208 2978 1856 192 11 0 0 0 0 0 0 0 0 0 0 0 0
1565	sub_1565_0138800.log	DONE exit=20	200	True	91205	0 0 0 0 0 0 0 0 0 0 0 776 1383 1336 409 22 0 0 0 0 0 0 0 0 0 0 0 0 0
1565	sub_1565_0139000.log	DONE exit=20	200	True	73426	0 0 0 0 0 0 0 0 0 0 0 762 1025 666 97 5 0 0 0 0 0 0 0 0 0 0 0 0 0
1565	sub_1565_0139200.log	DONE exit=20	200	True	139648	0 0 0 0 0 0 0 0 0 0 0 909 1934 1983 807 48 0 0 0 0 0 0 0 0 0 0 0 0 0
1565	sub_1565_0139400.log	DONE exit=20	200	True	455991	0 0 0 0 0 0 0 0 0 0 0 1782 6417 9566 5706 1494 300 62 10 1 0 0 0 0 0 0 0 0 0
1565	sub_1565_0139600.log	DONE exit=20	200	True	150936	0 0 0 0 0 0 0 0 0 0 0 1030 2353 2204 904 169 14 0 0 0 0 0 0 0 0 0 0 0 0
1565	sub_1565_0139800.log	DONE exit=20	200	True	194576	0 0 0 0 0 0 0 0 0 0 0 1114 2619 3037 1743 414 15 0 0 0 0 0 0 0 0 0 0 0 0
1565	sub_1565_0140000.log	DONE exit=20	200	True	63058	0 0 0 0 0 0 0 0 0 0 0 635 929 596 134 0 0 0 0 0 0 0 0 0 0 0 0 0 0
1565	sub_1565_0140200.log	DONE exit=20	200	True	178057	0 0 0 0 0 0 0 0 0 0 0 913 2162 2844 1432 138 3 0 0 0 0 0 0 0 0 0 0 0 0
1565	sub_1565_0140400.log	DONE exit=20	200	True	106753	0 0 0 0 0 0 0 0 0 0 0 699 1227 1486 1145 120 0 0 0 0 0 0 0 0 0 0 0 0 0
1565	sub_1565_0140600.log	DONE exit=20	200	True	224337	0 0 0 0 0 0 0 0 0 0 0 1023 2681 4109 3341 712 20 0 0 0 0 0 0 0 0 0 0 0 0
1565	sub_1565_0140800.log	DONE exit=20	200	True	26779	0 0 0 0 0 0 0 0 0 0 0 364 276 60 6 0 0 0 0 0 0 0 0 0 0 0 0 0 0
1565	sub_1565_0141000.log	DONE exit=20	200	True	45393	0 0 0 0 0 0 0 0 0 0 0 516 512 161 18 0 0 0 0 0 0 0 0 0 0 0 0 0 0
1565	sub_1565_0141200.log	DONE exit=20	200	True	136685	0 0 0 0 0 0 0 0 0 0 0 831 1720 2264 1385 380 79 15 0 0 0 0 0 0 0 0 0 0 0
1565	sub_1565_0141400.log	DONE exit=20	200	True	106292	0 0 0 0 0 0 0 0 0 0 0 744 1443 1488 954 246 23 1 0 0 0 0 0 0 0 0 0 0 0
1565	sub_1565_0141600.log	DONE exit=20	200	True	44409	0 0 0 0 0 0 0 0 0 0 0 539 579 249 43 0 0 0 0 0 0 0 0 0 0 0 0 0 0
1565	sub_1565_0141800.log	DONE exit=20	200	True	150460	0 0 0 0 0 0 0 0 0 0 0 971 2128 2363 1198 176 5 0 0 0 0 0 0 0 0 0 0 0 0
1565	sub_1565_0142000.log	DONE exit=20	200	True	115175	0 0 0 0 0 0 0 0 0 0 0 743 1593 1736 929 220 12 0 0 0 0 0 0 0 0 0 0 0 0
1565	sub_1565_0142200.log	DONE exit=20	200	True	52823	0 0 0 0 0 0 0 0 0 0 0 507 673 387 119 11 0 0 0 0 0 0 0 0 0 0 0 0 0
1565	sub_1565_0142400.log	DONE exit=20	200	True	51257	0 0 0 0 0 0 0 0 0 0 0 570 680 271 39 1 0 0 0 0 0 0 0 0 0 0 0 0 0
1565	sub_1565_0142600.log	DONE exit=20	200	True	98614	0 0 0 0 0 0 0 0 0 0 0 744 1416 1238 681 202 21 0 0 0 0 0 0 0 0 0 0 0 0
1565	sub_1565_0142800.log	DONE exit=20	200	True	38579	0 0 0 0 0 0 0 0 0 0 0 503 472 105 10 0 0 0 0 0 0 0 0 0 0 0 0 0 0
1565	sub_1565_0143000.log	DONE exit=20	200	True	48445	0 0 0 0 0 0 0 0 0 0 0 586 791 538 142 8 1 0 0 0 0 0 0 0 0 0 0 0 0
1565	sub_1565_0143200.log	DONE exit=20	200	True	44790717	0 0 0 0 0 0 0 0 0 0 0 1404 8758 38615 128542 319794 513389 417478 279192 148955 38015 0 0 0 0 0 0 0 0
1565	sub_1565_0143400.log	DONE exit=20	200	True	7811483	0 0 0 0 0 0 0 0 0 0 0 2093 10890 31903 59343 81099 69084 26022 409 0 0 0 0 0 0 0 0 0 0
1565	sub_1565_0143600.log	DONE exit=20	200	True	2316948	0 0 0 0 0 0 0 0 0 0 0 1767 8395 21687 25504 14678 3912 1711 148 22 9 0 0 0 0 0 0 0 0
1565	sub_1565_0143800.log	DONE exit=20	200	True	8001923	0 0 0 0 0 0 0 0 0 0 0 1928 10686 33627 59324 63689 55295 47350 32445 15092 4131 0 0 0 0 0 0 0 0
1565	sub_1565_0144000.log	DONE exit=20	200	True	8504388	0 0 0 0 0 0 0 0 0 0 0 1933 10564 33055 57786 62070 57423 54339 44866 27940 8445 0 0 0 0 0 0 0 0
1565	sub_1565_0144200.log	DONE exit=20	200	True	1169552	0 0 0 0 0 0 0 0 0 0 0 1384 5351 12150 12761 7387 2276 604 0 0 0 0 0 0 0 0 0 0 0
1565	sub_1565_0144400.log	DONE exit=20	200	True	296868	0 0 0 0 0 0 0 0 0 0 0 1136 2840 2838 1346 193 0 0 0 0 0 0 0 0 0 0 0 0 0
1565	sub_1565_0144600.log	DONE exit=20	200	True	426597	0 0 0 0 0 0 0 0 0 0 0 1155 3155 4072 2969 961 0 0 0 0 0 0 0 0 0 0 0 0 0
1565	sub_1565_0144800.log	DONE exit=20	200	True	361036	0 0 0 0 0 0 0 0 0 0 0 975 2673 3412 2465 844 0 0 0 0 0 0 0 0 0 0 0 0 0
1565	sub_1565_0145000.log	DONE exit=20	200	True	37876194	0 0 0 0 0 0 0 0 0 0 0 1787 12410 56814 180567 380184 448947 181863 36915 14322 3769 0 0 0 0 0 0 0 0
1565	sub_1565_0145200.log	DONE exit=20	200	True	92415386	0 0 0 0 0 0 0 0 0 0 0 3297 27894 138298 448324 910470 1006964 431918 108340 58108 16981 0 0 0 0 0 0 0 0
1565	sub_1565_0145400.log	DONE exit=20	200	True	965377	0 0 0 0 0 0 0 0 0 0 0 1800 6431 11127 9649 4362 1089 27 0 0 0 0 0 0 0 0 0 0 0
1565	sub_1565_0145600.log	DONE exit=20	200	True	8087221	0 0 0 0 0 0 0 0 0 0 0 1661 6007 14625 31047 60733 84479 66169 10782 5364 1580 0 0 0 0 0 0 0 0
1565	sub_1565_0145800.log	DONE exit=20	200	True	15500012	0 0 0 0 0 0 0 0 0 0 0 1735 6408 17195 43253 99801 170835 178328 28859 16067 4852 0 0 0 0 0 0 0 0
1565	sub_1565_0146000.log	DONE exit=20	200	True	23024737	0 0 0 0 0 0 0 0 0 0 0 2098 9941 29719 67413 134800 211399 266023 170851 111340 35144 0 0 0 0 0 0 0 0
1565	sub_1565_0146200.log	DONE exit=20	200	True	12523762	0 0 0 0 0 0 0 0 0 0 0 1741 6656 18273 41295 80596 110219 112420 82046 50336 14659 0 0 0 0 0 0 0 0
1565	sub_1565_0146400.log	DONE exit=20	200	True	1644765	0 0 0 0 0 0 0 0 0 0 0 1451 5302 10074 13464 11420 6105 1618 0 0 0 0 0 0 0 0 0 0 0
1565	sub_1565_0146600.log	DONE exit=20	200	True	70524	0 0 0 0 0 0 0 0 0 0 0 702 1091 495 99 2 0 0 0 0 0 0 0 0 0 0 0 0 0
1565	sub_1565_0146800.log	DONE exit=20	200	True	1245983	0 0 0 0 0 0 0 0 0 0 0 1089 3505 6837 9400 10210 4928 1080 0 0 0 0 0 0 0 0 0 0 0
1565	sub_1565_0147000.log	DONE exit=20	200	True	598671	0 0 0 0 0 0 0 0 0 0 0 1016 2804 3611 5123 4928 350 0 0 0 0 0 0 0 0 0 0 0 0
1565	sub_1565_0147200.log	DONE exit=20	200	True	229275	0 0 0 0 0 0 0 0 0 0 0 739 1440 1657 1362 1105 18 0 0 0 0 0 0 0 0 0 0 0 0
1565	sub_1565_0147400.log	DONE exit=20	200	True	509794	0 0 0 0 0 0 0 0 0 0 0 743 2061 3509 4197 2400 37 0 0 0 0 0 0 0 0 0 0 0 0
1565	sub_1565_0147600.log	DONE exit=20	200	True	255085	0 0 0 0 0 0 0 0 0 0 0 617 1088 1472 1977 1188 0 0 0 0 0 0 0 0 0 0 0 0 0
1565	sub_1565_0147800.log	DONE exit=20	200	True	181835	0 0 0 0 0 0 0 0 0 0 0 548 896 988 1311 841 0 0 0 0 0 0 0 0 0 0 0 0 0
1565	sub_1565_0148000.log	DONE exit=20	200	True	102801	0 0 0 0 0 0 0 0 0 0 0 783 1276 1234 296 16 0 0 0 0 0 0 0 0 0 0 0 0 0
1565	sub_1565_0148200.log	DONE exit=20	200	True	34325	0 0 0 0 0 0 0 0 0 0 0 437 428 249 48 2 0 0 0 0 0 0 0 0 0 0 0 0 0
1565	sub_1565_0148400.log	DONE exit=20	200	True	255944	0 0 0 0 0 0 0 0 0 0 0 696 1340 2062 1985 757 3 0 0 0 0 0 0 0 0 0 0 0 0
1565	sub_1565_0148600.log	DONE exit=20	200	True	171381	0 0 0 0 0 0 0 0 0 0 0 724 1422 2013 1032 296 2 0 0 0 0 0 0 0 0 0 0 0 0
1565	sub_1565_0148800.log	DONE exit=20	200	True	516126	0 0 0 0 0 0 0 0 0 0 0 874 2070 3293 4532 3622 822 15 0 0 0 0 0 0 0 0 0 0 0
1565	sub_1565_0149000.log	DONE exit=20	200	True	7419935	0 0 0 0 0 0 0 0 0 0 0 1988 8773 21551 38258 56913 71021 61131 22866 13976 3684 0 0 0 0 0 0 0 0
1565	sub_1565_0149200.log	DONE exit=20	200	True	827326	0 0 0 0 0 0 0 0 0 0 0 903 2279 4814 8446 6366 570 0 0 0 0 0 0 0 0 0 0 0 0
1565	sub_1565_0149400.log	DONE exit=20	200	True	183864	0 0 0 0 0 0 0 0 0 0 0 1061 2348 2869 1113 138 0 0 0 0 0 0 0 0 0 0 0 0 0
1565	sub_1565_0149600.log	DONE exit=20	200	True	86966	0 0 0 0 0 0 0 0 0 0 0 636 1035 1201 438 50 0 0 0 0 0 0 0 0 0 0 0 0 0
1565	sub_1565_0149800.log	DONE exit=20	200	True	670276	0 0 0 0 0 0 0 0 0 0 0 1021 2736 5028 5998 4251 619 6 0 0 0 0 0 0 0 0 0 0 0
1565	sub_1565_0150000.log	DONE exit=20	200	True	256418	0 0 0 0 0 0 0 0 0 0 0 650 1218 1930 2037 1156 87 0 0 0 0 0 0 0 0 0 0 0 0
1565	sub_1565_0150200.log	DONE exit=20	200	True	314507	0 0 0 0 0 0 0 0 0 0 0 571 1026 2199 2317 1252 0 0 0 0 0 0 0 0 0 0 0 0 0
1565	sub_1565_0150400.log	DONE exit=20	200	True	1016053	0 0 0 0 0 0 0 0 0 0 0 908 2558 6296 10192 7848 1632 10 0 0 0 0 0 0 0 0 0 0 0
1565	sub_1565_0150600.log	DONE exit=20	200	True	542378	0 0 0 0 0 0 0 0 0 0 0 705 1676 3533 5136 3673 514 4 0 0 0 0 0 0 0 0 0 0 0
1565	sub_1565_0150800.log	DONE exit=20	200	True	154643	0 0 0 0 0 0 0 0 0 0 0 929 2234 2304 927 141 6 0 0 0 0 0 0 0 0 0 0 0 0
1565	sub_1565_0151000.log	DONE exit=20	200	True	144535	0 0 0 0 0 0 0 0 0 0 0 992 2133 2098 658 96 3 0 0 0 0 0 0 0 0 0 0 0 0
1565	sub_1565_0151200.log	DONE exit=20	200	True	58326	0 0 0 0 0 0 0 0 0 0 0 507 785 642 247 10 0 0 0 0 0 0 0 0 0 0 0 0 0
1565	sub_1565_0151400.log	DONE exit=20	200	True	274073	0 0 0 0 0 0 0 0 0 0 0 664 1273 2022 2250 1467 69 0 0 0 0 0 0 0 0 0 0 0 0
1565	sub_1565_0151600.log	DONE exit=20	200	True	144122	0 0 0 0 0 0 0 0 0 0 0 597 1002 1260 989 169 0 0 0 0 0 0 0 0 0 0 0 0 0
1565	sub_1565_0151800.log	DONE exit=20	200	True	528327	0 0 0 0 0 0 0 0 0 0 0 1088 2529 4043 4273 3447 352 15 0 0 0 0 0 0 0 0 0 0 0
1565	sub_1565_0152000.log	DONE exit=20	200	True	496688	0 0 0 0 0 0 0 0 0 0 0 917 2123 3259 4748 3056 25 0 0 0 0 0 0 0 0 0 0 0 0
1565	sub_1565_0152200.log	DONE exit=20	200	True	31386	0 0 0 0 0 0 0 0 0 0 0 364 294 53 5 0 0 0 0 0 0 0 0 0 0 0 0 0 0
1565	sub_1565_0152400.log	DONE exit=20	200	True	50759	0 0 0 0 0 0 0 0 0 0 0 395 352 203 107 47 0 0 0 0 0 0 0 0 0 0 0 0 0
1565	sub_1565_0152600.log	DONE exit=20	200	True	44798	0 0 0 0 0 0 0 0 0 0 0 424 391 190 92 38 0 0 0 0 0 0 0 0 0 0 0 0 0
1565	sub_1565_0152800.log	DONE exit=20	200	True	35021	0 0 0 0 0 0 0 0 0 0 0 442 388 132 20 0 0 0 0 0 0 0 0 0 0 0 0 0 0
1565	sub_1565_0153000.log	DONE exit=20	200	True	32689	0 0 0 0 0 0 0 0 0 0 0 495 506 196 23 0 0 0 0 0 0 0 0 0 0 0 0 0 0
1565	sub_1565_0153200.log	DONE exit=20	200	True	73985	0 0 0 0 0 0 0 0 0 0 0 943 1607 1097 252 5 0 0 0 0 0 0 0 0 0 0 0 0 0
1565	sub_1565_0153400.log	DONE exit=20	200	True	153137	0 0 0 0 0 0 0 0 0 0 0 1039 2697 3755 2649 954 173 13 0 0 0 0 0 0 0 0 0 0 0
1565	sub_1565_0153600.log	DONE exit=20	200	True	512147	0 0 0 0 0 0 0 0 0 0 0 1847 6905 11180 6577 1432 177 4 0 0 0 0 0 0 0 0 0 0 0
1565	sub_1565_0153800.log	DONE exit=20	200	True	442558	0 0 0 0 0 0 0 0 0 0 0 1515 5580 9307 6047 1393 261 37 0 0 0 0 0 0 0 0 0 0 0
1565	sub_1565_0154000.log	DONE exit=20	200	True	527832	0 0 0 0 0 0 0 0 0 0 0 1476 5775 11158 9498 2827 341 20 0 0 0 0 0 0 0 0 0 0 0
1565	sub_1565_0154200.log	DONE exit=20	200	True	473252	0 0 0 0 0 0 0 0 0 0 0 1630 5974 9740 6147 1190 110 5 0 0 0 0 0 0 0 0 0 0 0
1565	sub_1565_0154400.log	DONE exit=20	200	True	274739	0 0 0 0 0 0 0 0 0 0 0 1404 4118 5220 2328 318 7 0 0 0 0 0 0 0 0 0 0 0 0
1565	sub_1565_0154600.log	DONE exit=20	200	True	347190	0 0 0 0 0 0 0 0 0 0 0 1449 4883 7329 4243 792 93 8 0 0 0 0 0 0 0 0 0 0 0
1565	sub_1565_0154800.log	DONE exit=20	200	True	433913	0 0 0 0 0 0 0 0 0 0 0 1357 4732 8134 5787 950 14 0 0 0 0 0 0 0 0 0 0 0 0
1565	sub_1565_0155000.log	DONE exit=20	200	True	339858	0 0 0 0 0 0 0 0 0 0 0 1456 4918 7335 4083 485 14 0 0 0 0 0 0 0 0 0 0 0 0
1565	sub_1565_0155200.log	DONE exit=20	200	True	73964	0 0 0 0 0 0 0 0 0 0 0 883 1711 1481 523 68 2 0 0 0 0 0 0 0 0 0 0 0 0
1565	sub_1565_0155400.log	DONE exit=20	200	True	78032	0 0 0 0 0 0 0 0 0 0 0 779 1395 982 326 41 2 0 0 0 0 0 0 0 0 0 0 0 0
1565	sub_1565_0155600.log	DONE exit=20	200	True	88196	0 0 0 0 0 0 0 0 0 0 0 808 1486 1159 532 62 0 0 0 0 0 0 0 0 0 0 0 0 0
1565	sub_1565_0155800.log	DONE exit=20	200	True	39191	0 0 0 0 0 0 0 0 0 0 0 543 616 276 33 0 0 0 0 0 0 0 0 0 0 0 0 0 0
1565	sub_1565_0156000.log	DONE exit=20	200	True	55929	0 0 0 0 0 0 0 0 0 0 0 719 1108 580 110 1 0 0 0 0 0 0 0 0 0 0 0 0 0
1565	sub_1565_0156200.log	DONE exit=20	200	True	31184	0 0 0 0 0 0 0 0 0 0 0 560 428 116 6 0 0 0 0 0 0 0 0 0 0 0 0 0 0
1565	sub_1565_0156400.log	DONE exit=20	200	True	59062	0 0 0 0 0 0 0 0 0 0 0 629 959 746 307 71 0 0 0 0 0 0 0 0 0 0 0 0 0
1565	sub_1565_0156600.log	DONE exit=20	200	True	54655	0 0 0 0 0 0 0 0 0 0 0 543 750 567 144 14 0 0 0 0 0 0 0 0 0 0 0 0 0
1565	sub_1565_0156800.log	DONE exit=20	200	True	205181	0 0 0 0 0 0 0 0 0 0 0 705 1562 2960 3585 1927 219 13 0 0 0 0 0 0 0 0 0 0 0
1565	sub_1565_0157000.log	DONE exit=20	200	True	123649	0 0 0 0 0 0 0 0 0 0 0 752 1566 1975 884 91 4 0 0 0 0 0 0 0 0 0 0 0 0
1565	sub_1565_0157200.log	DONE exit=20	200	True	73205	0 0 0 0 0 0 0 0 0 0 0 648 1042 1079 515 58 0 0 0 0 0 0 0 0 0 0 0 0 0
1565	sub_1565_0157400.log	DONE exit=20	200	True	38800	0 0 0 0 0 0 0 0 0 0 0 446 546 319 78 11 1 0 0 0 0 0 0 0 0 0 0 0 0
1565	sub_1565_0157600.log	DONE exit=20	200	True	129563	0 0 0 0 0 0 0 0 0 0 0 719 1459 1888 1330 635 61 11 0 0 0 0 0 0 0 0 0 0 0
1565	sub_1565_0157800.log	DONE exit=20	200	True	391721	0 0 0 0 0 0 0 0 0 0 0 1553 5449 8707 5390 1201 108 5 0 0 0 0 0 0 0 0 0 0 0
1565	sub_1565_0158000.log	DONE exit=20	200	True	161690	0 0 0 0 0 0 0 0 0 0 0 918 2063 2550 1596 409 31 0 0 0 0 0 0 0 0 0 0 0 0
1565	sub_1565_0158200.log	DONE exit=20	200	True	153469	0 0 0 0 0 0 0 0 0 0 0 781 1611 2338 1863 536 50 3 0 0 0 0 0 0 0 0 0 0 0
1565	sub_1565_0158400.log	DONE exit=20	200	True	168864	0 0 0 0 0 0 0 0 0 0 0 732 1631 2656 2198 632 59 3 0 0 0 0 0 0 0 0 0 0 0
1565	sub_1565_0158600.log	DONE exit=20	200	True	78558	0 0 0 0 0 0 0 0 0 0 0 664 1072 998 322 43 0 0 0 0 0 0 0 0 0 0 0 0 0
1565	sub_1565_0158800.log	DONE exit=20	200	True	155498	0 0 0 0 0 0 0 0 0 0 0 964 2167 2471 1254 209 6 0 0 0 0 0 0 0 0 0 0 0 0
1565	sub_1565_0159000.log	DONE exit=20	200	True	216998	0 0 0 0 0 0 0 0 0 0 0 990 2611 3719 2598 824 18 0 0 0 0 0 0 0 0 0 0 0 0
1565	sub_1565_0159200.log	DONE exit=20	200	True	269437	0 0 0 0 0 0 0 0 0 0 0 1415 4523 6020 3339 590 47 0 0 0 0 0 0 0 0 0 0 0 0
1565	sub_1565_0159400.log	DONE exit=20	200	True	37411	0 0 0 0 0 0 0 0 0 0 0 526 537 241 45 1 0 0 0 0 0 0 0 0 0 0 0 0 0
1565	sub_1565_0159600.log	DONE exit=20	200	True	250987	0 0 0 0 0 0 0 0 0 0 0 964 2848 5074 4001 977 78 0 0 0 0 0 0 0 0 0 0 0 0
1565	sub_1565_0159800.log	DONE exit=20	200	True	37636	0 0 0 0 0 0 0 0 0 0 0 501 442 198 42 0 0 0 0 0 0 0 0 0 0 0 0 0 0
1565	sub_1565_0160000.log	DONE exit=20	200	True	123407	0 0 0 0 0 0 0 0 0 0 0 723 1423 1706 1405 514 84 7 0 0 0 0 0 0 0 0 0 0 0
1565	sub_1565_0160200.log	DONE exit=20	200	True	87396	0 0 0 0 0 0 0 0 0 0 0 649 1117 985 470 98 1 0 0 0 0 0 0 0 0 0 0 0 0
1565	sub_1565_0160400.log	DONE exit=20	200	True	48959	0 0 0 0 0 0 0 0 0 0 0 534 617 309 89 10 0 0 0 0 0 0 0 0 0 0 0 0 0
1565	sub_1565_0160600.log	DONE exit=20	200	True	82936	0 0 0 0 0 0 0 0 0 0 0 800 1382 1098 452 92 10 0 0 0 0 0 0 0 0 0 0 0 0
1565	sub_1565_0160800.log	DONE exit=20	200	True	100672	0 0 0 0 0 0 0 0 0 0 0 730 1401 1461 841 183 0 0 0 0 0 0 0 0 0 0 0 0 0
1565	sub_1565_0161000.log	DONE exit=20	200	True	38475	0 0 0 0 0 0 0 0 0 0 0 536 532 245 22 1 0 0 0 0 0 0 0 0 0 0 0 0 0
1565	sub_1565_0161200.log	DONE exit=20	200	True	55024	0 0 0 0 0 0 0 0 0 0 0 583 652 360 52 4 0 0 0 0 0 0 0 0 0 0 0 0 0
1565	sub_1565_0161400.log	DONE exit=20	200	True	477800	0 0 0 0 0 0 0 0 0 0 0 1250 2898 3897 1871 933 21 0 0 0 0 0 0 0 0 0 0 0 0
1565	sub_1565_0161600.log	DONE exit=20	200	True	333752	0 0 0 0 0 0 0 0 0 0 0 1466 3649 3007 640 66 0 0 0 0 0 0 0 0 0 0 0 0 0
1565	sub_1565_0161800.log	DONE exit=20	200	True	191378	0 0 0 0 0 0 0 0 0 0 0 903 2078 1406 222 83 0 0 0 0 0 0 0 0 0 0 0 0 0
1565	sub_1565_0162000.log	DONE exit=20	200	True	321661	0 0 0 0 0 0 0 0 0 0 0 1317 3672 3196 779 141 0 0 0 0 0 0 0 0 0 0 0 0 0
1565	sub_1565_0162200.log	DONE exit=20	200	True	73380	0 0 0 0 0 0 0 0 0 0 0 459 631 462 88 6 0 0 0 0 0 0 0 0 0 0 0 0 0
1565	sub_1565_0162400.log	DONE exit=20	200	True	832580	0 0 0 0 0 0 0 0 0 0 0 976 3035 5006 6309 4626 403 0 0 0 0 0 0 0 0 0 0 0 0
1565	sub_1565_0162600.log	DONE exit=20	200	True	21231	0 0 0 0 0 0 0 0 0 0 0 210 104 34 20 1 0 0 0 0 0 0 0 0 0 0 0 0 0
1565	sub_1565_0162800.log	DONE exit=20	200	True	59149	0 0 0 0 0 0 0 0 0 0 0 435 380 310 191 85 0 0 0 0 0 0 0 0 0 0 0 0 0
1565	sub_1565_0163000.log	DONE exit=20	200	True	21056	0 0 0 0 0 0 0 0 0 0 0 243 79 23 2 0 0 0 0 0 0 0 0 0 0 0 0 0 0
1565	sub_1565_0163200.log	DONE exit=20	200	True	374378	0 0 0 0 0 0 0 0 0 0 0 886 2115 3127 2710 607 0 0 0 0 0 0 0 0 0 0 0 0 0
1565	sub_1565_0163400.log	DONE exit=20	200	True	276990	0 0 0 0 0 0 0 0 0 0 0 733 1507 2516 2497 937 29 0 0 0 0 0 0 0 0 0 0 0 0
1565	sub_1565_0163600.log	DONE exit=20	200	True	66155	0 0 0 0 0 0 0 0 0 0 0 666 865 437 68 1 0 0 0 0 0 0 0 0 0 0 0 0 0
1565	sub_1565_0163800.log	DONE exit=20	200	True	443619	0 0 0 0 0 0 0 0 0 0 0 808 1639 3536 3365 1141 2 0 0 0 0 0 0 0 0 0 0 0 0
1565	sub_1565_0164000.log	DONE exit=20	200	True	133981	0 0 0 0 0 0 0 0 0 0 0 673 986 881 708 359 0 0 0 0 0 0 0 0 0 0 0 0 0
1565	sub_1565_0164200.log	DONE exit=20	200	True	1668651	0 0 0 0 0 0 0 0 0 0 0 1060 3426 8750 15800 14216 3430 25 0 0 0 0 0 0 0 0 0 0 0
1565	sub_1565_0164400.log	DONE exit=20	200	True	286495	0 0 0 0 0 0 0 0 0 0 0 948 1660 2263 2132 1298 163 0 0 0 0 0 0 0 0 0 0 0 0
1565	sub_1565_0164600.log	DONE exit=20	200	True	230136	0 0 0 0 0 0 0 0 0 0 0 1082 2290 2312 1462 466 1 0 0 0 0 0 0 0 0 0 0 0 0
1565	sub_1565_0164800.log	DONE exit=20	200	True	130133	0 0 0 0 0 0 0 0 0 0 0 1267 2468 1525 258 12 0 0 0 0 0 0 0 0 0 0 0 0 0
1565	sub_1565_0165000.log	DONE exit=20	200	True	114528	0 0 0 0 0 0 0 0 0 0 0 1044 2126 1513 372 16 0 0 0 0 0 0 0 0 0 0 0 0 0
1565	sub_1565_0165200.log	DONE exit=20	200	True	114443	0 0 0 0 0 0 0 0 0 0 0 1008 1982 1751 589 44 1 0 0 0 0 0 0 0 0 0 0 0 0
1565	sub_1565_0165400.log	DONE exit=20	200	True	68192	0 0 0 0 0 0 0 0 0 0 0 958 1492 687 113 0 0 0 0 0 0 0 0 0 0 0 0 0 0
1565	sub_1565_0165600.log	DONE exit=20	200	True	120727	0 0 0 0 0 0 0 0 0 0 0 1150 2266 1725 445 55 12 0 0 0 0 0 0 0 0 0 0 0 0
1565	sub_1565_0165800.log	DONE exit=20	200	True	748019	0 0 0 0 0 0 0 0 0 0 0 1238 4509 10479 13585 8217 1716 90 0 0 0 0 0 0 0 0 0 0 0
1565	sub_1565_0166000.log	DONE exit=20	200	True	1303056	0 0 0 0 0 0 0 0 0 0 0 1788 6929 12751 9331 3935 37 4 0 0 0 0 0 0 0 0 0 0 0
1565	sub_1565_0166200.log	DONE exit=20	200	True	1077364	0 0 0 0 0 0 0 0 0 0 0 1699 6122 10184 9361 3430 334 59 0 0 0 0 0 0 0 0 0 0 0
1565	sub_1565_0166400.log	DONE exit=20	200	True	593479	0 0 0 0 0 0 0 0 0 0 0 1164 3561 5545 4923 2188 289 46 0 0 0 0 0 0 0 0 0 0 0
1565	sub_1565_0166600.log	DONE exit=20	200	True	1060422	0 0 0 0 0 0 0 0 0 0 0 1648 5932 9992 8988 3753 738 205 0 0 0 0 0 0 0 0 0 0 0
1565	sub_1565_0166800.log	DONE exit=20	200	True	287041224	0 0 0 0 0 0 0 0 0 0 0 2742 21859 105390 366148 965322 2005688 3479848 4637668 3179980 1155145 0 0 0 0 0 0 0 0
1565	sub_1565_0167000.log	DONE exit=20	200	True	62833151	0 0 0 0 0 0 0 0 0 0 0 2443 17431 81956 270887 587417 722701 307408 24507 9127 2565 0 0 0 0 0 0 0 0
1565	sub_1565_0167200.log	DONE exit=20	200	True	5562600	0 0 0 0 0 0 0 0 0 0 0 2024 8821 19141 29891 43513 50331 24737 18 0 0 0 0 0 0 0 0 0 0
1565	sub_1565_0167400.log	DONE exit=20	200	True	9794911	0 0 0 0 0 0 0 0 0 0 0 1811 6412 14703 33341 72095 106754 80132 18654 9096 2407 0 0 0 0 0 0 0 0
1565	sub_1565_0167600.log	DONE exit=20	200	True	34403913	0 0 0 0 0 0 0 0 0 0 0 1966 8509 26085 73537 189384 344213 397685 223910 127995 39460 0 0 0 0 0 0 0 0
1565	sub_1565_0167800.log	DONE exit=20	200	True	22449867	0 0 0 0 0 0 0 0 0 0 0 2097 9855 28653 65812 137078 210654 246005 128110 69628 18901 0 0 0 0 0 0 0 0
1565	sub_1565_0168000.log	DONE exit=20	200	True	63957	0 0 0 0 0 0 0 0 0 0 0 795 1138 599 70 7 0 0 0 0 0 0 0 0 0 0 0 0 0
1565	sub_1565_0168200.log	DONE exit=20	200	True	100818	0 0 0 0 0 0 0 0 0 0 0 972 1536 1123 345 66 2 0 0 0 0 0 0 0 0 0 0 0 0
1565	sub_1565_0168400.log	DONE exit=20	200	True	95012	0 0 0 0 0 0 0 0 0 0 0 946 1704 1129 325 39 3 0 0 0 0 0 0 0 0 0 0 0 0
1565	sub_1565_0168600.log	DONE exit=20	200	True	93985	0 0 0 0 0 0 0 0 0 0 0 1027 1900 1290 215 11 0 0 0 0 0 0 0 0 0 0 0 0 0
1565	sub_1565_0168800.log	DONE exit=20	200	True	184552	0 0 0 0 0 0 0 0 0 0 0 1376 3277 3040 1004 142 26 0 0 0 0 0 0 0 0 0 0 0 0
1565	sub_1565_0169000.log	DONE exit=20	200	True	589935	0 0 0 0 0 0 0 0 0 0 0 1286 4874 9479 9812 5702 1385 5 0 0 0 0 0 0 0 0 0 0 0
1565	sub_1565_0169200.log	DONE exit=20	200	True	374909	0 0 0 0 0 0 0 0 0 0 0 1511 4369 5783 4155 1732 277 1 0 0 0 0 0 0 0 0 0 0 0
1565	sub_1565_0169400.log	DONE exit=20	200	True	192514	0 0 0 0 0 0 0 0 0 0 0 1205 2778 2573 1145 297 14 0 0 0 0 0 0 0 0 0 0 0 0
1565	sub_1565_0169600.log	DONE exit=20	200	True	539260	0 0 0 0 0 0 0 0 0 0 0 1364 3876 5786 5915 5411 3245 700 0 0 0 0 0 0 0 0 0 0 0
1565	sub_1565_0169800.log	DONE exit=20	200	True	299661	0 0 0 0 0 0 0 0 0 0 0 1009 2414 3204 2837 2313 1566 449 0 0 0 0 0 0 0 0 0 0 0
1565	sub_1565_0170000.log	DONE exit=20	200	True	1300559	0 0 0 0 0 0 0 0 0 0 0 1844 7083 12971 9731 4237 113 19 0 0 0 0 0 0 0 0 0 0 0
1565	sub_1565_0170200.log	DONE exit=20	200	True	1156555	0 0 0 0 0 0 0 0 0 0 0 1635 5976 10267 10126 3736 392 64 0 0 0 0 0 0 0 0 0 0 0
1565	sub_1565_0170400.log	DONE exit=20	200	True	402926	0 0 0 0 0 0 0 0 0 0 0 1240 3726 5032 3272 1264 105 1 0 0 0 0 0 0 0 0 0 0 0
1565	sub_1565_0170600.log	DONE exit=20	200	True	1522063	0 0 0 0 0 0 0 0 0 0 0 1679 6224 11770 13324 7673 3358 571 13 0 0 0 0 0 0 0 0 0 0
1565	sub_1565_0170800.log	DONE exit=20	200	True	569939	0 0 0 0 0 0 0 0 0 0 0 1306 3984 6318 4176 2541 239 10 0 0 0 0 0 0 0 0 0 0 0
1565	sub_1565_0171000.log	DONE exit=20	200	True	928418	0 0 0 0 0 0 0 0 0 0 0 1517 5184 8686 5313 2046 1 0 0 0 0 0 0 0 0 0 0 0 0
1565	sub_1565_0171200.log	DONE exit=20	200	True	832384	0 0 0 0 0 0 0 0 0 0 0 1583 5814 8550 6171 1732 20 0 0 0 0 0 0 0 0 0 0 0 0
1565	sub_1565_0171400.log	DONE exit=20	200	True	420836	0 0 0 0 0 0 0 0 0 0 0 1313 3624 4047 1967 260 0 0 0 0 0 0 0 0 0 0 0 0 0
1565	sub_1565_0171600.log	DONE exit=20	200	True	108897	0 0 0 0 0 0 0 0 0 0 0 632 1160 841 241 136 0 0 0 0 0 0 0 0 0 0 0 0 0
1565	sub_1565_0171800.log	DONE exit=20	200	True	73996	0 0 0 0 0 0 0 0 0 0 0 753 1013 733 221 18 0 0 0 0 0 0 0 0 0 0 0 0 0
1565	sub_1565_0172000.log	DONE exit=20	200	True	294627	0 0 0 0 0 0 0 0 0 0 0 743 1378 2300 1701 863 0 0 0 0 0 0 0 0 0 0 0 0 0
1565	sub_1565_0172200.log	DONE exit=20	200	True	2407831	0 0 0 0 0 0 0 0 0 0 0 1314 4433 9862 17416 21167 11208 2822 746 277 85 0 0 0 0 0 0 0 0
1565	sub_1565_0172400.log	DONE exit=20	200	True	754103	0 0 0 0 0 0 0 0 0 0 0 809 2231 3785 6723 6798 598 0 0 0 0 0 0 0 0 0 0 0 0
1565	sub_1565_0172600.log	DONE exit=20	200	True	207082	0 0 0 0 0 0 0 0 0 0 0 515 1177 1408 1059 587 0 0 0 0 0 0 0 0 0 0 0 0 0
1565	sub_1565_0172800.log	DONE exit=20	200	True	421040	0 0 0 0 0 0 0 0 0 0 0 746 1817 2782 3340 1981 45 0 0 0 0 0 0 0 0 0 0 0 0
1565	sub_1565_0173000.log	DONE exit=20	200	True	267808	0 0 0 0 0 0 0 0 0 0 0 520 901 1331 2073 1352 0 0 0 0 0 0 0 0 0 0 0 0 0
1565	sub_1565_0173200.log	DONE exit=20	200	True	502974	0 0 0 0 0 0 0 0 0 0 0 801 2238 3675 4158 2629 428 10 0 0 0 0 0 0 0 0 0 0 0
1565	sub_1565_0173400.log	DONE exit=20	200	True	440831	0 0 0 0 0 0 0 0 0 0 0 706 1696 3101 3753 2141 57 0 0 0 0 0 0 0 0 0 0 0 0
1565	sub_1565_0173600.log	DONE exit=20	200	True	296109	0 0 0 0 0 0 0 0 0 0 0 438 866 1772 2537 1805 403 11 0 0 0 0 0 0 0 0 0 0 0
1565	sub_1565_0173800.log	DONE exit=20	200	True	17580	0 0 0 0 0 0 0 0 0 0 0 256 89 12 2 0 0 0 0 0 0 0 0 0 0 0 0 0 0
1565	sub_1565_0174000.log	DONE exit=20	200	True	26598	0 0 0 0 0 0 0 0 0 0 0 295 148 20 0 0 0 0 0 0 0 0 0 0 0 0 0 0 0
1565	sub_1565_0174200.log	DONE exit=20	200	True	275039	0 0 0 0 0 0 0 0 0 0 0 810 1841 2691 2279 510 24 0 0 0 0 0 0 0 0 0 0 0 0
1565	sub_1565_0174400.log	DONE exit=20	200	True	600463	0 0 0 0 0 0 0 0 0 0 0 1109 2498 4010 5273 3954 131 0 0 0 0 0 0 0 0 0 0 0 0
1565	sub_1565_0174600.log	DONE exit=20	200	True	256334	0 0 0 0 0 0 0 0 0 0 0 807 1408 1601 2335 1188 29 0 0 0 0 0 0 0 0 0 0 0 0
1565	sub_1565_0174800.log	DONE exit=20	200	True	1110412	0 0 0 0 0 0 0 0 0 0 0 1459 4547 8494 10677 9491 2423 635 6 0 0 0 0 0 0 0 0 0 0
1565	sub_1565_0175000.log	DONE exit=20	200	True	166320	0 0 0 0 0 0 0 0 0 0 0 812 1591 1970 1301 556 41 0 0 0 0 0 0 0 0 0 0 0 0
1565	sub_1565_0175200.log	DONE exit=20	200	True	50781	0 0 0 0 0 0 0 0 0 0 0 412 350 181 104 51 0 0 0 0 0 0 0 0 0 0 0 0 0
1565	sub_1565_0175400.log	DONE exit=20	200	True	50724	0 0 0 0 0 0 0 0 0 0 0 492 383 161 98 51 0 0 0 0 0 0 0 0 0 0 0 0 0
1565	sub_1565_0175600.log	DONE exit=20	200	True	35187	0 0 0 0 0 0 0 0 0 0 0 417 339 200 38 0 0 0 0 0 0 0 0 0 0 0 0 0 0
1565	sub_1565_0175800.log	DONE exit=20	200	True	146504	0 0 0 0 0 0 0 0 0 0 0 738 1754 2421 1491 460 94 0 0 0 0 0 0 0 0 0 0 0 0
1565	sub_1565_0176000.log	DONE exit=20	200	True	33470	0 0 0 0 0 0 0 0 0 0 0 494 283 38 0 0 0 0 0 0 0 0 0 0 0 0 0 0 0
1565	sub_1565_0176200.log	DONE exit=20	200	True	23072	0 0 0 0 0 0 0 0 0 0 0 339 179 80 10 0 0 0 0 0 0 0 0 0 0 0 0 0 0
1565	sub_1565_0176400.log	DONE exit=20	200	True	35681	0 0 0 0 0 0 0 0 0 0 0 452 478 242 49 4 0 0 0 0 0 0 0 0 0 0 0 0 0
1565	sub_1565_0176600.log	DONE exit=20	200	True	37582	0 0 0 0 0 0 0 0 0 0 0 600 501 149 12 1 0 0 0 0 0 0 0 0 0 0 0 0 0
1565	sub_1565_0176800.log	DONE exit=20	200	True	408114	0 0 0 0 0 0 0 0 0 0 0 1550 4814 7463 5340 1116 20 0 0 0 0 0 0 0 0 0 0 0 0
1565	sub_1565_0177000.log	DONE exit=20	200	True	56491	0 0 0 0 0 0 0 0 0 0 0 650 835 520 176 16 0 0 0 0 0 0 0 0 0 0 0 0 0
1565	sub_1565_0177200.log	DONE exit=20	200	True	41381	0 0 0 0 0 0 0 0 0 0 0 471 546 316 80 7 0 0 0 0 0 0 0 0 0 0 0 0 0
1565	sub_1565_0177400.log	DONE exit=20	200	True	72293	0 0 0 0 0 0 0 0 0 0 0 556 810 783 349 38 5 0 0 0 0 0 0 0 0 0 0 0 0
1565	sub_1565_0177600.log	DONE exit=20	200	True	647691	0 0 0 0 0 0 0 0 0 0 0 1193 3169 5152 5424 2986 224 0 0 0 0 0 0 0 0 0 0 0 0
1565	sub_1565_0177800.log	DONE exit=20	200	True	40478	0 0 0 0 0 0 0 0 0 0 0 532 570 285 55 1 0 0 0 0 0 0 0 0 0 0 0 0 0
1565	sub_1565_0178000.log	DONE exit=20	200	True	324397	0 0 0 0 0 0 0 0 0 0 0 1369 3966 5904 3841 545 13 0 0 0 0 0 0 0 0 0 0 0 0
1565	sub_1565_0178200.log	DONE exit=20	200	True	31025	0 0 0 0 0 0 0 0 0 0 0 404 302 70 9 0 0 0 0 0 0 0 0 0 0 0 0 0 0
1565	sub_1565_0178400.log	DONE exit=20	200	True	1023299	0 0 0 0 0 0 0 0 0 0 0 865 2338 5875 9900 7929 1647 12 0 0 0 0 0 0 0 0 0 0 0
1565	sub_1565_0178600.log	DONE exit=20	200	True	33259	0 0 0 0 0 0 0 0 0 0 0 435 398 182 27 1 0 0 0 0 0 0 0 0 0 0 0 0 0
1565	sub_1565_0178800.log	DONE exit=20	200	True	201076	0 0 0 0 0 0 0 0 0 0 0 981 2277 3347 1670 167 0 0 0 0 0 0 0 0 0 0 0 0 0
1565	sub_1565_0179000.log	DONE exit=20	200	True	125060	0 0 0 0 0 0 0 0 0 0 0 685 1346 1965 1087 94 1 0 0 0 0 0 0 0 0 0 0 0 0
1565	sub_1565_0179200.log	DONE exit=20	200	True	203497	0 0 0 0 0 0 0 0 0 0 0 829 1543 1801 1263 595 21 1 0 0 0 0 0 0 0 0 0 0 0
1565	sub_1565_0179400.log	DONE exit=20	200	True	281548	0 0 0 0 0 0 0 0 0 0 0 1039 2314 2536 1885 687 13 1 0 0 0 0 0 0 0 0 0 0 0
1565	sub_1565_0179600.log	DONE exit=20	200	True	904076	0 0 0 0 0 0 0 0 0 0 0 967 2585 5101 8482 7758 2573 45 0 0 0 0 0 0 0 0 0 0 0
1565	sub_1565_0179800.log	DONE exit=20	200	True	679205	0 0 0 0 0 0 0 0 0 0 0 1901 6562 9754 8127 3970 341 17 0 0 0 0 0 0 0 0 0 0 0
1565	sub_1565_0180000.log	DONE exit=20	200	True	6982386	0 0 0 0 0 0 0 0 0 0 0 2251 11867 33520 57861 62876 50811 38930 12625 6287 1673 0 0 0 0 0 0 0 0
1565	sub_1565_0180200.log	DONE exit=20	200	True	959499	0 0 0 0 0 0 0 0 0 0 0 755 2348 6345 10827 7858 1174 8 0 0 0 0 0 0 0 0 0 0 0
1565	sub_1565_0180400.log	DONE exit=20	200	True	555664	0 0 0 0 0 0 0 0 0 0 0 1750 6080 10356 8508 1313 36 1 0 0 0 0 0 0 0 0 0 0 0
1565	sub_1565_0180600.log	DONE exit=20	200	True	101218	0 0 0 0 0 0 0 0 0 0 0 744 1266 1115 249 17 0 0 0 0 0 0 0 0 0 0 0 0 0
1565	sub_1565_0180800.log	DONE exit=20	200	True	435277	0 0 0 0 0 0 0 0 0 0 0 1109 3149 5306 4622 1872 121 0 0 0 0 0 0 0 0 0 0 0 0
1565	sub_1565_0181000.log	DONE exit=20	200	True	1471199	0 0 0 0 0 0 0 0 0 0 0 1557 5455 11723 15496 10992 2186 1 0 0 0 0 0 0 0 0 0 0 0
1565	sub_1565_0181200.log	DONE exit=20	200	True	109613	0 0 0 0 0 0 0 0 0 0 0 534 595 633 651 262 0 0 0 0 0 0 0 0 0 0 0 0 0
1565	sub_1565_0181400.log	DONE exit=20	200	True	1113728	0 0 0 0 0 0 0 0 0 0 0 987 3136 7530 11806 8722 1823 13 0 0 0 0 0 0 0 0 0 0 0
1565	sub_1565_0181600.log	DONE exit=20	200	True	151239	0 0 0 0 0 0 0 0 0 0 0 614 1026 1205 917 476 4 0 0 0 0 0 0 0 0 0 0 0 0
1565	sub_1565_0181800.log	DONE exit=20	200	True	432600	0 0 0 0 0 0 0 0 0 0 0 579 1164 3084 3126 1672 2 0 0 0 0 0 0 0 0 0 0 0 0
1565	sub_1565_0182000.log	DONE exit=20	200	True	270213	0 0 0 0 0 0 0 0 0 0 0 563 855 1640 2051 1265 21 0 0 0 0 0 0 0 0 0 0 0 0
1565	sub_1565_0182200.log	DONE exit=20	200	True	1089726	0 0 0 0 0 0 0 0 0 0 0 855 2398 5941 10708 9500 2578 10 0 0 0 0 0 0 0 0 0 0 0
1565	sub_1565_0182400.log	DONE exit=20	200	True	93254	0 0 0 0 0 0 0 0 0 0 0 931 1428 859 217 19 0 0 0 0 0 0 0 0 0 0 0 0 0
1565	sub_1565_0182600.log	DONE exit=20	200	True	458747	0 0 0 0 0 0 0 0 0 0 0 883 2386 3836 3701 2620 164 0 0 0 0 0 0 0 0 0 0 0 0
1565	sub_1565_0182800.log	DONE exit=20	200	True	36418	0 0 0 0 0 0 0 0 0 0 0 442 422 199 41 2 0 0 0 0 0 0 0 0 0 0 0 0 0
1565	sub_1565_0183000.log	DONE exit=20	200	True	64920	0 0 0 0 0 0 0 0 0 0 0 876 1430 814 181 14 1 0 0 0 0 0 0 0 0 0 0 0 0
1565	sub_1565_0183200.log	DONE exit=20	200	True	164001	0 0 0 0 0 0 0 0 0 0 0 1324 3944 4678 2387 525 39 0 0 0 0 0 0 0 0 0 0 0 0
1565	sub_1565_0183400.log	DONE exit=20	200	True	202276	0 0 0 0 0 0 0 0 0 0 0 1467 4325 5014 2099 299 10 0 0 0 0 0 0 0 0 0 0 0 0
1565	sub_1565_0183600.log	DONE exit=20	200	True	171680	0 0 0 0 0 0 0 0 0 0 0 1249 3592 4257 1987 286 13 0 0 0 0 0 0 0 0 0 0 0 0
1565	sub_1565_0183800.log	DONE exit=20	200	True	241740	0 0 0 0 0 0 0 0 0 0 0 1325 4061 5329 3235 863 50 0 0 0 0 0 0 0 0 0 0 0 0
1565	sub_1565_0184000.log	DONE exit=20	200	True	449371	0 0 0 0 0 0 0 0 0 0 0 1276 3985 8012 9107 4895 1173 91 0 0 0 0 0 0 0 0 0 0 0
1565	sub_1565_0184200.log	DONE exit=20	200	True	133418	0 0 0 0 0 0 0 0 0 0 0 1258 2247 1897 1111 343 122 44 4 0 0 0 0 0 0 0 0 0 0
1565	sub_1565_0184400.log	DONE exit=20	200	True	157202	0 0 0 0 0 0 0 0 0 0 0 1189 2380 2394 1662 633 164 10 0 0 0 0 0 0 0 0 0 0 0
1565	sub_1565_0184600.log	DONE exit=20	200	True	66370	0 0 0 0 0 0 0 0 0 0 0 825 942 603 259 48 0 0 0 0 0 0 0 0 0 0 0 0 0
1565	sub_1565_0184800.log	DONE exit=20	200	True	664788	0 0 0 0 0 0 0 0 0 0 0 1562 5699 12307 14205 7597 1723 132 2 0 0 0 0 0 0 0 0 0 0
1565	sub_1565_0185000.log	DONE exit=20	200	True	148870	0 0 0 0 0 0 0 0 0 0 0 1290 2697 2436 1153 298 43 0 0 0 0 0 0 0 0 0 0 0 0
1565	sub_1565_0185200.log	DONE exit=20	200	True	148681	0 0 0 0 0 0 0 0 0 0 0 1323 2853 2440 1161 314 57 5 0 0 0 0 0 0 0 0 0 0 0
1565	sub_1565_0185400.log	DONE exit=20	200	True	293557	0 0 0 0 0 0 0 0 0 0 0 1605 4433 5444 4073 1978 592 81 4 0 0 0 0 0 0 0 0 0 0
1565	sub_1565_0185600.log	DONE exit=20	200	True	172165	0 0 0 0 0 0 0 0 0 0 0 1278 3236 3377 1875 590 40 6 0 0 0 0 0 0 0 0 0 0 0
1565	sub_1565_0185800.log	DONE exit=20	200	True	175753	0 0 0 0 0 0 0 0 0 0 0 1199 2919 3235 2282 749 50 2 0 0 0 0 0 0 0 0 0 0 0
1565	sub_1565_0186000.log	DONE exit=20	200	True	288664	0 0 0 0 0 0 0 0 0 0 0 1384 5016 8529 5846 2098 185 5 0 0 0 0 0 0 0 0 0 0 0
1565	sub_1565_0186200.log	DONE exit=20	200	True	269149	0 0 0 0 0 0 0 0 0 0 0 1457 4931 7413 4749 1100 38 0 0 0 0 0 0 0 0 0 0 0 0
1565	sub_1565_0186400.log	DONE exit=20	200	True	702272	0 0 0 0 0 0 0 0 0 0 0 1629 7291 15479 15532 6881 897 57 0 0 0 0 0 0 0 0 0 0 0
1565	sub_1565_0186600.log	DONE exit=20	200	True	735163	0 0 0 0 0 0 0 0 0 0 0 1890 7230 13614 10069 2991 372 32 0 0 0 0 0 0 0 0 0 0 0
1565	sub_1565_0186800.log	DONE exit=20	200	True	815165	0 0 0 0 0 0 0 0 0 0 0 1676 7309 15094 12835 4368 767 18 0 0 0 0 0 0 0 0 0 0 0
1565	sub_1565_0187000.log	DONE exit=20	200	True	651975	0 0 0 0 0 0 0 0 0 0 0 1589 6175 11873 9727 2268 129 1 0 0 0 0 0 0 0 0 0 0 0
1565	sub_1565_0187200.log	DONE exit=20	200	True	788598	0 0 0 0 0 0 0 0 0 0 0 1805 7271 14532 12837 4581 930 30 0 0 0 0 0 0 0 0 0 0 0
1565	sub_1565_0187400.log	DONE exit=20	200	True	147237	0 0 0 0 0 0 0 0 0 0 0 1043 2198 2527 976 100 0 0 0 0 0 0 0 0 0 0 0 0 0
1565	sub_1565_0187600.log	DONE exit=20	200	True	86522	0 0 0 0 0 0 0 0 0 0 0 702 1396 1417 807 176 9 0 0 0 0 0 0 0 0 0 0 0 0
1565	sub_1565_0187800.log	DONE exit=20	200	True	74429	0 0 0 0 0 0 0 0 0 0 0 725 1118 784 292 58 1 0 0 0 0 0 0 0 0 0 0 0 0
1565	sub_1565_0188000.log	DONE exit=20	200	True	60342	0 0 0 0 0 0 0 0 0 0 0 643 967 605 342 85 0 0 0 0 0 0 0 0 0 0 0 0 0
1565	sub_1565_0188200.log	DONE exit=20	200	True	113867	0 0 0 0 0 0 0 0 0 0 0 848 1785 1891 1094 218 4 0 0 0 0 0 0 0 0 0 0 0 0
1565	sub_1565_0188400.log	DONE exit=20	200	True	90710	0 0 0 0 0 0 0 0 0 0 0 762 1377 1353 772 249 4 0 0 0 0 0 0 0 0 0 0 0 0
1565	sub_1565_0188600.log	DONE exit=20	200	True	252265	0 0 0 0 0 0 0 0 0 0 0 1085 3076 4531 3582 1254 249 43 0 0 0 0 0 0 0 0 0 0 0
1565	sub_1565_0188800.log	DONE exit=20	200	True	49400	0 0 0 0 0 0 0 0 0 0 0 595 617 282 52 5 0 0 0 0 0 0 0 0 0 0 0 0 0
1565	sub_1565_0189000.log	DONE exit=20	200	True	33580	0 0 0 0 0 0 0 0 0 0 0 410 352 182 42 1 0 0 0 0 0 0 0 0 0 0 0 0 0
1565	sub_1565_0189200.log	DONE exit=20	200	True	78008	0 0 0 0 0 0 0 0 0 0 0 745 1148 782 261 46 0 0 0 0 0 0 0 0 0 0 0 0 0
1565	sub_1565_0189400.log	DONE exit=20	200	True	245172	0 0 0 0 0 0 0 0 0 0 0 1105 3062 4271 2835 931 193 6 0 0 0 0 0 0 0 0 0 0 0
1565	sub_1565_0189600.log	DONE exit=20	200	True	257158	0 0 0 0 0 0 0 0 0 0 0 1022 2851 4430 3605 1676 477 2 0 0 0 0 0 0 0 0 0 0 0
1565	sub_1565_0189800.log	DONE exit=20	200	True	40330	0 0 0 0 0 0 0 0 0 0 0 538 471 136 4 1 0 0 0 0 0 0 0 0 0 0 0 0 0
1565	sub_1565_0190000.log	DONE exit=20	200	True	35906	0 0 0 0 0 0 0 0 0 0 0 500 455 125 11 0 0 0 0 0 0 0 0 0 0 0 0 0 0
1565	sub_1565_0190200.log	DONE exit=20	200	True	47581	0 0 0 0 0 0 0 0 0 0 0 635 764 368 81 9 0 0 0 0 0 0 0 0 0 0 0 0 0
1565	sub_1565_0190400.log	DONE exit=20	200	True	382153	0 0 0 0 0 0 0 0 0 0 0 1393 4427 7364 6780 2898 647 70 0 0 0 0 0 0 0 0 0 0 0
1565	sub_1565_0190600.log	DONE exit=20	200	True	67009	0 0 0 0 0 0 0 0 0 0 0 723 1043 676 196 24 0 0 0 0 0 0 0 0 0 0 0 0 0
1565	sub_1565_0190800.log	DONE exit=20	200	True	246375	0 0 0 0 0 0 0 0 0 0 0 836 2292 4130 3754 967 107 17 0 0 0 0 0 0 0 0 0 0 0
1565	sub_1565_0191000.log	DONE exit=20	200	True	313207	0 0 0 0 0 0 0 0 0 0 0 1046 3004 5239 5355 3221 1638 256 3 0 0 0 0 0 0 0 0 0 0
1565	sub_1565_0191200.log	DONE exit=20	200	True	96969	0 0 0 0 0 0 0 0 0 0 0 690 1314 1361 772 218 65 17 0 0 0 0 0 0 0 0 0 0 0
1565	sub_1565_0191400.log	DONE exit=20	200	True	157096	0 0 0 0 0 0 0 0 0 0 0 815 1971 2596 1592 268 13 0 0 0 0 0 0 0 0 0 0 0 0
1565	sub_1565_0191600.log	DONE exit=20	200	True	631589	0 0 0 0 0 0 0 0 0 0 0 1193 4159 9907 13034 8184 3057 422 4 0 0 0 0 0 0 0 0 0 0
1565	sub_1565_0191800.log	DONE exit=20	200	True	257635	0 0 0 0 0 0 0 0 0 0 0 1103 3006 4132 2697 594 44 0 0 0 0 0 0 0 0 0 0 0 0
1565	sub_1565_0192000.log	DONE exit=20	200	True	517160	0 0 0 0 0 0 0 0 0 0 0 1409 5239 9787 9513 5091 1890 364 47 0 0 0 0 0 0 0 0 0 0
1565	sub_1565_0192200.log	DONE exit=20	200	True	1045011	0 0 0 0 0 0 0 0 0 0 0 2103 9735 21165 23502 13443 3999 665 148 0 0 0 0 0 0 0 0 0 0
1565	sub_1565_0192400.log	DONE exit=20	200	True	471877	0 0 0 0 0 0 0 0 0 0 0 1105 3980 8460 9953 5812 1949 260 1 0 0 0 0 0 0 0 0 0 0
1565	sub_1565_0192600.log	DONE exit=20	200	True	194267	0 0 0 0 0 0 0 0 0 0 0 1005 2479 3454 2854 702 26 0 0 0 0 0 0 0 0 0 0 0 0
1565	sub_1565_0192800.log	DONE exit=20	200	True	137416	0 0 0 0 0 0 0 0 0 0 0 866 1841 1997 1199 357 124 32 0 0 0 0 0 0 0 0 0 0 0
1565	sub_1565_0193000.log	DONE exit=20	200	True	46489	0 0 0 0 0 0 0 0 0 0 0 557 662 365 50 2 0 0 0 0 0 0 0 0 0 0 0 0 0
1565	sub_1565_0193200.log	DONE exit=20	200	True	145167	0 0 0 0 0 0 0 0 0 0 0 1141 2674 2958 1405 281 14 0 0 0 0 0 0 0 0 0 0 0 0
1565	sub_1565_0193400.log	DONE exit=20	200	True	115684	0 0 0 0 0 0 0 0 0 0 0 1012 2111 1987 735 92 4 1 0 0 0 0 0 0 0 0 0 0 0
1565	sub_1565_0193600.log	DONE exit=20	200	True	472797	0 0 0 0 0 0 0 0 0 0 0 1527 5960 11299 8417 2114 122 3 0 0 0 0 0 0 0 0 0 0 0
1565	sub_1565_0193800.log	DONE exit=20	200	True	405124	0 0 0 0 0 0 0 0 0 0 0 1578 5329 8170 6842 3020 732 25 1 0 0 0 0 0 0 0 0 0 0
1565	sub_1565_0194000.log	DONE exit=20	200	True	317703	0 0 0 0 0 0 0 0 0 0 0 1289 4172 6281 3955 1226 159 2 0 0 0 0 0 0 0 0 0 0 0
1565	sub_1565_0194200.log	DONE exit=20	200	True	437285	0 0 0 0 0 0 0 0 0 0 0 1568 5332 8608 7264 2571 828 2 0 0 0 0 0 0 0 0 0 0 0
1565	sub_1565_0194400.log	DONE exit=20	200	True	240512	0 0 0 0 0 0 0 0 0 0 0 1488 4365 5407 2632 514 36 0 0 0 0 0 0 0 0 0 0 0 0
1565	sub_1565_0194600.log	DONE exit=20	200	True	225109	0 0 0 0 0 0 0 0 0 0 0 1411 4295 5612 2618 379 25 0 0 0 0 0 0 0 0 0 0 0 0
1565	sub_1565_0194800.log	DONE exit=20	200	True	201558	0 0 0 0 0 0 0 0 0 0 0 1389 3994 4483 1939 316 20 1 0 0 0 0 0 0 0 0 0 0 0
1565	sub_1565_0195000.log	DONE exit=20	200	True	176878	0 0 0 0 0 0 0 0 0 0 0 1285 3720 4081 1804 342 39 2 0 0 0 0 0 0 0 0 0 0 0
1565	sub_1565_0195200.log	DONE exit=20	200	True	754064	0 0 0 0 0 0 0 0 0 0 0 2247 10305 20044 16545 5889 916 81 3 0 0 0 0 0 0 0 0 0 0
1565	sub_1565_0195400.log	DONE exit=20	200	True	501262	0 0 0 0 0 0 0 0 0 0 0 1853 7734 14457 11655 3923 521 11 0 0 0 0 0 0 0 0 0 0 0
1565	sub_1565_0195600.log	DONE exit=20	200	True	543201	0 0 0 0 0 0 0 0 0 0 0 1671 6938 13620 11559 3939 523 14 0 0 0 0 0 0 0 0 0 0 0
1565	sub_1565_0195800.log	DONE exit=20	200	True	589638	0 0 0 0 0 0 0 0 0 0 0 1874 8026 16284 15584 6749 1267 61 0 0 0 0 0 0 0 0 0 0 0
1565	sub_1565_0196000.log	DONE exit=20	200	True	916772	0 0 0 0 0 0 0 0 0 0 0 1879 9084 22692 27755 15179 3144 211 19 1 0 0 0 0 0 0 0 0 0
1565	sub_1565_0196200.log	DONE exit=20	200	True	275804	0 0 0 0 0 0 0 0 0 0 0 1377 4316 6709 5465 2450 473 12 0 0 0 0 0 0 0 0 0 0 0
1565	sub_1565_0196400.log	DONE exit=20	200	True	153855	0 0 0 0 0 0 0 0 0 0 0 1058 2442 2592 1115 192 36 2 0 0 0 0 0 0 0 0 0 0 0
1565	sub_1565_0196600.log	DONE exit=20	200	True	274651	0 0 0 0 0 0 0 0 0 0 0 1269 3537 4999 3445 1031 122 3 0 0 0 0 0 0 0 0 0 0 0
1565	sub_1565_0196800.log	DONE exit=20	200	True	952411	0 0 0 0 0 0 0 0 0 0 0 2261 11653 24079 18808 5537 554 17 0 0 0 0 0 0 0 0 0 0 0
1565	sub_1565_0197000.log	DONE exit=20	200	True	1284788	0 0 0 0 0 0 0 0 0 0 0 2361 11324 25846 28439 15555 4011 369 3 0 0 0 0 0 0 0 0 0 0
1565	sub_1565_0197200.log	DONE exit=20	200	True	442568	0 0 0 0 0 0 0 0 0 0 0 1852 7067 11581 8530 2328 201 6 0 0 0 0 0 0 0 0 0 0 0
1565	sub_1565_0197400.log	DONE exit=20	200	True	232128	0 0 0 0 0 0 0 0 0 0 0 1432 4354 5619 2776 593 32 0 0 0 0 0 0 0 0 0 0 0 0
1565	sub_1565_0197600.log	DONE exit=20	200	True	494623	0 0 0 0 0 0 0 0 0 0 0 1697 7064 14181 12519 4544 602 7 0 0 0 0 0 0 0 0 0 0 0
1565	sub_1565_0197800.log	DONE exit=20	200	True	949527	0 0 0 0 0 0 0 0 0 0 0 2193 10723 24296 24423 10691 2397 307 12 0 0 0 0 0 0 0 0 0 0
1565	sub_1565_0198000.log	DONE exit=20	200	True	507278	0 0 0 0 0 0 0 0 0 0 0 1809 7196 13636 12427 4800 813 19 0 0 0 0 0 0 0 0 0 0 0
1565	sub_1565_0198200.log	DONE exit=20	200	True	1736657	0 0 0 0 0 0 0 0 0 0 0 2383 14025 38342 47692 24797 5448 354 4 0 0 0 0 0 0 0 0 0 0
1565	sub_1565_0198400.log	DONE exit=20	200	True	1258278	0 0 0 0 0 0 0 0 0 0 0 2467 12401 29650 35786 20500 4719 375 24 1 0 0 0 0 0 0 0 0 0
1565	sub_1565_0198600.log	DONE exit=20	200	True	647383	0 0 0 0 0 0 0 0 0 0 0 1920 8657 18077 15710 5801 825 32 0 0 0 0 0 0 0 0 0 0 0
1565	sub_1565_0198800.log	DONE exit=20	200	True	606924	0 0 0 0 0 0 0 0 0 0 0 1690 7307 15118 14697 5696 774 54 3 0 0 0 0 0 0 0 0 0 0
1565	sub_1565_0199000.log	DONE exit=20	200	True	553246	0 0 0 0 0 0 0 0 0 0 0 1745 7381 15397 15340 6502 1244 113 6 0 0 0 0 0 0 0 0 0 0
1565	sub_1565_0199200.log	DONE exit=20	200	True	1167365	0 0 0 0 0 0 0 0 0 0 0 2185 11465 29233 34577 16920 2991 192 7 0 0 0 0 0 0 0 0 0 0
1565	sub_1565_0199400.log	DONE exit=20	200	True	6021774	0 0 0 0 0 0 0 0 0 0 0 2501 17903 71341 160618 201937 102777 21379 1988 8 0 0 0 0 0 0 0 0 0
1565	sub_1565_0199600.log	DONE exit=20	200	True	18250682	0 0 0 0 0 0 0 0 0 0 0 3771 33262 154172 415523 630625 355058 73477 4004 2 0 0 0 0 0 0 0 0 0
1565	sub_1565_0199800.log	DONE exit=20	200	True	14630768	0 0 0 0 0 0 0 0 0 0 0 3418 28130 125633 333416 512384 321768 82603 4861 0 0 0 0 0 0 0 0 0 0
1565	sub_1565_0200000.log	DONE exit=20	200	True	2055121	0 0 0 0 0 0 0 0 0 0 0 1697 9835 33186 54192 26752 6116 617 71 12 0 0 0 0 0 0 0 0 0
1565	sub_1565_0200200.log	DONE exit=20	200	True	890324	0 0 0 0 0 0 0 0 0 0 0 1315 5236 14607 21456 11673 2941 194 0 0 0 0 0 0 0 0 0 0 0
1565	sub_1565_0200400.log	DONE exit=20	200	True	158099	0 0 0 0 0 0 0 0 0 0 0 985 2151 2497 1288 298 9 0 0 0 0 0 0 0 0 0 0 0 0
1565	sub_1565_0200600.log	DONE exit=20	200	True	933043	0 0 0 0 0 0 0 0 0 0 0 1253 5071 14039 26392 26823 8325 826 34 0 0 0 0 0 0 0 0 0 0
1565	sub_1565_0200800.log	DONE exit=20	200	True	5690092	0 0 0 0 0 0 0 0 0 0 0 3113 23241 88385 173205 161233 57594 7162 96 1 0 0 0 0 0 0 0 0 0
1565	sub_1565_0201000.log	DONE exit=20	200	True	1672486	0 0 0 0 0 0 0 0 0 0 0 2130 10677 26744 40390 37549 24553 7071 5 0 0 0 0 0 0 0 0 0 0
1565	sub_1565_0201200.log	DONE exit=20	200	True	2210698	0 0 0 0 0 0 0 0 0 0 0 2109 11898 36818 64493 64987 31290 4081 334 6 0 0 0 0 0 0 0 0 0
1565	sub_1565_0201400.log	DONE exit=20	200	True	2392155	0 0 0 0 0 0 0 0 0 0 0 1920 11151 36251 64130 58738 20511 2184 60 2 0 0 0 0 0 0 0 0 0
1565	sub_1565_0201600.log	DONE exit=20	200	True	2343353	0 0 0 0 0 0 0 0 0 0 0 2108 11697 36952 64784 58119 20069 1514 14 0 0 0 0 0 0 0 0 0 0
1565	sub_1565_0201800.log	DONE exit=20	200	True	191565	0 0 0 0 0 0 0 0 0 0 0 1112 2822 3447 1938 504 87 0 0 0 0 0 0 0 0 0 0 0 0
1565	sub_1565_0202000.log	DONE exit=20	200	True	306117	0 0 0 0 0 0 0 0 0 0 0 1266 3683 5699 4542 1579 185 12 0 0 0 0 0 0 0 0 0 0 0
1565	sub_1565_0202200.log	DONE exit=20	200	True	1413271	0 0 0 0 0 0 0 0 0 0 0 2131 10833 28300 39539 26232 8532 1122 5 0 0 0 0 0 0 0 0 0 0
1565	sub_1565_0202400.log	DONE exit=20	200	True	795104	0 0 0 0 0 0 0 0 0 0 0 2311 10365 20642 18240 5394 486 4 0 0 0 0 0 0 0 0 0 0 0
1565	sub_1565_0202600.log	DONE exit=20	200	True	879959	0 0 0 0 0 0 0 0 0 0 0 2097 10221 22414 23743 15501 4996 373 2 0 0 0 0 0 0 0 0 0 0
1565	sub_1565_0202800.log	DONE exit=20	200	True	1833549	0 0 0 0 0 0 0 0 0 0 0 2342 13487 37914 56360 47652 18578 2856 43 0 0 0 0 0 0 0 0 0 0
1565	sub_1565_0203000.log	DONE exit=20	200	True	546958	0 0 0 0 0 0 0 0 0 0 0 1538 6398 14094 13963 6036 875 26 0 0 0 0 0 0 0 0 0 0 0
1565	sub_1565_0203200.log	DONE exit=20	200	True	325296	0 0 0 0 0 0 0 0 0 0 0 1689 5158 6631 3125 735 58 2 0 0 0 0 0 0 0 0 0 0 0
1565	sub_1565_0203400.log	DONE exit=20	200	True	220022	0 0 0 0 0 0 0 0 0 0 0 1324 3206 3333 1388 241 3 0 0 0 0 0 0 0 0 0 0 0 0
1565	sub_1565_0203600.log	DONE exit=20	200	True	265946	0 0 0 0 0 0 0 0 0 0 0 1217 3979 4803 1730 141 1 0 0 0 0 0 0 0 0 0 0 0 0
1565	sub_1565_0203800.log	DONE exit=20	200	True	1165259	0 0 0 0 0 0 0 0 0 0 0 1767 8114 17366 22650 10578 2428 386 0 0 0 0 0 0 0 0 0 0 0
1565	sub_1565_0204000.log	DONE exit=20	200	True	738176	0 0 0 0 0 0 0 0 0 0 0 1595 7076 14054 12184 3568 393 1 0 0 0 0 0 0 0 0 0 0 0
1565	sub_1565_0204200.log	DONE exit=20	200	True	340649	0 0 0 0 0 0 0 0 0 0 0 1602 5228 6841 2972 536 10 0 0 0 0 0 0 0 0 0 0 0 0
1565	sub_1565_0204400.log	DONE exit=20	200	True	430926	0 0 0 0 0 0 0 0 0 0 0 1325 4357 7927 7830 2606 214 14 0 0 0 0 0 0 0 0 0 0 0
1565	sub_1565_0204600.log	DONE exit=20	200	True	1230174	0 0 0 0 0 0 0 0 0 0 0 1656 8094 22246 29975 11879 1149 60 0 0 0 0 0 0 0 0 0 0 0
1565	sub_1565_0204800.log	DONE exit=20	200	True	646615	0 0 0 0 0 0 0 0 0 0 0 1794 7574 14159 10662 3325 377 10 0 0 0 0 0 0 0 0 0 0 0
1565	sub_1565_0205000.log	DONE exit=20	200	True	428862	0 0 0 0 0 0 0 0 0 0 0 1547 5373 8332 5467 1384 40 0 0 0 0 0 0 0 0 0 0 0 0
1565	sub_1565_0205200.log	DONE exit=20	200	True	730759	0 0 0 0 0 0 0 0 0 0 0 1385 5383 12337 16272 8278 1395 22 0 0 0 0 0 0 0 0 0 0 0
1565	sub_1565_0205400.log	DONE exit=20	200	True	1958813	0 0 0 0 0 0 0 0 0 0 0 1731 8688 26654 46996 38558 17173 4935 16 0 0 0 0 0 0 0 0 0 0
1565	sub_1565_0205600.log	DONE exit=20	200	True	2135308	0 0 0 0 0 0 0 0 0 0 0 1857 9688 29143 49520 36095 15132 4536 6 0 0 0 0 0 0 0 0 0 0
1565	sub_1565_0205800.log	DONE exit=20	200	True	353822	0 0 0 0 0 0 0 0 0 0 0 1648 5364 7332 3994 1116 111 3 0 0 0 0 0 0 0 0 0 0 0
1565	sub_1565_0206000.log	DONE exit=20	200	True	425217	0 0 0 0 0 0 0 0 0 0 0 1548 6008 10629 7940 2591 360 33 1 0 0 0 0 0 0 0 0 0 0
1565	sub_1565_0206200.log	DONE exit=20	200	True	599221	0 0 0 0 0 0 0 0 0 0 0 1411 5504 11152 10718 3743 437 30 0 0 0 0 0 0 0 0 0 0 0
1565	sub_1565_0206400.log	DONE exit=20	200	True	1426518	0 0 0 0 0 0 0 0 0 0 0 1970 9922 26166 33675 13610 1392 53 0 0 0 0 0 0 0 0 0 0 0
1565	sub_1565_0206600.log	DONE exit=20	200	True	157275	0 0 0 0 0 0 0 0 0 0 0 961 2523 2894 1771 581 60 0 0 0 0 0 0 0 0 0 0 0 0
1565	sub_1565_0206800.log	DONE exit=20	200	True	153263	0 0 0 0 0 0 0 0 0 0 0 1050 2651 3029 1515 467 5 0 0 0 0 0 0 0 0 0 0 0 0
1565	sub_1565_0207000.log	DONE exit=20	200	True	140836	0 0 0 0 0 0 0 0 0 0 0 1030 2388 2720 1435 371 45 1 0 0 0 0 0 0 0 0 0 0 0
1565	sub_1565_0207200.log	DONE exit=20	200	True	118003	0 0 0 0 0 0 0 0 0 0 0 876 1960 2253 1357 349 43 3 0 0 0 0 0 0 0 0 0 0 0
1565	sub_1565_0207400.log	DONE exit=20	200	True	185394	0 0 0 0 0 0 0 0 0 0 0 1098 2757 3574 2641 1060 147 12 1 0 0 0 0 0 0 0 0 0 0
1565	sub_1565_0207600.log	DONE exit=20	200	True	134758	0 0 0 0 0 0 0 0 0 0 0 997 2330 2695 1451 355 19 0 0 0 0 0 0 0 0 0 0 0 0
1565	sub_1565_0207800.log	DONE exit=20	200	True	128633	0 0 0 0 0 0 0 0 0 0 0 965 1979 2049 905 139 7 0 0 0 0 0 0 0 0 0 0 0 0
1565	sub_1565_0208000.log	DONE exit=20	200	True	225597	0 0 0 0 0 0 0 0 0 0 0 1015 2934 4227 3234 988 25 0 0 0 0 0 0 0 0 0 0 0 0
1565	sub_1565_0208200.log	DONE exit=20	200	True	125492	0 0 0 0 0 0 0 0 0 0 0 902 1933 2217 1514 638 64 0 0 0 0 0 0 0 0 0 0 0 0
1565	sub_1565_0208400.log	DONE exit=20	200	True	125855	0 0 0 0 0 0 0 0 0 0 0 1051 2228 2354 1183 212 10 0 0 0 0 0 0 0 0 0 0 0 0
1565	sub_1565_0208600.log	DONE exit=20	200	True	221608	0 0 0 0 0 0 0 0 0 0 0 1166 3480 4449 1543 95 0 0 0 0 0 0 0 0 0 0 0 0 0
1565	sub_1565_0208800.log	DONE exit=20	200	True	1248321	0 0 0 0 0 0 0 0 0 0 0 1972 9495 20134 21681 7566 504 10 0 0 0 0 0 0 0 0 0 0 0
1565	sub_1565_0209000.log	DONE exit=20	200	True	1066343	0 0 0 0 0 0 0 0 0 0 0 1825 8527 19339 19261 5368 290 0 0 0 0 0 0 0 0 0 0 0 0
1565	sub_1565_0209200.log	DONE exit=20	200	True	167834	0 0 0 0 0 0 0 0 0 0 0 1081 2525 2266 738 62 0 0 0 0 0 0 0 0 0 0 0 0 0
1565	sub_1565_0209400.log	DONE exit=20	200	True	347725	0 0 0 0 0 0 0 0 0 0 0 1630 4675 5109 2218 334 1 0 0 0 0 0 0 0 0 0 0 0 0
1565	sub_1565_0209600.log	DONE exit=20	200	True	556662	0 0 0 0 0 0 0 0 0 0 0 1801 6440 11652 10069 3320 432 26 1 0 0 0 0 0 0 0 0 0 0
1565	sub_1565_0209800.log	DONE exit=20	200	True	666900	0 0 0 0 0 0 0 0 0 0 0 1471 5750 12875 14550 5591 540 7 0 0 0 0 0 0 0 0 0 0 0
1565	sub_1565_0210000.log	DONE exit=20	200	True	1392139	0 0 0 0 0 0 0 0 0 0 0 1900 9339 23858 30066 12843 1422 18 1 0 0 0 0 0 0 0 0 0 0
1565	sub_1565_0210200.log	DONE exit=20	200	True	346250	0 0 0 0 0 0 0 0 0 0 0 1416 4655 6469 3302 838 86 3 0 0 0 0 0 0 0 0 0 0 0
1565	sub_1565_0210400.log	DONE exit=20	200	True	463810	0 0 0 0 0 0 0 0 0 0 0 1627 6213 11927 10392 4006 716 11 0 0 0 0 0 0 0 0 0 0 0
1565	sub_1565_0210600.log	DONE exit=20	200	True	475449	0 0 0 0 0 0 0 0 0 0 0 1429 5698 10284 7261 2754 451 3 0 0 0 0 0 0 0 0 0 0 0
1565	sub_1565_0210800.log	DONE exit=20	200	True	3121186	0 0 0 0 0 0 0 0 0 0 0 2268 13907 47010 82042 62839 24439 3801 81 0 0 0 0 0 0 0 0 0 0
1565	sub_1565_0211000.log	DONE exit=20	200	True	399954	0 0 0 0 0 0 0 0 0 0 0 1382 4719 7584 5834 2244 323 5 0 0 0 0 0 0 0 0 0 0 0
1565	sub_1565_0211200.log	DONE exit=20	200	True	1499903	0 0 0 0 0 0 0 0 0 0 0 1903 9319 24846 38775 33989 14867 936 55 3 0 0 0 0 0 0 0 0 0
1565	sub_1565_0211400.log	DONE exit=20	200	True	1027410	0 0 0 0 0 0 0 0 0 0 0 1707 7231 17131 23082 14736 5719 1940 1 0 0 0 0 0 0 0 0 0 0
1565	sub_1565_0211600.log	DONE exit=20	200	True	1370736	0 0 0 0 0 0 0 0 0 0 0 1581 7126 20131 32935 18094 4143 570 3 0 0 0 0 0 0 0 0 0 0
1565	sub_1565_0211800.log	DONE exit=20	200	True	1573873	0 0 0 0 0 0 0 0 0 0 0 1895 9838 27646 37627 19270 2950 116 3 0 0 0 0 0 0 0 0 0 0
1565	sub_1565_0212000.log	DONE exit=20	200	True	306055	0 0 0 0 0 0 0 0 0 0 0 1425 4366 5409 2355 439 15 0 0 0 0 0 0 0 0 0 0 0 0
1565	sub_1565_0212200.log	DONE exit=20	200	True	272113	0 0 0 0 0 0 0 0 0 0 0 1263 3532 4375 2393 834 122 2 0 0 0 0 0 0 0 0 0 0 0
1565	sub_1565_0212400.log	DONE exit=20	200	True	144970	0 0 0 0 0 0 0 0 0 0 0 1060 2255 1848 438 61 0 0 0 0 0 0 0 0 0 0 0 0 0
1565	sub_1565_0212600.log	DONE exit=20	200	True	263685	0 0 0 0 0 0 0 0 0 0 0 1247 4047 5590 2292 274 28 0 0 0 0 0 0 0 0 0 0 0 0
1565	sub_1565_0212800.log	DONE exit=20	200	True	251539	0 0 0 0 0 0 0 0 0 0 0 1331 3979 5161 2124 343 30 2 0 0 0 0 0 0 0 0 0 0 0
1565	sub_1565_0213000.log	DONE exit=20	200	True	1025594	0 0 0 0 0 0 0 0 0 0 0 1815 9422 23182 26097 10884 1564 50 0 0 0 0 0 0 0 0 0 0 0
1565	sub_1565_0213200.log	DONE exit=20	200	True	215511	0 0 0 0 0 0 0 0 0 0 0 1310 3270 3614 1592 220 1 0 0 0 0 0 0 0 0 0 0 0 0
1565	sub_1565_0213400.log	DONE exit=20	200	True	296767	0 0 0 0 0 0 0 0 0 0 0 1444 4275 5324 2744 561 96 0 0 0 0 0 0 0 0 0 0 0 0
1565	sub_1565_0213600.log	DONE exit=20	200	True	299883	0 0 0 0 0 0 0 0 0 0 0 1131 3512 5283 3894 1838 661 3 0 0 0 0 0 0 0 0 0 0 0
1565	sub_1565_0213800.log	DONE exit=20	200	True	314163	0 0 0 0 0 0 0 0 0 0 0 1439 4360 5741 3178 681 27 0 0 0 0 0 0 0 0 0 0 0 0
1565	sub_1565_0214000.log	DONE exit=20	200	True	131320	0 0 0 0 0 0 0 0 0 0 0 875 1871 1777 846 183 7 0 0 0 0 0 0 0 0 0 0 0 0
1565	sub_1565_0214200.log	DONE exit=20	200	True	106974	0 0 0 0 0 0 0 0 0 0 0 815 1686 1499 485 96 1 0 0 0 0 0 0 0 0 0 0 0 0
1565	sub_1565_0214400.log	DONE exit=20	200	True	122957	0 0 0 0 0 0 0 0 0 0 0 913 2046 2026 769 112 4 0 0 0 0 0 0 0 0 0 0 0 0
1565	sub_1565_0214600.log	DONE exit=20	200	True	1052342	0 0 0 0 0 0 0 0 0 0 0 1913 9744 23804 27357 14594 4116 523 26 0 0 0 0 0 0 0 0 0 0
1565	sub_1565_0214800.log	DONE exit=20	200	True	317353	0 0 0 0 0 0 0 0 0 0 0 1371 4708 7873 6155 2063 325 11 0 0 0 0 0 0 0 0 0 0 0
1565	sub_1565_0215000.log	DONE exit=20	200	True	266960	0 0 0 0 0 0 0 0 0 0 0 1224 3522 4554 2446 654 133 0 0 0 0 0 0 0 0 0 0 0 0
1565	sub_1565_0215200.log	DONE exit=20	200	True	136126	0 0 0 0 0 0 0 0 0 0 0 840 1840 2000 899 163 6 0 0 0 0 0 0 0 0 0 0 0 0
1565	sub_1565_0215400.log	DONE exit=20	200	True	125847	0 0 0 0 0 0 0 0 0 0 0 905 2038 2094 985 202 9 0 0 0 0 0 0 0 0 0 0 0 0
1565	sub_1565_0215600.log	DONE exit=20	200	True	506337	0 0 0 0 0 0 0 0 0 0 0 1579 6909 11747 6666 1098 46 0 0 0 0 0 0 0 0 0 0 0 0
1565	sub_1565_0215800.log	DONE exit=20	200	True	120380	0 0 0 0 0 0 0 0 0 0 0 819 1872 1975 898 167 7 0 0 0 0 0 0 0 0 0 0 0 0
1565	sub_1565_0216000.log	DONE exit=20	200	True	471345	0 0 0 0 0 0 0 0 0 0 0 1573 5842 10641 8665 2552 208 9 0 0 0 0 0 0 0 0 0 0 0
1565	sub_1565_0216200.log	DONE exit=20	200	True	715184	0 0 0 0 0 0 0 0 0 0 0 1924 7846 15113 13645 4618 548 18 1 0 0 0 0 0 0 0 0 0 0
1565	sub_1565_0216400.log	DONE exit=20	200	True	839308	0 0 0 0 0 0 0 0 0 0 0 1628 7487 16199 14913 6725 1501 46 0 0 0 0 0 0 0 0 0 0 0
1565	sub_1565_0216600.log	DONE exit=20	200	True	1477627	0 0 0 0 0 0 0 0 0 0 0 2467 13567 33737 36128 14931 1988 67 0 0 0 0 0 0 0 0 0 0 0
1565	sub_1565_0216800.log	DONE exit=20	200	True	702530	0 0 0 0 0 0 0 0 0 0 0 1763 7537 15934 16238 7288 1375 57 2 0 0 0 0 0 0 0 0 0 0
1565	sub_1565_0217000.log	DONE exit=20	200	True	1463458	0 0 0 0 0 0 0 0 0 0 0 2032 10470 27693 37194 22961 5838 501 8 0 0 0 0 0 0 0 0 0 0
1565	sub_1565_0217200.log	DONE exit=20	200	True	565547	0 0 0 0 0 0 0 0 0 0 0 1612 6894 15462 16491 7432 1552 45 0 0 0 0 0 0 0 0 0 0 0
1565	sub_1565_0217400.log	DONE exit=20	200	True	570359	0 0 0 0 0 0 0 0 0 0 0 1746 7531 13618 8606 1651 64 0 0 0 0 0 0 0 0 0 0 0 0
1565	sub_1565_0217600.log	DONE exit=20	200	True	717413	0 0 0 0 0 0 0 0 0 0 0 1579 6602 15247 16503 6482 914 28 0 0 0 0 0 0 0 0 0 0 0
1565	sub_1565_0217800.log	DONE exit=20	200	True	1203726	0 0 0 0 0 0 0 0 0 0 0 1641 7848 20649 29189 18670 4208 192 5 0 0 0 0 0 0 0 0 0 0
1565	sub_1565_0218000.log	DONE exit=20	200	True	223489	0 0 0 0 0 0 0 0 0 0 0 1160 3405 4827 2815 522 28 0 0 0 0 0 0 0 0 0 0 0 0
1565	sub_1565_0218200.log	DONE exit=20	200	True	532145	0 0 0 0 0 0 0 0 0 0 0 1617 6936 13439 9671 2118 58 2 0 0 0 0 0 0 0 0 0 0 0
1565	sub_1565_0218400.log	DONE exit=20	200	True	150757	0 0 0 0 0 0 0 0 0 0 0 991 2086 2132 828 51 1 0 0 0 0 0 0 0 0 0 0 0 0
1565	sub_1565_0218600.log	DONE exit=20	200	True	256587	0 0 0 0 0 0 0 0 0 0 0 1063 3107 4298 2061 519 146 0 0 0 0 0 0 0 0 0 0 0 0
1565	sub_1565_0218800.log	DONE exit=20	200	True	252932	0 0 0 0 0 0 0 0 0 0 0 1101 3157 4420 2681 542 12 0 0 0 0 0 0 0 0 0 0 0 0
1565	sub_1565_0219000.log	DONE exit=20	200	True	525797	0 0 0 0 0 0 0 0 0 0 0 1478 5489 9503 7680 3463 1192 58 0 0 0 0 0 0 0 0 0 0 0
1565	sub_1565_0219200.log	DONE exit=20	200	True	125505	0 0 0 0 0 0 0 0 0 0 0 840 1590 1644 753 159 6 0 0 0 0 0 0 0 0 0 0 0 0
1565	sub_1565_0219400.log	DONE exit=20	200	True	130175	0 0 0 0 0 0 0 0 0 0 0 910 1979 1551 254 5 0 0 0 0 0 0 0 0 0 0 0 0 0
1565	sub_1565_0219600.log	DONE exit=20	200	True	142692	0 0 0 0 0 0 0 0 0 0 0 969 2262 2003 605 29 0 0 0 0 0 0 0 0 0 0 0 0 0
1565	sub_1565_0219800.log	DONE exit=20	200	True	85023	0 0 0 0 0 0 0 0 0 0 0 695 1277 1138 376 37 0 0 0 0 0 0 0 0 0 0 0 0 0
1565	sub_1565_0220000.log	DONE exit=20	200	True	430669	0 0 0 0 0 0 0 0 0 0 0 1701 5771 8063 5153 1649 272 20 0 0 0 0 0 0 0 0 0 0 0
1565	sub_1565_0220200.log	DONE exit=20	200	True	438779	0 0 0 0 0 0 0 0 0 0 0 1327 4526 7695 6940 3146 660 52 0 0 0 0 0 0 0 0 0 0 0
1565	sub_1565_0220400.log	DONE exit=20	200	True	313002	0 0 0 0 0 0 0 0 0 0 0 1470 4625 5861 3079 590 35 0 0 0 0 0 0 0 0 0 0 0 0
1565	sub_1565_0220600.log	DONE exit=20	200	True	411087	0 0 0 0 0 0 0 0 0 0 0 1450 5305 8234 4470 890 109 1 0 0 0 0 0 0 0 0 0 0 0
1565	sub_1565_0220800.log	DONE exit=20	200	True	316593	0 0 0 0 0 0 0 0 0 0 0 1391 4397 6350 3565 873 60 3 0 0 0 0 0 0 0 0 0 0 0
1565	sub_1565_0221000.log	DONE exit=20	200	True	183855	0 0 0 0 0 0 0 0 0 0 0 1331 3359 3415 1451 268 11 0 0 0 0 0 0 0 0 0 0 0 0
1565	sub_1565_0221200.log	DONE exit=20	200	True	900798	0 0 0 0 0 0 0 0 0 0 0 1565 7648 19795 25546 12601 2110 59 0 0 0 0 0 0 0 0 0 0 0
1565	sub_1565_0221400.log	DONE exit=20	200	True	271131	0 0 0 0 0 0 0 0 0 0 0 1140 3770 5719 3419 612 46 0 0 0 0 0 0 0 0 0 0 0 0
1565	sub_1565_0221600.log	DONE exit=20	200	True	200653	0 0 0 0 0 0 0 0 0 0 0 1021 2839 3431 1616 297 18 0 0 0 0 0 0 0 0 0 0 0 0
1565	sub_1565_0221800.log	DONE exit=20	200	True	339091	0 0 0 0 0 0 0 0 0 0 0 1124 3567 5626 4775 2262 444 10 0 0 0 0 0 0 0 0 0 0 0
1565	sub_1565_0222000.log	DONE exit=20	200	True	136511	0 0 0 0 0 0 0 0 0 0 0 957 1940 1828 761 167 13 0 0 0 0 0 0 0 0 0 0 0 0
1565	sub_1565_0222200.log	DONE exit=20	200	True	141076	0 0 0 0 0 0 0 0 0 0 0 1110 2588 2473 1113 261 29 1 0 0 0 0 0 0 0 0 0 0 0
1565	sub_1565_0222400.log	DONE exit=20	200	True	936293	0 0 0 0 0 0 0 0 0 0 0 1773 9238 22946 26347 13344 3540 457 2 0 0 0 0 0 0 0 0 0 0
1565	sub_1565_0222600.log	DONE exit=20	200	True	330163	0 0 0 0 0 0 0 0 0 0 0 1126 3517 5265 3735 1229 149 0 0 0 0 0 0 0 0 0 0 0 0
1565	sub_1565_0222800.log	DONE exit=20	200	True	264684	0 0 0 0 0 0 0 0 0 0 0 1035 3173 4491 2849 776 41 2 0 0 0 0 0 0 0 0 0 0 0
1565	sub_1565_0223000.log	DONE exit=20	200	True	1014546	0 0 0 0 0 0 0 0 0 0 0 1767 8182 18881 21110 10252 3236 533 2 0 0 0 0 0 0 0 0 0 0
1565	sub_1565_0223200.log	DONE exit=20	200	True	771181	0 0 0 0 0 0 0 0 0 0 0 1918 8302 17546 18338 8756 1419 7 0 0 0 0 0 0 0 0 0 0 0
1565	sub_1565_0223400.log	DONE exit=20	200	True	1240305	0 0 0 0 0 0 0 0 0 0 0 2125 11161 30501 38394 23860 5691 106 2 0 0 0 0 0 0 0 0 0 0
1565	sub_1565_0223600.log	DONE exit=20	200	True	526326	0 0 0 0 0 0 0 0 0 0 0 1490 5630 10830 9230 4076 540 18 0 0 0 0 0 0 0 0 0 0 0
1565	sub_1565_0223800.log	DONE exit=20	200	True	2058517	0 0 0 0 0 0 0 0 0 0 0 2099 10995 30960 49061 38652 18028 5738 202 0 0 0 0 0 0 0 0 0 0
1565	sub_1565_0224000.log	DONE exit=20	200	True	1387793	0 0 0 0 0 0 0 0 0 0 0 1741 9922 27646 36964 23810 6669 667 4 0 0 0 0 0 0 0 0 0 0
1565	sub_1565_0224200.log	DONE exit=20	200	True	647102	0 0 0 0 0 0 0 0 0 0 0 1617 6250 11375 10903 5611 1296 68 0 0 0 0 0 0 0 0 0 0 0
1565	sub_1565_0224400.log	DONE exit=20	200	True	213712	0 0 0 0 0 0 0 0 0 0 0 902 2293 3210 2539 752 74 0 0 0 0 0 0 0 0 0 0 0 0
1565	sub_1565_0224600.log	DONE exit=20	200	True	358735	0 0 0 0 0 0 0 0 0 0 0 1207 3581 6295 5352 1720 126 0 0 0 0 0 0 0 0 0 0 0 0
1565	sub_1565_0224800.log	DONE exit=20	200	True	415595	0 0 0 0 0 0 0 0 0 0 0 1302 4265 7371 7301 2725 379 30 0 0 0 0 0 0 0 0 0 0 0
1565	sub_1565_0225000.log	DONE exit=20	200	True	845999	0 0 0 0 0 0 0 0 0 0 0 1849 8916 19278 17543 7304 1504 148 0 0 0 0 0 0 0 0 0 0 0
1565	sub_1565_0225200.log	DONE exit=20	200	True	99900	0 0 0 0 0 0 0 0 0 0 0 745 1365 1210 467 79 10 2 0 0 0 0 0 0 0 0 0 0 0
1565	sub_1565_0225400.log	DONE exit=20	200	True	101755	0 0 0 0 0 0 0 0 0 0 0 965 1742 1207 279 39 0 0 0 0 0 0 0 0 0 0 0 0 0
1565	sub_1565_0225600.log	DONE exit=20	200	True	138767	0 0 0 0 0 0 0 0 0 0 0 974 2318 2190 1191 459 107 12 0 0 0 0 0 0 0 0 0 0 0
1565	sub_1565_0225800.log	DONE exit=20	200	True	438001	0 0 0 0 0 0 0 0 0 0 0 1381 6029 10489 6505 2040 458 0 0 0 0 0 0 0 0 0 0 0 0
1565	sub_1565_0226000.log	DONE exit=20	200	True	466596	0 0 0 0 0 0 0 0 0 0 0 1482 5918 11898 11247 4791 980 84 4 0 0 0 0 0 0 0 0 0 0
1565	sub_1565_0226200.log	DONE exit=20	200	True	164180	0 0 0 0 0 0 0 0 0 0 0 1169 2964 3187 1668 485 67 4 0 0 0 0 0 0 0 0 0 0 0
1565	sub_1565_0226400.log	DONE exit=20	200	True	820700	0 0 0 0 0 0 0 0 0 0 0 1731 8604 19843 20259 8304 1268 32 0 0 0 0 0 0 0 0 0 0 0
1565	sub_1565_0226600.log	DONE exit=20	200	True	155637	0 0 0 0 0 0 0 0 0 0 0 709 1781 2682 1863 466 32 2 0 0 0 0 0 0 0 0 0 0 0
1565	sub_1565_0226800.log	DONE exit=20	200	True	201207	0 0 0 0 0 0 0 0 0 0 0 1052 3057 4147 2404 695 123 9 0 0 0 0 0 0 0 0 0 0 0
1565	sub_1565_0227000.log	DONE exit=20	200	True	248105	0 0 0 0 0 0 0 0 0 0 0 1486 4592 6015 3443 861 60 0 0 0 0 0 0 0 0 0 0 0 0
1565	sub_1565_0227200.log	DONE exit=20	200	True	268191	0 0 0 0 0 0 0 0 0 0 0 1296 3968 5854 4446 1447 162 7 0 0 0 0 0 0 0 0 0 0 0
1565	sub_1565_0227400.log	DONE exit=20	200	True	268889	0 0 0 0 0 0 0 0 0 0 0 1344 4099 5468 3342 731 81 3 0 0 0 0 0 0 0 0 0 0 0
1565	sub_1565_0227600.log	DONE exit=20	200	True	1481703	0 0 0 0 0 0 0 0 0 0 0 2367 12563 33480 45308 28299 6954 621 30 1 0 0 0 0 0 0 0 0 0
1565	sub_1565_0227800.log	DONE exit=20	200	True	190507	0 0 0 0 0 0 0 0 0 0 0 1375 3826 4314 1726 267 15 0 0 0 0 0 0 0 0 0 0 0 0
1565	sub_1565_0228000.log	DONE exit=20	200	True	218880	0 0 0 0 0 0 0 0 0 0 0 1397 4062 5065 2946 761 81 0 0 0 0 0 0 0 0 0 0 0 0
1565	sub_1565_0228200.log	DONE exit=20	200	True	381335	0 0 0 0 0 0 0 0 0 0 0 1681 5901 9691 8063 3213 539 38 1 0 0 0 0 0 0 0 0 0 0
1565	sub_1565_0228400.log	DONE exit=20	200	True	259027	0 0 0 0 0 0 0 0 0 0 0 1362 4271 6182 4484 1602 258 24 2 0 0 0 0 0 0 0 0 0 0
1565	sub_1565_0228600.log	DONE exit=20	200	True	114861	0 0 0 0 0 0 0 0 0 0 0 1092 2348 2023 740 84 2 0 0 0 0 0 0 0 0 0 0 0 0
1565	sub_1565_0228800.log	DONE exit=20	200	True	176868	0 0 0 0 0 0 0 0 0 0 0 1205 2949 3251 1535 314 28 1 0 0 0 0 0 0 0 0 0 0 0
1565	sub_1565_0229000.log	DONE exit=20	200	True	313697	0 0 0 0 0 0 0 0 0 0 0 1417 4648 6895 3991 1064 179 15 1 0 0 0 0 0 0 0 0 0 0
1565	sub_1565_0229200.log	DONE exit=20	200	True	365244	0 0 0 0 0 0 0 0 0 0 0 1621 5594 8058 4077 760 60 2 0 0 0 0 0 0 0 0 0 0 0
1565	sub_1565_0229400.log	DONE exit=20	200	True	545795	0 0 0 0 0 0 0 0 0 0 0 1612 6390 11949 9708 2879 421 42 2 0 0 0 0 0 0 0 0 0 0
1565	sub_1565_0229600.log	DONE exit=20	200	True	393767	0 0 0 0 0 0 0 0 0 0 0 1455 5105 8450 5735 956 53 5 0 0 0 0 0 0 0 0 0 0 0
1565	sub_1565_0229800.log	DONE exit=20	200	True	664637	0 0 0 0 0 0 0 0 0 0 0 1953 8887 15284 10172 4631 1766 207 4 0 0 0 0 0 0 0 0 0 0
1565	sub_1565_0230000.log	DONE exit=20	200	True	1349428	0 0 0 0 0 0 0 0 0 0 0 2415 12121 29760 35809 20094 4753 348 5 0 0 0 0 0 0 0 0 0 0
1565	sub_1565_0230200.log	DONE exit=20	200	True	159944	0 0 0 0 0 0 0 0 0 0 0 1348 3388 3251 1201 219 21 0 0 0 0 0 0 0 0 0 0 0 0
1565	sub_1565_0230400.log	DONE exit=20	200	True	259852	0 0 0 0 0 0 0 0 0 0 0 1576 4688 6160 3569 791 90 0 0 0 0 0 0 0 0 0 0 0 0
1565	sub_1565_0230600.log	DONE exit=20	200	True	190511	0 0 0 0 0 0 0 0 0 0 0 1465 3772 4219 2553 735 85 12 0 0 0 0 0 0 0 0 0 0 0
1565	sub_1565_0230800.log	DONE exit=20	200	True	518707	0 0 0 0 0 0 0 0 0 0 0 2010 7297 11898 10000 4147 1081 149 8 0 0 0 0 0 0 0 0 0 0
1565	sub_1565_0231000.log	DONE exit=20	200	True	291352	0 0 0 0 0 0 0 0 0 0 0 1692 5238 6792 4616 1635 348 30 0 0 0 0 0 0 0 0 0 0 0
1565	sub_1565_0231200.log	DONE exit=20	200	True	69668	0 0 0 0 0 0 0 0 0 0 0 755 1253 1064 348 49 2 0 0 0 0 0 0 0 0 0 0 0 0
1565	sub_1565_0231400.log	DONE exit=20	200	True	87173	0 0 0 0 0 0 0 0 0 0 0 834 1525 1200 304 9 0 0 0 0 0 0 0 0 0 0 0 0 0
1565	sub_1565_0231600.log	DONE exit=20	200	True	1453874	0 0 0 0 0 0 0 0 0 0 0 2079 11206 30879 38704 19514 3193 136 0 0 0 0 0 0 0 0 0 0 0
1565	sub_1565_0231800.log	DONE exit=20	200	True	698374	0 0 0 0 0 0 0 0 0 0 0 1897 7460 13386 10860 3599 635 50 0 0 0 0 0 0 0 0 0 0 0
1565	sub_1565_0232000.log	DONE exit=20	200	True	707125	0 0 0 0 0 0 0 0 0 0 0 1665 7105 14308 12262 3647 333 6 0 0 0 0 0 0 0 0 0 0 0
1565	sub_1565_0232200.log	DONE exit=20	200	True	808063	0 0 0 0 0 0 0 0 0 0 0 1571 6736 14615 14525 5627 756 39 0 0 0 0 0 0 0 0 0 0 0
1565	sub_1565_0232400.log	DONE exit=20	200	True	757860	0 0 0 0 0 0 0 0 0 0 0 1757 7552 16040 17656 10855 4329 778 31 0 0 0 0 0 0 0 0 0 0
1565	sub_1565_0232600.log	DONE exit=20	200	True	649899	0 0 0 0 0 0 0 0 0 0 0 1982 8494 16728 15694 7229 1341 125 4 0 0 0 0 0 0 0 0 0 0
1565	sub_1565_0232800.log	DONE exit=20	200	True	389566	0 0 0 0 0 0 0 0 0 0 0 1685 5888 9326 6579 1989 174 4 0 0 0 0 0 0 0 0 0 0 0
1565	sub_1565_0233000.log	DONE exit=20	200	True	285066	0 0 0 0 0 0 0 0 0 0 0 1322 3958 5623 3633 894 93 2 0 0 0 0 0 0 0 0 0 0 0
1565	sub_1565_0233200.log	DONE exit=20	200	True	504482	0 0 0 0 0 0 0 0 0 0 0 1475 5514 10048 9470 3986 618 50 3 0 0 0 0 0 0 0 0 0 0
1565	sub_1565_0233400.log	DONE exit=20	200	True	603407	0 0 0 0 0 0 0 0 0 0 0 1706 6780 14127 15506 8201 1471 81 0 0 0 0 0 0 0 0 0 0 0
1565	sub_1565_0233600.log	DONE exit=20	200	True	389815	0 0 0 0 0 0 0 0 0 0 0 1551 5174 7759 3822 490 9 0 0 0 0 0 0 0 0 0 0 0 0
1565	sub_1565_0233800.log	DONE exit=20	200	True	712994	0 0 0 0 0 0 0 0 0 0 0 1902 8071 15067 11747 2661 170 3 0 0 0 0 0 0 0 0 0 0 0
1565	sub_1565_0234000.log	DONE exit=20	200	True	366592	0 0 0 0 0 0 0 0 0 0 0 1517 5187 7863 4783 751 35 0 0 0 0 0 0 0 0 0 0 0 0
1565	sub_1565_0234200.log	DONE exit=20	200	True	361746	0 0 0 0 0 0 0 0 0 0 0 1541 4989 6938 3579 256 1 0 0 0 0 0 0 0 0 0 0 0 0
1565	sub_1565_0234400.log	DONE exit=20	200	True	273731	0 0 0 0 0 0 0 0 0 0 0 1423 4272 5638 3486 850 83 0 0 0 0 0 0 0 0 0 0 0 0
1565	sub_1565_0234600.log	DONE exit=20	200	True	492503	0 0 0 0 0 0 0 0 0 0 0 1589 5945 10019 6328 1194 96 5 0 0 0 0 0 0 0 0 0 0 0
1565	sub_1565_0234800.log	DONE exit=20	200	True	806447	0 0 0 0 0 0 0 0 0 0 0 1840 8104 16716 14327 3888 362 8 0 0 0 0 0 0 0 0 0 0 0
1565	sub_1565_0235000.log	DONE exit=20	200	True	585845	0 0 0 0 0 0 0 0 0 0 0 1648 6314 11542 8003 1690 110 0 0 0 0 0 0 0 0 0 0 0 0
1565	sub_1565_0235200.log	DONE exit=20	200	True	395926	0 0 0 0 0 0 0 0 0 0 0 1650 5808 8467 4393 734 69 1 0 0 0 0 0 0 0 0 0 0 0
1565	sub_1565_0235400.log	DONE exit=20	200	True	120994	0 0 0 0 0 0 0 0 0 0 0 969 1703 1659 1034 104 13 2 0 0 0 0 0 0 0 0 0 0 0
1565	sub_1565_0235600.log	DONE exit=20	200	True	108007	0 0 0 0 0 0 0 0 0 0 0 869 1734 1944 1020 209 10 0 0 0 0 0 0 0 0 0 0 0 0
1565	sub_1565_0235800.log	DONE exit=20	200	True	186498	0 0 0 0 0 0 0 0 0 0 0 1148 3364 4544 2154 561 73 1 0 0 0 0 0 0 0 0 0 0 0
1565	sub_1565_0236000.log	DONE exit=20	200	True	104443	0 0 0 0 0 0 0 0 0 0 0 817 1692 1848 561 43 8 0 0 0 0 0 0 0 0 0 0 0 0
1565	sub_1565_0236200.log	DONE exit=20	200	True	74974	0 0 0 0 0 0 0 0 0 0 0 729 1215 932 450 109 0 0 0 0 0 0 0 0 0 0 0 0 0
1565	sub_1565_0236400.log	DONE exit=20	200	True	101294	0 0 0 0 0 0 0 0 0 0 0 892 1703 1444 593 116 8 0 0 0 0 0 0 0 0 0 0 0 0
1565	sub_1565_0236600.log	DONE exit=20	200	True	102602	0 0 0 0 0 0 0 0 0 0 0 883 1687 1457 559 99 4 0 0 0 0 0 0 0 0 0 0 0 0
1565	sub_1565_0236800.log	DONE exit=20	200	True	127467	0 0 0 0 0 0 0 0 0 0 0 910 1799 1791 1150 333 4 0 0 0 0 0 0 0 0 0 0 0 0
1565	sub_1565_0237000.log	DONE exit=20	200	True	216657	0 0 0 0 0 0 0 0 0 0 0 1038 2680 3687 2666 905 282 46 0 0 0 0 0 0 0 0 0 0 0
1565	sub_1565_0237200.log	DONE exit=20	200	True	260090	0 0 0 0 0 0 0 0 0 0 0 1182 3217 4560 2836 695 116 3 0 0 0 0 0 0 0 0 0 0 0
1565	sub_1565_0237400.log	DONE exit=20	200	True	241465	0 0 0 0 0 0 0 0 0 0 0 1082 2958 3816 2500 930 326 58 0 0 0 0 0 0 0 0 0 0 0
1565	sub_1565_0237600.log	DONE exit=20	200	True	53019	0 0 0 0 0 0 0 0 0 0 0 618 735 508 116 10 1 0 0 0 0 0 0 0 0 0 0 0 0
1565	sub_1565_0237800.log	DONE exit=20	200	True	79507	0 0 0 0 0 0 0 0 0 0 0 694 1210 1029 436 103 8 0 0 0 0 0 0 0 0 0 0 0 0
1565	sub_1565_0238000.log	DONE exit=20	200	True	73363	0 0 0 0 0 0 0 0 0 0 0 798 1241 794 216 22 1 0 0 0 0 0 0 0 0 0 0 0 0
1565	sub_1565_0238200.log	DONE exit=20	200	True	119297	0 0 0 0 0 0 0 0 0 0 0 890 1752 1657 758 181 10 0 0 0 0 0 0 0 0 0 0 0 0
1565	sub_1565_0238400.log	DONE exit=20	200	True	70987	0 0 0 0 0 0 0 0 0 0 0 861 1269 682 105 3 0 0 0 0 0 0 0 0 0 0 0 0 0
1565	sub_1565_0238600.log	DONE exit=20	200	True	151241	0 0 0 0 0 0 0 0 0 0 0 991 2297 2596 1495 482 38 3 0 0 0 0 0 0 0 0 0 0 0
1565	sub_1565_0238800.log	DONE exit=20	200	True	98521	0 0 0 0 0 0 0 0 0 0 0 711 1384 1189 719 123 6 0 0 0 0 0 0 0 0 0 0 0 0
1565	sub_1565_0239000.log	DONE exit=20	200	True	74668	0 0 0 0 0 0 0 0 0 0 0 699 930 795 507 68 3 0 0 0 0 0 0 0 0 0 0 0 0
1565	sub_1565_0239200.log	DONE exit=20	200	True	34212	0 0 0 0 0 0 0 0 0 0 0 471 309 91 11 0 0 0 0 0 0 0 0 0 0 0 0 0 0
1565	sub_1565_0239400.log	DONE exit=20	200	True	63039	0 0 0 0 0 0 0 0 0 0 0 756 1127 739 182 12 0 0 0 0 0 0 0 0 0 0 0 0 0
1565	sub_1565_0239600.log	DONE exit=20	200	True	146578	0 0 0 0 0 0 0 0 0 0 0 1024 2436 3232 2144 597 42 1 0 0 0 0 0 0 0 0 0 0 0
1565	sub_1565_0239800.log	DONE exit=20	200	True	68119	0 0 0 0 0 0 0 0 0 0 0 714 1032 488 57 3 0 0 0 0 0 0 0 0 0 0 0 0 0
1565	sub_1565_0240000.log	DONE exit=20	200	True	45728	0 0 0 0 0 0 0 0 0 0 0 486 584 316 105 7 0 0 0 0 0 0 0 0 0 0 0 0 0
1565	sub_1565_0240200.log	DONE exit=20	200	True	73121	0 0 0 0 0 0 0 0 0 0 0 707 1073 828 319 108 5 0 0 0 0 0 0 0 0 0 0 0 0
1565	sub_1565_0240400.log	DONE exit=20	200	True	270637	0 0 0 0 0 0 0 0 0 0 0 1367 3934 4931 2997 710 96 43 0 0 0 0 0 0 0 0 0 0 0
1565	sub_1565_0240600.log	DONE exit=20	200	True	219524	0 0 0 0 0 0 0 0 0 0 0 1051 2691 3477 2480 664 90 18 0 0 0 0 0 0 0 0 0 0 0
1565	sub_1565_0240800.log	DONE exit=20	200	True	222340	0 0 0 0 0 0 0 0 0 0 0 1111 2970 3901 2672 762 206 6 0 0 0 0 0 0 0 0 0 0 0
1565	sub_1565_0241000.log	DONE exit=20	200	True	74371	0 0 0 0 0 0 0 0 0 0 0 728 1133 635 111 4 0 0 0 0 0 0 0 0 0 0 0 0 0
1565	sub_1565_0241200.log	DONE exit=20	200	True	224700	0 0 0 0 0 0 0 0 0 0 0 1169 3249 4002 2524 569 30 1 0 0 0 0 0 0 0 0 0 0 0
1565	sub_1565_0241400.log	DONE exit=20	200	True	141438	0 0 0 0 0 0 0 0 0 0 0 860 1756 2143 1549 284 49 0 0 0 0 0 0 0 0 0 0 0 0
1565	sub_1565_0241600.log	DONE exit=20	200	True	648937	0 0 0 0 0 0 0 0 0 0 0 1408 5815 12742 13468 7430 2487 332 14 0 0 0 0 0 0 0 0 0 0
1565	sub_1565_0241800.log	DONE exit=20	200	True	77974	0 0 0 0 0 0 0 0 0 0 0 750 1270 679 96 16 4 0 0 0 0 0 0 0 0 0 0 0 0
1565	sub_1565_0242000.log	DONE exit=20	200	True	72160	0 0 0 0 0 0 0 0 0 0 0 673 1024 596 110 2 0 0 0 0 0 0 0 0 0 0 0 0 0
1565	sub_1565_0242200.log	DONE exit=20	200	True	31151	0 0 0 0 0 0 0 0 0 0 0 491 451 133 19 1 0 0 0 0 0 0 0 0 0 0 0 0 0
1565	sub_1565_0242400.log	DONE exit=20	200	True	52789	0 0 0 0 0 0 0 0 0 0 0 666 901 486 135 12 0 0 0 0 0 0 0 0 0 0 0 0 0
1565	sub_1565_0242600.log	DONE exit=20	200	True	221320	0 0 0 0 0 0 0 0 0 0 0 1192 3306 4251 2832 768 74 2 0 0 0 0 0 0 0 0 0 0 0
1565	sub_1565_0242800.log	DONE exit=20	200	True	398174	0 0 0 0 0 0 0 0 0 0 0 1440 4584 7478 6738 2127 152 2 0 0 0 0 0 0 0 0 0 0 0
1565	sub_1565_0243000.log	DONE exit=20	200	True	66330	0 0 0 0 0 0 0 0 0 0 0 756 1140 643 172 21 2 0 0 0 0 0 0 0 0 0 0 0 0
1565	sub_1565_0243200.log	DONE exit=20	200	True	78966	0 0 0 0 0 0 0 0 0 0 0 749 1292 983 283 9 0 0 0 0 0 0 0 0 0 0 0 0 0
1565	sub_1565_0243400.log	DONE exit=20	200	True	170237	0 0 0 0 0 0 0 0 0 0 0 950 1949 2327 1667 318 4 0 0 0 0 0 0 0 0 0 0 0 0
1565	sub_1565_0243600.log	DONE exit=20	200	True	179268	0 0 0 0 0 0 0 0 0 0 0 905 1987 2493 1661 326 13 0 0 0 0 0 0 0 0 0 0 0 0
1565	sub_1565_0243800.log	DONE exit=20	200	True	224533	0 0 0 0 0 0 0 0 0 0 0 1085 2781 3915 3242 1106 149 0 0 0 0 0 0 0 0 0 0 0 0
1565	sub_1565_0244000.log	DONE exit=20	200	True	267315	0 0 0 0 0 0 0 0 0 0 0 976 2809 4688 4731 1331 110 0 0 0 0 0 0 0 0 0 0 0 0
1565	sub_1565_0244200.log	DONE exit=20	200	True	285467	0 0 0 0 0 0 0 0 0 0 0 1265 3550 5401 4300 867 56 1 0 0 0 0 0 0 0 0 0 0 0
1565	sub_1565_0244400.log	DONE exit=20	200	True	71340	0 0 0 0 0 0 0 0 0 0 0 571 955 918 536 70 1 0 0 0 0 0 0 0 0 0 0 0 0
1565	sub_1565_0244600.log	DONE exit=20	200	True	116342	0 0 0 0 0 0 0 0 0 0 0 809 1523 1561 883 259 43 3 0 0 0 0 0 0 0 0 0 0 0
1565	sub_1565_0244800.log	DONE exit=20	200	True	281405	0 0 0 0 0 0 0 0 0 0 0 1161 3232 5013 4142 607 22 0 0 0 0 0 0 0 0 0 0 0 0
1565	sub_1565_0245000.log	DONE exit=20	200	True	126335	0 0 0 0 0 0 0 0 0 0 0 735 1427 1800 1445 265 3 0 0 0 0 0 0 0 0 0 0 0 0
1565	sub_1565_0245200.log	DONE exit=20	200	True	151850	0 0 0 0 0 0 0 0 0 0 0 972 2034 2423 1525 201 11 0 0 0 0 0 0 0 0 0 0 0 0
1565	sub_1565_0245400.log	DONE exit=20	200	True	1337870	0 0 0 0 0 0 0 0 0 0 0 1545 7785 21577 30147 21485 8446 1355 51 0 0 0 0 0 0 0 0 0 0
1565	sub_1565_0245600.log	DONE exit=20	200	True	415360	0 0 0 0 0 0 0 0 0 0 0 1629 5665 8961 6713 1834 241 28 4 0 0 0 0 0 0 0 0 0 0
1565	sub_1565_0245800.log	DONE exit=20	200	True	429553	0 0 0 0 0 0 0 0 0 0 0 1425 4811 7814 6202 2407 516 42 1 0 0 0 0 0 0 0 0 0 0
1565	sub_1565_0246000.log	DONE exit=20	200	True	136079	0 0 0 0 0 0 0 0 0 0 0 942 2201 2317 1235 248 9 0 0 0 0 0 0 0 0 0 0 0 0
1565	sub_1565_0246200.log	DONE exit=20	200	True	779809	0 0 0 0 0 0 0 0 0 0 0 1802 7248 14858 15117 4803 585 57 2 0 0 0 0 0 0 0 0 0 0
1565	sub_1565_0246400.log	DONE exit=20	200	True	566402	0 0 0 0 0 0 0 0 0 0 0 1350 4847 10078 10641 3771 588 22 0 0 0 0 0 0 0 0 0 0 0
1565	sub_1565_0246600.log	DONE exit=20	200	True	97033	0 0 0 0 0 0 0 0 0 0 0 699 1252 1302 846 164 2 0 0 0 0 0 0 0 0 0 0 0 0
1565	sub_1565_0246800.log	DONE exit=20	200	True	127709	0 0 0 0 0 0 0 0 0 0 0 850 1788 1960 1005 133 7 0 0 0 0 0 0 0 0 0 0 0 0
1565	sub_1565_0247000.log	DONE exit=20	200	True	161423	0 0 0 0 0 0 0 0 0 0 0 971 2230 2741 1860 246 17 0 0 0 0 0 0 0 0 0 0 0 0
1565	sub_1565_0247200.log	DONE exit=20	200	True	110441	0 0 0 0 0 0 0 0 0 0 0 930 1718 1446 394 26 1 0 0 0 0 0 0 0 0 0 0 0 0
1565	sub_1565_0247400.log	DONE exit=20	200	True	223995	0 0 0 0 0 0 0 0 0 0 0 1054 2879 3975 2821 742 163 28 2 0 0 0 0 0 0 0 0 0 0
1565	sub_1565_0247600.log	DONE exit=20	200	True	334149	0 0 0 0 0 0 0 0 0 0 0 1538 5108 7347 4383 1152 208 16 0 0 0 0 0 0 0 0 0 0 0
1565	sub_1565_0247800.log	DONE exit=20	200	True	120161	0 0 0 0 0 0 0 0 0 0 0 573 1191 1766 1416 57 1 0 0 0 0 0 0 0 0 0 0 0 0
1565	sub_1565_0248000.log	DONE exit=20	200	True	78553	0 0 0 0 0 0 0 0 0 0 0 849 1380 999 273 37 7 0 0 0 0 0 0 0 0 0 0 0 0
1565	sub_1565_0248200.log	DONE exit=20	200	True	126582	0 0 0 0 0 0 0 0 0 0 0 1072 2222 2063 810 179 13 0 0 0 0 0 0 0 0 0 0 0 0
1565	sub_1565_0248400.log	DONE exit=20	200	True	194050	0 0 0 0 0 0 0 0 0 0 0 1217 2934 3097 1645 464 44 1 0 0 0 0 0 0 0 0 0 0 0
1565	sub_1565_0248600.log	DONE exit=20	200	True	266313	0 0 0 0 0 0 0 0 0 0 0 1194 2926 3829 2964 1880 542 58 0 0 0 0 0 0 0 0 0 0 0
1565	sub_1565_0248800.log	DONE exit=20	200	True	176104	0 0 0 0 0 0 0 0 0 0 0 1171 2730 2737 1170 224 9 0 0 0 0 0 0 0 0 0 0 0 0
1565	sub_1565_0249000.log	DONE exit=20	200	True	7521091	0 0 0 0 0 0 0 0 0 0 0 2634 19076 77129 178402 225430 125120 17858 354 0 0 0 0 0 0 0 0 0 0
1565	sub_1565_0249200.log	DONE exit=20	200	True	5145209	0 0 0 0 0 0 0 0 0 0 0 2807 17181 57205 117199 136359 62715 5024 3 0 0 0 0 0 0 0 0 0 0
1565	sub_1565_0249400.log	DONE exit=20	200	True	1146133	0 0 0 0 0 0 0 0 0 0 0 2005 10042 23112 22998 13073 4968 651 1 0 0 0 0 0 0 0 0 0 0
1565	sub_1565_0249600.log	DONE exit=20	200	True	831581	0 0 0 0 0 0 0 0 0 0 0 1796 7424 14992 14344 7308 4123 1132 5 0 0 0 0 0 0 0 0 0 0
1565	sub_1565_0249800.log	DONE exit=20	200	True	1056662	0 0 0 0 0 0 0 0 0 0 0 1990 9625 22304 25547 16791 5427 248 2 0 0 0 0 0 0 0 0 0 0
1565	sub_1565_0250000.log	DONE exit=20	200	True	1675151	0 0 0 0 0 0 0 0 0 0 0 1968 9456 23472 34105 33008 22008 5611 0 0 0 0 0 0 0 0 0 0 0
1565	sub_1565_0250200.log	DONE exit=20	200	True	1666646	0 0 0 0 0 0 0 0 0 0 0 2188 11733 32183 43148 26802 8101 664 8 0 0 0 0 0 0 0 0 0 0
1565	sub_1565_0250400.log	DONE exit=20	200	True	5017935	0 0 0 0 0 0 0 0 0 0 0 2849 18561 61606 116460 125342 53688 3398 36 0 0 0 0 0 0 0 0 0 0
1565	sub_1565_0250600.log	DONE exit=20	200	True	776202	0 0 0 0 0 0 0 0 0 0 0 1967 8477 16143 12761 5288 1871 267 0 0 0 0 0 0 0 0 0 0 0
1565	sub_1565_0250800.log	DONE exit=20	200	True	1857566	0 0 0 0 0 0 0 0 0 0 0 2014 9710 24661 36978 41260 34888 11860 40 0 0 0 0 0 0 0 0 0 0
1565	sub_1565_0251000.log	DONE exit=20	200	True	2046195	0 0 0 0 0 0 0 0 0 0 0 2245 10691 25734 36825 40082 39577 15834 71 0 0 0 0 0 0 0 0 0 0
1565	sub_1565_0251200.log	DONE exit=20	200	True	1283627	0 0 0 0 0 0 0 0 0 0 0 1843 9650 26388 35461 21168 5855 746 15 0 0 0 0 0 0 0 0 0 0
1565	sub_1565_0251400.log	DONE exit=20	200	True	710650	0 0 0 0 0 0 0 0 0 0 0 1883 7965 15364 12129 4829 1753 44 0 0 0 0 0 0 0 0 0 0 0
1565	sub_1565_0251600.log	DONE exit=20	200	True	703342	0 0 0 0 0 0 0 0 0 0 0 1921 7856 14653 12455 4905 848 120 0 0 0 0 0 0 0 0 0 0 0
1565	sub_1565_0251800.log	DONE exit=20	200	True	704794	0 0 0 0 0 0 0 0 0 0 0 1964 9024 17428 12761 3289 202 0 0 0 0 0 0 0 0 0 0 0 0
1565	sub_1565_0252000.log	DONE exit=20	200	True	427736	0 0 0 0 0 0 0 0 0 0 0 1704 6289 10145 6128 1511 104 11 0 0 0 0 0 0 0 0 0 0 0
1565	sub_1565_0252200.log	DONE exit=20	200	True	866364	0 0 0 0 0 0 0 0 0 0 0 1892 8695 19393 20278 9553 1437 145 2 0 0 0 0 0 0 0 0 0 0
1565	sub_1565_0252400.log	DONE exit=20	200	True	806603	0 0 0 0 0 0 0 0 0 0 0 1907 8218 17582 19326 9593 1816 108 0 0 0 0 0 0 0 0 0 0 0
1565	sub_1565_0252600.log	DONE exit=20	200	True	18393993	0 0 0 0 0 0 0 0 0 0 0 3749 33776 154436 391084 537656 341803 82321 11609 672 6 0 0 0 0 0 0 0 0
1565	sub_1565_0252800.log	DONE exit=20	200	True	4249506	0 0 0 0 0 0 0 0 0 0 0 2819 15839 46939 88774 101767 44889 3937 15 0 0 0 0 0 0 0 0 0 0
1565	sub_1565_0253000.log	DONE exit=20	200	True	1739594	0 0 0 0 0 0 0 0 0 0 0 2526 14490 36358 39220 22327 8088 1370 7 0 0 0 0 0 0 0 0 0 0
1565	sub_1565_0253200.log	DONE exit=20	200	True	1037163	0 0 0 0 0 0 0 0 0 0 0 1908 8406 16912 14508 7849 5229 937 1 0 0 0 0 0 0 0 0 0 0
1565	sub_1565_0253400.log	DONE exit=20	200	True	1408118	0 0 0 0 0 0 0 0 0 0 0 2357 12360 28817 30046 14010 5961 1360 2 0 0 0 0 0 0 0 0 0 0
1565	sub_1565_0253600.log	DONE exit=20	200	True	1112644	0 0 0 0 0 0 0 0 0 0 0 1939 8703 18673 21025 17896 12175 1774 8 0 0 0 0 0 0 0 0 0 0
1565	sub_1565_0253800.log	DONE exit=20	200	True	1367631	0 0 0 0 0 0 0 0 0 0 0 1912 8839 20653 26219 23524 19026 5679 122 0 0 0 0 0 0 0 0 0 0
1565	sub_1565_0254000.log	DONE exit=20	200	True	3680484	0 0 0 0 0 0 0 0 0 0 0 2388 13381 38227 64901 78158 69455 23317 1553 1 0 0 0 0 0 0 0 0 0
1565	sub_1565_0254200.log	DONE exit=20	200	True	2756210	0 0 0 0 0 0 0 0 0 0 0 2644 15391 44767 66110 51154 31008 4986 4 0 0 0 0 0 0 0 0 0 0
1565	sub_1565_0254400.log	DONE exit=20	200	True	8972221	0 0 0 0 0 0 0 0 0 0 0 2924 23245 97017 220771 269779 151812 23439 131 0 0 0 0 0 0 0 0 0 0
1565	sub_1565_0254600.log	DONE exit=20	200	True	4852371	0 0 0 0 0 0 0 0 0 0 0 2812 17045 54625 106975 122632 62031 7371 4 0 0 0 0 0 0 0 0 0 0
1565	sub_1565_0254800.log	DONE exit=20	200	True	2665834	0 0 0 0 0 0 0 0 0 0 0 2445 14636 42773 66320 65228 37252 3259 6 0 0 0 0 0 0 0 0 0 0
1565	sub_1565_0255000.log	DONE exit=20	200	True	1092843	0 0 0 0 0 0 0 0 0 0 0 1854 7971 17834 20604 10417 3238 369 0 0 0 0 0 0 0 0 0 0 0
1565	sub_1565_0255200.log	DONE exit=20	200	True	1137633	0 0 0 0 0 0 0 0 0 0 0 1933 9534 22560 26553 17688 9919 2608 0 0 0 0 0 0 0 0 0 0 0
1565	sub_1565_0255400.log	DONE exit=20	200	True	1491608	0 0 0 0 0 0 0 0 0 0 0 1905 9249 23676 32773 26736 13578 1369 0 0 0 0 0 0 0 0 0 0 0
1565	sub_1565_0255600.log	DONE exit=20	200	True	2642787	0 0 0 0 0 0 0 0 0 0 0 2412 13697 39261 60762 54131 32610 4294 0 0 0 0 0 0 0 0 0 0 0
1565	sub_1565_0255800.log	DONE exit=20	200	True	4496222	0 0 0 0 0 0 0 0 0 0 0 2580 16643 54134 98594 89287 29950 2217 2 0 0 0 0 0 0 0 0 0 0
1565	sub_1565_0256000.log	DONE exit=20	200	True	11507627	0 0 0 0 0 0 0 0 0 0 0 3097 21795 92083 242560 347167 194659 24758 540 1 0 0 0 0 0 0 0 0 0
1565	sub_1565_0256200.log	DONE exit=20	200	True	974608	0 0 0 0 0 0 0 0 0 0 0 1665 6958 13813 11588 10626 5312 675 0 0 0 0 0 0 0 0 0 0 0
1565	sub_1565_0256400.log	DONE exit=20	200	True	857743	0 0 0 0 0 0 0 0 0 0 0 2324 10669 20389 17729 4958 323 8 0 0 0 0 0 0 0 0 0 0 0
1565	sub_1565_0256600.log	DONE exit=20	200	True	453514	0 0 0 0 0 0 0 0 0 0 0 1570 4783 6618 5409 5750 4055 767 2 0 0 0 0 0 0 0 0 0 0
1565	sub_1565_0256800.log	DONE exit=20	200	True	1632540	0 0 0 0 0 0 0 0 0 0 0 2004 10258 26025 33081 26486 16742 1303 0 0 0 0 0 0 0 0 0 0 0
1565	sub_1565_0257000.log	DONE exit=20	200	True	1367047	0 0 0 0 0 0 0 0 0 0 0 2178 9473 20984 26089 17280 7268 553 0 0 0 0 0 0 0 0 0 0 0
1565	sub_1565_0257200.log	DONE exit=20	200	True	2300828	0 0 0 0 0 0 0 0 0 0 0 2470 14388 39697 53145 37156 18014 975 0 0 0 0 0 0 0 0 0 0 0
1565	sub_1565_0257400.log	DONE exit=20	200	True	235086	0 0 0 0 0 0 0 0 0 0 0 972 2808 4569 3320 1362 419 31 1 0 0 0 0 0 0 0 0 0 0
1565	sub_1565_0257600.log	DONE exit=20	200	True	2196377	0 0 0 0 0 0 0 0 0 0 0 1836 11740 39111 67842 55357 18023 2354 156 0 0 0 0 0 0 0 0 0 0
1565	sub_1565_0257800.log	DONE exit=20	200	True	13517908	0 0 0 0 0 0 0 0 0 0 0 3560 29692 124799 292248 369829 200524 27933 342 0 0 0 0 0 0 0 0 0 0
1565	sub_1565_0258000.log	DONE exit=20	200	True	1220078	0 0 0 0 0 0 0 0 0 0 0 2693 13110 28875 29134 14193 4262 683 5 0 0 0 0 0 0 0 0 0 0
1565	sub_1565_0258200.log	DONE exit=20	200	True	1664848	0 0 0 0 0 0 0 0 0 0 0 1953 9086 20819 24770 24812 17407 2353 1 0 0 0 0 0 0 0 0 0 0
1565	sub_1565_0258400.log	DONE exit=20	200	True	1175978	0 0 0 0 0 0 0 0 0 0 0 1889 8150 17921 22000 19616 14729 3771 4 0 0 0 0 0 0 0 0 0 0
1565	sub_1565_0258600.log	DONE exit=20	200	True	3754193	0 0 0 0 0 0 0 0 0 0 0 2567 13467 37826 67002 85460 77423 21352 2 0 0 0 0 0 0 0 0 0 0
1565	sub_1565_0258800.log	DONE exit=20	200	True	2008111	0 0 0 0 0 0 0 0 0 0 0 2278 13614 40066 54739 32807 9224 1158 2 0 0 0 0 0 0 0 0 0 0
1565	sub_1565_0259000.log	DONE exit=20	200	True	1159650	0 0 0 0 0 0 0 0 0 0 0 1752 7496 16134 19594 17690 13124 2887 19 0 0 0 0 0 0 0 0 0 0
1565	sub_1565_0259200.log	DONE exit=20	200	True	1083638	0 0 0 0 0 0 0 0 0 0 0 2228 10458 22397 21309 7313 1331 18 0 0 0 0 0 0 0 0 0 0 0
1565	sub_1565_0259400.log	DONE exit=20	200	True	5352693	0 0 0 0 0 0 0 0 0 0 0 2493 16399 58293 122117 141143 65207 5184 50 2 0 0 0 0 0 0 0 0 0
1565	sub_1565_0259600.log	DONE exit=20	200	True	1098481	0 0 0 0 0 0 0 0 0 0 0 2356 11309 24912 25624 13718 4473 996 78 2 0 0 0 0 0 0 0 0 0
1565	sub_1565_0259800.log	DONE exit=20	200	True	1310347	0 0 0 0 0 0 0 0 0 0 0 1886 8501 18710 21632 21156 20505 10505 46 0 0 0 0 0 0 0 0 0 0
1565	sub_1565_0260000.log	DONE exit=20	200	True	1997407	0 0 0 0 0 0 0 0 0 0 0 1955 8784 21157 33036 42385 50560 24799 106 0 0 0 0 0 0 0 0 0 0
1565	sub_1565_0260200.log	DONE exit=20	200	True	2803401	0 0 0 0 0 0 0 0 0 0 0 2246 13206 40389 65764 63770 49018 21213 254 0 0 0 0 0 0 0 0 0 0
1565	sub_1565_0260400.log	DONE exit=20	200	True	964422	0 0 0 0 0 0 0 0 0 0 0 2037 9168 19117 16356 5421 1671 194 0 0 0 0 0 0 0 0 0 0 0
1565	sub_1565_0260600.log	DONE exit=20	200	True	904775	0 0 0 0 0 0 0 0 0 0 0 1988 10215 21696 19161 7298 1159 29 0 0 0 0 0 0 0 0 0 0 0
1565	sub_1565_0260800.log	DONE exit=20	200	True	884735	0 0 0 0 0 0 0 0 0 0 0 2225 9734 18791 14929 6185 1368 141 1 0 0 0 0 0 0 0 0 0 0
1565	sub_1565_0261000.log	DONE exit=20	200	True	992456	0 0 0 0 0 0 0 0 0 0 0 1828 7609 16773 17164 10042 3977 328 9 0 0 0 0 0 0 0 0 0 0
1565	sub_1565_0261200.log	DONE exit=20	200	True	690255	0 0 0 0 0 0 0 0 0 0 0 1841 6970 12766 12298 5876 1186 79 4 0 0 0 0 0 0 0 0 0 0
1565	sub_1565_0261400.log	DONE exit=20	200	True	2496188	0 0 0 0 0 0 0 0 0 0 0 2685 14610 39047 55218 39945 21025 3538 18 0 0 0 0 0 0 0 0 0 0
1565	sub_1565_0261600.log	DONE exit=20	200	True	1367225	0 0 0 0 0 0 0 0 0 0 0 1861 9208 23474 27405 19021 8492 814 43 0 0 0 0 0 0 0 0 0 0
1565	sub_1565_0261800.log	DONE exit=20	200	True	750288	0 0 0 0 0 0 0 0 0 0 0 2186 9825 17795 15120 4391 284 7 0 0 0 0 0 0 0 0 0 0 0
1565	sub_1565_0262000.log	DONE exit=20	200	True	304099	0 0 0 0 0 0 0 0 0 0 0 1407 3706 4489 2080 278 0 0 0 0 0 0 0 0 0 0 0 0 0
1565	sub_1565_0262200.log	DONE exit=20	200	True	307516	0 0 0 0 0 0 0 0 0 0 0 1749 4609 6631 4302 1508 214 1 0 0 0 0 0 0 0 0 0 0 0
1565	sub_1565_0262400.log	DONE exit=20	200	True	162784	0 0 0 0 0 0 0 0 0 0 0 1305 2116 1450 605 77 0 0 0 0 0 0 0 0 0 0 0 0 0
1565	sub_1565_0262600.log	DONE exit=20	200	True	298846	0 0 0 0 0 0 0 0 0 0 0 1067 4057 4871 1679 150 3 0 0 0 0 0 0 0 0 0 0 0 0
1565	sub_1565_0262800.log	DONE exit=20	200	True	1752439	0 0 0 0 0 0 0 0 0 0 0 2245 12629 23704 27655 10321 2634 1119 0 0 0 0 0 0 0 0 0 0 0
1565	sub_1565_0263000.log	DONE exit=20	200	True	1814380	0 0 0 0 0 0 0 0 0 0 0 1508 9085 26812 42036 19581 3436 397 0 0 0 0 0 0 0 0 0 0 0
1565	sub_1565_0263200.log	DONE exit=20	200	True	1202295	0 0 0 0 0 0 0 0 0 0 0 2151 10341 24045 27692 16453 8235 829 12 0 0 0 0 0 0 0 0 0 0
1565	sub_1565_0263400.log	DONE exit=20	200	True	557738	0 0 0 0 0 0 0 0 0 0 0 1580 5386 8539 5541 2118 356 30 0 0 0 0 0 0 0 0 0 0 0
1565	sub_1565_0263600.log	DONE exit=20	200	True	1532182	0 0 0 0 0 0 0 0 0 0 0 1653 8237 23403 32635 19338 12190 2457 0 0 0 0 0 0 0 0 0 0 0
1565	sub_1565_0263800.log	DONE exit=20	200	True	2013110	0 0 0 0 0 0 0 0 0 0 0 1719 8767 23734 36885 32392 24163 6876 745 34 0 0 0 0 0 0 0 0 0
1565	sub_1565_0264000.log	DONE exit=20	200	True	1381397	0 0 0 0 0 0 0 0 0 0 0 1485 7316 23845 39361 21190 9030 1533 0 0 0 0 0 0 0 0 0 0 0
1565	sub_1565_0264200.log	DONE exit=20	200	True	295791	0 0 0 0 0 0 0 0 0 0 0 1127 4063 4863 1469 73 3 0 0 0 0 0 0 0 0 0 0 0 0
1565	sub_1565_0264400.log	DONE exit=20	200	True	2377985	0 0 0 0 0 0 0 0 0 0 0 2882 17524 36042 40752 15102 3192 870 0 0 0 0 0 0 0 0 0 0 0
1565	sub_1565_0264600.log	DONE exit=20	200	True	207566	0 0 0 0 0 0 0 0 0 0 0 763 2518 3535 1393 117 0 0 0 0 0 0 0 0 0 0 0 0 0
1565	sub_1565_0264800.log	DONE exit=20	200	True	143497	0 0 0 0 0 0 0 0 0 0 0 1252 2011 939 206 8 0 0 0 0 0 0 0 0 0 0 0 0 0
1565	sub_1565_0265000.log	DONE exit=20	200	True	550437	0 0 0 0 0 0 0 0 0 0 0 1999 5868 9756 10131 7432 1251 89 0 0 0 0 0 0 0 0 0 0 0
1565	sub_1565_0265200.log	DONE exit=20	200	True	1375258	0 0 0 0 0 0 0 0 0 0 0 2134 11246 28077 31535 18327 9835 787 0 0 0 0 0 0 0 0 0 0 0
1565	sub_1565_0265400.log	DONE exit=20	200	True	466328	0 0 0 0 0 0 0 0 0 0 0 1300 4923 8572 5267 1496 155 14 0 0 0 0 0 0 0 0 0 0 0
1565	sub_1565_0265600.log	DONE exit=20	200	True	2920838	0 0 0 0 0 0 0 0 0 0 0 2133 13397 43508 74112 59202 35586 4978 180 1 0 0 0 0 0 0 0 0 0
1565	sub_1565_0265800.log	DONE exit=20	200	True	299309	0 0 0 0 0 0 0 0 0 0 0 1415 3916 4228 1654 277 24 3 0 0 0 0 0 0 0 0 0 0 0
1565	sub_1565_0266000.log	DONE exit=20	200	True	304375	0 0 0 0 0 0 0 0 0 0 0 1174 3630 4275 1979 666 118 8 0 0 0 0 0 0 0 0 0 0 0
1565	sub_1565_0266200.log	DONE exit=20	200	True	238181	0 0 0 0 0 0 0 0 0 0 0 957 2486 2927 2231 1168 319 10 0 0 0 0 0 0 0 0 0 0 0
1565	sub_1565_0266400.log	DONE exit=20	200	True	356597	0 0 0 0 0 0 0 0 0 0 0 1134 3305 4774 4295 2858 1523 113 0 0 0 0 0 0 0 0 0 0 0
1565	sub_1565_0266600.log	DONE exit=20	200	True	197084	0 0 0 0 0 0 0 0 0 0 0 1004 2485 2812 1862 618 65 0 0 0 0 0 0 0 0 0 0 0 0
1565	sub_1565_0266800.log	DONE exit=20	200	True	185344	0 0 0 0 0 0 0 0 0 0 0 894 2433 2409 1126 254 1 0 0 0 0 0 0 0 0 0 0 0 0
1565	sub_1565_0267000.log	DONE exit=20	200	True	189780	0 0 0 0 0 0 0 0 0 0 0 848 2358 2764 1344 102 0 0 0 0 0 0 0 0 0 0 0 0 0
1565	sub_1565_0267200.log	DONE exit=20	200	True	159514	0 0 0 0 0 0 0 0 0 0 0 919 2089 1898 801 58 0 0 0 0 0 0 0 0 0 0 0 0 0
1565	sub_1565_0267400.log	DONE exit=20	200	True	139551	0 0 0 0 0 0 0 0 0 0 0 974 1867 1469 513 66 0 0 0 0 0 0 0 0 0 0 0 0 0
1565	sub_1565_0267600.log	DONE exit=20	200	True	227962	0 0 0 0 0 0 0 0 0 0 0 1254 3474 4070 1865 269 21 0 0 0 0 0 0 0 0 0 0 0 0
1565	sub_1565_0267800.log	DONE exit=20	200	True	662662	0 0 0 0 0 0 0 0 0 0 0 1612 6397 10521 8077 3562 560 0 0 0 0 0 0 0 0 0 0 0 0
1565	sub_1565_0268000.log	DONE exit=20	200	True	901154	0 0 0 0 0 0 0 0 0 0 0 1481 5700 12119 16044 14123 10751 626 0 0 0 0 0 0 0 0 0 0 0
1565	sub_1565_0268200.log	DONE exit=20	200	True	3468753	0 0 0 0 0 0 0 0 0 0 0 2052 13703 45070 78061 79376 59479 24503 191 0 0 0 0 0 0 0 0 0 0
1565	sub_1565_0268400.log	DONE exit=20	200	True	397447	0 0 0 0 0 0 0 0 0 0 0 1694 4906 6993 5104 1529 112 3 0 0 0 0 0 0 0 0 0 0 0
1565	sub_1565_0268600.log	DONE exit=20	200	True	259614	0 0 0 0 0 0 0 0 0 0 0 1408 3856 4707 2469 415 20 0 0 0 0 0 0 0 0 0 0 0 0
1565	sub_1565_0268800.log	DONE exit=20	200	True	150148	0 0 0 0 0 0 0 0 0 0 0 1038 2171 1722 596 137 3 0 0 0 0 0 0 0 0 0 0 0 0
1565	sub_1565_0269000.log	DONE exit=20	200	True	137473	0 0 0 0 0 0 0 0 0 0 0 910 1888 1622 655 89 0 0 0 0 0 0 0 0 0 0 0 0 0
1565	sub_1565_0269200.log	DONE exit=20	200	True	293061	0 0 0 0 0 0 0 0 0 0 0 1223 3468 4318 2413 480 13 0 0 0 0 0 0 0 0 0 0 0 0
1565	sub_1565_0269400.log	DONE exit=20	200	True	55746	0 0 0 0 0 0 0 0 0 0 0 552 780 368 45 1 0 0 0 0 0 0 0 0 0 0 0 0 0
1565	sub_1565_0269600.log	DONE exit=20	200	True	119959	0 0 0 0 0 0 0 0 0 0 0 955 1848 1704 629 60 0 0 0 0 0 0 0 0 0 0 0 0 0
1565	sub_1565_0269800.log	DONE exit=20	200	True	2942777	0 0 0 0 0 0 0 0 0 0 0 2102 12678 39257 64935 62276 47557 13880 375 0 0 0 0 0 0 0 0 0 0
1565	sub_1565_0270000.log	DONE exit=20	200	True	889134	0 0 0 0 0 0 0 0 0 0 0 1139 4772 13114 20101 19448 13268 3791 18 0 0 0 0 0 0 0 0 0 0
1565	sub_1565_0270200.log	DONE exit=20	200	True	240020	0 0 0 0 0 0 0 0 0 0 0 1446 3695 4175 2085 387 21 0 0 0 0 0 0 0 0 0 0 0 0
1565	sub_1565_0270400.log	DONE exit=20	200	True	135312	0 0 0 0 0 0 0 0 0 0 0 988 1846 1550 485 52 2 0 0 0 0 0 0 0 0 0 0 0 0
1565	sub_1565_0270600.log	DONE exit=20	200	True	104512	0 0 0 0 0 0 0 0 0 0 0 734 1256 1143 435 57 0 0 0 0 0 0 0 0 0 0 0 0 0
1565	sub_1565_0270800.log	DONE exit=20	200	True	243418	0 0 0 0 0 0 0 0 0 0 0 1145 2718 3685 2539 417 2 0 0 0 0 0 0 0 0 0 0 0 0
1565	sub_1565_0271000.log	DONE exit=20	200	True	1353649	0 0 0 0 0 0 0 0 0 0 0 1654 9727 23221 24523 17303 13496 440 0 0 0 0 0 0 0 0 0 0 0
1565	sub_1565_0271200.log	DONE exit=20	200	True	286641	0 0 0 0 0 0 0 0 0 0 0 869 2809 4498 2779 188 3 0 0 0 0 0 0 0 0 0 0 0 0
1565	sub_1565_0271400.log	DONE exit=20	200	True	354379	0 0 0 0 0 0 0 0 0 0 0 1163 3467 6104 5549 2220 536 67 0 0 0 0 0 0 0 0 0 0 0
1565	sub_1565_0271600.log	DONE exit=20	200	True	212444	0 0 0 0 0 0 0 0 0 0 0 1282 2762 2978 1667 193 3 0 0 0 0 0 0 0 0 0 0 0 0
1565	sub_1565_0271800.log	DONE exit=20	200	True	209139	0 0 0 0 0 0 0 0 0 0 0 1123 2858 3354 1739 266 26 2 0 0 0 0 0 0 0 0 0 0 0
1565	sub_1565_0272000.log	DONE exit=20	200	True	4351629	0 0 0 0 0 0 0 0 0 0 0 2800 20119 62717 91716 81130 61597 13976 96 0 0 0 0 0 0 0 0 0 0
1565	sub_1565_0272200.log	DONE exit=20	200	True	316039	0 0 0 0 0 0 0 0 0 0 0 1102 3336 5097 3206 818 236 75 0 0 0 0 0 0 0 0 0 0 0
1565	sub_1565_0272400.log	DONE exit=20	200	True	2069390	0 0 0 0 0 0 0 0 0 0 0 1761 7269 20395 39340 43941 24431 5652 338 0 0 0 0 0 0 0 0 0 0
1565	sub_1565_0272600.log	DONE exit=20	200	True	944113	0 0 0 0 0 0 0 0 0 0 0 1541 5534 11817 15873 13421 7607 2164 132 0 0 0 0 0 0 0 0 0 0
1565	sub_1565_0272800.log	DONE exit=20	200	True	415590	0 0 0 0 0 0 0 0 0 0 0 1236 3921 6539 6434 3837 1192 88 0 0 0 0 0 0 0 0 0 0 0
1565	sub_1565_0273000.log	DONE exit=20	200	True	2115401	0 0 0 0 0 0 0 0 0 0 0 1776 10257 29875 43500 38363 27610 9078 0 0 0 0 0 0 0 0 0 0 0
1565	sub_1565_0273200.log	DONE exit=20	200	True	288338	0 0 0 0 0 0 0 0 0 0 0 1381 3760 5213 3563 1105 181 5 0 0 0 0 0 0 0 0 0 0 0
1565	sub_1565_0273400.log	DONE exit=20	200	True	317829	0 0 0 0 0 0 0 0 0 0 0 1437 4523 6135 3105 457 52 6 0 0 0 0 0 0 0 0 0 0 0
1565	sub_1565_0273600.log	DONE exit=20	200	True	1490781	0 0 0 0 0 0 0 0 0 0 0 1991 11199 29450 37950 17377 2294 50 0 0 0 0 0 0 0 0 0 0 0
1565	sub_1565_0273800.log	DONE exit=20	200	True	453792	0 0 0 0 0 0 0 0 0 0 0 1326 5243 10273 7771 2088 292 17 0 0 0 0 0 0 0 0 0 0 0
1565	sub_1565_0274000.log	DONE exit=20	200	True	314667	0 0 0 0 0 0 0 0 0 0 0 1546 4361 5814 3451 500 8 0 0 0 0 0 0 0 0 0 0 0 0
1565	sub_1565_0274200.log	DONE exit=20	200	True	100633	0 0 0 0 0 0 0 0 0 0 0 838 1268 864 224 44 1 0 0 0 0 0 0 0 0 0 0 0 0
1565	sub_1565_0274400.log	DONE exit=20	200	True	147506	0 0 0 0 0 0 0 0 0 0 0 945 1741 1871 991 208 8 0 0 0 0 0 0 0 0 0 0 0 0
1565	sub_1565_0274600.log	DONE exit=20	200	True	204575	0 0 0 0 0 0 0 0 0 0 0 974 2314 2894 1626 307 4 0 0 0 0 0 0 0 0 0 0 0 0
1565	sub_1565_0274800.log	DONE exit=20	200	True	183158	0 0 0 0 0 0 0 0 0 0 0 834 1814 2394 1619 397 13 0 0 0 0 0 0 0 0 0 0 0 0
1565	sub_1565_0275000.log	DONE exit=20	200	True	171720	0 0 0 0 0 0 0 0 0 0 0 913 2118 2135 874 131 1 0 0 0 0 0 0 0 0 0 0 0 0
1565	sub_1565_0275200.log	DONE exit=20	200	True	111422	0 0 0 0 0 0 0 0 0 0 0 827 1526 1186 255 5 0 0 0 0 0 0 0 0 0 0 0 0 0
1565	sub_1565_0275400.log	DONE exit=20	200	True	126943	0 0 0 0 0 0 0 0 0 0 0 881 1931 1572 514 69 0 0 0 0 0 0 0 0 0 0 0 0 0
1565	sub_1565_0275600.log	DONE exit=20	200	True	192871	0 0 0 0 0 0 0 0 0 0 0 1306 2965 2364 707 101 1 0 0 0 0 0 0 0 0 0 0 0 0
1565	sub_1565_0275800.log	DONE exit=20	200	True	477353	0 0 0 0 0 0 0 0 0 0 0 1436 4787 7635 7214 3225 306 13 0 0 0 0 0 0 0 0 0 0 0
1565	sub_1565_0276000.log	DONE exit=20	200	True	617100	0 0 0 0 0 0 0 0 0 0 0 1778 7101 11091 6665 1985 221 4 0 0 0 0 0 0 0 0 0 0 0
1565	sub_1565_0276200.log	DONE exit=20	200	True	487760	0 0 0 0 0 0 0 0 0 0 0 1727 5878 9861 8008 2629 238 3 0 0 0 0 0 0 0 0 0 0 0
1565	sub_1565_0276400.log	DONE exit=20	200	True	424317	0 0 0 0 0 0 0 0 0 0 0 1585 4889 7277 6498 3380 458 36 1 0 0 0 0 0 0 0 0 0 0
1565	sub_1565_0276600.log	DONE exit=20	200	True	1642315	0 0 0 0 0 0 0 0 0 0 0 1563 8805 25116 37827 22190 10276 1117 1 0 0 0 0 0 0 0 0 0 0
1565	sub_1565_0276800.log	DONE exit=20	200	True	210185	0 0 0 0 0 0 0 0 0 0 0 1016 2607 3267 1780 295 17 0 0 0 0 0 0 0 0 0 0 0 0
1565	sub_1565_0277000.log	DONE exit=20	200	True	220381	0 0 0 0 0 0 0 0 0 0 0 1072 3016 3314 1330 178 8 0 0 0 0 0 0 0 0 0 0 0 0
1565	sub_1565_0277200.log	DONE exit=20	200	True	180667	0 0 0 0 0 0 0 0 0 0 0 987 2224 2251 1231 263 1 0 0 0 0 0 0 0 0 0 0 0 0
1565	sub_1565_0277400.log	DONE exit=20	200	True	134480	0 0 0 0 0 0 0 0 0 0 0 1034 1945 1477 467 40 4 0 0 0 0 0 0 0 0 0 0 0 0
1565	sub_1565_0277600.log	DONE exit=20	200	True	1193388	0 0 0 0 0 0 0 0 0 0 0 1892 7867 17049 22410 19031 10397 1950 0 0 0 0 0 0 0 0 0 0 0
1565	sub_1565_0277800.log	DONE exit=20	200	True	151934	0 0 0 0 0 0 0 0 0 0 0 1080 2311 2575 1133 96 2 0 0 0 0 0 0 0 0 0 0 0 0
1565	sub_1565_0278000.log	DONE exit=20	200	True	1554089	0 0 0 0 0 0 0 0 0 0 0 1637 9075 25276 36059 20304 6717 936 0 0 0 0 0 0 0 0 0 0 0
1565	sub_1565_0278200.log	DONE exit=20	200	True	128798	0 0 0 0 0 0 0 0 0 0 0 780 1658 1665 557 16 0 0 0 0 0 0 0 0 0 0 0 0 0
1565	sub_1565_0278400.log	DONE exit=20	200	True	98192	0 0 0 0 0 0 0 0 0 0 0 783 1131 782 345 70 2 0 0 0 0 0 0 0 0 0 0 0 0
1565	sub_1565_0278600.log	DONE exit=20	200	True	185695	0 0 0 0 0 0 0 0 0 0 0 1047 2092 2137 1460 483 76 4 0 0 0 0 0 0 0 0 0 0 0
1565	sub_1565_0278800.log	DONE exit=20	200	True	471143	0 0 0 0 0 0 0 0 0 0 0 1722 5405 8261 6466 2708 712 58 0 0 0 0 0 0 0 0 0 0 0
1565	sub_1565_0279000.log	DONE exit=20	200	True	185488	0 0 0 0 0 0 0 0 0 0 0 1235 2723 2650 1123 192 11 0 0 0 0 0 0 0 0 0 0 0 0
1565	sub_1565_0279200.log	DONE exit=20	200	True	192261	0 0 0 0 0 0 0 0 0 0 0 1029 2526 2809 1653 338 28 2 0 0 0 0 0 0 0 0 0 0 0
1565	sub_1565_0279400.log	DONE exit=20	200	True	3949529	0 0 0 0 0 0 0 0 0 0 0 2510 17455 54660 84643 80252 57228 13544 253 0 0 0 0 0 0 0 0 0 0
1565	sub_1565_0279600.log	DONE exit=20	200	True	439398	0 0 0 0 0 0 0 0 0 0 0 1087 3387 5868 6107 3819 1099 62 0 0 0 0 0 0 0 0 0 0 0
1565	sub_1565_0279800.log	DONE exit=20	200	True	239107	0 0 0 0 0 0 0 0 0 0 0 1056 2767 3508 2025 445 11 1 0 0 0 0 0 0 0 0 0 0 0
1565	sub_1565_0280000.log	DONE exit=20	200	True	133066	0 0 0 0 0 0 0 0 0 0 0 827 1437 1475 924 179 1 0 0 0 0 0 0 0 0 0 0 0 0
1565	sub_1565_0280200.log	DONE exit=20	200	True	88455	0 0 0 0 0 0 0 0 0 0 0 952 1142 532 42 1 0 0 0 0 0 0 0 0 0 0 0 0 0
1565	sub_1565_0280400.log	DONE exit=20	200	True	217863	0 0 0 0 0 0 0 0 0 0 0 1007 2711 3356 1700 112 0 0 0 0 0 0 0 0 0 0 0 0 0
1565	sub_1565_0280600.log	DONE exit=20	200	True	1230373	0 0 0 0 0 0 0 0 0 0 0 1614 9468 20752 20270 14105 13443 131 0 0 0 0 0 0 0 0 0 0 0
1565	sub_1565_0280800.log	DONE exit=20	200	True	164493	0 0 0 0 0 0 0 0 0 0 0 836 1826 2126 1051 39 4 0 0 0 0 0 0 0 0 0 0 0 0
1565	sub_1565_0281000.log	DONE exit=20	200	True	1852290	0 0 0 0 0 0 0 0 0 0 0 2019 9375 24526 38349 35889 19003 4168 63 3 0 0 0 0 0 0 0 0 0
1565	sub_1565_0281200.log	DONE exit=20	200	True	231097	0 0 0 0 0 0 0 0 0 0 0 1203 3333 4015 1941 538 53 1 0 0 0 0 0 0 0 0 0 0 0
1565	sub_1565_0281400.log	DONE exit=20	200	True	1727092	0 0 0 0 0 0 0 0 0 0 0 1712 9196 25350 36771 24810 14488 1066 0 0 0 0 0 0 0 0 0 0 0
1565	sub_1565_0281600.log	DONE exit=20	200	True	237193	0 0 0 0 0 0 0 0 0 0 0 1192 3251 4048 2012 356 7 0 0 0 0 0 0 0 0 0 0 0 0
1565	sub_1565_0281800.log	DONE exit=20	200	True	462397	0 0 0 0 0 0 0 0 0 0 0 1926 6453 9919 6697 1183 65 2 0 0 0 0 0 0 0 0 0 0 0
1565	sub_1565_0282000.log	DONE exit=20	200	True	195208	0 0 0 0 0 0 0 0 0 0 0 1161 3378 3651 1044 144 11 0 0 0 0 0 0 0 0 0 0 0 0
1565	sub_1565_0282200.log	DONE exit=20	200	True	556147	0 0 0 0 0 0 0 0 0 0 0 1584 7400 12935 8764 3530 765 10 0 0 0 0 0 0 0 0 0 0 0
1565	sub_1565_0282400.log	DONE exit=20	200	True	134589	0 0 0 0 0 0 0 0 0 0 0 813 1589 1588 610 74 1 0 0 0 0 0 0 0 0 0 0 0 0
1565	sub_1565_0282600.log	DONE exit=20	200	True	187038	0 0 0 0 0 0 0 0 0 0 0 1095 3052 3793 2028 430 61 0 0 0 0 0 0 0 0 0 0 0 0
1565	sub_1565_0282800.log	DONE exit=20	200	True	284839	0 0 0 0 0 0 0 0 0 0 0 1289 4073 6041 4010 978 59 3 0 0 0 0 0 0 0 0 0 0 0
1565	sub_1565_0283000.log	DONE exit=20	200	True	203468	0 0 0 0 0 0 0 0 0 0 0 1383 3844 4270 1672 195 15 1 0 0 0 0 0 0 0 0 0 0 0
1565	sub_1565_0283200.log	DONE exit=20	200	True	207797	0 0 0 0 0 0 0 0 0 0 0 1442 4110 4846 1936 291 26 1 0 0 0 0 0 0 0 0 0 0 0
1565	sub_1565_0283400.log	DONE exit=20	200	True	257804	0 0 0 0 0 0 0 0 0 0 0 1390 4459 6330 3633 643 27 1 0 0 0 0 0 0 0 0 0 0 0
1565	sub_1565_0283600.log	DONE exit=20	200	True	176326	0 0 0 0 0 0 0 0 0 0 0 1248 3408 3615 1266 105 0 0 0 0 0 0 0 0 0 0 0 0 0
1565	sub_1565_0283800.log	DONE exit=20	200	True	457285	0 0 0 0 0 0 0 0 0 0 0 2106 8329 13107 7997 1321 19 0 0 0 0 0 0 0 0 0 0 0 0
1565	sub_1565_0284000.log	DONE exit=20	200	True	746638	0 0 0 0 0 0 0 0 0 0 0 2061 9311 19331 21045 12819 2778 122 0 0 0 0 0 0 0 0 0 0 0
1565	sub_1565_0284200.log	DONE exit=20	200	True	398992	0 0 0 0 0 0 0 0 0 0 0 1706 6527 11163 9088 3610 644 28 0 0 0 0 0 0 0 0 0 0 0
1565	sub_1565_0284400.log	DONE exit=20	200	True	668425	0 0 0 0 0 0 0 0 0 0 0 2059 9311 18960 19462 9057 2009 89 0 0 0 0 0 0 0 0 0 0 0
1565	sub_1565_0284600.log	DONE exit=20	200	True	282926	0 0 0 0 0 0 0 0 0 0 0 1384 5096 7650 4068 646 34 0 0 0 0 0 0 0 0 0 0 0 0
1565	sub_1565_0284800.log	DONE exit=20	200	True	296615	0 0 0 0 0 0 0 0 0 0 0 1524 4729 7562 5933 1832 129 2 0 0 0 0 0 0 0 0 0 0 0
1565	sub_1565_0285000.log	DONE exit=20	200	True	220381	0 0 0 0 0 0 0 0 0 0 0 1316 4012 5424 2289 362 7 0 0 0 0 0 0 0 0 0 0 0 0
1565	sub_1565_0285200.log	DONE exit=20	200	True	122796	0 0 0 0 0 0 0 0 0 0 0 1103 2474 2286 679 57 1 0 0 0 0 0 0 0 0 0 0 0 0
1565	sub_1565_0285400.log	DONE exit=20	200	True	665087	0 0 0 0 0 0 0 0 0 0 0 1747 7977 18222 19440 8979 1582 73 0 0 0 0 0 0 0 0 0 0 0
1565	sub_1565_0285600.log	DONE exit=20	200	True	807646	0 0 0 0 0 0 0 0 0 0 0 1897 8425 18128 18497 8635 1753 108 5 0 0 0 0 0 0 0 0 0 0
1565	sub_1565_0285800.log	DONE exit=20	200	True	400287	0 0 0 0 0 0 0 0 0 0 0 1464 5485 9618 7309 2163 287 8 0 0 0 0 0 0 0 0 0 0 0
1565	sub_1565_0286000.log	DONE exit=20	200	True	701623	0 0 0 0 0 0 0 0 0 0 0 1724 7752 17123 17784 7267 903 34 0 0 0 0 0 0 0 0 0 0 0
1565	sub_1565_0286200.log	DONE exit=20	200	True	1750444	0 0 0 0 0 0 0 0 0 0 0 2708 16233 45955 61272 33808 6309 465 13 1 0 0 0 0 0 0 0 0 0
1565	sub_1565_0286400.log	DONE exit=20	200	True	522191	0 0 0 0 0 0 0 0 0 0 0 1701 7573 15201 12521 3390 181 9 2 0 0 0 0 0 0 0 0 0 0
1565	sub_1565_0286600.log	DONE exit=20	200	True	777958	0 0 0 0 0 0 0 0 0 0 0 1971 9631 22726 23941 9972 1458 230 35 2 0 0 0 0 0 0 0 0 0
1565	sub_1565_0286800.log	DONE exit=20	200	True	6074409	0 0 0 0 0 0 0 0 0 0 0 3025 22707 85778 175814 202065 81504 11598 1583 0 0 0 0 0 0 0 0 0 0
1565	sub_1565_0287000.log	DONE exit=20	200	True	18875010	0 0 0 0 0 0 0 0 0 0 0 3562 31202 148684 428106 713386 498287 130363 8806 3 0 0 0 0 0 0 0 0 0
1565	sub_1565_0287200.log	DONE exit=20	200	True	12282148	0 0 0 0 0 0 0 0 0 0 0 3581 28239 121644 298991 406060 152983 14338 684 0 0 0 0 0 0 0 0 0 0
1565	sub_1565_0287400.log	DONE exit=20	200	True	7537785	0 0 0 0 0 0 0 0 0 0 0 2560 18860 75275 175776 237123 137552 30742 1553 0 0 0 0 0 0 0 0 0 0
1565	sub_1565_0287600.log	DONE exit=20	200	True	1760045	0 0 0 0 0 0 0 0 0 0 0 1650 8665 28384 45746 23198 5561 255 0 0 0 0 0 0 0 0 0 0 0
1565	sub_1565_0287800.log	DONE exit=20	200	True	2703907	0 0 0 0 0 0 0 0 0 0 0 2611 17277 56425 92855 69629 21344 2485 4 0 0 0 0 0 0 0 0 0 0
1565	sub_1565_0288000.log	DONE exit=20	200	True	1124258	0 0 0 0 0 0 0 0 0 0 0 2459 12625 29058 32525 15518 2802 73 1 0 0 0 0 0 0 0 0 0 0
1565	sub_1565_0288200.log	DONE exit=20	200	True	628361	0 0 0 0 0 0 0 0 0 0 0 1964 8821 18288 15303 4684 307 3 0 0 0 0 0 0 0 0 0 0 0
1565	sub_1565_0288400.log	DONE exit=20	200	True	926144	0 0 0 0 0 0 0 0 0 0 0 2064 10520 26009 30054 15358 4157 665 2 0 0 0 0 0 0 0 0 0 0
1565	sub_1565_0288600.log	DONE exit=20	200	True	907557	0 0 0 0 0 0 0 0 0 0 0 1934 10113 24724 27049 12405 1822 108 2 0 0 0 0 0 0 0 0 0 0
1565	sub_1565_0288800.log	DONE exit=20	200	True	566764	0 0 0 0 0 0 0 0 0 0 0 1865 8514 17960 16579 6935 1248 22 0 0 0 0 0 0 0 0 0 0 0
1565	sub_1565_0289000.log	DONE exit=20	200	True	1480923	0 0 0 0 0 0 0 0 0 0 0 2355 14021 40376 52324 30003 5663 140 0 0 0 0 0 0 0 0 0 0 0
1565	sub_1565_0289200.log	DONE exit=20	200	True	136073	0 0 0 0 0 0 0 0 0 0 0 1068 2563 2856 1469 291 18 0 0 0 0 0 0 0 0 0 0 0 0
1565	sub_1565_0289400.log	DONE exit=20	200	True	194370	0 0 0 0 0 0 0 0 0 0 0 1206 2858 3226 1682 377 15 0 0 0 0 0 0 0 0 0 0 0 0
1565	sub_1565_0289600.log	DONE exit=20	200	True	344577	0 0 0 0 0 0 0 0 0 0 0 1519 4634 7148 5331 1750 92 0 0 0 0 0 0 0 0 0 0 0 0
1565	sub_1565_0289800.log	DONE exit=20	200	True	495105	0 0 0 0 0 0 0 0 0 0 0 1329 4585 8590 8406 2151 26 0 0 0 0 0 0 0 0 0 0 0 0
1565	sub_1565_0290000.log	DONE exit=20	200	True	721117	0 0 0 0 0 0 0 0 0 0 0 1593 6936 12632 9626 2099 46 0 0 0 0 0 0 0 0 0 0 0 0
1565	sub_1565_0290200.log	DONE exit=20	200	True	416727	0 0 0 0 0 0 0 0 0 0 0 1452 5182 8854 7518 3373 620 10 0 0 0 0 0 0 0 0 0 0 0
1565	sub_1565_0290400.log	DONE exit=20	200	True	432887	0 0 0 0 0 0 0 0 0 0 0 1230 4159 7946 7374 2583 442 12 0 0 0 0 0 0 0 0 0 0 0
1565	sub_1565_0290600.log	DONE exit=20	200	True	679341	0 0 0 0 0 0 0 0 0 0 0 1462 5824 12482 12713 3313 57 0 0 0 0 0 0 0 0 0 0 0 0
1565	sub_1565_0290800.log	DONE exit=20	200	True	359248	0 0 0 0 0 0 0 0 0 0 0 1635 5520 7584 3875 876 37 0 0 0 0 0 0 0 0 0 0 0 0
1565	sub_1565_0291000.log	DONE exit=20	200	True	564632	0 0 0 0 0 0 0 0 0 0 0 1452 5300 10150 9805 3214 189 0 0 0 0 0 0 0 0 0 0 0 0
1565	sub_1565_0291200.log	DONE exit=20	200	True	554567	0 0 0 0 0 0 0 0 0 0 0 1407 5419 10676 9679 4435 1266 294 0 0 0 0 0 0 0 0 0 0 0
1565	sub_1565_0291400.log	DONE exit=20	200	True	1160642	0 0 0 0 0 0 0 0 0 0 0 1725 8250 20809 26171 11833 2197 207 1 0 0 0 0 0 0 0 0 0 0
1565	sub_1565_0291600.log	DONE exit=20	200	True	443080	0 0 0 0 0 0 0 0 0 0 0 1692 6038 9941 6840 2055 378 9 0 0 0 0 0 0 0 0 0 0 0
1565	sub_1565_0291800.log	DONE exit=20	200	True	546660	0 0 0 0 0 0 0 0 0 0 0 1362 5211 10545 9918 3592 377 22 0 0 0 0 0 0 0 0 0 0 0
1565	sub_1565_0292000.log	DONE exit=20	200	True	416750	0 0 0 0 0 0 0 0 0 0 0 1396 4917 7912 5426 1140 136 7 0 0 0 0 0 0 0 0 0 0 0
1565	sub_1565_0292200.log	DONE exit=20	200	True	444167	0 0 0 0 0 0 0 0 0 0 0 1154 3800 6803 8385 3123 195 0 0 0 0 0 0 0 0 0 0 0 0
1565	sub_1565_0292400.log	DONE exit=20	200	True	1519776	0 0 0 0 0 0 0 0 0 0 0 1678 8259 22109 33865 12338 664 0 0 0 0 0 0 0 0 0 0 0 0
1565	sub_1565_0292600.log	DONE exit=20	200	True	144591	0 0 0 0 0 0 0 0 0 0 0 1146 2267 1604 345 11 0 0 0 0 0 0 0 0 0 0 0 0 0
1565	sub_1565_0292800.log	DONE exit=20	200	True	316214	0 0 0 0 0 0 0 0 0 0 0 1339 3930 5573 4353 1343 52 0 0 0 0 0 0 0 0 0 0 0 0
1565	sub_1565_0293000.log	DONE exit=20	200	True	1058851	0 0 0 0 0 0 0 0 0 0 0 1524 6794 17831 25561 11290 1045 56 0 0 0 0 0 0 0 0 0 0 0
1565	sub_1565_0293200.log	DONE exit=20	200	True	447271	0 0 0 0 0 0 0 0 0 0 0 1278 3999 7205 7919 2845 329 12 0 0 0 0 0 0 0 0 0 0 0
1565	sub_1565_0293400.log	DONE exit=20	200	True	684305	0 0 0 0 0 0 0 0 0 0 0 1280 4721 10448 14112 5272 649 27 0 0 0 0 0 0 0 0 0 0 0
1565	sub_1565_0293600.log	DONE exit=20	200	True	1362405	0 0 0 0 0 0 0 0 0 0 0 1772 8880 24212 32998 13827 1203 37 0 0 0 0 0 0 0 0 0 0 0
1565	sub_1565_0293800.log	DONE exit=20	200	True	247565	0 0 0 0 0 0 0 0 0 0 0 1332 3542 3790 1358 260 28 2 0 0 0 0 0 0 0 0 0 0 0
1565	sub_1565_0294000.log	DONE exit=20	200	True	101270	0 0 0 0 0 0 0 0 0 0 0 875 2003 1906 611 65 3 0 0 0 0 0 0 0 0 0 0 0 0
1565	sub_1565_0294200.log	DONE exit=20	200	True	141585	0 0 0 0 0 0 0 0 0 0 0 1010 2468 3363 3020 1162 174 0 0 0 0 0 0 0 0 0 0 0 0
1565	sub_1565_0294400.log	DONE exit=20	200	True	150559	0 0 0 0 0 0 0 0 0 0 0 1006 2738 3708 2234 511 47 0 0 0 0 0 0 0 0 0 0 0 0
1565	sub_1565_0294600.log	DONE exit=20	200	True	114039	0 0 0 0 0 0 0 0 0 0 0 929 2075 2142 871 84 2 0 0 0 0 0 0 0 0 0 0 0 0
1565	sub_1565_0294800.log	DONE exit=20	200	True	100016	0 0 0 0 0 0 0 0 0 0 0 913 1831 1698 710 95 2 0 0 0 0 0 0 0 0 0 0 0 0
1565	sub_1565_0295000.log	DONE exit=20	200	True	73258	0 0 0 0 0 0 0 0 0 0 0 788 1362 1168 654 150 6 0 0 0 0 0 0 0 0 0 0 0 0
1565	sub_1565_0295200.log	DONE exit=20	200	True	148123	0 0 0 0 0 0 0 0 0 0 0 964 2205 2019 514 8 0 0 0 0 0 0 0 0 0 0 0 0 0
1565	sub_1565_0295400.log	DONE exit=20	200	True	223595	0 0 0 0 0 0 0 0 0 0 0 1121 3222 4178 1606 193 8 0 0 0 0 0 0 0 0 0 0 0 0
1565	sub_1565_0295600.log	DONE exit=20	200	True	1014425	0 0 0 0 0 0 0 0 0 0 0 1804 8774 22607 28537 10108 1107 89 0 0 0 0 0 0 0 0 0 0 0
1565	sub_1565_0295800.log	DONE exit=20	200	True	774257	0 0 0 0 0 0 0 0 0 0 0 1542 6821 16456 18471 6173 297 1 0 0 0 0 0 0 0 0 0 0 0
1565	sub_1565_0296000.log	DONE exit=20	200	True	272971	0 0 0 0 0 0 0 0 0 0 0 1319 4172 6430 4912 1784 209 1 0 0 0 0 0 0 0 0 0 0 0
1565	sub_1565_0296200.log	DONE exit=20	200	True	228210	0 0 0 0 0 0 0 0 0 0 0 1069 2961 4097 2456 606 23 0 0 0 0 0 0 0 0 0 0 0 0
1565	sub_1565_0296400.log	DONE exit=20	200	True	236646	0 0 0 0 0 0 0 0 0 0 0 1017 2921 4304 3343 1257 115 2 0 0 0 0 0 0 0 0 0 0 0
1565	sub_1565_0296600.log	DONE exit=20	200	True	169034	0 0 0 0 0 0 0 0 0 0 0 1039 2807 3532 1741 240 8 0 0 0 0 0 0 0 0 0 0 0 0
1565	sub_1565_0296800.log	DONE exit=20	200	True	111334	0 0 0 0 0 0 0 0 0 0 0 849 1747 1947 969 136 8 0 0 0 0 0 0 0 0 0 0 0 0
1565	sub_1565_0297000.log	DONE exit=20	200	True	472008	0 0 0 0 0 0 0 0 0 0 0 1340 5101 10301 10163 3551 203 3 0 0 0 0 0 0 0 0 0 0 0
1565	sub_1565_0297200.log	DONE exit=20	200	True	122927	0 0 0 0 0 0 0 0 0 0 0 865 1744 1744 713 111 9 0 0 0 0 0 0 0 0 0 0 0 0
1565	sub_1565_0297400.log	DONE exit=20	200	True	250389	0 0 0 0 0 0 0 0 0 0 0 1139 3395 4571 2732 503 23 0 0 0 0 0 0 0 0 0 0 0 0
1565	sub_1565_0297600.log	DONE exit=20	200	True	388122	0 0 0 0 0 0 0 0 0 0 0 1297 5215 9388 6262 1601 175 0 0 0 0 0 0 0 0 0 0 0 0
1565	sub_1565_0297800.log	DONE exit=20	200	True	91091	0 0 0 0 0 0 0 0 0 0 0 845 1567 1304 459 57 2 0 0 0 0 0 0 0 0 0 0 0 0
1565	sub_1565_0298000.log	DONE exit=20	200	True	211489	0 0 0 0 0 0 0 0 0 0 0 1293 3745 4868 2201 332 21 0 0 0 0 0 0 0 0 0 0 0 0
1565	sub_1565_0298200.log	DONE exit=20	200	True	1362540	0 0 0 0 0 0 0 0 0 0 0 2189 12308 32435 37852 17140 3217 301 1 0 0 0 0 0 0 0 0 0 0
1565	sub_1565_0298400.log	DONE exit=20	200	True	177141	0 0 0 0 0 0 0 0 0 0 0 1092 2766 3334 1711 250 10 0 0 0 0 0 0 0 0 0 0 0 0
1565	sub_1565_0298600.log	DONE exit=20	200	True	432218	0 0 0 0 0 0 0 0 0 0 0 1462 5180 9222 7271 1949 142 1 0 0 0 0 0 0 0 0 0 0 0
1565	sub_1565_0298800.log	DONE exit=20	200	True	805275	0 0 0 0 0 0 0 0 0 0 0 1635 7546 17754 20884 9882 2043 265 5 0 0 0 0 0 0 0 0 0 0
1565	sub_1565_0299000.log	DONE exit=20	200	True	1466996	0 0 0 0 0 0 0 0 0 0 0 2176 12060 32741 40580 17463 2917 238 3 0 0 0 0 0 0 0 0 0 0
1565	sub_1565_0299200.log	DONE exit=20	200	True	449807	0 0 0 0 0 0 0 0 0 0 0 1674 6246 11345 8830 2906 355 0 0 0 0 0 0 0 0 0 0 0 0
1565	sub_1565_0299400.log	DONE exit=20	200	True	378675	0 0 0 0 0 0 0 0 0 0 0 1137 4425 10162 9386 4340 1086 53 0 0 0 0 0 0 0 0 0 0 0
1565	sub_1565_0299600.log	DONE exit=20	200	True	377082	0 0 0 0 0 0 0 0 0 0 0 1230 3994 6607 5346 1799 317 49 0 0 0 0 0 0 0 0 0 0 0
1565	sub_1565_0299800.log	DONE exit=20	200	True	193130	0 0 0 0 0 0 0 0 0 0 0 805 2207 3103 1803 345 7 0 0 0 0 0 0 0 0 0 0 0 0
1565	sub_1565_0300000.log	DONE exit=20	200	True	128785	0 0 0 0 0 0 0 0 0 0 0 864 1932 1742 461 15 0 0 0 0 0 0 0 0 0 0 0 0 0
1565	sub_1565_0300200.log	DONE exit=20	200	True	208548	0 0 0 0 0 0 0 0 0 0 0 1151 3198 3495 1536 250 3 0 0 0 0 0 0 0 0 0 0 0 0
1565	sub_1565_0300400.log	DONE exit=20	200	True	233875	0 0 0 0 0 0 0 0 0 0 0 1203 3438 4286 2218 443 23 1 0 0 0 0 0 0 0 0 0 0 0
1565	sub_1565_0300600.log	DONE exit=20	200	True	581152	0 0 0 0 0 0 0 0 0 0 0 1464 5357 10157 10077 2646 63 0 0 0 0 0 0 0 0 0 0 0 0
1565	sub_1565_0300800.log	DONE exit=20	200	True	387873	0 0 0 0 0 0 0 0 0 0 0 1505 5282 8926 7215 1999 177 3 0 0 0 0 0 0 0 0 0 0 0
1565	sub_1565_0301000.log	DONE exit=20	200	True	229209	0 0 0 0 0 0 0 0 0 0 0 1067 3536 4868 1910 124 1 0 0 0 0 0 0 0 0 0 0 0 0
1565	sub_1565_0301200.log	DONE exit=20	200	True	257094	0 0 0 0 0 0 0 0 0 0 0 1311 3720 4434 2289 365 14 1 0 0 0 0 0 0 0 0 0 0 0
1565	sub_1565_0301400.log	DONE exit=20	200	True	124202	0 0 0 0 0 0 0 0 0 0 0 821 1875 2310 1540 434 8 0 0 0 0 0 0 0 0 0 0 0 0
1565	sub_1565_0301600.log	DONE exit=20	200	True	140712	0 0 0 0 0 0 0 0 0 0 0 1001 2365 2710 1362 306 33 0 0 0 0 0 0 0 0 0 0 0 0
1565	sub_1565_0301800.log	DONE exit=20	200	True	237506	0 0 0 0 0 0 0 0 0 0 0 1182 3796 4804 1847 135 4 0 0 0 0 0 0 0 0 0 0 0 0
1565	sub_1565_0302000.log	DONE exit=20	200	True	139049	0 0 0 0 0 0 0 0 0 0 0 850 2065 2175 730 46 2 0 0 0 0 0 0 0 0 0 0 0 0
1565	sub_1565_0302200.log	DONE exit=20	200	True	307462	0 0 0 0 0 0 0 0 0 0 0 1367 4550 7663 5635 1521 82 0 0 0 0 0 0 0 0 0 0 0 0
1565	sub_1565_0302400.log	DONE exit=20	200	True	119039	0 0 0 0 0 0 0 0 0 0 0 965 2116 1975 875 151 4 0 0 0 0 0 0 0 0 0 0 0 0
1565	sub_1565_0302600.log	DONE exit=20	200	True	639116	0 0 0 0 0 0 0 0 0 0 0 1525 7042 14603 13160 4877 764 34 0 0 0 0 0 0 0 0 0 0 0
1565	sub_1565_0302800.log	DONE exit=20	200	True	251490	0 0 0 0 0 0 0 0 0 0 0 1108 3241 4365 2346 723 247 47 0 0 0 0 0 0 0 0 0 0 0
1565	sub_1565_0303000.log	DONE exit=20	200	True	90120	0 0 0 0 0 0 0 0 0 0 0 857 1648 1119 226 7 0 0 0 0 0 0 0 0 0 0 0 0 0
1565	sub_1565_0303200.log	DONE exit=20	200	True	325892	0 0 0 0 0 0 0 0 0 0 0 1399 5273 7093 3072 608 43 2 0 0 0 0 0 0 0 0 0 0 0
1565	sub_1565_0303400.log	DONE exit=20	200	True	673921	0 0 0 0 0 0 0 0 0 0 0 1655 6467 13461 14021 3708 291 12 0 0 0 0 0 0 0 0 0 0 0
1565	sub_1565_0303600.log	DONE exit=20	200	True	625400	0 0 0 0 0 0 0 0 0 0 0 1671 7383 16923 18978 10654 2537 121 1 0 0 0 0 0 0 0 0 0 0
1565	sub_1565_0303800.log	DONE exit=20	200	True	357629	0 0 0 0 0 0 0 0 0 0 0 1506 5844 9133 5210 1300 187 0 0 0 0 0 0 0 0 0 0 0 0
1565	sub_1565_0304000.log	DONE exit=20	200	True	361229	0 0 0 0 0 0 0 0 0 0 0 1011 2902 4059 2563 1005 24 5 0 0 0 0 0 0 0 0 0 0 0
1565	sub_1565_0304200.log	DONE exit=20	200	True	869531	0 0 0 0 0 0 0 0 0 0 0 1484 5054 8420 6673 2536 67 11 0 0 0 0 0 0 0 0 0 0 0
1565	sub_1565_0304400.log	DONE exit=20	200	True	869251	0 0 0 0 0 0 0 0 0 0 0 1303 4374 7610 7761 4702 1941 256 0 0 0 0 0 0 0 0 0 0 0
1565	sub_1565_0304600.log	DONE exit=20	200	True	826798	0 0 0 0 0 0 0 0 0 0 0 1534 5763 10588 9882 4099 756 211 8 0 0 0 0 0 0 0 0 0 0
1565	sub_1565_0304800.log	DONE exit=20	200	True	619774039	0 0 0 0 0 0 0 0 0 0 0 3528 31898 166475 612476 1837778 4531577 8673394 12096715 9956594 4218640 0 0 0 0 0 0 0 0
1565	sub_1565_0305000.log	DONE exit=20	200	True	23219881	0 0 0 0 0 0 0 0 0 0 0 2170 11274 37734 95309 190928 268264 175776 70314 56262 18223 0 0 0 0 0 0 0 0
1565	sub_1565_0305200.log	DONE exit=20	200	True	6840287	0 0 0 0 0 0 0 0 0 0 0 1771 7845 20255 37426 63104 73873 40168 8468 4268 995 0 0 0 0 0 0 0 0
1565	sub_1565_0305400.log	DONE exit=20	200	True	52282094	0 0 0 0 0 0 0 0 0 0 0 2299 12013 38169 103413 253027 475894 647781 694636 530360 199819 0 0 0 0 0 0 0 0
1565	sub_1565_0305600.log	DONE exit=20	200	True	350251945	0 0 0 0 0 0 0 0 0 0 0 2525 17641 82169 301264 923179 2338017 4688185 6552574 4800692 1800331 0 0 0 0 0 0 0 0
1565	sub_1565_0305800.log	DONE exit=20	200	True	406646942	0 0 0 0 0 0 0 0 0 0 0 3441 30812 161501 586894 1568102 3150752 4812041 6125892 4706081 1702041 0 0 0 0 0 0 0 0
1565	sub_1565_0306000.log	DONE exit=20	200	True	27196460	0 0 0 0 0 0 0 0 0 0 0 2252 11503 40028 112447 242543 336735 201789 34996 5695 1842 0 0 0 0 0 0 0 0
1565	sub_1565_0306200.log	DONE exit=20	200	True	13573436	0 0 0 0 0 0 0 0 0 0 0 2040 9577 27088 60518 114253 150051 90284 5172 246 50 0 0 0 0 0 0 0 0
1565	sub_1565_0306400.log	DONE exit=20	200	True	9847727	0 0 0 0 0 0 0 0 0 0 0 1827 8539 21683 41933 79577 111107 68789 11551 7517 2506 0 0 0 0 0 0 0 0
1565	sub_1565_0306600.log	DONE exit=20	200	True	26745960	0 0 0 0 0 0 0 0 0 0 0 2184 9728 27617 72298 178178 318020 307390 115592 55428 16127 0 0 0 0 0 0 0 0
1565	sub_1565_0306800.log	DONE exit=20	200	True	38449489	0 0 0 0 0 0 0 0 0 0 0 1739 7344 23337 69665 189119 357048 452742 378470 252126 88736 0 0 0 0 0 0 0 0
1565	sub_1565_0307000.log	DONE exit=20	200	True	23978473	0 0 0 0 0 0 0 0 0 0 0 2369 13050 44382 105600 196726 253141 222270 118363 68198 19863 0 0 0 0 0 0 0 0
1565	sub_1565_0307200.log	DONE exit=20	200	True	43499702	0 0 0 0 0 0 0 0 0 0 0 2047 10294 34326 99440 261303 471384 491232 264686 167882 52420 0 0 0 0 0 0 0 0
1565	sub_1565_0307400.log	DONE exit=20	200	True	73332	0 0 0 0 0 0 0 0 0 0 0 761 1221 800 202 5 0 0 0 0 0 0 0 0 0 0 0 0 0
1565	sub_1565_0307600.log	DONE exit=20	200	True	1389204	0 0 0 0 0 0 0 0 0 0 0 1714 7562 17540 18532 9848 1773 154 0 0 0 0 0 0 0 0 0 0 0
1565	sub_1565_0307800.log	DONE exit=20	200	True	1000814	0 0 0 0 0 0 0 0 0 0 0 1508 5069 8425 7786 3364 35 4 0 0 0 0 0 0 0 0 0 0 0
1565	sub_1565_0308000.log	DONE exit=20	200	True	925336	0 0 0 0 0 0 0 0 0 0 0 1363 4484 7303 7267 5118 2423 264 0 0 0 0 0 0 0 0 0 0 0
1565	sub_1565_0308200.log	DONE exit=20	200	True	1137995	0 0 0 0 0 0 0 0 0 0 0 1519 5129 8920 9677 4111 1081 338 8 0 0 0 0 0 0 0 0 0 0
1565	sub_1565_0308400.log	DONE exit=20	200	True	672353	0 0 0 0 0 0 0 0 0 0 0 1338 4509 7389 4371 1816 48 2 0 0 0 0 0 0 0 0 0 0 0
1565	sub_1565_0308600.log	DONE exit=20	200	True	652076	0 0 0 0 0 0 0 0 0 0 0 1387 4248 6110 4761 1682 3 0 0 0 0 0 0 0 0 0 0 0 0
1565	sub_1565_0308800.log	DONE exit=20	200	True	440812	0 0 0 0 0 0 0 0 0 0 0 1243 3583 4329 2604 564 0 0 0 0 0 0 0 0 0 0 0 0 0
1565	sub_1565_0309000.log	DONE exit=20	200	True	84989	0 0 0 0 0 0 0 0 0 0 0 532 860 561 206 135 0 0 0 0 0 0 0 0 0 0 0 0 0
1565	sub_1565_0309200.log	DONE exit=20	200	True	225371	0 0 0 0 0 0 0 0 0 0 0 752 1447 1790 1341 733 2 0 0 0 0 0 0 0 0 0 0 0 0
1565	sub_1565_0309400.log	DONE exit=20	200	True	929683	0 0 0 0 0 0 0 0 0 0 0 1072 2907 5709 8003 7598 1930 15 0 0 0 0 0 0 0 0 0 0 0
1565	sub_1565_0309600.log	DONE exit=20	200	True	4161508	0 0 0 0 0 0 0 0 0 0 0 1242 4673 11037 21759 37392 38605 18100 2765 789 134 0 0 0 0 0 0 0 0
1565	sub_1565_0309800.log	DONE exit=20	200	True	1218235	0 0 0 0 0 0 0 0 0 0 0 798 3122 7777 11223 10080 4075 922 29 6 5 0 0 0 0 0 0 0 0
1565	sub_1565_0310000.log	DONE exit=20	200	True	385627	0 0 0 0 0 0 0 0 0 0 0 695 1510 2544 3254 1936 49 0 0 0 0 0 0 0 0 0 0 0 0
1565	sub_1565_0310200.log	DONE exit=20	200	True	688060	0 0 0 0 0 0 0 0 0 0 0 745 2237 4465 5964 3931 461 2 0 0 0 0 0 0 0 0 0 0 0
1565	sub_1565_0310400.log	DONE exit=20	200	True	32946	0 0 0 0 0 0 0 0 0 0 0 420 273 96 15 1 0 0 0 0 0 0 0 0 0 0 0 0 0
1565	sub_1565_0310600.log	DONE exit=20	200	True	50195	0 0 0 0 0 0 0 0 0 0 0 727 807 302 33 1 0 0 0 0 0 0 0 0 0 0 0 0 0
1565	sub_1565_0310800.log	DONE exit=20	200	True	54755	0 0 0 0 0 0 0 0 0 0 0 822 908 430 108 18 1 0 0 0 0 0 0 0 0 0 0 0 0
1565	sub_1565_0311000.log	DONE exit=20	200	True	47448	0 0 0 0 0 0 0 0 0 0 0 513 590 240 49 2 0 0 0 0 0 0 0 0 0 0 0 0 0
1565	sub_1565_0311200.log	DONE exit=20	200	True	30578	0 0 0 0 0 0 0 0 0 0 0 362 237 63 21 0 0 0 0 0 0 0 0 0 0 0 0 0 0
1565	sub_1565_0311400.log	DONE exit=20	200	True	41905	0 0 0 0 0 0 0 0 0 0 0 393 284 119 79 37 0 0 0 0 0 0 0 0 0 0 0 0 0
1565	sub_1565_0311600.log	DONE exit=20	200	True	183451	0 0 0 0 0 0 0 0 0 0 0 759 1349 1541 1118 243 0 0 0 0 0 0 0 0 0 0 0 0 0
1565	sub_1565_0311800.log	DONE exit=20	200	True	1034949	0 0 0 0 0 0 0 0 0 0 0 1152 3835 7306 9418 7995 3285 1113 10 0 0 0 0 0 0 0 0 0 0
1565	sub_1565_0312000.log	DONE exit=20	200	True	636214	0 0 0 0 0 0 0 0 0 0 0 1160 2674 4333 5211 5001 857 9 0 0 0 0 0 0 0 0 0 0 0
1565	sub_1565_0312200.log	DONE exit=20	200	True	49637	0 0 0 0 0 0 0 0 0 0 0 531 659 369 120 6 0 0 0 0 0 0 0 0 0 0 0 0 0
1565	sub_1565_0312400.log	DONE exit=20	200	True	88527	0 0 0 0 0 0 0 0 0 0 0 667 1110 1118 595 106 6 0 0 0 0 0 0 0 0 0 0 0 0
1565	sub_1565_0312600.log	DONE exit=20	200	True	32122	0 0 0 0 0 0 0 0 0 0 0 400 262 61 4 0 0 0 0 0 0 0 0 0 0 0 0 0 0
1565	sub_1565_0312800.log	DONE exit=20	200	True	30396	0 0 0 0 0 0 0 0 0 0 0 443 355 150 12 0 0 0 0 0 0 0 0 0 0 0 0 0 0
1565	sub_1565_0313000.log	DONE exit=20	200	True	35968	0 0 0 0 0 0 0 0 0 0 0 476 484 281 47 2 0 0 0 0 0 0 0 0 0 0 0 0 0
1565	sub_1565_0313200.log	DONE exit=20	200	True	130129	0 0 0 0 0 0 0 0 0 0 0 814 1673 2064 1446 493 60 1 0 0 0 0 0 0 0 0 0 0 0
1565	sub_1565_0313400.log	DONE exit=20	200	True	422135	0 0 0 0 0 0 0 0 0 0 0 1312 3995 6858 6937 1953 189 0 0 0 0 0 0 0 0 0 0 0 0
1565	sub_1565_0313600.log	DONE exit=20	200	True	467486	0 0 0 0 0 0 0 0 0 0 0 1086 3625 7398 9029 3935 672 11 1 0 0 0 0 0 0 0 0 0 0
1565	sub_1565_0313800.log	DONE exit=20	200	True	2015417	0 0 0 0 0 0 0 0 0 0 0 1335 4290 9611 16826 19715 13113 768 147 1 0 0 0 0 0 0 0 0 0
1565	sub_1565_0314000.log	DONE exit=20	200	True	32248	0 0 0 0 0 0 0 0 0 0 0 378 298 89 17 2 0 0 0 0 0 0 0 0 0 0 0 0 0
1565	sub_1565_0314200.log	DONE exit=20	200	True	656620	0 0 0 0 0 0 0 0 0 0 0 741 1698 3622 6086 5262 1333 7 0 0 0 0 0 0 0 0 0 0 0
1565	sub_1565_0314400.log	DONE exit=20	200	True	388033	0 0 0 0 0 0 0 0 0 0 0 1351 4365 6839 5358 506 16 0 0 0 0 0 0 0 0 0 0 0 0
1565	sub_1565_0314600.log	DONE exit=20	200	True	27304	0 0 0 0 0 0 0 0 0 0 0 330 218 86 19 0 0 0 0 0 0 0 0 0 0 0 0 0 0
1565	sub_1565_0314800.log	DONE exit=20	200	True	1195147	0 0 0 0 0 0 0 0 0 0 0 963 2649 6495 11301 9850 2532 12 0 0 0 0 0 0 0 0 0 0 0
1565	sub_1565_0315000.log	DONE exit=20	200	True	100258	0 0 0 0 0 0 0 0 0 0 0 734 1512 1755 967 113 4 0 0 0 0 0 0 0 0 0 0 0 0
1565	sub_1565_0315200.log	DONE exit=20	200	True	610696	0 0 0 0 0 0 0 0 0 0 0 1438 4806 8405 8072 2016 124 0 0 0 0 0 0 0 0 0 0 0 0
1565	sub_1565_0315400.log	DONE exit=20	200	True	512287	0 0 0 0 0 0 0 0 0 0 0 692 1477 3441 4216 2972 102 0 0 0 0 0 0 0 0 0 0 0 0
1565	sub_1565_0315600.log	DONE exit=20	200	True	266618	0 0 0 0 0 0 0 0 0 0 0 1006 2091 2074 1455 682 9 2 0 0 0 0 0 0 0 0 0 0 0
1565	sub_1565_0315800.log	DONE exit=20	200	True	638423	0 0 0 0 0 0 0 0 0 0 0 974 2591 4342 5911 5625 2513 56 0 0 0 0 0 0 0 0 0 0 0
1565	sub_1565_0316000.log	DONE exit=20	200	True	6883927	0 0 0 0 0 0 0 0 0 0 0 1894 8251 19245 33047 51064 66489 57103 30133 13169 3189 0 0 0 0 0 0 0 0
1565	sub_1565_0316200.log	DONE exit=20	200	True	1363930	0 0 0 0 0 0 0 0 0 0 0 807 2333 6414 13464 13900 6539 1152 0 0 0 0 0 0 0 0 0 0 0
1565	sub_1565_0316400.log	DONE exit=20	200	True	340890	0 0 0 0 0 0 0 0 0 0 0 1055 3227 6278 5429 1240 64 0 0 0 0 0 0 0 0 0 0 0 0
1565	sub_1565_0316600.log	DONE exit=20	200	True	313889	0 0 0 0 0 0 0 0 0 0 0 855 2248 3969 3626 804 69 0 0 0 0 0 0 0 0 0 0 0 0
1565	sub_1565_0316800.log	DONE exit=20	200	True	1220026	0 0 0 0 0 0 0 0 0 0 0 1280 3779 7874 12155 10232 3111 4 0 0 0 0 0 0 0 0 0 0 0
1565	sub_1565_0317000.log	DONE exit=20	200	True	191613	0 0 0 0 0 0 0 0 0 0 0 1278 3385 3793 2198 699 30 0 0 0 0 0 0 0 0 0 0 0 0
1565	sub_1565_0317200.log	DONE exit=20	200	True	334089	0 0 0 0 0 0 0 0 0 0 0 1185 3803 6526 5615 2344 133 13 0 0 0 0 0 0 0 0 0 0 0
1565	sub_1565_0317400.log	DONE exit=20	200	True	52471	0 0 0 0 0 0 0 0 0 0 0 294 498 649 568 163 8 0 0 0 0 0 0 0 0 0 0 0 0
1565	sub_1565_0317600.log	DONE exit=20	200	True	33535	0 0 0 0 0 0 0 0 0 0 0 392 360 197 36 0 0 0 0 0 0 0 0 0 0 0 0 0 0
1565	sub_1565_0317800.log	DONE exit=20	200	True	31443	0 0 0 0 0 0 0 0 0 0 0 427 365 110 8 0 0 0 0 0 0 0 0 0 0 0 0 0 0
1565	sub_1565_0318000.log	DONE exit=20	200	True	68840	0 0 0 0 0 0 0 0 0 0 0 675 979 558 83 0 0 0 0 0 0 0 0 0 0 0 0 0 0
1565	sub_1565_0318200.log	DONE exit=20	200	True	1022424	0 0 0 0 0 0 0 0 0 0 0 1883 9034 22733 27403 14493 2594 129 3 0 0 0 0 0 0 0 0 0 0
1565	sub_1565_0318400.log	DONE exit=20	200	True	336053	0 0 0 0 0 0 0 0 0 0 0 1467 5025 7781 5293 1340 91 1 0 0 0 0 0 0 0 0 0 0 0
1565	sub_1565_0318600.log	DONE exit=20	200	True	399192	0 0 0 0 0 0 0 0 0 0 0 1379 4739 8299 7051 2771 265 19 0 0 0 0 0 0 0 0 0 0 0
1565	sub_1565_0318800.log	DONE exit=20	200	True	433979	0 0 0 0 0 0 0 0 0 0 0 1671 5286 7273 4189 1025 221 0 0 0 0 0 0 0 0 0 0 0 0
1565	sub_1565_0319000.log	DONE exit=20	200	True	541946	0 0 0 0 0 0 0 0 0 0 0 1577 6067 10080 6229 1632 217 12 0 0 0 0 0 0 0 0 0 0 0
1565	sub_1565_0319200.log	DONE exit=20	200	True	982612	0 0 0 0 0 0 0 0 0 0 0 1824 8102 17207 15805 4075 343 9 0 0 0 0 0 0 0 0 0 0 0
1565	sub_1565_0319400.log	DONE exit=20	200	True	672884	0 0 0 0 0 0 0 0 0 0 0 1552 5906 11360 9385 2856 403 15 2 0 0 0 0 0 0 0 0 0 0
1565	sub_1565_0319600.log	DONE exit=20	200	True	300464	0 0 0 0 0 0 0 0 0 0 0 1379 4034 5789 3638 1090 182 0 0 0 0 0 0 0 0 0 0 0 0
1565	sub_1565_0319800.log	DONE exit=20	200	True	246609	0 0 0 0 0 0 0 0 0 0 0 1285 3844 4881 2615 816 114 3 0 0 0 0 0 0 0 0 0 0 0
1565	sub_1565_0320000.log	DONE exit=20	200	True	868280	0 0 0 0 0 0 0 0 0 0 0 1752 8344 19644 20146 8190 925 50 2 0 0 0 0 0 0 0 0 0 0
1565	sub_1565_0320200.log	DONE exit=20	200	True	766774	0 0 0 0 0 0 0 0 0 0 0 1842 7956 17044 17371 7533 1060 40 1 0 0 0 0 0 0 0 0 0 0
1565	sub_1565_0320400.log	DONE exit=20	200	True	335663	0 0 0 0 0 0 0 0 0 0 0 1295 4426 7463 5651 1707 154 2 0 0 0 0 0 0 0 0 0 0 0
1565	sub_1565_0320600.log	DONE exit=20	200	True	350675	0 0 0 0 0 0 0 0 0 0 0 1004 3468 6894 7211 3198 386 19 0 0 0 0 0 0 0 0 0 0 0
1565	sub_1565_0320800.log	DONE exit=20	200	True	109833	0 0 0 0 0 0 0 0 0 0 0 796 1642 1550 617 112 9 2 0 0 0 0 0 0 0 0 0 0 0
1565	sub_1565_0321000.log	DONE exit=20	200	True	71880	0 0 0 0 0 0 0 0 0 0 0 711 1098 726 226 31 0 0 0 0 0 0 0 0 0 0 0 0 0
1565	sub_1565_0321200.log	DONE exit=20	200	True	405727	0 0 0 0 0 0 0 0 0 0 0 1260 3917 6643 5297 1623 174 5 0 0 0 0 0 0 0 0 0 0 0
1565	sub_1565_0321400.log	DONE exit=20	200	True	553253	0 0 0 0 0 0 0 0 0 0 0 1011 3727 8679 10431 6045 1743 294 73 0 0 0 0 0 0 0 0 0 0
1565	sub_1565_0321600.log	DONE exit=20	200	True	127141	0 0 0 0 0 0 0 0 0 0 0 819 1785 2003 1233 283 15 2 0 0 0 0 0 0 0 0 0 0 0
1565	sub_1565_0321800.log	DONE exit=20	200	True	208007	0 0 0 0 0 0 0 0 0 0 0 774 2200 3880 3057 986 165 0 0 0 0 0 0 0 0 0 0 0 0
1565	sub_1565_0322000.log	DONE exit=20	200	True	281627	0 0 0 0 0 0 0 0 0 0 0 1047 2945 4863 3620 1170 183 1 0 0 0 0 0 0 0 0 0 0 0
1565	sub_1565_0322200.log	DONE exit=20	200	True	80827	0 0 0 0 0 0 0 0 0 0 0 560 936 964 557 38 0 0 0 0 0 0 0 0 0 0 0 0 0
1565	sub_1565_0322400.log	DONE exit=20	200	True	79120	0 0 0 0 0 0 0 0 0 0 0 689 998 928 567 39 1 0 0 0 0 0 0 0 0 0 0 0 0
1565	sub_1565_0322600.log	DONE exit=20	200	True	431205	0 0 0 0 0 0 0 0 0 0 0 1349 4522 7948 7483 2115 105 0 0 0 0 0 0 0 0 0 0 0 0
1565	sub_1565_0322800.log	DONE exit=20	200	True	84068	0 0 0 0 0 0 0 0 0 0 0 517 949 1223 840 159 5 0 0 0 0 0 0 0 0 0 0 0 0
1565	sub_1565_0323000.log	DONE exit=20	200	True	165978	0 0 0 0 0 0 0 0 0 0 0 940 2017 2603 1928 327 6 0 0 0 0 0 0 0 0 0 0 0 0
1565	sub_1565_0323200.log	DONE exit=20	200	True	53812	0 0 0 0 0 0 0 0 0 0 0 499 604 498 190 23 3 0 0 0 0 0 0 0 0 0 0 0 0
1565	sub_1565_0323400.log	DONE exit=20	200	True	362987	0 0 0 0 0 0 0 0 0 0 0 1238 4095 6986 5277 974 45 0 0 0 0 0 0 0 0 0 0 0 0
1565	sub_1565_0323600.log	DONE exit=20	200	True	479556	0 0 0 0 0 0 0 0 0 0 0 1551 5406 9191 6667 1709 147 4 0 0 0 0 0 0 0 0 0 0 0
1565	sub_1565_0323800.log	DONE exit=20	200	True	254289	0 0 0 0 0 0 0 0 0 0 0 953 2557 3662 2790 1191 256 16 0 0 0 0 0 0 0 0 0 0 0
1565	sub_1565_0324000.log	DONE exit=20	200	True	226250	0 0 0 0 0 0 0 0 0 0 0 941 2378 3752 2989 413 13 0 0 0 0 0 0 0 0 0 0 0 0
1565	sub_1565_0324200.log	DONE exit=20	200	True	449263	0 0 0 0 0 0 0 0 0 0 0 1135 3697 7406 8151 2118 109 0 0 0 0 0 0 0 0 0 0 0 0
1565	sub_1565_0324400.log	DONE exit=20	200	True	264584	0 0 0 0 0 0 0 0 0 0 0 979 2785 4756 4319 1237 109 2 0 0 0 0 0 0 0 0 0 0 0
1565	sub_1565_0324600.log	DONE exit=20	200	True	164095	0 0 0 0 0 0 0 0 0 0 0 796 1865 2680 2175 434 15 0 0 0 0 0 0 0 0 0 0 0 0
1565	sub_1565_0324800.log	DONE exit=20	200	True	89140	0 0 0 0 0 0 0 0 0 0 0 664 1215 857 258 32 2 0 0 0 0 0 0 0 0 0 0 0 0
1565	sub_1565_0325000.log	DONE exit=20	200	True	1112484	0 0 0 0 0 0 0 0 0 0 0 1427 5887 15181 21888 15784 5483 749 16 0 0 0 0 0 0 0 0 0 0
1565	sub_1565_0325200.log	DONE exit=20	200	True	801142	0 0 0 0 0 0 0 0 0 0 0 1241 4498 10628 14744 9584 3658 647 0 0 0 0 0 0 0 0 0 0 0
1565	sub_1565_0325400.log	DONE exit=20	200	True	362896	0 0 0 0 0 0 0 0 0 0 0 1170 3871 6594 5467 1901 301 8 0 0 0 0 0 0 0 0 0 0 0
1565	sub_1565_0325600.log	DONE exit=20	200	True	61699	0 0 0 0 0 0 0 0 0 0 0 529 773 493 339 28 0 0 0 0 0 0 0 0 0 0 0 0 0
1565	sub_1565_0325800.log	DONE exit=20	200	True	57573	0 0 0 0 0 0 0 0 0 0 0 473 724 422 225 30 0 0 0 0 0 0 0 0 0 0 0 0 0
1565	sub_1565_0326000.log	DONE exit=20	200	True	111394	0 0 0 0 0 0 0 0 0 0 0 810 1588 1638 866 186 4 1 0 0 0 0 0 0 0 0 0 0 0
1565	sub_1565_0326200.log	DONE exit=20	200	True	257338	0 0 0 0 0 0 0 0 0 0 0 1109 3247 5077 4058 944 32 0 0 0 0 0 0 0 0 0 0 0 0
1565	sub_1565_0326400.log	DONE exit=20	200	True	191954	0 0 0 0 0 0 0 0 0 0 0 1180 3087 4060 2351 739 30 0 0 0 0 0 0 0 0 0 0 0 0
1565	sub_1565_0326600.log	DONE exit=20	200	True	503734	0 0 0 0 0 0 0 0 0 0 0 1326 5101 10553 10315 4845 334 7 0 0 0 0 0 0 0 0 0 0 0
1565	sub_1565_0326800.log	DONE exit=20	200	True	38561	0 0 0 0 0 0 0 0 0 0 0 449 672 334 94 13 0 0 0 0 0 0 0 0 0 0 0 0 0
1565	sub_1565_0327000.log	DONE exit=20	200	True	16289	0 0 0 0 0 0 0 0 0 0 0 249 110 25 0 0 0 0 0 0 0 0 0 0 0 0 0 0 0
1565	sub_1565_0327200.log	DONE exit=20	200	True	47782	0 0 0 0 0 0 0 0 0 0 0 540 824 551 116 4 0 0 0 0 0 0 0 0 0 0 0 0 0
1565	sub_1565_0327400.log	DONE exit=20	200	True	37805	0 0 0 0 0 0 0 0 0 0 0 462 525 311 73 21 1 0 0 0 0 0 0 0 0 0 0 0 0
1565	sub_1565_0327600.log	DONE exit=20	200	True	20009	0 0 0 0 0 0 0 0 0 0 0 283 139 55 15 0 0 0 0 0 0 0 0 0 0 0 0 0 0
1565	sub_1565_0327800.log	DONE exit=20	200	True	41645	0 0 0 0 0 0 0 0 0 0 0 467 526 324 133 14 0 0 0 0 0 0 0 0 0 0 0 0 0
1565	sub_1565_0328000.log	DONE exit=20	200	True	90325	0 0 0 0 0 0 0 0 0 0 0 624 1376 1376 609 115 16 0 0 0 0 0 0 0 0 0 0 0 0
1565	sub_1565_0328200.log	DONE exit=20	200	True	45219	0 0 0 0 0 0 0 0 0 0 0 541 632 337 109 18 0 0 0 0 0 0 0 0 0 0 0 0 0
1565	sub_1565_0328400.log	DONE exit=20	200	True	71506	0 0 0 0 0 0 0 0 0 0 0 685 1057 717 231 85 22 0 0 0 0 0 0 0 0 0 0 0 0
1565	sub_1565_0328600.log	DONE exit=20	200	True	1443450	0 0 0 0 0 0 0 0 0 0 0 1932 8274 17354 15893 7738 826 43 0 0 0 0 0 0 0 0 0 0 0
1565	sub_1565_0328800.log	DONE exit=20	200	True	948705	0 0 0 0 0 0 0 0 0 0 0 1416 4675 8084 7626 2835 301 60 0 0 0 0 0 0 0 0 0 0 0
1565	sub_1565_0329000.log	DONE exit=20	200	True	706527	0 0 0 0 0 0 0 0 0 0 0 1378 4357 6189 5025 2686 716 214 0 0 0 0 0 0 0 0 0 0 0
1565	sub_1565_0329200.log	DONE exit=20	200	True	1035695	0 0 0 0 0 0 0 0 0 0 0 1566 5514 9544 9158 3142 317 40 0 0 0 0 0 0 0 0 0 0 0
1565	sub_1565_0329400.log	DONE exit=20	200	True	786644	0 0 0 0 0 0 0 0 0 0 0 1789 7237 14545 16062 9348 2962 801 92 5 0 0 0 0 0 0 0 0 0
1565	sub_1565_0329600.log	DONE exit=20	200	True	358646	0 0 0 0 0 0 0 0 0 0 0 1872 5729 6172 2686 398 5 0 0 0 0 0 0 0 0 0 0 0 0
1565	sub_1565_0329800.log	DONE exit=20	200	True	461567	0 0 0 0 0 0 0 0 0 0 0 1736 6214 9290 6033 1382 134 13 0 0 0 0 0 0 0 0 0 0 0
1565	sub_1565_0330000.log	DONE exit=20	200	True	512085	0 0 0 0 0 0 0 0 0 0 0 1518 5500 9139 5903 657 14 0 0 0 0 0 0 0 0 0 0 0 0
1565	sub_1565_0330200.log	DONE exit=20	200	True	743056	0 0 0 0 0 0 0 0 0 0 0 1976 8176 14696 10857 1809 153 15 0 0 0 0 0 0 0 0 0 0 0
1565	sub_1565_0330400.log	DONE exit=20	200	True	298645	0 0 0 0 0 0 0 0 0 0 0 1579 4271 4972 2059 173 1 0 0 0 0 0 0 0 0 0 0 0 0
1565	sub_1565_0330600.log	DONE exit=20	200	True	227324794	0 0 0 0 0 0 0 0 0 0 0 1800 10765 49719 194919 642646 1668495 3178542 3804953 1707417 482125 0 0 0 0 0 0 0 0
1565	sub_1565_0330800.log	DONE exit=20	200	True	2768729	0 0 0 0 0 0 0 0 0 0 0 2248 10258 23414 27856 22024 9506 2414 72 0 0 0 0 0 0 0 0 0 0
1565	sub_1565_0331000.log	DONE exit=20	200	True	2915674	0 0 0 0 0 0 0 0 0 0 0 1941 9677 25405 27490 15998 7261 3119 158 78 24 0 0 0 0 0 0 0 0
1565	sub_1565_0331200.log	DONE exit=20	200	True	11407409	0 0 0 0 0 0 0 0 0 0 0 2190 13397 44115 77132 88766 83101 60901 37611 21286 6979 0 0 0 0 0 0 0 0
1565	sub_1565_0331400.log	DONE exit=20	200	True	3588704	0 0 0 0 0 0 0 0 0 0 0 1952 10739 30457 42101 29497 10894 3109 93 0 0 0 0 0 0 0 0 0 0
1565	sub_1565_0331600.log	DONE exit=20	200	True	10508921	0 0 0 0 0 0 0 0 0 0 0 2266 12355 36813 67914 89363 84975 59132 37369 19758 6274 0 0 0 0 0 0 0 0
1565	sub_1565_0331800.log	DONE exit=20	200	True	4067410	0 0 0 0 0 0 0 0 0 0 0 1926 10731 32402 44508 28232 10746 5756 307 44 16 0 0 0 0 0 0 0 0
1565	sub_1565_0332000.log	DONE exit=20	200	True	822662	0 0 0 0 0 0 0 0 0 0 0 1355 4467 8286 4826 3077 1138 103 0 0 0 0 0 0 0 0 0 0 0
1565	sub_1565_0332200.log	DONE exit=20	200	True	379438	0 0 0 0 0 0 0 0 0 0 0 1262 3278 3450 1741 199 0 0 0 0 0 0 0 0 0 0 0 0 0
1565	sub_1565_0332400.log	DONE exit=20	200	True	415790	0 0 0 0 0 0 0 0 0 0 0 914 2314 3296 3019 1239 6 0 0 0 0 0 0 0 0 0 0 0 0
1565	sub_1565_0332600.log	DONE exit=20	200	True	801693	0 0 0 0 0 0 0 0 0 0 0 1559 5373 7239 5374 1802 6 0 0 0 0 0 0 0 0 0 0 0 0
1565	sub_1565_0332800.log	DONE exit=20	200	True	991459	0 0 0 0 0 0 0 0 0 0 0 1949 8458 16931 15546 7523 1922 320 5 0 0 0 0 0 0 0 0 0 0
1565	sub_1565_0333000.log	DONE exit=20	200	True	344887	0 0 0 0 0 0 0 0 0 0 0 1455 4076 5258 3758 1846 594 71 0 0 0 0 0 0 0 0 0 0 0
1565	sub_1565_0333200.log	DONE exit=20	200	True	384486	0 0 0 0 0 0 0 0 0 0 0 1448 4659 6691 4310 1095 100 8 0 0 0 0 0 0 0 0 0 0 0
1565	sub_1565_0333400.log	DONE exit=20	200	True	287457	0 0 0 0 0 0 0 0 0 0 0 1293 3546 4443 2866 1299 387 25 0 0 0 0 0 0 0 0 0 0 0
1565	sub_1565_0333600.log	DONE exit=20	200	True	201430357	0 0 0 0 0 0 0 0 0 0 0 1960 11331 44368 152841 495785 1366102 2922022 4423834 3931121 1752166 0 0 0 0 0 0 0 0
1565	sub_1565_0333800.log	DONE exit=20	200	True	164545926	0 0 0 0 0 0 0 0 0 0 0 2699 20113 92890 297409 733723 1450245 2178190 2586280 2054261 860589 0 0 0 0 0 0 0 0
1565	sub_1565_0334000.log	DONE exit=20	200	True	4342946	0 0 0 0 0 0 0 0 0 0 0 1735 7521 18797 31869 45606 46779 21298 500 4 2 0 0 0 0 0 0 0 0
1565	sub_1565_0334200.log	DONE exit=20	200	True	40711939	0 0 0 0 0 0 0 0 0 0 0 1901 9168 27415 68999 168857 339074 543325 663870 531602 214747 0 0 0 0 0 0 0 0
1565	sub_1565_0334400.log	DONE exit=20	200	True	75288114	0 0 0 0 0 0 0 0 0 0 0 2742 20938 93134 281764 598853 802436 608702 452285 356804 146584 0 0 0 0 0 0 0 0
1565	sub_1565_0334600.log	DONE exit=20	200	True	84208566	0 0 0 0 0 0 0 0 0 0 0 2785 21292 105073 352814 776007 985962 482499 55688 26497 8893 0 0 0 0 0 0 0 0
1565	sub_1565_0334800.log	DONE exit=20	200	True	6016132	0 0 0 0 0 0 0 0 0 0 0 2007 9097 20643 33626 46970 51564 24256 18 0 0 0 0 0 0 0 0 0 0
1565	sub_1565_0335000.log	DONE exit=20	200	True	13010621	0 0 0 0 0 0 0 0 0 0 0 1752 6478 16374 39526 87968 134538 121193 35001 17568 3945 0 0 0 0 0 0 0 0
1565	sub_1565_0335200.log	DONE exit=20	200	True	29546427	0 0 0 0 0 0 0 0 0 0 0 1996 8751 26629 71727 176603 305656 332747 124952 64501 16317 0 0 0 0 0 0 0 0
1565	sub_1565_0335400.log	DONE exit=20	200	True	24215117	0 0 0 0 0 0 0 0 0 0 0 1715 7692 24056 59855 135272 225906 278172 204492 126324 37923 0 0 0 0 0 0 0 0
1565	sub_1565_0335600.log	DONE exit=20	200	True	60205	0 0 0 0 0 0 0 0 0 0 0 609 873 408 77 1 0 0 0 0 0 0 0 0 0 0 0 0 0
1565	sub_1565_0335800.log	DONE exit=20	200	True	651575	0 0 0 0 0 0 0 0 0 0 0 905 2249 4059 4891 4157 727 2 0 0 0 0 0 0 0 0 0 0 0
1565	sub_1565_0336000.log	DONE exit=20	200	True	2630339	0 0 0 0 0 0 0 0 0 0 0 1272 5276 11734 20078 24028 10917 2442 13 2 0 0 0 0 0 0 0 0 0
1565	sub_1565_0336200.log	DONE exit=20	200	True	297763	0 0 0 0 0 0 0 0 0 0 0 871 1288 1557 1886 1790 18 0 0 0 0 0 0 0 0 0 0 0 0
1565	sub_1565_0336400.log	DONE exit=20	200	True	236344	0 0 0 0 0 0 0 0 0 0 0 616 1465 1822 1366 610 2 0 0 0 0 0 0 0 0 0 0 0 0
1565	sub_1565_0336600.log	DONE exit=20	200	True	524280	0 0 0 0 0 0 0 0 0 0 0 737 1928 3140 4331 2692 37 0 0 0 0 0 0 0 0 0 0 0 0
1565	sub_1565_0336800.log	DONE exit=20	200	True	349537	0 0 0 0 0 0 0 0 0 0 0 636 1373 2249 2716 1707 38 0 0 0 0 0 0 0 0 0 0 0 0
1565	sub_1565_0337000.log	DONE exit=20	200	True	491046	0 0 0 0 0 0 0 0 0 0 0 683 1688 2992 4362 2829 395 10 0 0 0 0 0 0 0 0 0 0 0
1565	sub_1565_0337200.log	DONE exit=20	200	True	439703	0 0 0 0 0 0 0 0 0 0 0 669 1506 2587 3599 2483 393 10 0 0 0 0 0 0 0 0 0 0 0
1565	sub_1565_0337400.log	DONE exit=20	200	True	26381	0 0 0 0 0 0 0 0 0 0 0 429 262 86 4 0 0 0 0 0 0 0 0 0 0 0 0 0 0
1565	sub_1565_0337600.log	DONE exit=20	200	True	83898	0 0 0 0 0 0 0 0 0 0 0 814 1147 847 288 19 0 0 0 0 0 0 0 0 0 0 0 0 0
1565	sub_1565_0337800.log	DONE exit=20	200	True	304293	0 0 0 0 0 0 0 0 0 0 0 1088 3091 5052 3760 466 10 0 0 0 0 0 0 0 0 0 0 0 0
1565	sub_1565_0338000.log	DONE exit=20	200	True	47366	0 0 0 0 0 0 0 0 0 0 0 552 639 384 60 14 1 0 0 0 0 0 0 0 0 0 0 0 0
1565	sub_1565_0338200.log	DONE exit=20	200	True	178007	0 0 0 0 0 0 0 0 0 0 0 617 1033 1492 1414 549 4 0 0 0 0 0 0 0 0 0 0 0 0
1565	sub_1565_0338400.log	DONE exit=20	200	True	543788	0 0 0 0 0 0 0 0 0 0 0 1091 2662 4428 4784 2504 213 0 0 0 0 0 0 0 0 0 0 0 0
1565	sub_1565_0338600.log	DONE exit=20	200	True	418140	0 0 0 0 0 0 0 0 0 0 0 661 1287 2531 3700 2777 799 7 0 0 0 0 0 0 0 0 0 0 0
1565	sub_1565_0338800.log	DONE exit=20	200	True	664163	0 0 0 0 0 0 0 0 0 0 0 619 1439 3684 6424 5220 1054 18 0 0 0 0 0 0 0 0 0 0 0
1565	sub_1565_0339000.log	DONE exit=20	200	True	306639	0 0 0 0 0 0 0 0 0 0 0 1230 3390 5113 3488 258 12 0 0 0 0 0 0 0 0 0 0 0 0
1565	sub_1565_0339200.log	DONE exit=20	200	True	34980	0 0 0 0 0 0 0 0 0 0 0 437 366 216 158 41 0 0 0 0 0 0 0 0 0 0 0 0 0
1565	sub_1565_0339400.log	DONE exit=20	200	True	244483	0 0 0 0 0 0 0 0 0 0 0 633 949 1734 1721 887 14 0 0 0 0 0 0 0 0 0 0 0 0
1565	sub_1565_0339600.log	DONE exit=20	200	True	521433	0 0 0 0 0 0 0 0 0 0 0 892 2225 3728 3357 1893 5 2 0 0 0 0 0 0 0 0 0 0 0
1565	sub_1565_0339800.log	DONE exit=20	200	True	3207681	0 0 0 0 0 0 0 0 0 0 0 1247 4481 10607 17821 19516 22003 22940 5082 1592 259 0 0 0 0 0 0 0 0
1565	sub_1565_0340000.log	DONE exit=20	200	True	3971570	0 0 0 0 0 0 0 0 0 0 0 2256 10403 22548 30105 35067 33008 24000 6057 2271 633 0 0 0 0 0 0 0 0
1565	sub_1565_0340200.log	DONE exit=20	200	True	5094455	0 0 0 0 0 0 0 0 0 0 0 1289 5359 17791 39061 47526 37003 19225 6180 1575 374 0 0 0 0 0 0 0 0
1565	sub_1565_0340400.log	DONE exit=20	200	True	326289	0 0 0 0 0 0 0 0 0 0 0 915 1972 2373 2166 1034 19 0 0 0 0 0 0 0 0 0 0 0 0
1565	sub_1565_0340600.log	DONE exit=20	200	True	1182234	0 0 0 0 0 0 0 0 0 0 0 1160 3087 6596 10991 9677 2568 16 0 0 0 0 0 0 0 0 0 0 0
1565	sub_1565_0340800.log	DONE exit=20	200	True	156372	0 0 0 0 0 0 0 0 0 0 0 527 760 986 999 489 0 0 0 0 0 0 0 0 0 0 0 0 0
1565	sub_1565_0341000.log	DONE exit=20	200	True	950467	0 0 0 0 0 0 0 0 0 0 0 790 2105 5293 9224 7775 1924 18 0 0 0 0 0 0 0 0 0 0 0
1565	sub_1565_0341200.log	DONE exit=20	200	True	154615	0 0 0 0 0 0 0 0 0 0 0 1063 2011 2021 499 39 9 0 0 0 0 0 0 0 0 0 0 0 0
1565	sub_1565_0341400.log	DONE exit=20	200	True	64849	0 0 0 0 0 0 0 0 0 0 0 617 844 648 203 18 2 0 0 0 0 0 0 0 0 0 0 0 0
1565	sub_1565_0341600.log	DONE exit=20	200	True	235064	0 0 0 0 0 0 0 0 0 0 0 953 2314 3783 2315 118 0 0 0 0 0 0 0 0 0 0 0 0 0
1565	sub_1565_0341800.log	DONE exit=20	200	True	343009	0 0 0 0 0 0 0 0 0 0 0 1226 3576 5515 4767 536 14 0 0 0 0 0 0 0 0 0 0 0 0
1565	sub_1565_0342000.log	DONE exit=20	200	True	100815	0 0 0 0 0 0 0 0 0 0 0 637 950 1263 1393 424 6 0 0 0 0 0 0 0 0 0 0 0 0
1565	sub_1565_0342200.log	DONE exit=20	200	True	213643	0 0 0 0 0 0 0 0 0 0 0 959 2248 3472 2361 242 3 0 0 0 0 0 0 0 0 0 0 0 0
1565	sub_1565_0342400.log	DONE exit=20	200	True	930006	0 0 0 0 0 0 0 0 0 0 0 1088 3320 6650 8788 6350 971 0 0 0 0 0 0 0 0 0 0 0 0
1565	sub_1565_0342600.log	DONE exit=20	200	True	1166389	0 0 0 0 0 0 0 0 0 0 0 1708 6309 12091 13489 7856 2500 9 0 0 0 0 0 0 0 0 0 0 0
1565	sub_1565_0342800.log	DONE exit=20	200	True	39902	0 0 0 0 0 0 0 0 0 0 0 470 410 176 26 0 0 0 0 0 0 0 0 0 0 0 0 0 0
1565	sub_1565_0343000.log	DONE exit=20	200	True	410110	0 0 0 0 0 0 0 0 0 0 0 716 1460 2609 3543 2774 172 0 0 0 0 0 0 0 0 0 0 0 0
1565	sub_1565_0343200.log	DONE exit=20	200	True	154731	0 0 0 0 0 0 0 0 0 0 0 661 921 1096 947 494 5 0 0 0 0 0 0 0 0 0 0 0 0
1565	sub_1565_0343400.log	DONE exit=20	200	True	32600	0 0 0 0 0 0 0 0 0 0 0 407 251 55 3 0 0 0 0 0 0 0 0 0 0 0 0 0 0
1565	sub_1565_0343600.log	DONE exit=20	200	True	247883	0 0 0 0 0 0 0 0 0 0 0 951 1748 2194 1711 274 0 0 0 0 0 0 0 0 0 0 0 0 0
1565	sub_1565_0343800.log	DONE exit=20	200	True	1011585	0 0 0 0 0 0 0 0 0 0 0 1539 4394 7640 8641 7328 1039 14 0 0 0 0 0 0 0 0 0 0 0
1565	sub_1565_0344000.log	DONE exit=20	200	True	769750	0 0 0 0 0 0 0 0 0 0 0 1043 2553 4587 7124 5053 194 0 0 0 0 0 0 0 0 0 0 0 0
1565	sub_1565_0344200.log	DONE exit=20	200	True	44856	0 0 0 0 0 0 0 0 0 0 0 492 487 131 44 1 0 0 0 0 0 0 0 0 0 0 0 0 0
1565	sub_1565_0344400.log	DONE exit=20	200	True	29757	0 0 0 0 0 0 0 0 0 0 0 321 196 7 0 0 0 0 0 0 0 0 0 0 0 0 0 0 0
1565	sub_1565_0344600.log	DONE exit=20	200	True	42320	0 0 0 0 0 0 0 0 0 0 0 299 216 132 98 46 0 0 0 0 0 0 0 0 0 0 0 0 0
1565	sub_1565_0344800.log	DONE exit=20	200	True	70872	0 0 0 0 0 0 0 0 0 0 0 538 608 389 194 55 0 0 0 0 0 0 0 0 0 0 0 0 0
1565	sub_1565_0345000.log	DONE exit=20	200	True	44089	0 0 0 0 0 0 0 0 0 0 0 346 267 118 95 51 0 0 0 0 0 0 0 0 0 0 0 0 0
1565	sub_1565_0345200.log	DONE exit=20	200	True	142586	0 0 0 0 0 0 0 0 0 0 0 789 1768 2178 1150 195 8 0 0 0 0 0 0 0 0 0 0 0 0
1565	sub_1565_0345400.log	DONE exit=20	200	True	33995	0 0 0 0 0 0 0 0 0 0 0 363 341 149 33 0 0 0 0 0 0 0 0 0 0 0 0 0 0
1565	sub_1565_0345600.log	DONE exit=20	200	True	23564	0 0 0 0 0 0 0 0 0 0 0 279 178 21 1 0 0 0 0 0 0 0 0 0 0 0 0 0 0
1565	sub_1565_0345800.log	DONE exit=20	200	True	126156	0 0 0 0 0 0 0 0 0 0 0 892 1956 2192 1184 315 23 0 0 0 0 0 0 0 0 0 0 0 0
1565	sub_1565_0346000.log	DONE exit=20	200	True	40213	0 0 0 0 0 0 0 0 0 0 0 388 510 530 269 10 0 0 0 0 0 0 0 0 0 0 0 0 0
1565	sub_1565_0346200.log	DONE exit=20	200	True	116519	0 0 0 0 0 0 0 0 0 0 0 1205 2840 3339 1578 205 1 0 0 0 0 0 0 0 0 0 0 0 0
1565	sub_1565_0346400.log	DONE exit=20	200	True	68029	0 0 0 0 0 0 0 0 0 0 0 988 1753 1110 198 10 0 0 0 0 0 0 0 0 0 0 0 0 0
1565	sub_1565_0346600.log	DONE exit=20	200	True	58813	0 0 0 0 0 0 0 0 0 0 0 924 1442 795 150 15 0 0 0 0 0 0 0 0 0 0 0 0 0
1565	sub_1565_0346800.log	DONE exit=20	200	True	366257	0 0 0 0 0 0 0 0 0 0 0 1656 5897 8679 4446 871 72 1 0 0 0 0 0 0 0 0 0 0 0
1565	sub_1565_0347000.log	DONE exit=20	200	True	359273	0 0 0 0 0 0 0 0 0 0 0 1594 5541 8479 5152 940 69 2 0 0 0 0 0 0 0 0 0 0 0
1565	sub_1565_0347200.log	DONE exit=20	200	True	498459	0 0 0 0 0 0 0 0 0 0 0 1594 6276 11347 8429 2300 243 12 0 0 0 0 0 0 0 0 0 0 0
1565	sub_1565_0347400.log	DONE exit=20	200	True	447891	0 0 0 0 0 0 0 0 0 0 0 1638 6000 9753 6140 1032 45 2 0 0 0 0 0 0 0 0 0 0 0
1565	sub_1565_0347600.log	DONE exit=20	200	True	277763	0 0 0 0 0 0 0 0 0 0 0 1386 4231 5258 2511 403 54 5 0 0 0 0 0 0 0 0 0 0 0
1565	sub_1565_0347800.log	DONE exit=20	200	True	309664	0 0 0 0 0 0 0 0 0 0 0 1456 4501 5945 2865 562 11 0 0 0 0 0 0 0 0 0 0 0 0
1565	sub_1565_0348000.log	DONE exit=20	200	True	420375	0 0 0 0 0 0 0 0 0 0 0 1714 6169 9289 4823 732 18 0 0 0 0 0 0 0 0 0 0 0 0
1565	sub_1565_0348200.log	DONE exit=20	200	True	603689	0 0 0 0 0 0 0 0 0 0 0 1751 7155 13001 8863 1170 15 0 0 0 0 0 0 0 0 0 0 0 0
1565	sub_1565_0348400.log	DONE exit=20	200	True	584692	0 0 0 0 0 0 0 0 0 0 0 1744 6669 11929 8169 1088 17 0 0 0 0 0 0 0 0 0 0 0 0
1565	sub_1565_0348600.log	DONE exit=20	200	True	797050	0 0 0 0 0 0 0 0 0 0 0 1646 7776 18427 19680 9464 1848 100 0 0 0 0 0 0 0 0 0 0 0
1565	sub_1565_0348800.log	DONE exit=20	200	True	604101	0 0 0 0 0 0 0 0 0 0 0 1855 7083 12473 9679 3138 485 69 0 0 0 0 0 0 0 0 0 0 0
1565	sub_1565_0349000.log	DONE exit=20	200	True	677585	0 0 0 0 0 0 0 0 0 0 0 1574 6730 14096 12877 4292 619 33 0 0 0 0 0 0 0 0 0 0 0
1565	sub_1565_0349200.log	DONE exit=20	200	True	837238	0 0 0 0 0 0 0 0 0 0 0 1821 8088 17200 15746 5363 675 48 0 0 0 0 0 0 0 0 0 0 0
1565	sub_1565_0349400.log	DONE exit=20	200	True	454433	0 0 0 0 0 0 0 0 0 0 0 1428 5241 9338 6879 1760 226 8 0 0 0 0 0 0 0 0 0 0 0
1565	sub_1565_0349600.log	DONE exit=20	200	True	949439	0 0 0 0 0 0 0 0 0 0 0 2196 10658 24275 25580 12141 2150 99 1 0 0 0 0 0 0 0 0 0 0
1565	sub_1565_0349800.log	DONE exit=20	200	True	512885	0 0 0 0 0 0 0 0 0 0 0 1660 6286 10847 7674 1838 237 28 1 0 0 0 0 0 0 0 0 0 0
1565	sub_1565_0350000.log	DONE exit=20	200	True	757449	0 0 0 0 0 0 0 0 0 0 0 1707 7522 16077 14579 4871 664 42 0 0 0 0 0 0 0 0 0 0 0
1565	sub_1565_0350200.log	DONE exit=20	200	True	585459	0 0 0 0 0 0 0 0 0 0 0 1590 6207 11482 9248 2742 419 18 0 0 0 0 0 0 0 0 0 0 0
1565	sub_1565_0350400.log	DONE exit=20	200	True	506621	0 0 0 0 0 0 0 0 0 0 0 1602 6173 11138 8514 2187 208 3 0 0 0 0 0 0 0 0 0 0 0
1565	sub_1565_0350600.log	DONE exit=20	200	True	341442	0 0 0 0 0 0 0 0 0 0 0 1608 4931 6380 2810 337 3 0 0 0 0 0 0 0 0 0 0 0 0
1565	sub_1565_0350800.log	DONE exit=20	200	True	382337	0 0 0 0 0 0 0 0 0 0 0 1573 5496 8517 4752 620 31 4 0 0 0 0 0 0 0 0 0 0 0
1565	sub_1565_0351000.log	DONE exit=20	200	True	361541	0 0 0 0 0 0 0 0 0 0 0 1329 4332 6618 4548 720 7 0 0 0 0 0 0 0 0 0 0 0 0
1565	sub_1565_0351200.log	DONE exit=20	200	True	539177	0 0 0 0 0 0 0 0 0 0 0 1717 6695 11301 6840 915 12 0 0 0 0 0 0 0 0 0 0 0 0
1565	sub_1565_0351400.log	DONE exit=20	200	True	881017	0 0 0 0 0 0 0 0 0 0 0 2050 10042 22916 23344 9734 1856 125 0 0 0 0 0 0 0 0 0 0 0
1565	sub_1565_0351600.log	DONE exit=20	200	True	604616	0 0 0 0 0 0 0 0 0 0 0 1939 7833 15101 13598 5582 873 19 0 0 0 0 0 0 0 0 0 0 0
1565	sub_1565_0351800.log	DONE exit=20	200	True	250562	0 0 0 0 0 0 0 0 0 0 0 1510 4804 6625 3921 938 86 6 0 0 0 0 0 0 0 0 0 0 0
1565	sub_1565_0352000.log	DONE exit=20	200	True	436075	0 0 0 0 0 0 0 0 0 0 0 1508 5687 10601 9520 3759 471 21 1 0 0 0 0 0 0 0 0 0 0
1565	sub_1565_0352200.log	DONE exit=20	200	True	281979	0 0 0 0 0 0 0 0 0 0 0 1341 4262 6395 4396 1245 126 1 0 0 0 0 0 0 0 0 0 0 0
1565	sub_1565_0352400.log	DONE exit=20	200	True	182931	0 0 0 0 0 0 0 0 0 0 0 961 2603 3625 2542 712 52 0 0 0 0 0 0 0 0 0 0 0 0
1565	sub_1565_0352600.log	DONE exit=20	200	True	37603	0 0 0 0 0 0 0 0 0 0 0 561 505 156 4 0 0 0 0 0 0 0 0 0 0 0 0 0 0
1565	sub_1565_0352800.log	DONE exit=20	200	True	70921	0 0 0 0 0 0 0 0 0 0 0 749 1144 737 196 20 0 0 0 0 0 0 0 0 0 0 0 0 0
1565	sub_1565_0353000.log	DONE exit=20	200	True	35990	0 0 0 0 0 0 0 0 0 0 0 574 492 140 14 1 0 0 0 0 0 0 0 0 0 0 0 0 0
1565	sub_1565_0353200.log	DONE exit=20	200	True	108666	0 0 0 0 0 0 0 0 0 0 0 911 1758 1634 750 179 4 0 0 0 0 0 0 0 0 0 0 0 0
1565	sub_1565_0353400.log	DONE exit=20	200	True	51001	0 0 0 0 0 0 0 0 0 0 0 579 833 589 202 31 0 0 0 0 0 0 0 0 0 0 0 0 0
1565	sub_1565_0353600.log	DONE exit=20	200	True	118903	0 0 0 0 0 0 0 0 0 0 0 1011 2174 1844 509 25 0 0 0 0 0 0 0 0 0 0 0 0 0
1565	sub_1565_0353800.log	DONE exit=20	200	True	50108	0 0 0 0 0 0 0 0 0 0 0 775 881 332 57 4 0 0 0 0 0 0 0 0 0 0 0 0 0
1565	sub_1565_0354000.log	DONE exit=20	200	True	46077	0 0 0 0 0 0 0 0 0 0 0 621 776 447 125 16 1 0 0 0 0 0 0 0 0 0 0 0 0
1565	sub_1565_0354200.log	DONE exit=20	200	True	54348	0 0 0 0 0 0 0 0 0 0 0 628 875 591 179 18 1 0 0 0 0 0 0 0 0 0 0 0 0
1565	sub_1565_0354400.log	DONE exit=20	200	True	79306	0 0 0 0 0 0 0 0 0 0 0 659 1006 931 703 255 10 0 0 0 0 0 0 0 0 0 0 0 0
1565	sub_1565_0354600.log	DONE exit=20	200	True	123818	0 0 0 0 0 0 0 0 0 0 0 852 1796 2082 1396 373 4 0 0 0 0 0 0 0 0 0 0 0 0
1565	sub_1565_0354800.log	DONE exit=20	200	True	30059	0 0 0 0 0 0 0 0 0 0 0 525 448 149 17 1 0 0 0 0 0 0 0 0 0 0 0 0 0
1565	sub_1565_0355000.log	DONE exit=20	200	True	71704	0 0 0 0 0 0 0 0 0 0 0 587 788 887 494 26 0 0 0 0 0 0 0 0 0 0 0 0 0
1565	sub_1565_0355200.log	DONE exit=20	200	True	343460	0 0 0 0 0 0 0 0 0 0 0 1051 2966 5870 5290 1779 115 10 0 0 0 0 0 0 0 0 0 0 0
1565	sub_1565_0355400.log	DONE exit=20	200	True	239060	0 0 0 0 0 0 0 0 0 0 0 1015 2590 4081 3742 1218 99 0 0 0 0 0 0 0 0 0 0 0 0
1565	sub_1565_0355600.log	DONE exit=20	200	True	54324	0 0 0 0 0 0 0 0 0 0 0 633 825 460 112 8 1 0 0 0 0 0 0 0 0 0 0 0 0
1565	sub_1565_0355800.log	DONE exit=20	200	True	76955	0 0 0 0 0 0 0 0 0 0 0 809 1434 1138 314 28 2 0 0 0 0 0 0 0 0 0 0 0 0
1565	sub_1565_0356000.log	DONE exit=20	200	True	240446	0 0 0 0 0 0 0 0 0 0 0 1024 2570 4125 3653 1334 298 46 0 0 0 0 0 0 0 0 0 0 0
1565	sub_1565_0356200.log	DONE exit=20	200	True	41368	0 0 0 0 0 0 0 0 0 0 0 467 581 338 95 13 1 0 0 0 0 0 0 0 0 0 0 0 0
1565	sub_1565_0356400.log	DONE exit=20	200	True	61668	0 0 0 0 0 0 0 0 0 0 0 515 783 765 408 55 1 0 0 0 0 0 0 0 0 0 0 0 0
1565	sub_1565_0356600.log	DONE exit=20	200	True	124289	0 0 0 0 0 0 0 0 0 0 0 846 1660 1811 978 219 8 0 0 0 0 0 0 0 0 0 0 0 0
1565	sub_1565_0356800.log	DONE exit=20	200	True	215580	0 0 0 0 0 0 0 0 0 0 0 1012 2558 3795 3115 664 22 0 0 0 0 0 0 0 0 0 0 0 0
1565	sub_1565_0357000.log	DONE exit=20	200	True	37555	0 0 0 0 0 0 0 0 0 0 0 548 540 194 14 0 0 0 0 0 0 0 0 0 0 0 0 0 0
1565	sub_1565_0357200.log	DONE exit=20	200	True	294483	0 0 0 0 0 0 0 0 0 0 0 1159 3449 5697 4263 971 83 1 0 0 0 0 0 0 0 0 0 0 0
1565	sub_1565_0357400.log	DONE exit=20	200	True	92570	0 0 0 0 0 0 0 0 0 0 0 776 1311 1176 493 37 3 0 0 0 0 0 0 0 0 0 0 0 0
1565	sub_1565_0357600.log	DONE exit=20	200	True	438782	0 0 0 0 0 0 0 0 0 0 0 1570 5466 8890 6039 1746 352 37 0 0 0 0 0 0 0 0 0 0 0
1565	sub_1565_0357800.log	DONE exit=20	200	True	396400	0 0 0 0 0 0 0 0 0 0 0 1574 5722 9291 5866 1251 92 0 0 0 0 0 0 0 0 0 0 0 0
1565	sub_1565_0358000.log	DONE exit=20	200	True	153443	0 0 0 0 0 0 0 0 0 0 0 902 2145 2229 1044 192 26 0 0 0 0 0 0 0 0 0 0 0 0
1565	sub_1565_0358200.log	DONE exit=20	200	True	162198	0 0 0 0 0 0 0 0 0 0 0 1029 2208 2333 1211 276 25 5 1 0 0 0 0 0 0 0 0 0 0
1565	sub_1565_0358400.log	DONE exit=20	200	True	147478	0 0 0 0 0 0 0 0 0 0 0 835 1847 2249 1556 713 4 0 0 0 0 0 0 0 0 0 0 0 0
1565	sub_1565_0358600.log	DONE exit=20	200	True	449599	0 0 0 0 0 0 0 0 0 0 0 1649 5894 9314 5944 1511 106 1 0 0 0 0 0 0 0 0 0 0 0
1565	sub_1565_0358800.log	DONE exit=20	200	True	235281	0 0 0 0 0 0 0 0 0 0 0 1323 3821 4744 2644 594 49 2 0 0 0 0 0 0 0 0 0 0 0
1565	sub_1565_0359000.log	DONE exit=20	200	True	148154	0 0 0 0 0 0 0 0 0 0 0 728 1642 2403 1786 399 9 0 0 0 0 0 0 0 0 0 0 0 0
1565	sub_1565_0359200.log	DONE exit=20	200	True	206851	0 0 0 0 0 0 0 0 0 0 0 1072 2685 3726 2826 507 15 1 0 0 0 0 0 0 0 0 0 0 0
1565	sub_1565_0359400.log	DONE exit=20	200	True	344942	0 0 0 0 0 0 0 0 0 0 0 1187 3430 6224 5080 880 71 7 0 0 0 0 0 0 0 0 0 0 0
1565	sub_1565_0359600.log	DONE exit=20	200	True	688291	0 0 0 0 0 0 0 0 0 0 0 1511 5870 12544 13501 6028 1145 129 8 0 0 0 0 0 0 0 0 0 0
1565	sub_1565_0359800.log	DONE exit=20	200	True	44016	0 0 0 0 0 0 0 0 0 0 0 572 631 247 33 1 0 0 0 0 0 0 0 0 0 0 0 0 0
1565	sub_1565_0360000.log	DONE exit=20	200	True	198502	0 0 0 0 0 0 0 0 0 0 0 977 2516 3601 2828 706 51 1 0 0 0 0 0 0 0 0 0 0 0
1565	sub_1565_0360200.log	DONE exit=20	200	True	130800	0 0 0 0 0 0 0 0 0 0 0 745 1461 2269 1448 230 13 0 0 0 0 0 0 0 0 0 0 0 0
1565	sub_1565_0360400.log	DONE exit=20	200	True	39177	0 0 0 0 0 0 0 0 0 0 0 503 405 89 3 0 0 0 0 0 0 0 0 0 0 0 0 0 0
1565	sub_1565_0360600.log	DONE exit=20	200	True	147038	0 0 0 0 0 0 0 0 0 0 0 967 2116 2438 1061 136 3 0 0 0 0 0 0 0 0 0 0 0 0
1565	sub_1565_0360800.log	DONE exit=20	200	True	145338	0 0 0 0 0 0 0 0 0 0 0 851 1975 2336 1535 385 36 0 0 0 0 0 0 0 0 0 0 0 0
1565	sub_1565_0361000.log	DONE exit=20	200	True	52402	0 0 0 0 0 0 0 0 0 0 0 585 750 280 35 1 0 0 0 0 0 0 0 0 0 0 0 0 0
1565	sub_1565_0361200.log	DONE exit=20	200	True	49503	0 0 0 0 0 0 0 0 0 0 0 576 619 309 95 10 0 0 0 0 0 0 0 0 0 0 0 0 0
1565	sub_1565_0361400.log	DONE exit=20	200	True	41093	0 0 0 0 0 0 0 0 0 0 0 493 488 135 14 0 0 0 0 0 0 0 0 0 0 0 0 0 0
1565	sub_1565_0361600.log	DONE exit=20	200	True	47881	0 0 0 0 0 0 0 0 0 0 0 564 641 222 18 2 0 0 0 0 0 0 0 0 0 0 0 0 0
1565	sub_1565_0361800.log	DONE exit=20	200	True	101546	0 0 0 0 0 0 0 0 0 0 0 890 1636 1308 607 138 11 0 0 0 0 0 0 0 0 0 0 0 0
1565	sub_1565_0362000.log	DONE exit=20	200	True	120840	0 0 0 0 0 0 0 0 0 0 0 862 1825 2078 888 96 0 0 0 0 0 0 0 0 0 0 0 0 0
1565	sub_1565_0362200.log	DONE exit=20	200	True	100110	0 0 0 0 0 0 0 0 0 0 0 740 1445 1456 841 142 11 0 0 0 0 0 0 0 0 0 0 0 0
1565	sub_1565_0362400.log	DONE exit=20	200	True	39694	0 0 0 0 0 0 0 0 0 0 0 531 503 126 7 1 0 0 0 0 0 0 0 0 0 0 0 0 0
1565	sub_1565_0362600.log	DONE exit=20	200	True	35365	0 0 0 0 0 0 0 0 0 0 0 482 483 218 23 0 0 0 0 0 0 0 0 0 0 0 0 0 0
1565	sub_1565_0362800.log	DONE exit=20	200	True	1036247	0 0 0 0 0 0 0 0 0 0 0 1248 5020 11136 10261 2980 258 8 0 0 0 0 0 0 0 0 0 0 0
1565	sub_1565_0363000.log	DONE exit=20	200	True	3599155	0 0 0 0 0 0 0 0 0 0 0 1965 10083 26695 34746 19485 1986 421 0 0 0 0 0 0 0 0 0 0 0
1565	sub_1565_0363200.log	DONE exit=20	200	True	11478336	0 0 0 0 0 0 0 0 0 0 0 1890 10005 28927 55209 71470 82307 66664 54400 48273 14298 0 0 0 0 0 0 0 0
1565	sub_1565_0363400.log	DONE exit=20	200	True	1040381	0 0 0 0 0 0 0 0 0 0 0 1052 3483 6908 8662 6722 1662 251 0 0 0 0 0 0 0 0 0 0 0
1565	sub_1565_0363600.log	DONE exit=20	200	True	57006	0 0 0 0 0 0 0 0 0 0 0 667 844 500 82 0 0 0 0 0 0 0 0 0 0 0 0 0 0
1565	sub_1565_0363800.log	DONE exit=20	200	True	462343916	0 0 0 0 0 0 0 0 0 0 0 3085 27387 156766 626522 1688822 3249460 5214801 6907092 3864190 1067180 0 0 0 0 0 0 0 0
1565	sub_1565_0364000.log	DONE exit=20	200	True	1422357	0 0 0 0 0 0 0 0 0 0 0 1731 7293 14173 13184 4466 940 40 0 0 0 0 0 0 0 0 0 0 0
1565	sub_1565_0364200.log	DONE exit=20	200	True	9027727	0 0 0 0 0 0 0 0 0 0 0 1720 5774 13144 26404 53284 86143 98896 11842 7591 3003 0 0 0 0 0 0 0 0
1565	sub_1565_0364400.log	DONE exit=20	200	True	22481846	0 0 0 0 0 0 0 0 0 0 0 2176 9601 29623 69530 140182 207697 266047 62078 37623 9985 0 0 0 0 0 0 0 0
1565	sub_1565_0364600.log	DONE exit=20	200	True	189816	0 0 0 0 0 0 0 0 0 0 0 665 1438 1562 1114 568 7 0 0 0 0 0 0 0 0 0 0 0 0
1565	sub_1565_0364800.log	DONE exit=20	200	True	778750	0 0 0 0 0 0 0 0 0 0 0 940 2716 4422 5895 4721 181 0 0 0 0 0 0 0 0 0 0 0 0
1565	sub_1565_0365000.log	DONE exit=20	200	True	238396	0 0 0 0 0 0 0 0 0 0 0 777 1440 2045 1534 185 0 0 0 0 0 0 0 0 0 0 0 0 0
1565	sub_1565_0365200.log	DONE exit=20	200	True	272975	0 0 0 0 0 0 0 0 0 0 0 729 1550 2316 2093 603 2 0 0 0 0 0 0 0 0 0 0 0 0
1565	sub_1565_0365400.log	DONE exit=20	200	True	335079	0 0 0 0 0 0 0 0 0 0 0 612 1027 2535 2544 877 0 0 0 0 0 0 0 0 0 0 0 0 0
1565	sub_1565_0365600.log	DONE exit=20	200	True	344945	0 0 0 0 0 0 0 0 0 0 0 929 1831 2695 2585 1410 23 0 0 0 0 0 0 0 0 0 0 0 0
1565	sub_1565_0365800.log	DONE exit=20	200	True	1376763	0 0 0 0 0 0 0 0 0 0 0 789 2572 7222 13686 12126 2485 9 0 0 0 0 0 0 0 0 0 0 0
1565	sub_1565_0366000.log	DONE exit=20	200	True	127128	0 0 0 0 0 0 0 0 0 0 0 954 1570 999 231 40 0 0 0 0 0 0 0 0 0 0 0 0 0
1565	sub_1565_0366200.log	DONE exit=20	200	True	233698	0 0 0 0 0 0 0 0 0 0 0 703 1270 1823 1830 726 2 0 0 0 0 0 0 0 0 0 0 0 0
1565	sub_1565_0366400.log	DONE exit=20	200	True	340624	0 0 0 0 0 0 0 0 0 0 0 918 1963 2957 2585 964 4 0 0 0 0 0 0 0 0 0 0 0 0
1565	sub_1565_0366600.log	DONE exit=20	200	True	57248	0 0 0 0 0 0 0 0 0 0 0 364 339 326 214 99 0 0 0 0 0 0 0 0 0 0 0 0 0
1565	sub_1565_0366800.log	DONE exit=20	200	True	20712	0 0 0 0 0 0 0 0 0 0 0 219 78 15 1 0 0 0 0 0 0 0 0 0 0 0 0 0 0
1565	sub_1565_0367000.log	DONE exit=20	200	True	559072	0 0 0 0 0 0 0 0 0 0 0 925 3125 5697 4463 2016 78 11 0 0 0 0 0 0 0 0 0 0 0
1565	sub_1565_0367200.log	DONE exit=20	200	True	849035	0 0 0 0 0 0 0 0 0 0 0 1305 4227 7101 6889 3971 1531 183 0 0 0 0 0 0 0 0 0 0 0
1565	sub_1565_0367400.log	DONE exit=20	200	True	767129	0 0 0 0 0 0 0 0 0 0 0 1463 4839 7404 6055 2372 551 208 8 0 0 0 0 0 0 0 0 0 0
1565	sub_1565_0367600.log	DONE exit=20	200	True	1177360	0 0 0 0 0 0 0 0 0 0 0 1686 7393 16084 18564 11575 3005 162 0 0 0 0 0 0 0 0 0 0 0
1565	sub_1565_0367800.log	DONE exit=20	200	True	1602608	0 0 0 0 0 0 0 0 0 0 0 1880 8091 17095 16666 9505 1532 102 0 0 0 0 0 0 0 0 0 0 0
1565	sub_1565_0368000.log	DONE exit=20	200	True	1106298	0 0 0 0 0 0 0 0 0 0 0 1467 4990 8475 9100 4978 2399 243 0 0 0 0 0 0 0 0 0 0 0
1565	sub_1565_0368200.log	DONE exit=20	200	True	826255	0 0 0 0 0 0 0 0 0 0 0 1506 5317 8387 6467 2948 773 286 8 0 0 0 0 0 0 0 0 0 0
1565	sub_1565_0368400.log	DONE exit=20	200	True	1085075	0 0 0 0 0 0 0 0 0 0 0 1787 6602 11009 9648 3494 434 56 0 0 0 0 0 0 0 0 0 0 0
1565	sub_1565_0368600.log	DONE exit=20	200	True	402133	0 0 0 0 0 0 0 0 0 0 0 1211 3279 4087 2919 1405 14 0 0 0 0 0 0 0 0 0 0 0 0
1565	sub_1565_0368800.log	DONE exit=20	200	True	303360	0 0 0 0 0 0 0 0 0 0 0 1656 4648 4802 2252 389 14 0 0 0 0 0 0 0 0 0 0 0 0
1565	sub_1565_0369000.log	DONE exit=20	200	True	372941	0 0 0 0 0 0 0 0 0 0 0 1501 4885 7418 5190 1516 279 36 0 0 0 0 0 0 0 0 0 0 0
1565	sub_1565_0369200.log	DONE exit=20	200	True	528220	0 0 0 0 0 0 0 0 0 0 0 1514 5486 9939 7325 1130 28 0 0 0 0 0 0 0 0 0 0 0 0
1565	sub_1565_0369400.log	DONE exit=20	200	True	416580	0 0 0 0 0 0 0 0 0 0 0 1682 5995 8569 4423 765 36 0 0 0 0 0 0 0 0 0 0 0 0
1565	sub_1565_0369600.log	DONE exit=20	200	True	73557574	0 0 0 0 0 0 0 0 0 0 0 2125 13914 63912 222245 557451 905346 787727 279035 130228 38907 0 0 0 0 0 0 0 0
1565	sub_1565_0369800.log	DONE exit=20	200	True	49301675	0 0 0 0 0 0 0 0 0 0 0 2332 13918 53376 155745 359308 551330 431509 294219 196932 54284 0 0 0 0 0 0 0 0
1565	sub_1565_0370000.log	DONE exit=20	200	True	3656492	0 0 0 0 0 0 0 0 0 0 0 2059 10756 29519 38451 28709 14055 6835 734 199 76 0 0 0 0 0 0 0 0
1565	sub_1565_0370200.log	DONE exit=20	200	True	18476939	0 0 0 0 0 0 0 0 0 0 0 1877 10060 31904 63597 104685 158877 195510 189208 140943 41380 0 0 0 0 0 0 0 0
1565	sub_1565_0370400.log	DONE exit=20	200	True	3539402	0 0 0 0 0 0 0 0 0 0 0 1817 9983 29747 42725 29049 9549 1804 4 0 0 0 0 0 0 0 0 0 0
1565	sub_1565_0370600.log	DONE exit=20	200	True	7600684	0 0 0 0 0 0 0 0 0 0 0 1994 10604 29878 47775 56054 57684 50805 39654 26315 9158 0 0 0 0 0 0 0 0
1565	sub_1565_0370800.log	DONE exit=20	200	True	515209	0 0 0 0 0 0 0 0 0 0 0 1148 3166 4964 2553 1041 2 2 0 0 0 0 0 0 0 0 0 0 0
1565	sub_1565_0371000.log	DONE exit=20	200	True	301653	0 0 0 0 0 0 0 0 0 0 0 1129 2896 3070 1567 210 1 0 0 0 0 0 0 0 0 0 0 0 0
1565	sub_1565_0371200.log	DONE exit=20	200	True	593864	0 0 0 0 0 0 0 0 0 0 0 1376 4184 5890 4411 1246 1 0 0 0 0 0 0 0 0 0 0 0 0
1565	sub_1565_0371400.log	DONE exit=20	200	True	305207	0 0 0 0 0 0 0 0 0 0 0 993 3011 4556 3883 1917 209 2 0 0 0 0 0 0 0 0 0 0 0
1565	sub_1565_0371600.log	DONE exit=20	200	True	79148	0 0 0 0 0 0 0 0 0 0 0 1016 1967 1581 535 109 12 0 0 0 0 0 0 0 0 0 0 0 0
1565	sub_1565_0371800.log	DONE exit=20	200	True	84632	0 0 0 0 0 0 0 0 0 0 0 797 1393 1038 292 30 0 0 0 0 0 0 0 0 0 0 0 0 0
1565	sub_1565_0372000.log	DONE exit=20	200	True	73147685	0 0 0 0 0 0 0 0 0 0 0 2145 17921 97359 344394 745803 865802 370281 77907 27751 6540 0 0 0 0 0 0 0 0
1565	sub_1565_0372200.log	DONE exit=20	200	True	183953165	0 0 0 0 0 0 0 0 0 0 0 3143 24012 108833 339284 769985 1352838 2083185 2751051 1903270 737320 0 0 0 0 0 0 0 0
1565	sub_1565_0372400.log	DONE exit=20	200	True	1172435	0 0 0 0 0 0 0 0 0 0 0 1746 6615 12311 11371 5654 1310 38 0 0 0 0 0 0 0 0 0 0 0
1565	sub_1565_0372600.log	DONE exit=20	200	True	6451378	0 0 0 0 0 0 0 0 0 0 0 1683 6209 15741 34075 61489 67251 22693 424 6 4 0 0 0 0 0 0 0 0
1565	sub_1565_0372800.log	DONE exit=20	200	True	24320684	0 0 0 0 0 0 0 0 0 0 0 1720 6367 16980 44773 110274 198252 280331 272496 171454 51423 0 0 0 0 0 0 0 0
1565	sub_1565_0373000.log	DONE exit=20	200	True	20316409	0 0 0 0 0 0 0 0 0 0 0 2228 11053 33877 75525 140346 196839 208917 118143 75538 23590 0 0 0 0 0 0 0 0
1565	sub_1565_0373200.log	DONE exit=20	200	True	6034967	0 0 0 0 0 0 0 0 0 0 0 1529 5258 12393 25121 43863 49503 38858 32316 16179 1873 0 0 0 0 0 0 0 0
1565	sub_1565_0373400.log	DONE exit=20	200	True	1968554	0 0 0 0 0 0 0 0 0 0 0 1559 5803 11439 15018 13897 9435 3418 0 0 0 0 0 0 0 0 0 0 0
1565	sub_1565_0373600.log	DONE exit=20	200	True	44153	0 0 0 0 0 0 0 0 0 0 0 552 583 325 93 5 0 0 0 0 0 0 0 0 0 0 0 0 0
1565	sub_1565_0373800.log	DONE exit=20	200	True	596803	0 0 0 0 0 0 0 0 0 0 0 831 2132 3727 5269 4145 366 3 0 0 0 0 0 0 0 0 0 0 0
1565	sub_1565_0374000.log	DONE exit=20	200	True	2682875	0 0 0 0 0 0 0 0 0 0 0 1135 3711 8950 17535 21712 15515 11429 6802 1200 178 0 0 0 0 0 0 0 0
1565	sub_1565_0374200.log	DONE exit=20	200	True	195955	0 0 0 0 0 0 0 0 0 0 0 543 1093 1382 1188 618 0 0 0 0 0 0 0 0 0 0 0 0 0
1565	sub_1565_0374400.log	DONE exit=20	200	True	256251	0 0 0 0 0 0 0 0 0 0 0 681 1350 1647 1870 1126 0 0 0 0 0 0 0 0 0 0 0 0 0
1565	sub_1565_0374600.log	DONE exit=20	200	True	578597	0 0 0 0 0 0 0 0 0 0 0 756 2205 3812 4876 3054 395 2 0 0 0 0 0 0 0 0 0 0 0
1565	sub_1565_0374800.log	DONE exit=20	200	True	24916	0 0 0 0 0 0 0 0 0 0 0 367 214 54 6 0 0 0 0 0 0 0 0 0 0 0 0 0 0
1565	sub_1565_0375000.log	DONE exit=20	200	True	38021	0 0 0 0 0 0 0 0 0 0 0 493 513 296 55 2 0 0 0 0 0 0 0 0 0 0 0 0 0
1565	sub_1565_0375200.log	DONE exit=20	200	True	106309	0 0 0 0 0 0 0 0 0 0 0 757 1282 1621 701 29 0 0 0 0 0 0 0 0 0 0 0 0 0
1565	sub_1565_0375400.log	DONE exit=20	200	True	338504	0 0 0 0 0 0 0 0 0 0 0 800 1813 2921 2803 1036 5 0 0 0 0 0 0 0 0 0 0 0 0
1565	sub_1565_0375600.log	DONE exit=20	200	True	35606	0 0 0 0 0 0 0 0 0 0 0 400 417 247 49 0 0 0 0 0 0 0 0 0 0 0 0 0 0
1565	sub_1565_0375800.log	DONE exit=20	200	True	282999	0 0 0 0 0 0 0 0 0 0 0 606 1141 1910 2465 1640 356 4 0 0 0 0 0 0 0 0 0 0 0
1565	sub_1565_0376000.log	DONE exit=20	200	True	317571	0 0 0 0 0 0 0 0 0 0 0 589 1115 2138 3267 2274 187 3 0 0 0 0 0 0 0 0 0 0 0
1565	sub_1565_0376200.log	DONE exit=20	200	True	109865	0 0 0 0 0 0 0 0 0 0 0 737 1382 1812 852 64 2 0 0 0 0 0 0 0 0 0 0 0 0
1565	sub_1565_0376400.log	DONE exit=20	200	True	192223	0 0 0 0 0 0 0 0 0 0 0 571 880 1510 1362 599 0 0 0 0 0 0 0 0 0 0 0 0 0
1565	sub_1565_0376600.log	DONE exit=20	200	True	566437	0 0 0 0 0 0 0 0 0 0 0 666 1583 3679 4874 3697 852 9 0 0 0 0 0 0 0 0 0 0 0
1565	sub_1565_0376800.log	DONE exit=20	200	True	727777	0 0 0 0 0 0 0 0 0 0 0 833 2032 4513 7433 5450 834 3 0 0 0 0 0 0 0 0 0 0 0
1565	sub_1565_0377000.log	DONE exit=20	200	True	541999	0 0 0 0 0 0 0 0 0 0 0 812 1951 3327 4898 3921 1035 14 0 0 0 0 0 0 0 0 0 0 0
1565	sub_1565_0377200.log	DONE exit=20	200	True	7448916	0 0 0 0 0 0 0 0 0 0 0 1802 7304 15657 24377 41525 74366 84860 27196 14587 3162 0 0 0 0 0 0 0 0
1565	sub_1565_0377400.log	DONE exit=20	200	True	7308179	0 0 0 0 0 0 0 0 0 0 0 1557 6601 19447 42035 61873 68584 47138 21104 7233 1705 0 0 0 0 0 0 0 0
1565	sub_1565_0377600.log	DONE exit=20	200	True	105802	0 0 0 0 0 0 0 0 0 0 0 871 1627 1262 421 43 0 0 0 0 0 0 0 0 0 0 0 0 0
1565	sub_1565_0377800.log	DONE exit=20	200	True	402572	0 0 0 0 0 0 0 0 0 0 0 1310 4151 7152 5564 1392 141 7 0 0 0 0 0 0 0 0 0 0 0
1565	sub_1565_0378000.log	DONE exit=20	200	True	49824	0 0 0 0 0 0 0 0 0 0 0 530 664 429 136 15 0 0 0 0 0 0 0 0 0 0 0 0 0
1565	sub_1565_0378200.log	DONE exit=20	200	True	184011	0 0 0 0 0 0 0 0 0 0 0 995 2389 3487 2729 563 19 0 0 0 0 0 0 0 0 0 0 0 0
1565	sub_1565_0378400.log	DONE exit=20	200	True	307251	0 0 0 0 0 0 0 0 0 0 0 892 2404 4209 3046 742 5 0 0 0 0 0 0 0 0 0 0 0 0
1565	sub_1565_0378600.log	DONE exit=20	200	True	248690	0 0 0 0 0 0 0 0 0 0 0 755 1783 3274 2484 1124 66 0 0 0 0 0 0 0 0 0 0 0 0
1565	sub_1565_0378800.log	DONE exit=20	200	True	108001	0 0 0 0 0 0 0 0 0 0 0 811 1438 1176 321 23 0 0 0 0 0 0 0 0 0 0 0 0 0
1565	sub_1565_0379000.log	DONE exit=20	200	True	862537	0 0 0 0 0 0 0 0 0 0 0 1230 3796 7584 9071 5728 841 0 0 0 0 0 0 0 0 0 0 0 0
1565	sub_1565_0379200.log	DONE exit=20	200	True	27616	0 0 0 0 0 0 0 0 0 0 0 277 236 148 23 0 0 0 0 0 0 0 0 0 0 0 0 0 0
1565	sub_1565_0379400.log	DONE exit=20	200	True	58870	0 0 0 0 0 0 0 0 0 0 0 425 358 211 170 83 0 0 0 0 0 0 0 0 0 0 0 0 0
1565	sub_1565_0379600.log	DONE exit=20	200	True	169097	0 0 0 0 0 0 0 0 0 0 0 712 1315 1601 1221 222 0 0 0 0 0 0 0 0 0 0 0 0 0
1565	sub_1565_0379800.log	DONE exit=20	200	True	366872	0 0 0 0 0 0 0 0 0 0 0 1062 2361 3254 2784 2056 181 3 0 0 0 0 0 0 0 0 0 0 0
1565	sub_1565_0380000.log	DONE exit=20	200	True	719462	0 0 0 0 0 0 0 0 0 0 0 1040 2937 5381 7396 4869 261 6 0 0 0 0 0 0 0 0 0 0 0
1565	sub_1565_0380200.log	DONE exit=20	200	True	38384	0 0 0 0 0 0 0 0 0 0 0 507 473 157 23 0 0 0 0 0 0 0 0 0 0 0 0 0 0
1565	sub_1565_0380400.log	DONE exit=20	200	True	29076	0 0 0 0 0 0 0 0 0 0 0 379 277 71 18 0 0 0 0 0 0 0 0 0 0 0 0 0 0
1565	sub_1565_0380600.log	DONE exit=20	200	True	30417	0 0 0 0 0 0 0 0 0 0 0 418 260 45 2 0 0 0 0 0 0 0 0 0 0 0 0 0 0
1565	sub_1565_0380800.log	DONE exit=20	200	True	223394	0 0 0 0 0 0 0 0 0 0 0 759 1347 1499 1672 879 3 0 0 0 0 0 0 0 0 0 0 0 0
1565	sub_1565_0381000.log	DONE exit=20	200	True	120394	0 0 0 0 0 0 0 0 0 0 0 797 1278 859 309 36 0 0 0 0 0 0 0 0 0 0 0 0 0
1565	sub_1565_0381200.log	DONE exit=20	200	True	455271	0 0 0 0 0 0 0 0 0 0 0 872 2088 2719 3453 2476 95 0 0 0 0 0 0 0 0 0 0 0 0
1565	sub_1565_0381400.log	DONE exit=20	200	True	281127	0 0 0 0 0 0 0 0 0 0 0 1170 2842 2955 1622 514 11 0 0 0 0 0 0 0 0 0 0 0 0
1565	sub_1565_0381600.log	DONE exit=20	200	True	302627	0 0 0 0 0 0 0 0 0 0 0 1198 2783 2639 1350 481 0 0 0 0 0 0 0 0 0 0 0 0 0
1565	sub_1565_0381800.log	DONE exit=20	200	True	496976	0 0 0 0 0 0 0 0 0 0 0 1060 2101 2670 3864 3174 58 0 0 0 0 0 0 0 0 0 0 0 0
1565	sub_1565_0382000.log	DONE exit=20	200	True	190529	0 0 0 0 0 0 0 0 0 0 0 1119 2284 1600 604 51 0 0 0 0 0 0 0 0 0 0 0 0 0
1565	sub_1565_0382200.log	DONE exit=20	200	True	136617	0 0 0 0 0 0 0 0 0 0 0 695 1205 1170 479 45 0 0 0 0 0 0 0 0 0 0 0 0 0
1565	sub_1565_0382400.log	DONE exit=20	200	True	268659	0 0 0 0 0 0 0 0 0 0 0 1005 2363 2129 1306 575 13 0 0 0 0 0 0 0 0 0 0 0 0
1565	sub_1565_0382600.log	DONE exit=20	200	True	207040	0 0 0 0 0 0 0 0 0 0 0 860 1588 1475 898 456 0 0 0 0 0 0 0 0 0 0 0 0 0
1565	sub_1565_0382800.log	DONE exit=20	200	True	108118	0 0 0 0 0 0 0 0 0 0 0 904 1977 1799 546 23 2 0 0 0 0 0 0 0 0 0 0 0 0
1565	sub_1565_0383000.log	DONE exit=20	200	True	90702	0 0 0 0 0 0 0 0 0 0 0 816 1361 1300 608 102 11 2 0 0 0 0 0 0 0 0 0 0 0
1565	sub_1565_0383200.log	DONE exit=20	200	True	139707	0 0 0 0 0 0 0 0 0 0 0 650 1055 1106 515 249 0 0 0 0 0 0 0 0 0 0 0 0 0
1565	sub_1565_0383400.log	DONE exit=20	200	True	470549	0 0 0 0 0 0 0 0 0 0 0 908 2402 3397 3466 2419 265 2 0 0 0 0 0 0 0 0 0 0 0
1565	sub_1565_0383600.log	DONE exit=20	200	True	286858	0 0 0 0 0 0 0 0 0 0 0 681 1351 1694 2126 1533 6 0 0 0 0 0 0 0 0 0 0 0 0
1565	sub_1565_0383800.log	DONE exit=20	200	True	282066	0 0 0 0 0 0 0 0 0 0 0 711 1663 2209 1483 703 0 0 0 0 0 0 0 0 0 0 0 0 0
1565	sub_1565_0384000.log	DONE exit=20	200	True	510587	0 0 0 0 0 0 0 0 0 0 0 903 2140 3140 4028 3516 696 1 0 0 0 0 0 0 0 0 0 0 0
1565	sub_1565_0384200.log	DONE exit=20	200	True	344581	0 0 0 0 0 0 0 0 0 0 0 794 1977 2742 2749 1519 27 0 0 0 0 0 0 0 0 0 0 0 0
1565	sub_1565_0384400.log	DONE exit=20	200	True	567006	0 0 0 0 0 0 0 0 0 0 0 859 2207 3523 4667 3991 996 84 0 0 0 0 0 0 0 0 0 0 0
1565	sub_1565_0384600.log	DONE exit=20	200	True	587981	0 0 0 0 0 0 0 0 0 0 0 818 2257 3505 4184 3811 695 1 0 0 0 0 0 0 0 0 0 0 0
1565	sub_1565_0384800.log	DONE exit=20	200	True	300400	0 0 0 0 0 0 0 0 0 0 0 769 1479 1702 1700 1232 1 0 0 0 0 0 0 0 0 0 0 0 0
1565	sub_1565_0385000.log	DONE exit=20	200	True	286606	0 0 0 0 0 0 0 0 0 0 0 698 1679 2155 1672 1044 0 0 0 0 0 0 0 0 0 0 0 0 0
1565	sub_1565_0385200.log	DONE exit=20	200	True	494933	0 0 0 0 0 0 0 0 0 0 0 889 2145 3210 4337 3529 363 5 0 0 0 0 0 0 0 0 0 0 0
1565	sub_1565_0385400.log	DONE exit=20	200	True	70798	0 0 0 0 0 0 0 0 0 0 0 879 1551 1190 360 34 5 0 0 0 0 0 0 0 0 0 0 0 0
1565	sub_1565_0385600.log	DONE exit=20	200	True	74925	0 0 0 0 0 0 0 0 0 0 0 796 1358 1151 426 79 3 0 0 0 0 0 0 0 0 0 0 0 0
1565	sub_1565_0385800.log	DONE exit=20	200	True	1298205	0 0 0 0 0 0 0 0 0 0 0 1268 4097 7730 7848 5691 7095 3147 0 0 0 0 0 0 0 0 0 0 0
1565	sub_1565_0386000.log	DONE exit=20	200	True	2101812	0 0 0 0 0 0 0 0 0 0 0 1022 2831 5774 9108 14077 20345 10794 150 0 0 0 0 0 0 0 0 0 0
1565	sub_1565_0386200.log	DONE exit=20	200	True	65290	0 0 0 0 0 0 0 0 0 0 0 618 899 778 406 69 0 0 0 0 0 0 0 0 0 0 0 0 0
1565	sub_1565_0386400.log	DONE exit=20	200	True	59623	0 0 0 0 0 0 0 0 0 0 0 628 866 540 218 54 0 0 0 0 0 0 0 0 0 0 0 0 0
1565	sub_1565_0386600.log	DONE exit=20	200	True	89489	0 0 0 0 0 0 0 0 0 0 0 843 1454 1263 592 83 0 0 0 0 0 0 0 0 0 0 0 0 0
1565	sub_1565_0386800.log	DONE exit=20	200	True	73355	0 0 0 0 0 0 0 0 0 0 0 722 1227 965 371 61 0 0 0 0 0 0 0 0 0 0 0 0 0
1565	sub_1565_0387000.log	DONE exit=20	200	True	203089	0 0 0 0 0 0 0 0 0 0 0 859 2050 2609 1554 543 14 0 0 0 0 0 0 0 0 0 0 0 0
1565	sub_1565_0387200.log	DONE exit=20	200	True	848802	0 0 0 0 0 0 0 0 0 0 0 1171 3739 6450 6085 4326 281 4 0 0 0 0 0 0 0 0 0 0 0
1565	sub_1565_0387400.log	DONE exit=20	200	True	359061	0 0 0 0 0 0 0 0 0 0 0 654 1231 1834 2774 2888 963 32 0 0 0 0 0 0 0 0 0 0 0
1565	sub_1565_0387600.log	DONE exit=20	200	True	114244	0 0 0 0 0 0 0 0 0 0 0 735 1558 2001 1187 369 34 1 0 0 0 0 0 0 0 0 0 0 0
1565	sub_1565_0387800.log	DONE exit=20	200	True	128024	0 0 0 0 0 0 0 0 0 0 0 763 1603 2013 1114 291 20 0 0 0 0 0 0 0 0 0 0 0 0
1565	sub_1565_0388000.log	DONE exit=20	200	True	409557	0 0 0 0 0 0 0 0 0 0 0 686 1556 2571 3765 3078 286 0 0 0 0 0 0 0 0 0 0 0 0
1565	sub_1565_0388200.log	DONE exit=20	200	True	283364	0 0 0 0 0 0 0 0 0 0 0 682 1411 1817 1806 1161 17 0 0 0 0 0 0 0 0 0 0 0 0
1565	sub_1565_0388400.log	DONE exit=20	200	True	1802779	0 0 0 0 0 0 0 0 0 0 0 966 3229 8062 14084 14465 10923 3234 26 8 0 0 0 0 0 0 0 0 0
1565	sub_1565_0388600.log	DONE exit=20	200	True	1208447	0 0 0 0 0 0 0 0 0 0 0 1049 3179 6874 11446 10612 4158 63 0 0 0 0 0 0 0 0 0 0 0
1565	sub_1565_0388800.log	DONE exit=20	200	True	400201	0 0 0 0 0 0 0 0 0 0 0 950 2056 2430 3074 2789 223 0 0 0 0 0 0 0 0 0 0 0 0
1565	sub_1565_0389000.log	DONE exit=20	200	True	2678875	0 0 0 0 0 0 0 0 0 0 0 1345 5116 10753 14459 21033 22859 11223 713 4 3 0 0 0 0 0 0 0 0
1565	sub_1565_0389200.log	DONE exit=20	200	True	300811	0 0 0 0 0 0 0 0 0 0 0 1000 2269 2811 2139 824 10 0 0 0 0 0 0 0 0 0 0 0 0
1565	sub_1565_0389400.log	DONE exit=20	200	True	257440	0 0 0 0 0 0 0 0 0 0 0 1018 2090 2332 1732 742 34 0 0 0 0 0 0 0 0 0 0 0 0
1565	sub_1565_0389600.log	DONE exit=20	200	True	120779	0 0 0 0 0 0 0 0 0 0 0 638 907 831 471 134 0 0 0 0 0 0 0 0 0 0 0 0 0
1565	sub_1565_0389800.log	DONE exit=20	200	True	513015	0 0 0 0 0 0 0 0 0 0 0 935 2280 3457 4797 3636 307 0 0 0 0 0 0 0 0 0 0 0 0
1565	sub_1565_0390000.log	DONE exit=20	200	True	134722	0 0 0 0 0 0 0 0 0 0 0 622 1206 1134 382 127 0 0 0 0 0 0 0 0 0 0 0 0 0
1565	sub_1565_0390200.log	DONE exit=20	200	True	131286	0 0 0 0 0 0 0 0 0 0 0 676 1108 1033 695 362 25 0 0 0 0 0 0 0 0 0 0 0 0
1565	sub_1565_0390400.log	DONE exit=20	200	True	154178	0 0 0 0 0 0 0 0 0 0 0 352 892 1024 702 416 0 0 0 0 0 0 0 0 0 0 0 0 0
1565	sub_1565_0390600.log	DONE exit=20	200	True	773605	0 0 0 0 0 0 0 0 0 0 0 1093 3547 7598 6587 472 4 6 0 0 0 0 0 0 0 0 0 0 0
1565	sub_1565_0390800.log	DONE exit=20	200	True	1831066	0 0 0 0 0 0 0 0 0 0 0 1370 4457 7985 9591 10334 12578 4691 0 0 0 0 0 0 0 0 0 0 0
1565	sub_1565_0391000.log	DONE exit=20	200	True	256547	0 0 0 0 0 0 0 0 0 0 0 799 1754 2452 1752 83 17 1 0 0 0 0 0 0 0 0 0 0 0
1565	sub_1565_0391200.log	DONE exit=20	200	True	241436	0 0 0 0 0 0 0 0 0 0 0 667 1091 1461 1957 1442 39 0 0 0 0 0 0 0 0 0 0 0 0
1565	sub_1565_0391400.log	DONE exit=20	200	True	32835	0 0 0 0 0 0 0 0 0 0 0 423 431 178 36 0 0 0 0 0 0 0 0 0 0 0 0 0 0
1565	sub_1565_0391600.log	DONE exit=20	200	True	461091	0 0 0 0 0 0 0 0 0 0 0 845 1960 2865 3352 3121 849 0 0 0 0 0 0 0 0 0 0 0 0
1565	sub_1565_0391800.log	DONE exit=20	200	True	258319	0 0 0 0 0 0 0 0 0 0 0 743 1632 2357 2046 1014 126 1 0 0 0 0 0 0 0 0 0 0 0
1565	sub_1565_0392000.log	DONE exit=20	200	True	141689	0 0 0 0 0 0 0 0 0 0 0 857 1836 1811 839 59 0 0 0 0 0 0 0 0 0 0 0 0 0
1565	sub_1565_0392200.log	DONE exit=20	200	True	463325	0 0 0 0 0 0 0 0 0 0 0 738 1550 2628 4011 3240 737 0 0 0 0 0 0 0 0 0 0 0 0
1565	sub_1565_0392400.log	DONE exit=20	200	True	279713	0 0 0 0 0 0 0 0 0 0 0 935 1498 1519 2062 1397 7 0 0 0 0 0 0 0 0 0 0 0 0
1565	sub_1565_0392600.log	DONE exit=20	200	True	371334	0 0 0 0 0 0 0 0 0 0 0 729 1330 2474 3783 2438 228 0 0 0 0 0 0 0 0 0 0 0 0
1565	sub_1565_0392800.log	DONE exit=20	200	True	562799	0 0 0 0 0 0 0 0 0 0 0 818 1826 3441 5657 3730 160 0 0 0 0 0 0 0 0 0 0 0 0
1565	sub_1565_0393000.log	DONE exit=20	200	True	405902	0 0 0 0 0 0 0 0 0 0 0 1019 2110 2727 3207 2263 29 0 0 0 0 0 0 0 0 0 0 0 0
1565	sub_1565_0393200.log	DONE exit=20	200	True	25179	0 0 0 0 0 0 0 0 0 0 0 398 257 60 4 1 0 0 0 0 0 0 0 0 0 0 0 0 0
1565	sub_1565_0393400.log	DONE exit=20	200	True	60621	0 0 0 0 0 0 0 0 0 0 0 552 563 259 73 41 0 0 0 0 0 0 0 0 0 0 0 0 0
1565	sub_1565_0393600.log	DONE exit=20	200	True	79155	0 0 0 0 0 0 0 0 0 0 0 627 909 590 117 22 0 0 0 0 0 0 0 0 0 0 0 0 0
1565	sub_1565_0393800.log	DONE exit=20	200	True	498791	0 0 0 0 0 0 0 0 0 0 0 932 2489 4009 3972 2881 501 6 0 0 0 0 0 0 0 0 0 0 0
1565	sub_1565_0394000.log	DONE exit=20	200	True	128089	0 0 0 0 0 0 0 0 0 0 0 729 1122 935 434 83 0 0 0 0 0 0 0 0 0 0 0 0 0
1565	sub_1565_0394200.log	DONE exit=20	200	True	459764	0 0 0 0 0 0 0 0 0 0 0 941 1827 2862 4243 2997 34 0 0 0 0 0 0 0 0 0 0 0 0
1565	sub_1565_0394400.log	DONE exit=20	200	True	68166	0 0 0 0 0 0 0 0 0 0 0 569 691 231 85 27 0 0 0 0 0 0 0 0 0 0 0 0 0
1565	sub_1565_0394600.log	DONE exit=20	200	True	104942	0 0 0 0 0 0 0 0 0 0 0 602 811 705 528 244 0 0 0 0 0 0 0 0 0 0 0 0 0
1565	sub_1565_0394800.log	DONE exit=20	200	True	75307	0 0 0 0 0 0 0 0 0 0 0 692 1215 698 162 20 0 0 0 0 0 0 0 0 0 0 0 0 0
1565	sub_1565_0395000.log	DONE exit=20	200	True	55606	0 0 0 0 0 0 0 0 0 0 0 697 1012 743 300 47 0 0 0 0 0 0 0 0 0 0 0 0 0
1565	sub_1565_0395200.log	DONE exit=20	200	True	82234	0 0 0 0 0 0 0 0 0 0 0 772 1437 834 228 16 0 0 0 0 0 0 0 0 0 0 0 0 0
1565	sub_1565_0395400.log	DONE exit=20	200	True	22361	0 0 0 0 0 0 0 0 0 0 0 395 213 38 3 0 0 0 0 0 0 0 0 0 0 0 0 0 0
1565	sub_1565_0395600.log	DONE exit=20	200	True	42232	0 0 0 0 0 0 0 0 0 0 0 437 583 332 135 7 0 0 0 0 0 0 0 0 0 0 0 0 0
1565	sub_1565_0395800.log	DONE exit=20	200	True	30328	0 0 0 0 0 0 0 0 0 0 0 428 394 140 22 0 0 0 0 0 0 0 0 0 0 0 0 0 0
1565	sub_1565_0396000.log	DONE exit=20	200	True	38611	0 0 0 0 0 0 0 0 0 0 0 515 540 107 7 0 0 0 0 0 0 0 0 0 0 0 0 0 0
1565	sub_1565_0396200.log	DONE exit=20	200	True	55095	0 0 0 0 0 0 0 0 0 0 0 694 851 280 47 9 1 0 0 0 0 0 0 0 0 0 0 0 0
1565	sub_1565_0396400.log	DONE exit=20	200	True	33462	0 0 0 0 0 0 0 0 0 0 0 490 524 240 40 4 1 0 0 0 0 0 0 0 0 0 0 0 0
1565	sub_1565_0396600.log	DONE exit=20	200	True	56593	0 0 0 0 0 0 0 0 0 0 0 671 916 511 89 13 0 0 0 0 0 0 0 0 0 0 0 0 0
1565	sub_1565_0396800.log	DONE exit=20	200	True	117287	0 0 0 0 0 0 0 0 0 0 0 954 1985 1638 635 94 2 0 0 0 0 0 0 0 0 0 0 0 0
1565	sub_1565_0397000.log	DONE exit=20	200	True	53137	0 0 0 0 0 0 0 0 0 0 0 593 823 607 172 17 0 0 0 0 0 0 0 0 0 0 0 0 0
1565	sub_1565_0397200.log	DONE exit=20	200	True	93769	0 0 0 0 0 0 0 0 0 0 0 783 1454 1173 532 30 1 0 0 0 0 0 0 0 0 0 0 0 0
1565	sub_1565_0397400.log	DONE exit=20	200	True	80328	0 0 0 0 0 0 0 0 0 0 0 822 1341 964 313 47 0 0 0 0 0 0 0 0 0 0 0 0 0
1565	sub_1565_0397600.log	DONE exit=20	200	True	54439	0 0 0 0 0 0 0 0 0 0 0 651 826 541 164 9 0 0 0 0 0 0 0 0 0 0 0 0 0
1565	sub_1565_0397800.log	DONE exit=20	200	True	35459	0 0 0 0 0 0 0 0 0 0 0 519 493 120 1 0 0 0 0 0 0 0 0 0 0 0 0 0 0
1565	sub_1565_0398000.log	DONE exit=20	200	True	40741	0 0 0 0 0 0 0 0 0 0 0 582 607 177 18 0 0 0 0 0 0 0 0 0 0 0 0 0 0
1565	sub_1565_0398200.log	DONE exit=20	200	True	91640	0 0 0 0 0 0 0 0 0 0 0 870 1558 1068 334 59 5 0 0 0 0 0 0 0 0 0 0 0 0
1565	sub_1565_0398400.log	DONE exit=20	200	True	52180	0 0 0 0 0 0 0 0 0 0 0 573 792 451 127 9 0 0 0 0 0 0 0 0 0 0 0 0 0
1565	sub_1565_0398600.log	DONE exit=20	200	True	92824	0 0 0 0 0 0 0 0 0 0 0 780 1378 1079 562 35 0 0 0 0 0 0 0 0 0 0 0 0 0
1565	sub_1565_0398800.log	DONE exit=20	200	True	48380	0 0 0 0 0 0 0 0 0 0 0 584 772 384 80 7 0 0 0 0 0 0 0 0 0 0 0 0 0
1565	sub_1565_0399000.log	DONE exit=20	200	True	55490	0 0 0 0 0 0 0 0 0 0 0 599 818 434 136 12 0 0 0 0 0 0 0 0 0 0 0 0 0
1565	sub_1565_0399200.log	DONE exit=20	200	True	52187	0 0 0 0 0 0 0 0 0 0 0 652 806 364 60 1 0 0 0 0 0 0 0 0 0 0 0 0 0
1565	sub_1565_0399400.log	DONE exit=20	200	True	94083	0 0 0 0 0 0 0 0 0 0 0 617 1270 1514 857 234 13 0 0 0 0 0 0 0 0 0 0 0 0
1565	sub_1565_0399600.log	DONE exit=20	200	True	56887	0 0 0 0 0 0 0 0 0 0 0 542 833 525 168 38 0 0 0 0 0 0 0 0 0 0 0 0 0
1565	sub_1565_0399800.log	DONE exit=20	200	True	93244	0 0 0 0 0 0 0 0 0 0 0 709 1469 1177 513 30 0 0 0 0 0 0 0 0 0 0 0 0 0
1565	sub_1565_0400000.log	DONE exit=20	200	True	24407	0 0 0 0 0 0 0 0 0 0 0 392 294 74 3 0 0 0 0 0 0 0 0 0 0 0 0 0 0
1565	sub_1565_0400200.log	DONE exit=20	200	True	25296	0 0 0 0 0 0 0 0 0 0 0 364 279 80 6 1 0 0 0 0 0 0 0 0 0 0 0 0 0
1565	sub_1565_0400400.log	DONE exit=20	200	True	103992	0 0 0 0 0 0 0 0 0 0 0 861 1599 1310 579 44 0 0 0 0 0 0 0 0 0 0 0 0 0
1565	sub_1565_0400600.log	DONE exit=20	200	True	148872	0 0 0 0 0 0 0 0 0 0 0 717 1586 2318 1744 426 24 0 0 0 0 0 0 0 0 0 0 0 0
1565	sub_1565_0400800.log	DONE exit=20	200	True	85121	0 0 0 0 0 0 0 0 0 0 0 802 1382 986 264 21 0 0 0 0 0 0 0 0 0 0 0 0 0
1565	sub_1565_0401000.log	DONE exit=20	200	True	71199	0 0 0 0 0 0 0 0 0 0 0 658 1131 887 327 41 0 0 0 0 0 0 0 0 0 0 0 0 0
1565	sub_1565_0401200.log	DONE exit=20	200	True	54589	0 0 0 0 0 0 0 0 0 0 0 625 890 556 124 2 0 0 0 0 0 0 0 0 0 0 0 0 0
1565	sub_1565_0401400.log	DONE exit=20	200	True	111057	0 0 0 0 0 0 0 0 0 0 0 791 1686 1709 758 59 1 0 0 0 0 0 0 0 0 0 0 0 0
1565	sub_1565_0401600.log	DONE exit=20	200	True	142574	0 0 0 0 0 0 0 0 0 0 0 946 2061 2082 1141 156 9 0 0 0 0 0 0 0 0 0 0 0 0
1565	sub_1565_0401800.log	DONE exit=20	200	True	79169	0 0 0 0 0 0 0 0 0 0 0 737 1209 861 370 38 0 0 0 0 0 0 0 0 0 0 0 0 0
1565	sub_1565_0402000.log	DONE exit=20	200	True	68621	0 0 0 0 0 0 0 0 0 0 0 679 1098 787 253 38 5 0 0 0 0 0 0 0 0 0 0 0 0
1565	sub_1565_0402200.log	DONE exit=20	200	True	107316	0 0 0 0 0 0 0 0 0 0 0 716 1220 1530 1047 209 1 0 0 0 0 0 0 0 0 0 0 0 0
1565	sub_1565_0402400.log	DONE exit=20	200	True	130399	0 0 0 0 0 0 0 0 0 0 0 828 1804 1962 1008 186 7 0 0 0 0 0 0 0 0 0 0 0 0
1565	sub_1565_0402600.log	DONE exit=20	200	True	59745	0 0 0 0 0 0 0 0 0 0 0 591 881 600 161 32 0 0 0 0 0 0 0 0 0 0 0 0 0
1565	sub_1565_0402800.log	DONE exit=20	200	True	70134	0 0 0 0 0 0 0 0 0 0 0 652 1008 680 202 30 0 0 0 0 0 0 0 0 0 0 0 0 0
1565	sub_1565_0403000.log	DONE exit=20	200	True	89482	0 0 0 0 0 0 0 0 0 0 0 741 1368 1220 428 70 1 0 0 0 0 0 0 0 0 0 0 0 0
1565	sub_1565_0403200.log	DONE exit=20	200	True	53901	0 0 0 0 0 0 0 0 0 0 0 573 706 421 197 68 9 0 0 0 0 0 0 0 0 0 0 0 0
1565	sub_1565_0403400.log	DONE exit=20	200	True	65565	0 0 0 0 0 0 0 0 0 0 0 720 1114 699 190 14 0 0 0 0 0 0 0 0 0 0 0 0 0
1565	sub_1565_0403600.log	DONE exit=20	200	True	49771	0 0 0 0 0 0 0 0 0 0 0 626 776 583 57 0 0 0 0 0 0 0 0 0 0 0 0 0 0
1565	sub_1565_0403800.log	DONE exit=20	200	True	60473	0 0 0 0 0 0 0 0 0 0 0 665 1081 809 133 4 0 0 0 0 0 0 0 0 0 0 0 0 0
1565	sub_1565_0404000.log	DONE exit=20	200	True	135785	0 0 0 0 0 0 0 0 0 0 0 954 2038 2107 585 39 0 0 0 0 0 0 0 0 0 0 0 0 0
1565	sub_1565_0404200.log	DONE exit=20	200	True	119536	0 0 0 0 0 0 0 0 0 0 0 819 1745 1758 645 44 2 0 0 0 0 0 0 0 0 0 0 0 0
1565	sub_1565_0404400.log	DONE exit=20	200	True	50992	0 0 0 0 0 0 0 0 0 0 0 723 900 408 40 0 0 0 0 0 0 0 0 0 0 0 0 0 0
1565	sub_1565_0404600.log	DONE exit=20	200	True	74443	0 0 0 0 0 0 0 0 0 0 0 746 1331 1243 405 34 1 0 0 0 0 0 0 0 0 0 0 0 0
1565	sub_1565_0404800.log	DONE exit=20	200	True	128368	0 0 0 0 0 0 0 0 0 0 0 966 2055 2179 782 163 18 0 0 0 0 0 0 0 0 0 0 0 0
1565	sub_1565_0405000.log	DONE exit=20	200	True	302954	0 0 0 0 0 0 0 0 0 0 0 1229 3266 4840 2929 965 156 3 0 0 0 0 0 0 0 0 0 0 0
1565	sub_1565_0405200.log	DONE exit=20	200	True	269495	0 0 0 0 0 0 0 0 0 0 0 855 2175 3682 3528 1867 706 129 0 0 0 0 0 0 0 0 0 0 0
1565	sub_1565_0405400.log	DONE exit=20	200	True	134196	0 0 0 0 0 0 0 0 0 0 0 961 2189 2154 1139 345 59 1 0 0 0 0 0 0 0 0 0 0 0
1565	sub_1565_0405600.log	DONE exit=20	200	True	55982	0 0 0 0 0 0 0 0 0 0 0 601 737 685 109 7 0 0 0 0 0 0 0 0 0 0 0 0 0
1565	sub_1565_0405800.log	DONE exit=20	200	True	154567	0 0 0 0 0 0 0 0 0 0 0 961 2392 3025 844 96 1 0 0 0 0 0 0 0 0 0 0 0 0
1565	sub_1565_0406000.log	DONE exit=20	200	True	221215	0 0 0 0 0 0 0 0 0 0 0 1090 2695 3484 3171 2767 348 3 0 0 0 0 0 0 0 0 0 0 0
1565	sub_1565_0406200.log	DONE exit=20	200	True	156687	0 0 0 0 0 0 0 0 0 0 0 974 2210 2576 1057 306 58 2 0 0 0 0 0 0 0 0 0 0 0
1565	sub_1565_0406400.log	DONE exit=20	200	True	328075	0 0 0 0 0 0 0 0 0 0 0 1424 4478 6824 3944 790 49 1 0 0 0 0 0 0 0 0 0 0 0
1565	sub_1565_0406600.log	DONE exit=20	200	True	268174	0 0 0 0 0 0 0 0 0 0 0 1474 4001 4433 1441 117 0 0 0 0 0 0 0 0 0 0 0 0 0
1565	sub_1565_0406800.log	DONE exit=20	200	True	54495	0 0 0 0 0 0 0 0 0 0 0 567 719 508 92 4 0 0 0 0 0 0 0 0 0 0 0 0 0
1565	sub_1565_0407000.log	DONE exit=20	200	True	101331	0 0 0 0 0 0 0 0 0 0 0 796 1433 1430 516 81 0 0 0 0 0 0 0 0 0 0 0 0 0
1565	sub_1565_0407200.log	DONE exit=20	200	True	41022	0 0 0 0 0 0 0 0 0 0 0 503 663 466 163 13 0 0 0 0 0 0 0 0 0 0 0 0 0
1565	sub_1565_0407400.log	DONE exit=20	200	True	112773	0 0 0 0 0 0 0 0 0 0 0 801 1699 1914 912 120 6 0 0 0 0 0 0 0 0 0 0 0 0
1565	sub_1565_0407600.log	DONE exit=20	200	True	60508	0 0 0 0 0 0 0 0 0 0 0 483 772 842 407 45 0 0 0 0 0 0 0 0 0 0 0 0 0
1565	sub_1565_0407800.log	DONE exit=20	200	True	118655	0 0 0 0 0 0 0 0 0 0 0 852 1797 1915 858 143 3 0 0 0 0 0 0 0 0 0 0 0 0
1565	sub_1565_0408000.log	DONE exit=20	200	True	50226	0 0 0 0 0 0 0 0 0 0 0 515 738 506 124 42 0 0 0 0 0 0 0 0 0 0 0 0 0
1565	sub_1565_0408200.log	DONE exit=20	200	True	101515	0 0 0 0 0 0 0 0 0 0 0 695 1555 1871 928 192 1 0 0 0 0 0 0 0 0 0 0 0 0
1565	sub_1565_0408400.log	DONE exit=20	200	True	131092	0 0 0 0 0 0 0 0 0 0 0 815 1795 2389 1629 388 23 0 0 0 0 0 0 0 0 0 0 0 0
1565	sub_1565_0408600.log	DONE exit=20	200	True	67062	0 0 0 0 0 0 0 0 0 0 0 816 1158 624 156 19 0 0 0 0 0 0 0 0 0 0 0 0 0
1565	sub_1565_0408800.log	DONE exit=20	200	True	82328	0 0 0 0 0 0 0 0 0 0 0 867 1478 1004 290 62 5 0 0 0 0 0 0 0 0 0 0 0 0
1565	sub_1565_0409000.log	DONE exit=20	200	True	113590	0 0 0 0 0 0 0 0 0 0 0 1097 1985 1344 339 20 0 0 0 0 0 0 0 0 0 0 0 0 0
1565	sub_1565_0409200.log	DONE exit=20	200	True	161626	0 0 0 0 0 0 0 0 0 0 0 1253 2943 2644 797 113 8 0 0 0 0 0 0 0 0 0 0 0 0
1565	sub_1565_0409400.log	DONE exit=20	200	True	146440	0 0 0 0 0 0 0 0 0 0 0 885 2171 2101 1000 241 9 0 0 0 0 0 0 0 0 0 0 0 0
1565	sub_1565_0409600.log	DONE exit=20	200	True	73348	0 0 0 0 0 0 0 0 0 0 0 754 1283 660 92 3 0 0 0 0 0 0 0 0 0 0 0 0 0
1565	sub_1565_0409800.log	DONE exit=20	200	True	112490	0 0 0 0 0 0 0 0 0 0 0 1167 2162 1333 244 13 0 0 0 0 0 0 0 0 0 0 0 0 0
1565	sub_1565_0410000.log	DONE exit=20	200	True	203176	0 0 0 0 0 0 0 0 0 0 0 1164 2791 3496 2770 1895 514 29 0 0 0 0 0 0 0 0 0 0 0
1565	sub_1565_0410200.log	DONE exit=20	200	True	593364	0 0 0 0 0 0 0 0 0 0 0 1456 5850 13934 16628 7936 1990 257 4 0 0 0 0 0 0 0 0 0 0
1565	sub_1565_0410400.log	DONE exit=20	200	True	134657	0 0 0 0 0 0 0 0 0 0 0 967 2602 2449 1285 156 5 0 0 0 0 0 0 0 0 0 0 0 0
1565	sub_1565_0410600.log	DONE exit=20	200	True	306421	0 0 0 0 0 0 0 0 0 0 0 1325 4224 6527 4396 1497 361 53 0 0 0 0 0 0 0 0 0 0 0
1565	sub_1565_0410800.log	DONE exit=20	200	True	167076	0 0 0 0 0 0 0 0 0 0 0 1231 3131 3264 1057 165 17 0 0 0 0 0 0 0 0 0 0 0 0
1565	sub_1565_0411000.log	DONE exit=20	200	True	99337	0 0 0 0 0 0 0 0 0 0 0 1034 1801 1109 214 10 0 0 0 0 0 0 0 0 0 0 0 0 0
1565	sub_1565_0411200.log	DONE exit=20	200	True	169259	0 0 0 0 0 0 0 0 0 0 0 1315 3142 2555 663 41 0 0 0 0 0 0 0 0 0 0 0 0 0
1565	sub_1565_0411400.log	DONE exit=20	200	True	133138	0 0 0 0 0 0 0 0 0 0 0 1099 2427 1730 411 29 0 0 0 0 0 0 0 0 0 0 0 0 0
1565	sub_1565_0411600.log	DONE exit=20	200	True	213185	0 0 0 0 0 0 0 0 0 0 0 1126 2979 3543 1737 416 3 0 0 0 0 0 0 0 0 0 0 0 0
1565	sub_1565_0411800.log	DONE exit=20	200	True	69526	0 0 0 0 0 0 0 0 0 0 0 750 1489 1081 208 14 0 0 0 0 0 0 0 0 0 0 0 0 0
1565	sub_1565_0412000.log	DONE exit=20	200	True	62166	0 0 0 0 0 0 0 0 0 0 0 711 1157 956 343 25 0 0 0 0 0 0 0 0 0 0 0 0 0
1565	sub_1565_0412200.log	DONE exit=20	200	True	65778	0 0 0 0 0 0 0 0 0 0 0 775 1305 970 275 26 1 0 0 0 0 0 0 0 0 0 0 0 0
1565	sub_1565_0412400.log	DONE exit=20	200	True	77594	0 0 0 0 0 0 0 0 0 0 0 779 1592 1388 505 66 3 0 0 0 0 0 0 0 0 0 0 0 0
1565	sub_1565_0412600.log	DONE exit=20	200	True	133383	0 0 0 0 0 0 0 0 0 0 0 1081 2353 2111 827 146 1 0 0 0 0 0 0 0 0 0 0 0 0
1565	sub_1565_0412800.log	DONE exit=20	200	True	205343	0 0 0 0 0 0 0 0 0 0 0 1282 3050 3125 1213 213 3 0 0 0 0 0 0 0 0 0 0 0 0
1565	sub_1565_0413000.log	DONE exit=20	200	True	292870	0 0 0 0 0 0 0 0 0 0 0 1436 4608 5236 2001 194 17 0 0 0 0 0 0 0 0 0 0 0 0
1565	sub_1565_0413200.log	DONE exit=20	200	True	367036	0 0 0 0 0 0 0 0 0 0 0 1589 5192 6791 4511 1541 254 14 0 0 0 0 0 0 0 0 0 0 0
1565	sub_1565_0413400.log	DONE exit=20	200	True	137648	0 0 0 0 0 0 0 0 0 0 0 806 1780 2424 1484 346 58 4 0 0 0 0 0 0 0 0 0 0 0
1565	sub_1565_0413600.log	DONE exit=20	200	True	169281	0 0 0 0 0 0 0 0 0 0 0 1133 2894 3519 1758 301 13 0 0 0 0 0 0 0 0 0 0 0 0
1565	sub_1565_0413800.log	DONE exit=20	200	True	71621	0 0 0 0 0 0 0 0 0 0 0 669 1110 892 279 48 3 0 0 0 0 0 0 0 0 0 0 0 0
1565	sub_1565_0414000.log	DONE exit=20	200	True	97963	0 0 0 0 0 0 0 0 0 0 0 976 1905 1340 355 21 1 0 0 0 0 0 0 0 0 0 0 0 0
1565	sub_1565_0414200.log	DONE exit=20	200	True	49988	0 0 0 0 0 0 0 0 0 0 0 632 908 506 84 0 0 0 0 0 0 0 0 0 0 0 0 0 0
1565	sub_1565_0414400.log	DONE exit=20	200	True	111034	0 0 0 0 0 0 0 0 0 0 0 940 1879 1642 545 40 5 0 0 0 0 0 0 0 0 0 0 0 0
1565	sub_1565_0414600.log	DONE exit=20	200	True	241984	0 0 0 0 0 0 0 0 0 0 0 1378 4029 4514 2687 861 125 8 0 0 0 0 0 0 0 0 0 0 0
1565	sub_1565_0414800.log	DONE exit=20	200	True	168059	0 0 0 0 0 0 0 0 0 0 0 1069 2517 2677 1246 243 5 0 0 0 0 0 0 0 0 0 0 0 0
1565	sub_1565_0415000.log	DONE exit=20	200	True	96129	0 0 0 0 0 0 0 0 0 0 0 812 1835 1676 456 41 0 0 0 0 0 0 0 0 0 0 0 0 0
1565	sub_1565_0415200.log	DONE exit=20	200	True	65468	0 0 0 0 0 0 0 0 0 0 0 740 1187 922 272 29 7 0 0 0 0 0 0 0 0 0 0 0 0
1565	sub_1565_0415400.log	DONE exit=20	200	True	161664	0 0 0 0 0 0 0 0 0 0 0 1063 2369 2786 1494 232 41 0 0 0 0 0 0 0 0 0 0 0 0
1565	sub_1565_0415600.log	DONE exit=20	200	True	177023	0 0 0 0 0 0 0 0 0 0 0 1036 2451 2514 1380 441 48 0 0 0 0 0 0 0 0 0 0 0 0
1565	sub_1565_0415800.log	DONE exit=20	200	True	291230	0 0 0 0 0 0 0 0 0 0 0 1553 4720 5525 2981 776 73 1 0 0 0 0 0 0 0 0 0 0 0
1565	sub_1565_0416000.log	DONE exit=20	200	True	739648	0 0 0 0 0 0 0 0 0 0 0 1791 6969 12121 10896 6344 2454 550 0 0 0 0 0 0 0 0 0 0 0
1565	sub_1565_0416200.log	DONE exit=20	200	True	112711	0 0 0 0 0 0 0 0 0 0 0 1007 2348 2218 972 130 5 0 0 0 0 0 0 0 0 0 0 0 0
1565	sub_1565_0416400.log	DONE exit=20	200	True	107440	0 0 0 0 0 0 0 0 0 0 0 908 2094 2002 632 80 15 0 0 0 0 0 0 0 0 0 0 0 0
1565	sub_1565_0416600.log	DONE exit=20	200	True	83715	0 0 0 0 0 0 0 0 0 0 0 675 1230 1215 535 25 0 0 0 0 0 0 0 0 0 0 0 0 0
1565	sub_1565_0416800.log	DONE exit=20	200	True	145897	0 0 0 0 0 0 0 0 0 0 0 1093 2766 2158 576 84 4 0 0 0 0 0 0 0 0 0 0 0 0
1565	sub_1565_0417000.log	DONE exit=20	200	True	197249	0 0 0 0 0 0 0 0 0 0 0 1311 2767 3017 1686 388 34 0 0 0 0 0 0 0 0 0 0 0 0
1565	sub_1565_0417200.log	DONE exit=20	200	True	171644	0 0 0 0 0 0 0 0 0 0 0 897 2257 3218 2426 1080 298 15 0 0 0 0 0 0 0 0 0 0 0
1565	sub_1565_0417400.log	DONE exit=20	200	True	406376	0 0 0 0 0 0 0 0 0 0 0 1603 6096 9243 5924 1443 91 0 0 0 0 0 0 0 0 0 0 0 0
1565	sub_1565_0417600.log	DONE exit=20	200	True	228677	0 0 0 0 0 0 0 0 0 0 0 1439 4009 4754 2238 467 8 0 0 0 0 0 0 0 0 0 0 0 0
1565	sub_1565_0417800.log	DONE exit=20	200	True	293711	0 0 0 0 0 0 0 0 0 0 0 1299 4703 9400 7260 1079 121 0 0 0 0 0 0 0 0 0 0 0 0
1565	sub_1565_0418000.log	DONE exit=20	200	True	173907	0 0 0 0 0 0 0 0 0 0 0 1261 3221 2959 1211 129 0 0 0 0 0 0 0 0 0 0 0 0 0
1565	sub_1565_0418200.log	DONE exit=20	200	True	149340	0 0 0 0 0 0 0 0 0 0 0 1052 2623 3182 1786 247 1 0 0 0 0 0 0 0 0 0 0 0 0
1565	sub_1565_0418400.log	DONE exit=20	200	True	86470	0 0 0 0 0 0 0 0 0 0 0 795 1545 1546 373 24 0 0 0 0 0 0 0 0 0 0 0 0 0
1565	sub_1565_0418600.log	DONE exit=20	200	True	103863	0 0 0 0 0 0 0 0 0 0 0 863 1955 1886 521 31 1 0 0 0 0 0 0 0 0 0 0 0 0
1565	sub_1565_0418800.log	DONE exit=20	200	True	161100	0 0 0 0 0 0 0 0 0 0 0 1180 2975 3564 2536 866 82 1 0 0 0 0 0 0 0 0 0 0 0
1565	sub_1565_0419000.log	DONE exit=20	200	True	104192	0 0 0 0 0 0 0 0 0 0 0 898 1827 1819 1036 258 21 0 0 0 0 0 0 0 0 0 0 0 0
1565	sub_1565_0419200.log	DONE exit=20	200	True	69441	0 0 0 0 0 0 0 0 0 0 0 735 1236 1095 402 83 4 0 0 0 0 0 0 0 0 0 0 0 0
1565	sub_1565_0419400.log	DONE exit=20	200	True	90729	0 0 0 0 0 0 0 0 0 0 0 830 1641 1606 960 239 11 0 0 0 0 0 0 0 0 0 0 0 0
1565	sub_1565_0419600.log	DONE exit=20	200	True	52076	0 0 0 0 0 0 0 0 0 0 0 793 1033 508 65 3 0 0 0 0 0 0 0 0 0 0 0 0 0
1565	sub_1565_0419800.log	DONE exit=20	200	True	84942	0 0 0 0 0 0 0 0 0 0 0 944 1912 1374 314 21 0 0 0 0 0 0 0 0 0 0 0 0 0
1565	sub_1565_0420000.log	DONE exit=20	200	True	156782	0 0 0 0 0 0 0 0 0 0 0 1034 2553 3355 2145 556 47 1 0 0 0 0 0 0 0 0 0 0 0
1565	sub_1565_0420200.log	DONE exit=20	200	True	131073	0 0 0 0 0 0 0 0 0 0 0 892 2048 2176 1101 210 4 0 0 0 0 0 0 0 0 0 0 0 0
1565	sub_1565_0420400.log	DONE exit=20	200	True	189790	0 0 0 0 0 0 0 0 0 0 0 1379 3388 3929 2697 873 78 1 0 0 0 0 0 0 0 0 0 0 0
1565	sub_1565_0420600.log	DONE exit=20	200	True	62856	0 0 0 0 0 0 0 0 0 0 0 675 1070 1059 374 30 0 0 0 0 0 0 0 0 0 0 0 0 0
1565	sub_1565_0420800.log	DONE exit=20	200	True	53989	0 0 0 0 0 0 0 0 0 0 0 694 992 666 135 5 0 0 0 0 0 0 0 0 0 0 0 0 0
1565	sub_1565_0421000.log	DONE exit=20	200	True	172814	0 0 0 0 0 0 0 0 0 0 0 1217 3139 3824 2288 729 118 8 2 0 0 0 0 0 0 0 0 0 0
1565	sub_1565_0421200.log	DONE exit=20	200	True	202514	0 0 0 0 0 0 0 0 0 0 0 1172 3186 4569 3058 673 54 0 0 0 0 0 0 0 0 0 0 0 0
1565	sub_1565_0421400.log	DONE exit=20	200	True	138851	0 0 0 0 0 0 0 0 0 0 0 1050 2611 2763 1125 135 3 0 0 0 0 0 0 0 0 0 0 0 0
1565	sub_1565_0421600.log	DONE exit=20	200	True	245331	0 0 0 0 0 0 0 0 0 0 0 1468 4368 5809 3626 1224 174 13 0 0 0 0 0 0 0 0 0 0 0
1565	sub_1565_0421800.log	DONE exit=20	200	True	214864	0 0 0 0 0 0 0 0 0 0 0 1293 2914 2824 1050 117 2 0 0 0 0 0 0 0 0 0 0 0 0
1565	sub_1565_0422000.log	DONE exit=20	200	True	449426	0 0 0 0 0 0 0 0 0 0 0 1024 3435 6912 8035 2163 26 0 0 0 0 0 0 0 0 0 0 0 0
1565	sub_1565_0422200.log	DONE exit=20	200	True	1370564	0 0 0 0 0 0 0 0 0 0 0 1617 7626 19937 28560 8349 163 2 0 0 0 0 0 0 0 0 0 0 0
1565	sub_1565_0422400.log	DONE exit=20	200	True	337286	0 0 0 0 0 0 0 0 0 0 0 1764 5711 8720 5610 1513 199 0 0 0 0 0 0 0 0 0 0 0 0
1565	sub_1565_0422600.log	DONE exit=20	200	True	167276	0 0 0 0 0 0 0 0 0 0 0 839 2076 3333 3192 1278 25 0 0 0 0 0 0 0 0 0 0 0 0
1565	sub_1565_0422800.log	DONE exit=20	200	True	127787	0 0 0 0 0 0 0 0 0 0 0 957 2031 1996 1115 261 0 0 0 0 0 0 0 0 0 0 0 0 0
1565	sub_1565_0423000.log	DONE exit=20	200	True	61820	0 0 0 0 0 0 0 0 0 0 0 625 1269 1163 368 27 0 0 0 0 0 0 0 0 0 0 0 0 0
1565	sub_1565_0423200.log	DONE exit=20	200	True	88515	0 0 0 0 0 0 0 0 0 0 0 800 1613 1530 573 99 7 0 0 0 0 0 0 0 0 0 0 0 0
1565	sub_1565_0423400.log	DONE exit=20	200	True	91772	0 0 0 0 0 0 0 0 0 0 0 924 1883 1610 613 134 7 0 0 0 0 0 0 0 0 0 0 0 0
1565	sub_1565_0423600.log	DONE exit=20	200	True	51530	0 0 0 0 0 0 0 0 0 0 0 629 993 704 207 22 1 0 0 0 0 0 0 0 0 0 0 0 0
1565	sub_1565_0423800.log	DONE exit=20	200	True	105628	0 0 0 0 0 0 0 0 0 0 0 1052 2533 2598 970 123 4 0 0 0 0 0 0 0 0 0 0 0 0
1565	sub_1565_0424000.log	DONE exit=20	200	True	44631	0 0 0 0 0 0 0 0 0 0 0 675 1086 637 60 2 0 0 0 0 0 0 0 0 0 0 0 0 0
1565	sub_1565_0424200.log	DONE exit=20	200	True	150193	0 0 0 0 0 0 0 0 0 0 0 1142 3036 3887 2332 657 83 2 0 0 0 0 0 0 0 0 0 0 0
1565	sub_1565_0424400.log	DONE exit=20	200	True	95626	0 0 0 0 0 0 0 0 0 0 0 888 2013 2219 957 200 17 0 0 0 0 0 0 0 0 0 0 0 0
1565	sub_1565_0424600.log	DONE exit=20	200	True	81270	0 0 0 0 0 0 0 0 0 0 0 817 1771 1798 777 108 1 0 0 0 0 0 0 0 0 0 0 0 0
1565	sub_1565_0424800.log	DONE exit=20	200	True	170845	0 0 0 0 0 0 0 0 0 0 0 1099 3032 4047 2115 364 8 0 0 0 0 0 0 0 0 0 0 0 0
1565	sub_1565_0425000.log	DONE exit=20	200	True	153592	0 0 0 0 0 0 0 0 0 0 0 1146 2741 2677 833 73 0 0 0 0 0 0 0 0 0 0 0 0 0
1565	sub_1565_0425200.log	DONE exit=20	200	True	205214	0 0 0 0 0 0 0 0 0 0 0 1233 3477 4059 1794 283 9 0 0 0 0 0 0 0 0 0 0 0 0
1565	sub_1565_0425400.log	DONE exit=20	200	True	273267	0 0 0 0 0 0 0 0 0 0 0 1338 3886 5648 3442 785 23 0 0 0 0 0 0 0 0 0 0 0 0
1565	sub_1565_0425600.log	DONE exit=20	200	True	222171	0 0 0 0 0 0 0 0 0 0 0 1044 2853 3894 2817 828 32 1 0 0 0 0 0 0 0 0 0 0 0
1565	sub_1565_0425800.log	DONE exit=20	200	True	395501	0 0 0 0 0 0 0 0 0 0 0 1389 4871 9361 9438 4525 810 62 8 0 0 0 0 0 0 0 0 0 0
1565	sub_1565_0426000.log	DONE exit=20	200	True	334380	0 0 0 0 0 0 0 0 0 0 0 1254 4184 7131 6255 2780 676 75 0 0 0 0 0 0 0 0 0 0 0
1565	sub_1565_0426200.log	DONE exit=20	200	True	301001	0 0 0 0 0 0 0 0 0 0 0 1330 4651 7644 6088 2185 430 48 2 0 0 0 0 0 0 0 0 0 0
1565	sub_1565_0426400.log	DONE exit=20	200	True	193144	0 0 0 0 0 0 0 0 0 0 0 1112 2942 3718 1842 572 61 0 0 0 0 0 0 0 0 0 0 0 0
1565	sub_1565_0426600.log	DONE exit=20	200	True	468533	0 0 0 0 0 0 0 0 0 0 0 1538 5686 11866 12847 8102 2935 307 25 0 0 0 0 0 0 0 0 0 0
1565	sub_1565_0426800.log	DONE exit=20	200	True	461880	0 0 0 0 0 0 0 0 0 0 0 1541 6236 11033 10708 5008 1020 42 2 0 0 0 0 0 0 0 0 0 0
1565	sub_1565_0427000.log	DONE exit=20	200	True	528504	0 0 0 0 0 0 0 0 0 0 0 1702 7076 13837 12550 5214 858 56 0 0 0 0 0 0 0 0 0 0 0
1565	sub_1565_0427200.log	DONE exit=20	200	True	261169	0 0 0 0 0 0 0 0 0 0 0 1357 4492 6650 4459 1164 161 3 0 0 0 0 0 0 0 0 0 0 0
1565	sub_1565_0427400.log	DONE exit=20	200	True	200737	0 0 0 0 0 0 0 0 0 0 0 1117 2987 3374 1505 284 3 0 0 0 0 0 0 0 0 0 0 0 0
1565	sub_1565_0427600.log	DONE exit=20	200	True	159378	0 0 0 0 0 0 0 0 0 0 0 919 2323 2753 1231 213 6 0 0 0 0 0 0 0 0 0 0 0 0
1565	sub_1565_0427800.log	DONE exit=20	200	True	93715	0 0 0 0 0 0 0 0 0 0 0 942 1843 1566 535 70 14 0 0 0 0 0 0 0 0 0 0 0 0
1565	sub_1565_0428000.log	DONE exit=20	200	True	64631	0 0 0 0 0 0 0 0 0 0 0 673 1197 1064 346 38 2 0 0 0 0 0 0 0 0 0 0 0 0
1565	sub_1565_0428200.log	DONE exit=20	200	True	243214	0 0 0 0 0 0 0 0 0 0 0 1266 3677 5478 3661 1021 80 1 0 0 0 0 0 0 0 0 0 0 0
1565	sub_1565_0428400.log	DONE exit=20	200	True	572736	0 0 0 0 0 0 0 0 0 0 0 1340 4722 9485 10714 3235 247 22 1 0 0 0 0 0 0 0 0 0 0
1565	sub_1565_0428600.log	DONE exit=20	200	True	199203	0 0 0 0 0 0 0 0 0 0 0 1330 3694 3891 1895 568 142 1 0 0 0 0 0 0 0 0 0 0 0
1565	sub_1565_0428800.log	DONE exit=20	200	True	171988	0 0 0 0 0 0 0 0 0 0 0 1183 3228 4105 2162 337 12 0 0 0 0 0 0 0 0 0 0 0 0
1565	sub_1565_0429000.log	DONE exit=20	200	True	96308	0 0 0 0 0 0 0 0 0 0 0 975 1923 1562 547 57 0 0 0 0 0 0 0 0 0 0 0 0 0
1565	sub_1565_0429200.log	DONE exit=20	200	True	72699	0 0 0 0 0 0 0 0 0 0 0 686 1272 1229 647 202 8 0 0 0 0 0 0 0 0 0 0 0 0
1565	sub_1565_0429400.log	DONE exit=20	200	True	127369	0 0 0 0 0 0 0 0 0 0 0 1018 2337 2278 908 120 9 0 0 0 0 0 0 0 0 0 0 0 0
1565	sub_1565_0429600.log	DONE exit=20	200	True	82105	0 0 0 0 0 0 0 0 0 0 0 798 1472 1176 465 105 8 0 0 0 0 0 0 0 0 0 0 0 0
1565	sub_1565_0429800.log	DONE exit=20	200	True	109848	0 0 0 0 0 0 0 0 0 0 0 977 2064 1945 794 197 27 0 0 0 0 0 0 0 0 0 0 0 0
1565	sub_1565_0430000.log	DONE exit=20	200	True	81267	0 0 0 0 0 0 0 0 0 0 0 783 1386 1258 497 51 2 0 0 0 0 0 0 0 0 0 0 0 0
1565	sub_1565_0430200.log	DONE exit=20	200	True	191399	0 0 0 0 0 0 0 0 0 0 0 1150 3098 3761 2371 907 220 23 0 0 0 0 0 0 0 0 0 0 0
1565	sub_1565_0430400.log	DONE exit=20	200	True	103001	0 0 0 0 0 0 0 0 0 0 0 815 1691 1869 1064 269 32 0 0 0 0 0 0 0 0 0 0 0 0
1565	sub_1565_0430600.log	DONE exit=20	200	True	135490	0 0 0 0 0 0 0 0 0 0 0 1168 2804 2803 1454 388 55 4 0 0 0 0 0 0 0 0 0 0 0
1565	sub_1565_0430800.log	DONE exit=20	200	True	127747	0 0 0 0 0 0 0 0 0 0 0 811 1912 2379 1616 507 103 0 0 0 0 0 0 0 0 0 0 0 0
1565	sub_1565_0431000.log	DONE exit=20	200	True	855958	0 0 0 0 0 0 0 0 0 0 0 1697 7160 16975 21426 9903 2250 213 6 0 0 0 0 0 0 0 0 0 0
1565	sub_1565_0431200.log	DONE exit=20	200	True	277028	0 0 0 0 0 0 0 0 0 0 0 1381 4825 7309 4686 1355 85 7 0 0 0 0 0 0 0 0 0 0 0
1565	sub_1565_0431400.log	DONE exit=20	200	True	269914	0 0 0 0 0 0 0 0 0 0 0 1406 4358 6001 3728 1094 151 0 0 0 0 0 0 0 0 0 0 0 0
1565	sub_1565_0431600.log	DONE exit=20	200	True	70461	0 0 0 0 0 0 0 0 0 0 0 790 1405 987 359 34 0 0 0 0 0 0 0 0 0 0 0 0 0
1565	sub_1565_0431800.log	DONE exit=20	200	True	78989	0 0 0 0 0 0 0 0 0 0 0 709 1325 954 314 45 1 0 0 0 0 0 0 0 0 0 0 0 0
1565	sub_1565_0432000.log	DONE exit=20	200	True	57015	0 0 0 0 0 0 0 0 0 0 0 509 854 495 191 18 0 0 0 0 0 0 0 0 0 0 0 0 0
1565	sub_1565_0432200.log	DONE exit=20	200	True	273488	0 0 0 0 0 0 0 0 0 0 0 562 1708 2199 1414 696 0 0 0 0 0 0 0 0 0 0 0 0 0
1565	sub_1565_0432400.log	DONE exit=20	200	True	178383	0 0 0 0 0 0 0 0 0 0 0 684 1086 1121 1125 581 0 0 0 0 0 0 0 0 0 0 0 0 0
1565	sub_1565_0432600.log	DONE exit=20	200	True	365622	0 0 0 0 0 0 0 0 0 0 0 740 1400 2239 3176 2344 116 0 0 0 0 0 0 0 0 0 0 0 0
1565	sub_1565_0432800.log	DONE exit=20	200	True	275576	0 0 0 0 0 0 0 0 0 0 0 710 1249 1629 2146 1355 7 0 0 0 0 0 0 0 0 0 0 0 0
1565	sub_1565_0433000.log	DONE exit=20	200	True	270956	0 0 0 0 0 0 0 0 0 0 0 638 1141 1448 1924 1197 1 0 0 0 0 0 0 0 0 0 0 0 0
1565	sub_1565_0433200.log	DONE exit=20	200	True	468766	0 0 0 0 0 0 0 0 0 0 0 804 1944 2848 3195 3047 969 0 0 0 0 0 0 0 0 0 0 0 0
1565	sub_1565_0433400.log	DONE exit=20	200	True	835439	0 0 0 0 0 0 0 0 0 0 0 1415 4183 6683 7142 5425 1026 11 0 0 0 0 0 0 0 0 0 0 0
1565	sub_1565_0433600.log	DONE exit=20	200	True	360717	0 0 0 0 0 0 0 0 0 0 0 1112 2267 2746 2771 1633 31 0 0 0 0 0 0 0 0 0 0 0 0
1565	sub_1565_0433800.log	DONE exit=20	200	True	945074	0 0 0 0 0 0 0 0 0 0 0 781 2071 5276 9831 6896 436 0 0 0 0 0 0 0 0 0 0 0 0
1565	sub_1565_0434000.log	DONE exit=20	200	True	547050	0 0 0 0 0 0 0 0 0 0 0 846 1977 3230 5321 3236 117 0 0 0 0 0 0 0 0 0 0 0 0
1565	sub_1565_0434200.log	DONE exit=20	200	True	514376	0 0 0 0 0 0 0 0 0 0 0 947 1939 2871 3847 3808 1353 0 0 0 0 0 0 0 0 0 0 0 0
1565	sub_1565_0434400.log	DONE exit=20	200	True	203001	0 0 0 0 0 0 0 0 0 0 0 941 1583 1810 1233 538 0 0 0 0 0 0 0 0 0 0 0 0 0
1565	sub_1565_0434600.log	DONE exit=20	200	True	685116	0 0 0 0 0 0 0 0 0 0 0 945 2314 4323 6429 4782 154 0 0 0 0 0 0 0 0 0 0 0 0
1565	sub_1565_0434800.log	DONE exit=20	200	True	35794	0 0 0 0 0 0 0 0 0 0 0 434 453 304 71 0 0 0 0 0 0 0 0 0 0 0 0 0 0
1565	sub_1565_0435000.log	DONE exit=20	200	True	392108	0 0 0 0 0 0 0 0 0 0 0 780 1479 2323 3160 2495 117 0 0 0 0 0 0 0 0 0 0 0 0
1565	sub_1565_0435200.log	DONE exit=20	200	True	70894	0 0 0 0 0 0 0 0 0 0 0 579 587 376 239 43 0 0 0 0 0 0 0 0 0 0 0 0 0
1565	sub_1565_0435400.log	DONE exit=20	200	True	246368	0 0 0 0 0 0 0 0 0 0 0 646 988 1327 2051 1502 41 0 0 0 0 0 0 0 0 0 0 0 0
1565	sub_1565_0435600.log	DONE exit=20	200	True	146012	0 0 0 0 0 0 0 0 0 0 0 1029 2361 2251 927 84 4 0 0 0 0 0 0 0 0 0 0 0 0
1565	sub_1565_0435800.log	DONE exit=20	200	True	454512	0 0 0 0 0 0 0 0 0 0 0 923 2342 3410 3081 1958 340 12 0 0 0 0 0 0 0 0 0 0 0
1565	sub_1565_0436000.log	DONE exit=20	200	True	829634	0 0 0 0 0 0 0 0 0 0 0 996 2669 5050 6790 6317 1682 5 0 0 0 0 0 0 0 0 0 0 0
1565	sub_1565_0436200.log	DONE exit=20	200	True	769718	0 0 0 0 0 0 0 0 0 0 0 876 1999 3699 6490 6229 1645 0 0 0 0 0 0 0 0 0 0 0 0
1565	sub_1565_0436400.log	DONE exit=20	200	True	811402	0 0 0 0 0 0 0 0 0 0 0 1078 2900 5560 8477 5744 372 14 0 0 0 0 0 0 0 0 0 0 0
1565	sub_1565_0436600.log	DONE exit=20	200	True	1131567	0 0 0 0 0 0 0 0 0 0 0 1151 3602 7366 11245 7837 159 0 0 0 0 0 0 0 0 0 0 0 0
1565	sub_1565_0436800.log	DONE exit=20	200	True	293527	0 0 0 0 0 0 0 0 0 0 0 621 1120 1560 2243 1312 1 0 0 0 0 0 0 0 0 0 0 0 0
1565	sub_1565_0437000.log	DONE exit=20	200	True	294934	0 0 0 0 0 0 0 0 0 0 0 940 1938 2213 2418 1572 50 0 0 0 0 0 0 0 0 0 0 0 0
1565	sub_1565_0437200.log	DONE exit=20	200	True	240632	0 0 0 0 0 0 0 0 0 0 0 930 1933 2149 1332 575 1 0 0 0 0 0 0 0 0 0 0 0 0
1565	sub_1565_0437400.log	DONE exit=20	200	True	72148	0 0 0 0 0 0 0 0 0 0 0 605 1148 1017 330 41 7 0 0 0 0 0 0 0 0 0 0 0 0
1565	sub_1565_0437600.log	DONE exit=20	200	True	43107	0 0 0 0 0 0 0 0 0 0 0 540 540 189 14 0 0 0 0 0 0 0 0 0 0 0 0 0 0
1565	sub_1565_0437800.log	DONE exit=20	200	True	83385	0 0 0 0 0 0 0 0 0 0 0 592 1028 1075 490 64 0 0 0 0 0 0 0 0 0 0 0 0 0
1565	sub_1565_0438000.log	DONE exit=20	200	True	106724	0 0 0 0 0 0 0 0 0 0 0 718 1442 1403 682 167 0 0 0 0 0 0 0 0 0 0 0 0 0
1565	sub_1565_0438200.log	DONE exit=20	200	True	27888	0 0 0 0 0 0 0 0 0 0 0 494 357 35 0 0 0 0 0 0 0 0 0 0 0 0 0 0 0
1565	sub_1565_0438400.log	DONE exit=20	200	True	30354	0 0 0 0 0 0 0 0 0 0 0 489 405 123 7 0 0 0 0 0 0 0 0 0 0 0 0 0 0
1565	sub_1565_0438600.log	DONE exit=20	200	True	17897	0 0 0 0 0 0 0 0 0 0 0 403 231 24 0 0 0 0 0 0 0 0 0 0 0 0 0 0 0
1565	sub_1565_0438800.log	DONE exit=20	200	True	61821	0 0 0 0 0 0 0 0 0 0 0 709 972 581 137 3 0 0 0 0 0 0 0 0 0 0 0 0 0
1565	sub_1565_0439000.log	DONE exit=20	200	True	130561	0 0 0 0 0 0 0 0 0 0 0 854 1902 2061 967 187 1 0 0 0 0 0 0 0 0 0 0 0 0
1565	sub_1565_0439200.log	DONE exit=20	200	True	128310	0 0 0 0 0 0 0 0 0 0 0 913 2071 2225 1099 180 2 0 0 0 0 0 0 0 0 0 0 0 0
1565	sub_1565_0439400.log	DONE exit=20	200	True	72219	0 0 0 0 0 0 0 0 0 0 0 669 1082 930 328 33 1 0 0 0 0 0 0 0 0 0 0 0 0
1565	sub_1565_0439600.log	DONE exit=20	200	True	63508	0 0 0 0 0 0 0 0 0 0 0 752 1069 683 172 18 0 0 0 0 0 0 0 0 0 0 0 0 0
1565	sub_1565_0439800.log	DONE exit=20	200	True	79676	0 0 0 0 0 0 0 0 0 0 0 682 1105 1116 521 76 0 0 0 0 0 0 0 0 0 0 0 0 0
1565	sub_1565_0440000.log	DONE exit=20	200	True	193916	0 0 0 0 0 0 0 0 0 0 0 949 2424 2953 1643 374 175 24 0 0 0 0 0 0 0 0 0 0 0
1565	sub_1565_0440200.log	DONE exit=20	200	True	224169	0 0 0 0 0 0 0 0 0 0 0 991 2502 3298 2264 467 53 1 0 0 0 0 0 0 0 0 0 0 0
1565	sub_1565_0440400.log	DONE exit=20	200	True	194573	0 0 0 0 0 0 0 0 0 0 0 966 2709 3635 2101 474 23 1 0 0 0 0 0 0 0 0 0 0 0
1565	sub_1565_0440600.log	DONE exit=20	200	True	55016	0 0 0 0 0 0 0 0 0 0 0 599 851 656 329 45 0 0 0 0 0 0 0 0 0 0 0 0 0
1565	sub_1565_0440800.log	DONE exit=20	200	True	61038	0 0 0 0 0 0 0 0 0 0 0 594 1043 782 237 3 0 0 0 0 0 0 0 0 0 0 0 0 0
1565	sub_1565_0441000.log	DONE exit=20	200	True	75429	0 0 0 0 0 0 0 0 0 0 0 658 949 826 526 159 0 0 0 0 0 0 0 0 0 0 0 0 0
1565	sub_1565_0441200.log	DONE exit=20	200	True	79477	0 0 0 0 0 0 0 0 0 0 0 709 1393 1433 923 334 39 0 0 0 0 0 0 0 0 0 0 0 0
1565	sub_1565_0441400.log	DONE exit=20	200	True	67335	0 0 0 0 0 0 0 0 0 0 0 672 1122 958 332 70 6 0 0 0 0 0 0 0 0 0 0 0 0
1565	sub_1565_0441600.log	DONE exit=20	200	True	47768	0 0 0 0 0 0 0 0 0 0 0 493 632 557 318 64 1 0 0 0 0 0 0 0 0 0 0 0 0
1565	sub_1565_0441800.log	DONE exit=20	200	True	19723	0 0 0 0 0 0 0 0 0 0 0 380 292 91 11 0 0 0 0 0 0 0 0 0 0 0 0 0 0
1565	sub_1565_0442000.log	DONE exit=20	200	True	20699	0 0 0 0 0 0 0 0 0 0 0 361 219 56 11 1 0 0 0 0 0 0 0 0 0 0 0 0 0
1565	sub_1565_0442200.log	DONE exit=20	200	True	132609	0 0 0 0 0 0 0 0 0 0 0 680 1338 1885 1682 582 9 0 0 0 0 0 0 0 0 0 0 0 0
1565	sub_1565_0442400.log	DONE exit=20	200	True	88168	0 0 0 0 0 0 0 0 0 0 0 827 1324 1056 568 107 1 0 0 0 0 0 0 0 0 0 0 0 0
1565	sub_1565_0442600.log	DONE exit=20	200	True	116213	0 0 0 0 0 0 0 0 0 0 0 1011 2247 2062 714 60 1 0 0 0 0 0 0 0 0 0 0 0 0
1565	sub_1565_0442800.log	DONE exit=20	200	True	150857	0 0 0 0 0 0 0 0 0 0 0 927 2176 2343 1465 397 8 0 0 0 0 0 0 0 0 0 0 0 0
1565	sub_1565_0443000.log	DONE exit=20	200	True	27444	0 0 0 0 0 0 0 0 0 0 0 521 414 85 7 0 0 0 0 0 0 0 0 0 0 0 0 0 0
1565	sub_1565_0443200.log	DONE exit=20	200	True	48084	0 0 0 0 0 0 0 0 0 0 0 618 860 487 114 10 0 0 0 0 0 0 0 0 0 0 0 0 0
1565	sub_1565_0443400.log	DONE exit=20	200	True	70924	0 0 0 0 0 0 0 0 0 0 0 770 1290 911 243 48 0 0 0 0 0 0 0 0 0 0 0 0 0
1565	sub_1565_0443600.log	DONE exit=20	200	True	156363	0 0 0 0 0 0 0 0 0 0 0 1032 2436 2758 1173 160 5 0 0 0 0 0 0 0 0 0 0 0 0
1565	sub_1565_0443800.log	DONE exit=20	200	True	77854	0 0 0 0 0 0 0 0 0 0 0 787 1255 1065 404 42 2 0 0 0 0 0 0 0 0 0 0 0 0
1565	sub_1565_0444000.log	DONE exit=20	200	True	101432	0 0 0 0 0 0 0 0 0 0 0 847 1618 1419 513 70 0 0 0 0 0 0 0 0 0 0 0 0 0
1565	sub_1565_0444200.log	DONE exit=20	200	True	106266	0 0 0 0 0 0 0 0 0 0 0 906 1731 1748 935 159 1 0 0 0 0 0 0 0 0 0 0 0 0
1565	sub_1565_0444400.log	DONE exit=20	200	True	124899	0 0 0 0 0 0 0 0 0 0 0 896 1921 2239 1281 202 11 0 0 0 0 0 0 0 0 0 0 0 0
1565	sub_1565_0444600.log	DONE exit=20	200	True	67745	0 0 0 0 0 0 0 0 0 0 0 607 1008 762 272 49 0 0 0 0 0 0 0 0 0 0 0 0 0
1565	sub_1565_0444800.log	DONE exit=20	200	True	73204	0 0 0 0 0 0 0 0 0 0 0 623 1146 1229 696 117 11 1 0 0 0 0 0 0 0 0 0 0 0
1565	sub_1565_0445000.log	DONE exit=20	200	True	54800	0 0 0 0 0 0 0 0 0 0 0 679 883 504 142 16 0 0 0 0 0 0 0 0 0 0 0 0 0
1565	sub_1565_0445200.log	DONE exit=20	200	True	50689	0 0 0 0 0 0 0 0 0 0 0 512 621 422 248 45 0 0 0 0 0 0 0 0 0 0 0 0 0
1565	sub_1565_0445400.log	DONE exit=20	200	True	66518	0 0 0 0 0 0 0 0 0 0 0 702 1091 715 232 40 2 0 0 0 0 0 0 0 0 0 0 0 0
1565	sub_1565_0445600.log	DONE exit=20	200	True	73665	0 0 0 0 0 0 0 0 0 0 0 773 1241 798 147 2 0 0 0 0 0 0 0 0 0 0 0 0 0
1565	sub_1565_0445800.log	DONE exit=20	200	True	113933	0 0 0 0 0 0 0 0 0 0 0 751 1569 1770 1010 252 4 0 0 0 0 0 0 0 0 0 0 0 0
1565	sub_1565_0446000.log	DONE exit=20	200	True	69785	0 0 0 0 0 0 0 0 0 0 0 827 1295 795 240 39 5 0 0 0 0 0 0 0 0 0 0 0 0
1565	sub_1565_0446200.log	DONE exit=20	200	True	51906	0 0 0 0 0 0 0 0 0 0 0 573 959 590 40 0 0 0 0 0 0 0 0 0 0 0 0 0 0
1565	sub_1565_0446400.log	DONE exit=20	200	True	56718	0 0 0 0 0 0 0 0 0 0 0 670 1007 641 70 0 0 0 0 0 0 0 0 0 0 0 0 0 0
1565	sub_1565_0446600.log	DONE exit=20	200	True	44915	0 0 0 0 0 0 0 0 0 0 0 538 672 511 25 0 0 0 0 0 0 0 0 0 0 0 0 0 0
1565	sub_1565_0446800.log	DONE exit=20	200	True	171926	0 0 0 0 0 0 0 0 0 0 0 984 2434 2731 849 42 0 0 0 0 0 0 0 0 0 0 0 0 0
1565	sub_1565_0447000.log	DONE exit=20	200	True	80114	0 0 0 0 0 0 0 0 0 0 0 817 1401 934 269 34 2 0 0 0 0 0 0 0 0 0 0 0 0
1565	sub_1565_0447200.log	DONE exit=20	200	True	95129	0 0 0 0 0 0 0 0 0 0 0 857 1460 1078 159 17 0 0 0 0 0 0 0 0 0 0 0 0 0
1565	sub_1565_0447400.log	DONE exit=20	200	True	82948	0 0 0 0 0 0 0 0 0 0 0 715 1386 1019 178 18 0 0 0 0 0 0 0 0 0 0 0 0 0
1565	sub_1565_0447600.log	DONE exit=20	200	True	162152	0 0 0 0 0 0 0 0 0 0 0 1073 2300 2509 922 141 8 0 0 0 0 0 0 0 0 0 0 0 0
1565	sub_1565_0447800.log	DONE exit=20	200	True	167777	0 0 0 0 0 0 0 0 0 0 0 1002 2532 2880 1476 372 37 0 0 0 0 0 0 0 0 0 0 0 0
1565	sub_1565_0448000.log	DONE exit=20	200	True	286639	0 0 0 0 0 0 0 0 0 0 0 1239 3581 5254 3181 728 36 0 0 0 0 0 0 0 0 0 0 0 0
1565	sub_1565_0448200.log	DONE exit=20	200	True	66669	0 0 0 0 0 0 0 0 0 0 0 787 1076 508 67 7 1 0 0 0 0 0 0 0 0 0 0 0 0
1565	sub_1565_0448400.log	DONE exit=20	200	True	45564	0 0 0 0 0 0 0 0 0 0 0 604 785 489 24 0 0 0 0 0 0 0 0 0 0 0 0 0 0
1565	sub_1565_0448600.log	DONE exit=20	200	True	162870	0 0 0 0 0 0 0 0 0 0 0 953 2322 2871 1019 61 0 0 0 0 0 0 0 0 0 0 0 0 0
1565	sub_1565_0448800.log	DONE exit=20	200	True	161317	0 0 0 0 0 0 0 0 0 0 0 818 1953 2659 1820 474 31 1 0 0 0 0 0 0 0 0 0 0 0
1565	sub_1565_0449000.log	DONE exit=20	200	True	125727	0 0 0 0 0 0 0 0 0 0 0 1108 2157 1891 721 175 29 1 0 0 0 0 0 0 0 0 0 0 0
1565	sub_1565_0449200.log	DONE exit=20	200	True	238158	0 0 0 0 0 0 0 0 0 0 0 1217 3333 3961 1401 164 18 0 0 0 0 0 0 0 0 0 0 0 0
1565	sub_1565_0449400.log	DONE exit=20	200	True	110707	0 0 0 0 0 0 0 0 0 0 0 784 1531 1505 484 61 0 0 0 0 0 0 0 0 0 0 0 0 0
1565	sub_1565_0449600.log	DONE exit=20	200	True	40860	0 0 0 0 0 0 0 0 0 0 0 598 582 202 8 0 0 0 0 0 0 0 0 0 0 0 0 0 0
1565	sub_1565_0449800.log	DONE exit=20	200	True	25809	0 0 0 0 0 0 0 0 0 0 0 374 310 160 39 1 0 0 0 0 0 0 0 0 0 0 0 0 0
1565	sub_1565_0450000.log	DONE exit=20	200	True	87891	0 0 0 0 0 0 0 0 0 0 0 756 1424 1331 482 43 1 0 0 0 0 0 0 0 0 0 0 0 0
1565	sub_1565_0450200.log	DONE exit=20	200	True	82069	0 0 0 0 0 0 0 0 0 0 0 649 1351 1441 485 73 0 0 0 0 0 0 0 0 0 0 0 0 0
1565	sub_1565_0450400.log	DONE exit=20	200	True	30439	0 0 0 0 0 0 0 0 0 0 0 473 369 168 42 2 0 0 0 0 0 0 0 0 0 0 0 0 0
1565	sub_1565_0450600.log	DONE exit=20	200	True	161166	0 0 0 0 0 0 0 0 0 0 0 1019 2404 2919 1552 309 16 0 0 0 0 0 0 0 0 0 0 0 0
1565	sub_1565_0450800.log	DONE exit=20	200	True	62238	0 0 0 0 0 0 0 0 0 0 0 614 994 824 346 41 1 0 0 0 0 0 0 0 0 0 0 0 0
1565	sub_1565_0451000.log	DONE exit=20	200	True	88548	0 0 0 0 0 0 0 0 0 0 0 781 1445 1384 503 44 0 0 0 0 0 0 0 0 0 0 0 0 0
1565	sub_1565_0451200.log	DONE exit=20	200	True	46827	0 0 0 0 0 0 0 0 0 0 0 643 848 510 46 1 0 0 0 0 0 0 0 0 0 0 0 0 0
1565	sub_1565_0451400.log	DONE exit=20	200	True	42095	0 0 0 0 0 0 0 0 0 0 0 556 639 408 117 3 0 0 0 0 0 0 0 0 0 0 0 0 0
1565	sub_1565_0451600.log	DONE exit=20	200	True	123294	0 0 0 0 0 0 0 0 0 0 0 1080 2108 1417 248 5 0 0 0 0 0 0 0 0 0 0 0 0 0
1565	sub_1565_0451800.log	DONE exit=20	200	True	305584	0 0 0 0 0 0 0 0 0 0 0 1434 4077 5134 2495 303 12 0 0 0 0 0 0 0 0 0 0 0 0
1565	sub_1565_0452000.log	DONE exit=20	200	True	230297	0 0 0 0 0 0 0 0 0 0 0 1390 3873 3645 1605 246 16 0 0 0 0 0 0 0 0 0 0 0 0
1565	sub_1565_0452200.log	DONE exit=20	200	True	111303	0 0 0 0 0 0 0 0 0 0 0 1011 2180 1783 628 49 0 0 0 0 0 0 0 0 0 0 0 0 0
1565	sub_1565_0452400.log	DONE exit=20	200	True	34624	0 0 0 0 0 0 0 0 0 0 0 469 462 326 87 3 0 0 0 0 0 0 0 0 0 0 0 0 0
1565	sub_1565_0452600.log	DONE exit=20	200	True	37855	0 0 0 0 0 0 0 0 0 0 0 499 530 253 29 1 0 0 0 0 0 0 0 0 0 0 0 0 0
1565	sub_1565_0452800.log	DONE exit=20	200	True	85599	0 0 0 0 0 0 0 0 0 0 0 846 1503 896 213 13 1 0 0 0 0 0 0 0 0 0 0 0 0
1565	sub_1565_0453000.log	DONE exit=20	200	True	67292	0 0 0 0 0 0 0 0 0 0 0 709 1189 882 246 25 1 0 0 0 0 0 0 0 0 0 0 0 0
1565	sub_1565_0453200.log	DONE exit=20	200	True	96758	0 0 0 0 0 0 0 0 0 0 0 894 1631 1506 511 57 0 0 0 0 0 0 0 0 0 0 0 0 0
1565	sub_1565_0453400.log	DONE exit=20	200	True	266137	0 0 0 0 0 0 0 0 0 0 0 1417 4186 4894 2730 784 66 0 0 0 0 0 0 0 0 0 0 0 0
1565	sub_1565_0453600.log	DONE exit=20	200	True	156439	0 0 0 0 0 0 0 0 0 0 0 1110 2482 2300 920 99 0 0 0 0 0 0 0 0 0 0 0 0 0
1565	sub_1565_0453800.log	DONE exit=20	200	True	163521	0 0 0 0 0 0 0 0 0 0 0 1237 3301 3198 1133 111 2 0 0 0 0 0 0 0 0 0 0 0 0
1565	sub_1565_0454000.log	DONE exit=20	200	True	35733	0 0 0 0 0 0 0 0 0 0 0 457 570 381 66 0 0 0 0 0 0 0 0 0 0 0 0 0 0
1565	sub_1565_0454200.log	DONE exit=20	200	True	93356	0 0 0 0 0 0 0 0 0 0 0 872 1582 1592 786 111 3 0 0 0 0 0 0 0 0 0 0 0 0
1565	sub_1565_0454400.log	DONE exit=20	200	True	191013	0 0 0 0 0 0 0 0 0 0 0 1500 3444 3010 1056 113 0 0 0 0 0 0 0 0 0 0 0 0 0
1565	sub_1565_0454600.log	DONE exit=20	200	True	128051	0 0 0 0 0 0 0 0 0 0 0 715 1894 1821 606 62 0 0 0 0 0 0 0 0 0 0 0 0 0
1565	sub_1565_0454800.log	DONE exit=20	200	True	166169	0 0 0 0 0 0 0 0 0 0 0 1183 2497 2425 927 121 0 0 0 0 0 0 0 0 0 0 0 0 0
1565	sub_1565_0455000.log	DONE exit=20	200	True	473468	0 0 0 0 0 0 0 0 0 0 0 1692 6067 9740 7487 2452 247 0 0 0 0 0 0 0 0 0 0 0 0
1565	sub_1565_0455200.log	DONE exit=20	200	True	496827	0 0 0 0 0 0 0 0 0 0 0 1646 5795 9737 7309 2162 128 2 0 0 0 0 0 0 0 0 0 0 0
1565	sub_1565_0455400.log	DONE exit=20	200	True	321479	0 0 0 0 0 0 0 0 0 0 0 1329 4587 6441 3898 852 22 0 0 0 0 0 0 0 0 0 0 0 0
1565	sub_1565_0455600.log	DONE exit=20	200	True	144986	0 0 0 0 0 0 0 0 0 0 0 915 2048 2258 1087 172 5 0 0 0 0 0 0 0 0 0 0 0 0
1565	sub_1565_0455800.log	DONE exit=20	200	True	2726068	0 0 0 0 0 0 0 0 0 0 0 1969 10634 30935 52818 49908 39305 5739 2 0 0 0 0 0 0 0 0 0 0
1565	sub_1565_0456000.log	DONE exit=20	200	True	788713	0 0 0 0 0 0 0 0 0 0 0 1686 7434 17358 18109 8387 1811 42 0 0 0 0 0 0 0 0 0 0 0
1565	sub_1565_0456200.log	DONE exit=20	200	True	230558	0 0 0 0 0 0 0 0 0 0 0 1281 3625 4155 1907 451 36 0 0 0 0 0 0 0 0 0 0 0 0
1565	sub_1565_0456400.log	DONE exit=20	200	True	276076	0 0 0 0 0 0 0 0 0 0 0 1375 4554 7714 6193 1074 115 1 0 0 0 0 0 0 0 0 0 0 0
1565	sub_1565_0456600.log	DONE exit=20	200	True	202431	0 0 0 0 0 0 0 0 0 0 0 1300 3591 4745 2662 281 0 0 0 0 0 0 0 0 0 0 0 0 0
1565	sub_1565_0456800.log	DONE exit=20	200	True	143755	0 0 0 0 0 0 0 0 0 0 0 1103 2634 1946 783 77 0 0 0 0 0 0 0 0 0 0 0 0 0
1565	sub_1565_0457000.log	DONE exit=20	200	True	95053	0 0 0 0 0 0 0 0 0 0 0 997 1996 1242 257 17 0 0 0 0 0 0 0 0 0 0 0 0 0
1565	sub_1565_0457200.log	DONE exit=20	200	True	121548	0 0 0 0 0 0 0 0 0 0 0 1031 2578 2369 684 76 1 0 0 0 0 0 0 0 0 0 0 0 0
1565	sub_1565_0457400.log	DONE exit=20	200	True	59010	0 0 0 0 0 0 0 0 0 0 0 682 1139 669 162 6 0 0 0 0 0 0 0 0 0 0 0 0 0
1565	sub_1565_0457600.log	DONE exit=20	200	True	89597	0 0 0 0 0 0 0 0 0 0 0 837 1509 1401 489 112 0 0 0 0 0 0 0 0 0 0 0 0 0
1565	sub_1565_0457800.log	DONE exit=20	200	True	58435	0 0 0 0 0 0 0 0 0 0 0 609 951 751 237 10 0 0 0 0 0 0 0 0 0 0 0 0 0
1565	sub_1565_0458000.log	DONE exit=20	200	True	60437	0 0 0 0 0 0 0 0 0 0 0 788 1104 543 91 7 0 0 0 0 0 0 0 0 0 0 0 0 0
1565	sub_1565_0458200.log	DONE exit=20	200	True	52903	0 0 0 0 0 0 0 0 0 0 0 677 880 530 112 11 0 0 0 0 0 0 0 0 0 0 0 0 0
1565	sub_1565_0458400.log	DONE exit=20	200	True	94489	0 0 0 0 0 0 0 0 0 0 0 997 1776 1079 182 4 0 0 0 0 0 0 0 0 0 0 0 0 0
1565	sub_1565_0458600.log	DONE exit=20	200	True	85712	0 0 0 0 0 0 0 0 0 0 0 918 1502 834 149 6 0 0 0 0 0 0 0 0 0 0 0 0 0
1565	sub_1565_0458800.log	DONE exit=20	200	True	76845	0 0 0 0 0 0 0 0 0 0 0 860 1276 759 179 9 0 0 0 0 0 0 0 0 0 0 0 0 0
1565	sub_1565_0459000.log	DONE exit=20	200	True	110957	0 0 0 0 0 0 0 0 0 0 0 1159 2162 1269 228 16 0 0 0 0 0 0 0 0 0 0 0 0 0
1565	sub_1565_0459200.log	DONE exit=20	200	True	105283	0 0 0 0 0 0 0 0 0 0 0 1101 2091 1288 253 11 0 0 0 0 0 0 0 0 0 0 0 0 0
1565	sub_1565_0459400.log	DONE exit=20	200	True	178038	0 0 0 0 0 0 0 0 0 0 0 1163 2778 2860 1236 232 1 0 0 0 0 0 0 0 0 0 0 0 0
1565	sub_1565_0459600.log	DONE exit=20	200	True	562939	0 0 0 0 0 0 0 0 0 0 0 1519 5700 13426 16128 7562 1262 39 0 0 0 0 0 0 0 0 0 0 0
1565	sub_1565_0459800.log	DONE exit=20	200	True	251533	0 0 0 0 0 0 0 0 0 0 0 1416 4453 5645 2382 409 41 0 0 0 0 0 0 0 0 0 0 0 0
1565	sub_1565_0460000.log	DONE exit=20	200	True	64840	0 0 0 0 0 0 0 0 0 0 0 713 1230 737 256 15 1 0 0 0 0 0 0 0 0 0 0 0 0
1565	sub_1565_0460200.log	DONE exit=20	200	True	66385	0 0 0 0 0 0 0 0 0 0 0 739 1074 641 178 13 0 0 0 0 0 0 0 0 0 0 0 0 0
1565	sub_1565_0460400.log	DONE exit=20	200	True	76517	0 0 0 0 0 0 0 0 0 0 0 501 859 604 101 27 0 0 0 0 0 0 0 0 0 0 0 0 0
1565	sub_1565_0460600.log	DONE exit=20	200	True	209655	0 0 0 0 0 0 0 0 0 0 0 462 1071 1343 1380 790 0 0 0 0 0 0 0 0 0 0 0 0 0
1565	sub_1565_0460800.log	DONE exit=20	200	True	151498	0 0 0 0 0 0 0 0 0 0 0 850 1994 2188 964 148 3 0 0 0 0 0 0 0 0 0 0 0 0
1565	sub_1565_0461000.log	DONE exit=20	200	True	688520	0 0 0 0 0 0 0 0 0 0 0 1067 2553 4442 6495 4655 159 0 0 0 0 0 0 0 0 0 0 0 0
1565	sub_1565_0461200.log	DONE exit=20	200	True	48608	0 0 0 0 0 0 0 0 0 0 0 593 823 436 58 5 0 0 0 0 0 0 0 0 0 0 0 0 0
1565	sub_1565_0461400.log	DONE exit=20	200	True	90922	0 0 0 0 0 0 0 0 0 0 0 820 1570 1312 462 73 1 0 0 0 0 0 0 0 0 0 0 0 0
1565	sub_1565_0461600.log	DONE exit=20	200	True	828869	0 0 0 0 0 0 0 0 0 0 0 828 2155 4932 8719 6132 383 1 0 0 0 0 0 0 0 0 0 0 0
1565	sub_1565_0461800.log	DONE exit=20	200	True	415322	0 0 0 0 0 0 0 0 0 0 0 727 1630 2849 3737 2154 2 0 0 0 0 0 0 0 0 0 0 0 0
1565	sub_1565_0462000.log	DONE exit=20	200	True	1152035	0 0 0 0 0 0 0 0 0 0 0 946 2540 6273 11747 8582 263 0 0 0 0 0 0 0 0 0 0 0 0
1565	sub_1565_0462200.log	DONE exit=20	200	True	806704	0 0 0 0 0 0 0 0 0 0 0 743 1921 4492 8157 5499 284 0 0 0 0 0 0 0 0 0 0 0 0
1565	sub_1565_0462400.log	DONE exit=20	200	True	2921504	0 0 0 0 0 0 0 0 0 0 0 1336 5102 13047 23163 25165 16541 3502 26 8 0 0 0 0 0 0 0 0 0
1565	sub_1565_0462600.log	DONE exit=20	200	True	322591	0 0 0 0 0 0 0 0 0 0 0 947 2146 2576 2172 1457 317 8 0 0 0 0 0 0 0 0 0 0 0
1565	sub_1565_0462800.log	DONE exit=20	200	True	104004	0 0 0 0 0 0 0 0 0 0 0 930 1700 1513 532 19 0 0 0 0 0 0 0 0 0 0 0 0 0
1565	sub_1565_0463000.log	DONE exit=20	200	True	606303	0 0 0 0 0 0 0 0 0 0 0 1086 2766 4434 5564 3985 99 0 0 0 0 0 0 0 0 0 0 0 0
1565	sub_1565_0463200.log	DONE exit=20	200	True	879458	0 0 0 0 0 0 0 0 0 0 0 1001 2410 4344 7316 7059 2073 0 0 0 0 0 0 0 0 0 0 0 0
1565	sub_1565_0463400.log	DONE exit=20	200	True	28242	0 0 0 0 0 0 0 0 0 0 0 387 340 194 66 0 0 0 0 0 0 0 0 0 0 0 0 0 0
1565	sub_1565_0463600.log	DONE exit=20	200	True	251124	0 0 0 0 0 0 0 0 0 0 0 705 1330 1838 1563 836 0 0 0 0 0 0 0 0 0 0 0 0 0
1565	sub_1565_0463800.log	DONE exit=20	200	True	579698	0 0 0 0 0 0 0 0 0 0 0 862 2136 4064 5578 3659 83 0 0 0 0 0 0 0 0 0 0 0 0
1565	sub_1565_0464000.log	DONE exit=20	200	True	257664	0 0 0 0 0 0 0 0 0 0 0 732 1726 2109 1716 1171 208 4 0 0 0 0 0 0 0 0 0 0 0
1565	sub_1565_0464200.log	DONE exit=20	200	True	471491	0 0 0 0 0 0 0 0 0 0 0 960 2244 3340 3714 3227 743 1 0 0 0 0 0 0 0 0 0 0 0
1565	sub_1565_0464400.log	DONE exit=20	200	True	216355	0 0 0 0 0 0 0 0 0 0 0 828 1507 1744 1413 768 68 0 0 0 0 0 0 0 0 0 0 0 0
1565	sub_1565_0464600.log	DONE exit=20	200	True	41989	0 0 0 0 0 0 0 0 0 0 0 523 624 243 35 2 0 0 0 0 0 0 0 0 0 0 0 0 0
1565	sub_1565_0464800.log	DONE exit=20	200	True	42491	0 0 0 0 0 0 0 0 0 0 0 501 614 295 41 2 0 0 0 0 0 0 0 0 0 0 0 0 0
1565	sub_1565_0465000.log	DONE exit=20	200	True	38770	0 0 0 0 0 0 0 0 0 0 0 468 475 178 25 2 0 0 0 0 0 0 0 0 0 0 0 0 0
1565	sub_1565_0465200.log	DONE exit=20	200	True	59804	0 0 0 0 0 0 0 0 0 0 0 571 868 658 211 15 0 0 0 0 0 0 0 0 0 0 0 0 0
1565	sub_1565_0465400.log	DONE exit=20	200	True	39375	0 0 0 0 0 0 0 0 0 0 0 437 474 236 46 4 0 0 0 0 0 0 0 0 0 0 0 0 0
1565	sub_1565_0465600.log	DONE exit=20	200	True	65402	0 0 0 0 0 0 0 0 0 0 0 598 964 723 252 38 0 0 0 0 0 0 0 0 0 0 0 0 0
1565	sub_1565_0465800.log	DONE exit=20	200	True	26737	0 0 0 0 0 0 0 0 0 0 0 423 304 62 4 0 0 0 0 0 0 0 0 0 0 0 0 0 0
1565	sub_1565_0466000.log	DONE exit=20	200	True	35808	0 0 0 0 0 0 0 0 0 0 0 480 446 183 21 0 0 0 0 0 0 0 0 0 0 0 0 0 0
1565	sub_1565_0466200.log	DONE exit=20	200	True	35303	0 0 0 0 0 0 0 0 0 0 0 452 407 150 26 1 0 0 0 0 0 0 0 0 0 0 0 0 0
1565	sub_1565_0466400.log	DONE exit=20	200	True	37341	0 0 0 0 0 0 0 0 0 0 0 497 473 183 20 1 0 0 0 0 0 0 0 0 0 0 0 0 0
1565	sub_1565_0466600.log	DONE exit=20	200	True	64922	0 0 0 0 0 0 0 0 0 0 0 646 1040 665 123 6 0 0 0 0 0 0 0 0 0 0 0 0 0
1565	sub_1565_0466800.log	DONE exit=20	200	True	29315	0 0 0 0 0 0 0 0 0 0 0 340 261 95 9 0 0 0 0 0 0 0 0 0 0 0 0 0 0
1565	sub_1565_0467000.log	DONE exit=20	200	True	70986	0 0 0 0 0 0 0 0 0 0 0 702 1220 740 131 5 0 0 0 0 0 0 0 0 0 0 0 0 0
1565	sub_1565_0467200.log	DONE exit=20	200	True	35965	0 0 0 0 0 0 0 0 0 0 0 418 485 182 14 0 0 0 0 0 0 0 0 0 0 0 0 0 0
1565	sub_1565_0467400.log	DONE exit=20	200	True	44207	0 0 0 0 0 0 0 0 0 0 0 509 619 242 30 0 0 0 0 0 0 0 0 0 0 0 0 0 0
1565	sub_1565_0467600.log	DONE exit=20	200	True	115472	0 0 0 0 0 0 0 0 0 0 0 610 932 791 175 19 0 0 0 0 0 0 0 0 0 0 0 0 0
1565	sub_1565_0467800.log	DONE exit=20	200	True	216708	0 0 0 0 0 0 0 0 0 0 0 714 1375 1649 985 492 67 6 0 0 0 0 0 0 0 0 0 0 0
1565	sub_1565_0468000.log	DONE exit=20	200	True	122559	0 0 0 0 0 0 0 0 0 0 0 493 536 744 687 339 95 5 0 0 0 0 0 0 0 0 0 0 0
1565	sub_1565_0468200.log	DONE exit=20	200	True	237021	0 0 0 0 0 0 0 0 0 0 0 695 1260 1737 1291 675 69 4 0 0 0 0 0 0 0 0 0 0 0
1565	sub_1565_0468400.log	DONE exit=20	200	True	353592	0 0 0 0 0 0 0 0 0 0 0 720 1471 2970 2538 675 0 0 0 0 0 0 0 0 0 0 0 0 0
1565	sub_1565_0468600.log	DONE exit=20	200	True	592745	0 0 0 0 0 0 0 0 0 0 0 792 1912 3941 5453 4081 847 12 0 0 0 0 0 0 0 0 0 0 0
1565	sub_1565_0468800.log	DONE exit=20	200	True	1042594	0 0 0 0 0 0 0 0 0 0 0 983 2949 7016 10230 7809 2595 31 0 0 0 0 0 0 0 0 0 0 0
1565	sub_1565_0469000.log	DONE exit=20	200	True	291106	0 0 0 0 0 0 0 0 0 0 0 674 1261 1987 2035 1029 7 0 0 0 0 0 0 0 0 0 0 0 0
1565	sub_1565_0469200.log	DONE exit=20	200	True	672285	0 0 0 0 0 0 0 0 0 0 0 803 2160 5136 6832 4420 1053 6 0 0 0 0 0 0 0 0 0 0 0
1565	sub_1565_0469400.log	DONE exit=20	200	True	356511	0 0 0 0 0 0 0 0 0 0 0 748 1501 2255 2787 1791 62 0 0 0 0 0 0 0 0 0 0 0 0
1565	sub_1565_0469600.log	DONE exit=20	200	True	398335	0 0 0 0 0 0 0 0 0 0 0 699 1453 2215 3390 2143 84 0 0 0 0 0 0 0 0 0 0 0 0
1565	sub_1565_0469800.log	DONE exit=20	200	True	1370148	0 0 0 0 0 0 0 0 0 0 0 1072 3341 7736 12979 11063 3865 17 0 0 0 0 0 0 0 0 0 0 0
1565	sub_1565_0470000.log	DONE exit=20	200	True	5811817	0 0 0 0 0 0 0 0 0 0 0 1190 4306 11363 23048 43371 60728 43667 11352 4450 1314 0 0 0 0 0 0 0 0
1565	sub_1565_0470200.log	DONE exit=20	200	True	4219132	0 0 0 0 0 0 0 0 0 0 0 1403 5330 12281 21884 35274 40373 18071 4626 2175 615 0 0 0 0 0 0 0 0
1565	sub_1565_0470400.log	DONE exit=20	200	True	441108	0 0 0 0 0 0 0 0 0 0 0 977 2385 3295 3913 2918 1172 49 0 0 0 0 0 0 0 0 0 0 0
1565	sub_1565_0470600.log	DONE exit=20	200	True	195703	0 0 0 0 0 0 0 0 0 0 0 1154 2913 3701 2204 362 29 1 0 0 0 0 0 0 0 0 0 0 0
1565	sub_1565_0470800.log	DONE exit=20	200	True	279818	0 0 0 0 0 0 0 0 0 0 0 1297 3715 4872 3349 1183 535 72 0 0 0 0 0 0 0 0 0 0 0
1565	sub_1565_0471000.log	DONE exit=20	200	True	281008	0 0 0 0 0 0 0 0 0 0 0 1118 3076 4120 2844 997 367 32 0 0 0 0 0 0 0 0 0 0 0
1565	sub_1565_0471200.log	DONE exit=20	200	True	427297	0 0 0 0 0 0 0 0 0 0 0 930 2633 3687 3945 2204 71 0 0 0 0 0 0 0 0 0 0 0 0
1565	sub_1565_0471400.log	DONE exit=20	200	True	663997	0 0 0 0 0 0 0 0 0 0 0 1151 3394 5314 6572 3948 198 0 0 0 0 0 0 0 0 0 0 0 0
1565	sub_1565_0471600.log	DONE exit=20	200	True	233440	0 0 0 0 0 0 0 0 0 0 0 782 1890 2393 1814 698 0 0 0 0 0 0 0 0 0 0 0 0 0
1565	sub_1565_0471800.log	DONE exit=20	200	True	438413	0 0 0 0 0 0 0 0 0 0 0 1060 2727 3676 3858 1950 284 18 0 0 0 0 0 0 0 0 0 0 0
1565	sub_1565_0472000.log	DONE exit=20	200	True	106401	0 0 0 0 0 0 0 0 0 0 0 819 1572 1353 557 137 34 4 0 0 0 0 0 0 0 0 0 0 0
1565	sub_1565_0472200.log	DONE exit=20	200	True	121534	0 0 0 0 0 0 0 0 0 0 0 936 1790 1520 760 118 2 0 0 0 0 0 0 0 0 0 0 0 0
1565	sub_1565_0472400.log	DONE exit=20	200	True	153195	0 0 0 0 0 0 0 0 0 0 0 938 2100 2199 1205 187 45 13 0 0 0 0 0 0 0 0 0 0 0
1565	sub_1565_0472600.log	DONE exit=20	200	True	344094	0 0 0 0 0 0 0 0 0 0 0 946 2427 3470 3074 1551 319 29 0 0 0 0 0 0 0 0 0 0 0
1565	sub_1565_0472800.log	DONE exit=20	200	True	707649	0 0 0 0 0 0 0 0 0 0 0 1169 3152 5258 5574 3554 483 19 0 0 0 0 0 0 0 0 0 0 0
1565	sub_1565_0473000.log	DONE exit=20	200	True	6523792	0 0 0 0 0 0 0 0 0 0 0 1680 8029 20909 40639 63343 55542 11688 8 0 0 0 0 0 0 0 0 0 0
1565	sub_1565_0473200.log	DONE exit=20	200	True	588440	0 0 0 0 0 0 0 0 0 0 0 891 2292 4237 4503 3079 382 22 0 0 0 0 0 0 0 0 0 0 0
1565	sub_1565_0473400.log	DONE exit=20	200	True	943666	0 0 0 0 0 0 0 0 0 0 0 1190 3418 6245 7506 5192 1064 14 0 0 0 0 0 0 0 0 0 0 0
1565	sub_1565_0473600.log	DONE exit=20	200	True	802768	0 0 0 0 0 0 0 0 0 0 0 1147 3497 5372 7060 4916 583 23 0 0 0 0 0 0 0 0 0 0 0
1565	sub_1565_0473800.log	DONE exit=20	200	True	7143300	0 0 0 0 0 0 0 0 0 0 0 1548 7096 19606 39413 67969 66153 17192 35 0 0 0 0 0 0 0 0 0 0
1565	sub_1565_0474000.log	DONE exit=20	200	True	3685102	0 0 0 0 0 0 0 0 0 0 0 1557 6696 13694 22388 31626 26143 4955 8 0 0 0 0 0 0 0 0 0 0
1565	sub_1565_0474200.log	DONE exit=20	200	True	837052	0 0 0 0 0 0 0 0 0 0 0 1146 3113 5382 6047 4882 2346 1200 92 1 1 0 0 0 0 0 0 0 0
1565	sub_1565_0474400.log	DONE exit=20	200	True	938058	0 0 0 0 0 0 0 0 0 0 0 1368 4463 7164 8195 6097 2517 454 0 0 0 0 0 0 0 0 0 0 0
1565	sub_1565_0474600.log	DONE exit=20	200	True	77477196	0 0 0 0 0 0 0 0 0 0 0 1435 9556 43041 142154 398427 904724 1241569 337927 234162 71153 0 0 0 0 0 0 0 0
1565	sub_1565_0474800.log	DONE exit=20	200	True	45011	0 0 0 0 0 0 0 0 0 0 0 553 630 305 55 6 1 0 0 0 0 0 0 0 0 0 0 0 0
1565	sub_1565_0475000.log	DONE exit=20	200	True	32976	0 0 0 0 0 0 0 0 0 0 0 461 324 86 8 0 0 0 0 0 0 0 0 0 0 0 0 0 0
1565	sub_1565_0475200.log	DONE exit=20	200	True	45569	0 0 0 0 0 0 0 0 0 0 0 690 871 432 101 9 0 0 0 0 0 0 0 0 0 0 0 0 0
1565	sub_1565_0475400.log	DONE exit=20	200	True	29023	0 0 0 0 0 0 0 0 0 0 0 410 305 110 17 0 0 0 0 0 0 0 0 0 0 0 0 0 0
1565	sub_1565_0475600.log	DONE exit=20	200	True	59186	0 0 0 0 0 0 0 0 0 0 0 660 930 598 229 38 1 0 0 0 0 0 0 0 0 0 0 0 0
1565	sub_1565_0475800.log	DONE exit=20	200	True	59647	0 0 0 0 0 0 0 0 0 0 0 538 841 701 304 86 0 0 0 0 0 0 0 0 0 0 0 0 0
1565	sub_1565_0476000.log	DONE exit=20	200	True	39040	0 0 0 0 0 0 0 0 0 0 0 465 581 287 34 0 0 0 0 0 0 0 0 0 0 0 0 0 0
1565	sub_1565_0476200.log	DONE exit=20	200	True	87543	0 0 0 0 0 0 0 0 0 0 0 808 1630 1320 531 81 0 0 0 0 0 0 0 0 0 0 0 0 0
1565	sub_1565_0476400.log	DONE exit=20	200	True	53287	0 0 0 0 0 0 0 0 0 0 0 564 762 487 193 42 9 0 0 0 0 0 0 0 0 0 0 0 0
1565	sub_1565_0476600.log	DONE exit=20	200	True	67745	0 0 0 0 0 0 0 0 0 0 0 669 1112 691 154 19 0 0 0 0 0 0 0 0 0 0 0 0 0
1565	sub_1565_0476800.log	DONE exit=20	200	True	57967	0 0 0 0 0 0 0 0 0 0 0 638 946 723 238 49 0 0 0 0 0 0 0 0 0 0 0 0 0
1565	sub_1565_0477000.log	DONE exit=20	200	True	115884	0 0 0 0 0 0 0 0 0 0 0 918 1780 1886 1176 380 31 0 0 0 0 0 0 0 0 0 0 0 0
1565	sub_1565_0477200.log	DONE exit=20	200	True	312505	0 0 0 0 0 0 0 0 0 0 0 1327 4300 6492 5081 2066 269 0 0 0 0 0 0 0 0 0 0 0 0
1565	sub_1565_0477400.log	DONE exit=20	200	True	76975	0 0 0 0 0 0 0 0 0 0 0 752 1337 865 167 14 0 0 0 0 0 0 0 0 0 0 0 0 0
1565	sub_1565_0477600.log	DONE exit=20	200	True	21792	0 0 0 0 0 0 0 0 0 0 0 279 179 22 0 0 0 0 0 0 0 0 0 0 0 0 0 0 0
1565	sub_1565_0477800.log	DONE exit=20	200	True	51656	0 0 0 0 0 0 0 0 0 0 0 605 817 457 78 3 0 0 0 0 0 0 0 0 0 0 0 0 0
1565	sub_1565_0478000.log	DONE exit=20	200	True	60173	0 0 0 0 0 0 0 0 0 0 0 588 879 665 135 1 0 0 0 0 0 0 0 0 0 0 0 0 0
1565	sub_1565_0478200.log	DONE exit=20	200	True	43424	0 0 0 0 0 0 0 0 0 0 0 504 524 287 68 2 0 0 0 0 0 0 0 0 0 0 0 0 0
1565	sub_1565_0478400.log	DONE exit=20	200	True	39283	0 0 0 0 0 0 0 0 0 0 0 494 533 199 21 3 0 0 0 0 0 0 0 0 0 0 0 0 0
1565	sub_1565_0478600.log	DONE exit=20	200	True	106257	0 0 0 0 0 0 0 0 0 0 0 826 1848 1627 564 88 1 0 0 0 0 0 0 0 0 0 0 0 0
1565	sub_1565_0478800.log	DONE exit=20	200	True	116164	0 0 0 0 0 0 0 0 0 0 0 826 1911 1715 596 59 1 0 0 0 0 0 0 0 0 0 0 0 0
1565	sub_1565_0479000.log	DONE exit=20	200	True	45508	0 0 0 0 0 0 0 0 0 0 0 567 709 326 50 4 0 0 0 0 0 0 0 0 0 0 0 0 0
1565	sub_1565_0479200.log	DONE exit=20	200	True	255933	0 0 0 0 0 0 0 0 0 0 0 1443 4396 5115 2301 338 8 0 0 0 0 0 0 0 0 0 0 0 0
1565	sub_1565_0479400.log	DONE exit=20	200	True	76701	0 0 0 0 0 0 0 0 0 0 0 644 1207 1135 310 13 0 0 0 0 0 0 0 0 0 0 0 0 0
1565	sub_1565_0479600.log	DONE exit=20	200	True	49636	0 0 0 0 0 0 0 0 0 0 0 474 696 526 158 10 0 0 0 0 0 0 0 0 0 0 0 0 0
1565	sub_1565_0479800.log	DONE exit=20	200	True	48750	0 0 0 0 0 0 0 0 0 0 0 543 746 319 23 0 0 0 0 0 0 0 0 0 0 0 0 0 0
1565	sub_1565_0480000.log	DONE exit=20	200	True	69333	0 0 0 0 0 0 0 0 0 0 0 676 1019 715 181 3 0 0 0 0 0 0 0 0 0 0 0 0 0
1565	sub_1565_0480200.log	DONE exit=20	200	True	30560	0 0 0 0 0 0 0 0 0 0 0 377 331 150 22 1 0 0 0 0 0 0 0 0 0 0 0 0 0
1565	sub_1565_0480400.log	DONE exit=20	200	True	71392	0 0 0 0 0 0 0 0 0 0 0 561 989 1040 476 74 2 0 0 0 0 0 0 0 0 0 0 0 0
1565	sub_1565_0480600.log	DONE exit=20	200	True	43617	0 0 0 0 0 0 0 0 0 0 0 568 718 374 68 8 0 0 0 0 0 0 0 0 0 0 0 0 0
1565	sub_1565_0480800.log	DONE exit=20	200	True	45627	0 0 0 0 0 0 0 0 0 0 0 499 664 396 81 4 0 0 0 0 0 0 0 0 0 0 0 0 0
1565	sub_1565_0481000.log	DONE exit=20	200	True	45212	0 0 0 0 0 0 0 0 0 0 0 527 692 349 57 0 0 0 0 0 0 0 0 0 0 0 0 0 0
1565	sub_1565_0481200.log	DONE exit=20	200	True	211283	0 0 0 0 0 0 0 0 0 0 0 821 2274 3650 3133 1514 384 78 0 0 0 0 0 0 0 0 0 0 0
1565	sub_1565_0481400.log	DONE exit=20	200	True	279307	0 0 0 0 0 0 0 0 0 0 0 1145 3581 6047 4963 1785 310 67 0 0 0 0 0 0 0 0 0 0 0
1565	sub_1565_0481600.log	DONE exit=20	200	True	203343	0 0 0 0 0 0 0 0 0 0 0 1224 3319 3847 2083 530 35 0 0 0 0 0 0 0 0 0 0 0 0
1565	sub_1565_0481800.log	DONE exit=20	200	True	38386	0 0 0 0 0 0 0 0 0 0 0 409 528 346 89 8 0 0 0 0 0 0 0 0 0 0 0 0 0
1565	sub_1565_0482000.log	DONE exit=20	200	True	78221	0 0 0 0 0 0 0 0 0 0 0 700 1343 1225 431 53 1 0 0 0 0 0 0 0 0 0 0 0 0
1565	sub_1565_0482200.log	DONE exit=20	200	True	74139	0 0 0 0 0 0 0 0 0 0 0 723 1158 797 332 91 16 0 0 0 0 0 0 0 0 0 0 0 0
1565	sub_1565_0482400.log	DONE exit=20	200	True	62380	0 0 0 0 0 0 0 0 0 0 0 637 1015 641 128 3 0 0 0 0 0 0 0 0 0 0 0 0 0
1565	sub_1565_0482600.log	DONE exit=20	200	True	47170	0 0 0 0 0 0 0 0 0 0 0 546 667 321 65 1 0 0 0 0 0 0 0 0 0 0 0 0 0
1565	sub_1565_0482800.log	DONE exit=20	200	True	51693	0 0 0 0 0 0 0 0 0 0 0 555 751 403 56 3 0 0 0 0 0 0 0 0 0 0 0 0 0
1565	sub_1565_0483000.log	DONE exit=20	200	True	38574	0 0 0 0 0 0 0 0 0 0 0 479 492 121 12 0 0 0 0 0 0 0 0 0 0 0 0 0 0
1565	sub_1565_0483200.log	DONE exit=20	200	True	23810	0 0 0 0 0 0 0 0 0 0 0 265 187 31 0 0 0 0 0 0 0 0 0 0 0 0 0 0 0
1565	sub_1565_0483400.log	DONE exit=20	200	True	354816	0 0 0 0 0 0 0 0 0 0 0 598 1352 2758 2733 1108 0 0 0 0 0 0 0 0 0 0 0 0 0
1565	sub_1565_0483600.log	DONE exit=20	200	True	441540	0 0 0 0 0 0 0 0 0 0 0 871 2178 3577 4128 2652 162 5 0 0 0 0 0 0 0 0 0 0 0
1565	sub_1565_0483800.log	DONE exit=20	200	True	302865	0 0 0 0 0 0 0 0 0 0 0 765 1744 2776 2383 1239 430 10 0 0 0 0 0 0 0 0 0 0 0
1565	sub_1565_0484000.log	DONE exit=20	200	True	349967	0 0 0 0 0 0 0 0 0 0 0 855 2088 3069 3224 2022 605 2 0 0 0 0 0 0 0 0 0 0 0
1565	sub_1565_0484200.log	DONE exit=20	200	True	71627	0 0 0 0 0 0 0 0 0 0 0 673 1094 868 324 50 4 0 0 0 0 0 0 0 0 0 0 0 0
1565	sub_1565_0484400.log	DONE exit=20	200	True	155768	0 0 0 0 0 0 0 0 0 0 0 949 2245 2597 1472 287 7 0 0 0 0 0 0 0 0 0 0 0 0
1565	sub_1565_0484600.log	DONE exit=20	200	True	214266	0 0 0 0 0 0 0 0 0 0 0 773 1671 2120 1834 838 4 0 0 0 0 0 0 0 0 0 0 0 0
1565	sub_1565_0484800.log	DONE exit=20	200	True	457753	0 0 0 0 0 0 0 0 0 0 0 976 2769 4202 3910 2262 74 0 0 0 0 0 0 0 0 0 0 0 0
1565	sub_1565_0485000.log	DONE exit=20	200	True	26342	0 0 0 0 0 0 0 0 0 0 0 376 273 62 5 1 0 0 0 0 0 0 0 0 0 0 0 0 0
1565	sub_1565_0485200.log	DONE exit=20	200	True	7042348	0 0 0 0 0 0 0 0 0 0 0 833 3007 9669 24601 48420 68235 60686 50741 29304 7518 0 0 0 0 0 0 0 0
1565	sub_1565_0485400.log	DONE exit=20	200	True	2593987	0 0 0 0 0 0 0 0 0 0 0 1344 4349 9253 12648 12541 11480 14607 20690 16985 6230 0 0 0 0 0 0 0 0
1565	sub_1565_0485600.log	DONE exit=20	200	True	1516716	0 0 0 0 0 0 0 0 0 0 0 1254 4256 9325 12934 10132 2611 390 0 0 0 0 0 0 0 0 0 0 0
1565	sub_1565_0485800.log	DONE exit=20	200	True	826685	0 0 0 0 0 0 0 0 0 0 0 1465 4847 7386 7438 4930 1803 422 4 0 0 0 0 0 0 0 0 0 0
1565	sub_1565_0486000.log	DONE exit=20	200	True	6264215	0 0 0 0 0 0 0 0 0 0 0 1415 6755 18317 37383 61094 55849 12749 35 0 0 0 0 0 0 0 0 0 0
1565	sub_1565_0486200.log	DONE exit=20	200	True	256799	0 0 0 0 0 0 0 0 0 0 0 905 2058 2061 1458 469 0 0 0 0 0 0 0 0 0 0 0 0 0
1565	sub_1565_0486400.log	DONE exit=20	200	True	223260	0 0 0 0 0 0 0 0 0 0 0 903 2090 2462 1651 494 7 0 0 0 0 0 0 0 0 0 0 0 0
1565	sub_1565_0486600.log	DONE exit=20	200	True	88731	0 0 0 0 0 0 0 0 0 0 0 606 936 668 387 152 0 0 0 0 0 0 0 0 0 0 0 0 0
1565	sub_1565_0486800.log	DONE exit=20	200	True	46408	0 0 0 0 0 0 0 0 0 0 0 512 626 377 93 2 0 0 0 0 0 0 0 0 0 0 0 0 0
1565	sub_1565_0487000.log	DONE exit=20	200	True	57504	0 0 0 0 0 0 0 0 0 0 0 649 872 588 161 18 1 0 0 0 0 0 0 0 0 0 0 0 0
1565	sub_1565_0487200.log	DONE exit=20	200	True	85588	0 0 0 0 0 0 0 0 0 0 0 758 1396 864 191 22 0 0 0 0 0 0 0 0 0 0 0 0 0
1565	sub_1565_0487400.log	DONE exit=20	200	True	66972	0 0 0 0 0 0 0 0 0 0 0 719 1110 542 89 19 0 0 0 0 0 0 0 0 0 0 0 0 0
1565	sub_1565_0487600.log	DONE exit=20	200	True	24197	0 0 0 0 0 0 0 0 0 0 0 255 234 96 21 3 0 0 0 0 0 0 0 0 0 0 0 0 0
1565	sub_1565_0487800.log	DONE exit=20	200	True	61438	0 0 0 0 0 0 0 0 0 0 0 649 1018 653 78 5 0 0 0 0 0 0 0 0 0 0 0 0 0
1565	sub_1565_0488000.log	DONE exit=20	200	True	51642	0 0 0 0 0 0 0 0 0 0 0 580 778 408 44 2 0 0 0 0 0 0 0 0 0 0 0 0 0
1565	sub_1565_0488200.log	DONE exit=20	200	True	318198	0 0 0 0 0 0 0 0 0 0 0 679 1906 2818 2641 1292 112 6 0 0 0 0 0 0 0 0 0 0 0
1565	sub_1565_0488400.log	DONE exit=20	200	True	64699	0 0 0 0 0 0 0 0 0 0 0 695 1020 768 280 39 1 0 0 0 0 0 0 0 0 0 0 0 0
1565	sub_1565_0488600.log	DONE exit=20	200	True	174841	0 0 0 0 0 0 0 0 0 0 0 664 1253 1744 440 1 0 0 0 0 0 0 0 0 0 0 0 0 0
1565	sub_1565_0488800.log	DONE exit=20	200	True	80372	0 0 0 0 0 0 0 0 0 0 0 672 1368 717 107 0 0 0 0 0 0 0 0 0 0 0 0 0 0
1565	sub_1565_0489000.log	DONE exit=20	200	True	123220	0 0 0 0 0 0 0 0 0 0 0 453 782 1080 444 14 0 0 0 0 0 0 0 0 0 0 0 0 0
1565	sub_1565_0489200.log	DONE exit=20	200	True	131869	0 0 0 0 0 0 0 0 0 0 0 980 2273 1554 389 46 0 0 0 0 0 0 0 0 0 0 0 0 0
1565	sub_1565_0489400.log	DONE exit=20	200	True	290073	0 0 0 0 0 0 0 0 0 0 0 674 1645 2087 2384 1227 17 0 0 0 0 0 0 0 0 0 0 0 0
1565	sub_1565_0489600.log	DONE exit=20	200	True	1106152	0 0 0 0 0 0 0 0 0 0 0 1116 3694 7755 10114 5856 47 0 0 0 0 0 0 0 0 0 0 0 0
1565	sub_1565_0489800.log	DONE exit=20	200	True	250580	0 0 0 0 0 0 0 0 0 0 0 521 1335 1829 2225 1241 7 0 0 0 0 0 0 0 0 0 0 0 0
1565	sub_1565_0490000.log	DONE exit=20	200	True	107300	0 0 0 0 0 0 0 0 0 0 0 659 1559 1002 230 2 0 0 0 0 0 0 0 0 0 0 0 0 0
1565	sub_1565_0490200.log	DONE exit=20	200	True	967961	0 0 0 0 0 0 0 0 0 0 0 1292 3666 6758 8366 6406 1343 137 0 0 0 0 0 0 0 0 0 0 0
1565	sub_1565_0490400.log	DONE exit=20	200	True	1421011	0 0 0 0 0 0 0 0 0 0 0 1386 4937 9792 12079 9175 1830 111 0 0 0 0 0 0 0 0 0 0 0
1565	sub_1565_0490600.log	DONE exit=20	200	True	241387	0 0 0 0 0 0 0 0 0 0 0 966 2244 2041 1367 609 0 0 0 0 0 0 0 0 0 0 0 0 0
1565	sub_1565_0490800.log	DONE exit=20	200	True	180083	0 0 0 0 0 0 0 0 0 0 0 611 1271 1452 1186 535 0 0 0 0 0 0 0 0 0 0 0 0 0
1565	sub_1565_0491000.log	DONE exit=20	200	True	271942	0 0 0 0 0 0 0 0 0 0 0 477 881 2378 1971 527 0 0 0 0 0 0 0 0 0 0 0 0 0
1565	sub_1565_0491200.log	DONE exit=20	200	True	790923	0 0 0 0 0 0 0 0 0 0 0 948 2659 5214 7311 4455 295 8 0 0 0 0 0 0 0 0 0 0 0
1565	sub_1565_0491400.log	DONE exit=20	200	True	192815	0 0 0 0 0 0 0 0 0 0 0 440 598 1038 1721 1203 88 0 0 0 0 0 0 0 0 0 0 0 0
1565	sub_1565_0491600.log	DONE exit=20	200	True	75378	0 0 0 0 0 0 0 0 0 0 0 673 1061 742 185 14 0 0 0 0 0 0 0 0 0 0 0 0 0
1565	sub_1565_0491800.log	DONE exit=20	200	True	37389	0 0 0 0 0 0 0 0 0 0 0 368 420 237 72 9 0 0 0 0 0 0 0 0 0 0 0 0 0
1565	sub_1565_0492000.log	DONE exit=20	200	True	259732	0 0 0 0 0 0 0 0 0 0 0 873 1743 2513 1891 756 18 0 0 0 0 0 0 0 0 0 0 0 0
1565	sub_1565_0492200.log	DONE exit=20	200	True	100339	0 0 0 0 0 0 0 0 0 0 0 862 1629 1334 463 83 4 0 0 0 0 0 0 0 0 0 0 0 0
1565	sub_1565_0492400.log	DONE exit=20	200	True	58960	0 0 0 0 0 0 0 0 0 0 0 599 895 467 95 5 0 0 0 0 0 0 0 0 0 0 0 0 0
1565	sub_1565_0492600.log	DONE exit=20	200	True	297246	0 0 0 0 0 0 0 0 0 0 0 1119 2999 3160 1561 111 2 0 0 0 0 0 0 0 0 0 0 0 0
1565	sub_1565_0492800.log	DONE exit=20	200	True	692424	0 0 0 0 0 0 0 0 0 0 0 1560 4842 7782 5888 936 3 0 0 0 0 0 0 0 0 0 0 0 0
1565	sub_1565_0493000.log	DONE exit=20	200	True	3792885	0 0 0 0 0 0 0 0 0 0 0 1397 4515 9362 15236 24461 34391 28414 5499 2596 572 0 0 0 0 0 0 0 0
1565	sub_1565_0493200.log	DONE exit=20	200	True	20944570	0 0 0 0 0 0 0 0 0 0 0 2954 19159 61799 132619 194005 158632 49024 6559 1734 365 0 0 0 0 0 0 0 0
1565	sub_1565_0493400.log	DONE exit=20	200	True	71933256	0 0 0 0 0 0 0 0 0 0 0 1398 7505 32083 100207 294548 745603 1138428 472948 360831 127123 0 0 0 0 0 0 0 0
1565	sub_1565_0493600.log	DONE exit=20	200	True	437593	0 0 0 0 0 0 0 0 0 0 0 947 2524 3282 3547 2516 838 0 0 0 0 0 0 0 0 0 0 0 0
1565	sub_1565_0493800.log	DONE exit=20	200	True	213984	0 0 0 0 0 0 0 0 0 0 0 978 2141 2782 2267 967 412 96 10 0 0 0 0 0 0 0 0 0 0
1565	sub_1565_0494000.log	DONE exit=20	200	True	227889	0 0 0 0 0 0 0 0 0 0 0 904 2140 2882 2306 1096 356 8 0 0 0 0 0 0 0 0 0 0 0
1565	sub_1565_0494200.log	DONE exit=20	200	True	432054	0 0 0 0 0 0 0 0 0 0 0 1233 3585 6132 5963 3416 1227 186 1 0 0 0 0 0 0 0 0 0 0
1565	sub_1565_0494400.log	DONE exit=20	200	True	196664	0 0 0 0 0 0 0 0 0 0 0 1155 2958 3342 1791 438 36 0 0 0 0 0 0 0 0 0 0 0 0
1565	sub_1565_0494600.log	DONE exit=20	200	True	263899	0 0 0 0 0 0 0 0 0 0 0 775 1735 2242 2377 1509 228 0 0 0 0 0 0 0 0 0 0 0 0
1565	sub_1565_0494800.log	DONE exit=20	200	True	382810	0 0 0 0 0 0 0 0 0 0 0 963 2615 3408 3332 1921 73 0 0 0 0 0 0 0 0 0 0 0 0
1565	sub_1565_0495000.log	DONE exit=20	200	True	461921	0 0 0 0 0 0 0 0 0 0 0 747 1927 3214 4345 2775 98 0 0 0 0 0 0 0 0 0 0 0 0
1565	sub_1565_0495200.log	DONE exit=20	200	True	52451	0 0 0 0 0 0 0 0 0 0 0 650 833 319 21 1 0 0 0 0 0 0 0 0 0 0 0 0 0
1565	sub_1565_0495400.log	DONE exit=20	200	True	43441	0 0 0 0 0 0 0 0 0 0 0 486 572 231 19 1 0 0 0 0 0 0 0 0 0 0 0 0 0
1565	sub_1565_0495600.log	DONE exit=20	200	True	224910	0 0 0 0 0 0 0 0 0 0 0 831 1603 1586 1130 547 0 0 0 0 0 0 0 0 0 0 0 0 0
1565	sub_1565_0495800.log	DONE exit=20	200	True	154405	0 0 0 0 0 0 0 0 0 0 0 795 1524 1149 714 281 0 0 0 0 0 0 0 0 0 0 0 0 0
1565	sub_1565_0496000.log	DONE exit=20	200	True	371384	0 0 0 0 0 0 0 0 0 0 0 845 1880 3127 3324 1268 92 2 0 0 0 0 0 0 0 0 0 0 0
1565	sub_1565_0496200.log	DONE exit=20	200	True	848538	0 0 0 0 0 0 0 0 0 0 0 1524 4771 7653 7207 4017 536 26 0 0 0 0 0 0 0 0 0 0 0
1565	sub_1565_0496400.log	DONE exit=20	200	True	887765	0 0 0 0 0 0 0 0 0 0 0 1328 4212 7993 8606 4573 659 24 0 0 0 0 0 0 0 0 0 0 0
1565	sub_1565_0496600.log	DONE exit=20	200	True	1213167	0 0 0 0 0 0 0 0 0 0 0 1608 5691 10801 11082 4807 666 7 0 0 0 0 0 0 0 0 0 0 0
1565	sub_1565_0496800.log	DONE exit=20	200	True	770696	0 0 0 0 0 0 0 0 0 0 0 1459 5385 9366 7847 2776 145 1 0 0 0 0 0 0 0 0 0 0 0
1565	sub_1565_0497000.log	DONE exit=20	200	True	2297944	0 0 0 0 0 0 0 0 0 0 0 2087 10043 22948 29896 21507 7447 1046 12 0 0 0 0 0 0 0 0 0 0
1565	sub_1565_0497200.log	DONE exit=20	200	True	1521153	0 0 0 0 0 0 0 0 0 0 0 1963 8709 18369 18272 10592 3369 644 4 0 0 0 0 0 0 0 0 0 0
1565	sub_1565_0497400.log	DONE exit=20	200	True	7554842	0 0 0 0 0 0 0 0 0 0 0 1896 9708 26044 46820 72361 68433 19271 229 2 0 0 0 0 0 0 0 0 0
1565	sub_1565_0497600.log	DONE exit=20	200	True	147725	0 0 0 0 0 0 0 0 0 0 0 801 1448 1143 442 185 1 0 0 0 0 0 0 0 0 0 0 0 0
1565	sub_1565_0497800.log	DONE exit=20	200	True	370878	0 0 0 0 0 0 0 0 0 0 0 1064 3152 4756 4006 1334 61 0 0 0 0 0 0 0 0 0 0 0 0
1565	sub_1565_0498000.log	DONE exit=20	200	True	299699	0 0 0 0 0 0 0 0 0 0 0 1022 2398 3152 2200 773 19 0 0 0 0 0 0 0 0 0 0 0 0
1565	sub_1565_0498200.log	DONE exit=20	200	True	253811	0 0 0 0 0 0 0 0 0 0 0 862 2068 1859 1532 494 0 0 0 0 0 0 0 0 0 0 0 0 0
1565	sub_1565_0498400.log	DONE exit=20	200	True	42938	0 0 0 0 0 0 0 0 0 0 0 381 438 272 91 4 0 0 0 0 0 0 0 0 0 0 0 0 0
1565	sub_1565_0498600.log	DONE exit=20	200	True	990259	0 0 0 0 0 0 0 0 0 0 0 857 2646 6664 9321 5426 58 0 0 0 0 0 0 0 0 0 0 0 0
1565	sub_1565_0498800.log	DONE exit=20	200	True	1998064	0 0 0 0 0 0 0 0 0 0 0 1294 5010 11834 19833 17902 7420 79 0 0 0 0 0 0 0 0 0 0 0
1565	sub_1565_0499000.log	DONE exit=20	200	True	171598	0 0 0 0 0 0 0 0 0 0 0 1203 2917 3032 1372 324 35 1 0 0 0 0 0 0 0 0 0 0 0
1565	sub_1565_0499200.log	DONE exit=20	200	True	308079	0 0 0 0 0 0 0 0 0 0 0 1509 5290 7321 3965 977 110 0 0 0 0 0 0 0 0 0 0 0 0
1565	sub_1565_0499400.log	DONE exit=20	200	True	44845	0 0 0 0 0 0 0 0 0 0 0 560 691 224 31 0 0 0 0 0 0 0 0 0 0 0 0 0 0
1565	sub_1565_0499600.log	DONE exit=20	200	True	356588	0 0 0 0 0 0 0 0 0 0 0 895 2264 3012 2643 1269 0 0 0 0 0 0 0 0 0 0 0 0 0
1565	sub_1565_0499800.log	DONE exit=20	200	True	113014	0 0 0 0 0 0 0 0 0 0 0 912 1924 1688 668 107 4 0 0 0 0 0 0 0 0 0 0 0 0
1565	sub_1565_0500000.log	DONE exit=20	200	True	283561	0 0 0 0 0 0 0 0 0 0 0 1047 2523 3132 1888 305 8 0 0 0 0 0 0 0 0 0 0 0 0
1565	sub_1565_0500200.log	DONE exit=20	200	True	5114180	0 0 0 0 0 0 0 0 0 0 0 1693 5960 12817 17077 26698 52298 49376 8760 2889 322 0 0 0 0 0 0 0 0
1565	sub_1565_0500400.log	DONE exit=20	200	True	4853539	0 0 0 0 0 0 0 0 0 0 0 1573 5930 12078 19007 30421 47179 33705 10220 7100 1912 0 0 0 0 0 0 0 0
1565	sub_1565_0500600.log	DONE exit=20	200	True	18443665	0 0 0 0 0 0 0 0 0 0 0 1593 6065 15574 35076 85498 178758 253326 66312 39009 10296 0 0 0 0 0 0 0 0
1565	sub_1565_0500800.log	DONE exit=20	200	True	10816878	0 0 0 0 0 0 0 0 0 0 0 1745 7399 18723 38900 70125 101435 101949 37333 20598 5154 0 0 0 0 0 0 0 0
1565	sub_1565_0501000.log	DONE exit=20	200	True	21738633	0 0 0 0 0 0 0 0 0 0 0 2890 18624 61263 134028 209025 187443 60132 6617 1314 324 0 0 0 0 0 0 0 0
1565	sub_1565_0501200.log	DONE exit=20	200	True	20102907	0 0 0 0 0 0 0 0 0 0 0 2153 13671 44183 102872 181985 211615 99005 10343 3052 738 0 0 0 0 0 0 0 0
1565	sub_1565_0501400.log	DONE exit=20	200	True	18257088	0 0 0 0 0 0 0 0 0 0 0 1935 9283 27986 63220 119989 173770 156229 112502 71836 22843 0 0 0 0 0 0 0 0
1565	sub_1565_0501600.log	DONE exit=20	200	True	13991669	0 0 0 0 0 0 0 0 0 0 0 1657 7036 19624 46557 94824 141283 129160 87770 53588 19910 0 0 0 0 0 0 0 0
1565	sub_1565_0501800.log	DONE exit=20	200	True	211684650	0 0 0 0 0 0 0 0 0 0 0 3163 26224 119457 368137 925540 1878652 2809298 2892475 2416999 873347 0 0 0 0 0 0 0 0
1565	sub_1565_0502000.log	DONE exit=20	200	True	973961	0 0 0 0 0 0 0 0 0 0 0 1155 3612 6387 8723 7317 3599 1307 40 0 0 0 0 0 0 0 0 0 0
1565	sub_1565_0502200.log	DONE exit=20	200	True	102069	0 0 0 0 0 0 0 0 0 0 0 884 1620 1501 909 403 58 0 0 0 0 0 0 0 0 0 0 0 0
1565	sub_1565_0502400.log	DONE exit=20	200	True	155861	0 0 0 0 0 0 0 0 0 0 0 930 2206 2582 1503 241 7 0 0 0 0 0 0 0 0 0 0 0 0
1565	sub_1565_0502600.log	DONE exit=20	200	True	691764	0 0 0 0 0 0 0 0 0 0 0 1123 3231 5806 6654 4151 1144 8 0 0 0 0 0 0 0 0 0 0 0
1565	sub_1565_0502800.log	DONE exit=20	200	True	403231	0 0 0 0 0 0 0 0 0 0 0 691 1849 2796 3504 2570 833 0 0 0 0 0 0 0 0 0 0 0 0
1565	sub_1565_0503000.log	DONE exit=20	200	True	67868	0 0 0 0 0 0 0 0 0 0 0 624 1088 781 217 37 4 0 0 0 0 0 0 0 0 0 0 0 0
1565	sub_1565_0503200.log	DONE exit=20	200	True	205056	0 0 0 0 0 0 0 0 0 0 0 803 1706 1638 1121 474 1 0 0 0 0 0 0 0 0 0 0 0 0
1565	sub_1565_0503400.log	DONE exit=20	200	True	122896	0 0 0 0 0 0 0 0 0 0 0 743 1264 1055 493 260 62 0 0 0 0 0 0 0 0 0 0 0 0
1565	sub_1565_0503600.log	DONE exit=20	200	True	438325	0 0 0 0 0 0 0 0 0 0 0 940 2654 3920 3678 1282 74 2 0 0 0 0 0 0 0 0 0 0 0
1565	sub_1565_0503800.log	DONE exit=20	200	True	18593136	0 0 0 0 0 0 0 0 0 0 0 1903 9141 29570 71702 134627 181771 153131 129532 102655 32763 0 0 0 0 0 0 0 0
1565	sub_1565_0504000.log	DONE exit=20	200	True	9227951	0 0 0 0 0 0 0 0 0 0 0 1635 6943 18953 39054 63731 81350 76069 64208 36652 12043 0 0 0 0 0 0 0 0
1565	sub_1565_0504200.log	DONE exit=20	200	True	786383	0 0 0 0 0 0 0 0 0 0 0 1258 4028 7170 6997 3151 535 6 0 0 0 0 0 0 0 0 0 0 0
1565	sub_1565_0504400.log	DONE exit=20	200	True	20300815	0 0 0 0 0 0 0 0 0 0 0 2648 15670 47460 102055 187916 228533 112359 17102 1792 494 0 0 0 0 0 0 0 0
1565	sub_1565_0504600.log	DONE exit=20	200	True	76460989	0 0 0 0 0 0 0 0 0 0 0 2097 12227 45610 139754 385633 890656 1239134 336678 234921 75393 0 0 0 0 0 0 0 0
1565	sub_1565_0504800.log	DONE exit=20	200	True	2244976	0 0 0 0 0 0 0 0 0 0 0 994 3282 7595 13614 22372 20016 4359 0 0 0 0 0 0 0 0 0 0 0
1565	sub_1565_0505000.log	DONE exit=20	200	True	76906	0 0 0 0 0 0 0 0 0 0 0 775 1268 636 117 22 0 0 0 0 0 0 0 0 0 0 0 0 0
1565	sub_1565_0505200.log	DONE exit=20	200	True	42031	0 0 0 0 0 0 0 0 0 0 0 498 630 346 83 5 0 0 0 0 0 0 0 0 0 0 0 0 0
1565	sub_1565_0505400.log	DONE exit=20	200	True	40006	0 0 0 0 0 0 0 0 0 0 0 459 597 186 11 0 0 0 0 0 0 0 0 0 0 0 0 0 0
1565	sub_1565_0505600.log	DONE exit=20	200	True	39370	0 0 0 0 0 0 0 0 0 0 0 412 494 210 52 2 0 0 0 0 0 0 0 0 0 0 0 0 0
1565	sub_1565_0505800.log	DONE exit=20	200	True	55102	0 0 0 0 0 0 0 0 0 0 0 554 834 638 171 25 4 0 0 0 0 0 0 0 0 0 0 0 0
1565	sub_1565_0506000.log	DONE exit=20	200	True	90230	0 0 0 0 0 0 0 0 0 0 0 722 1344 1175 471 56 0 0 0 0 0 0 0 0 0 0 0 0 0
1565	sub_1565_0506200.log	DONE exit=20	200	True	112726	0 0 0 0 0 0 0 0 0 0 0 595 1222 1424 996 367 44 0 0 0 0 0 0 0 0 0 0 0 0
1565	sub_1565_0506400.log	DONE exit=20	200	True	30843	0 0 0 0 0 0 0 0 0 0 0 306 342 200 54 4 0 0 0 0 0 0 0 0 0 0 0 0 0
1565	sub_1565_0506600.log	DONE exit=20	200	True	157264	0 0 0 0 0 0 0 0 0 0 0 1103 2523 2466 1068 275 15 0 0 0 0 0 0 0 0 0 0 0 0
1565	sub_1565_0506800.log	DONE exit=20	200	True	46839	0 0 0 0 0 0 0 0 0 0 0 465 597 416 167 31 0 0 0 0 0 0 0 0 0 0 0 0 0
1565	sub_1565_0507000.log	DONE exit=20	200	True	119493	0 0 0 0 0 0 0 0 0 0 0 1041 2060 1442 399 49 0 0 0 0 0 0 0 0 0 0 0 0 0
1565	sub_1565_0507200.log	DONE exit=20	200	True	51078	0 0 0 0 0 0 0 0 0 0 0 562 725 413 101 16 0 0 0 0 0 0 0 0 0 0 0 0 0
1565	sub_1565_0507400.log	DONE exit=20	200	True	123238	0 0 0 0 0 0 0 0 0 0 0 1009 2225 1740 421 71 4 0 0 0 0 0 0 0 0 0 0 0 0
1565	sub_1565_0507600.log	DONE exit=20	200	True	117460	0 0 0 0 0 0 0 0 0 0 0 886 1995 1850 763 154 18 0 0 0 0 0 0 0 0 0 0 0 0
1565	sub_1565_0507800.log	DONE exit=20	200	True	126781	0 0 0 0 0 0 0 0 0 0 0 795 1895 2299 1326 406 56 0 0 0 0 0 0 0 0 0 0 0 0
1565	sub_1565_0508000.log	DONE exit=20	200	True	121105	0 0 0 0 0 0 0 0 0 0 0 988 2153 2074 839 113 2 0 0 0 0 0 0 0 0 0 0 0 0
1565	sub_1565_0508200.log	DONE exit=20	200	True	121881	0 0 0 0 0 0 0 0 0 0 0 869 2040 2139 867 146 2 0 0 0 0 0 0 0 0 0 0 0 0
1565	sub_1565_0508400.log	DONE exit=20	200	True	98235	0 0 0 0 0 0 0 0 0 0 0 947 1608 982 161 2 0 0 0 0 0 0 0 0 0 0 0 0 0
1565	sub_1565_0508600.log	DONE exit=20	200	True	26243	0 0 0 0 0 0 0 0 0 0 0 269 283 138 15 0 0 0 0 0 0 0 0 0 0 0 0 0 0
1565	sub_1565_0508800.log	DONE exit=20	200	True	49090	0 0 0 0 0 0 0 0 0 0 0 518 720 346 38 1 0 0 0 0 0 0 0 0 0 0 0 0 0
1565	sub_1565_0509000.log	DONE exit=20	200	True	111704	0 0 0 0 0 0 0 0 0 0 0 1002 1882 1112 180 8 0 0 0 0 0 0 0 0 0 0 0 0 0
1565	sub_1565_0509200.log	DONE exit=20	200	True	62542	0 0 0 0 0 0 0 0 0 0 0 609 1019 632 85 5 0 0 0 0 0 0 0 0 0 0 0 0 0
1565	sub_1565_0509400.log	DONE exit=20	200	True	28132	0 0 0 0 0 0 0 0 0 0 0 356 272 55 5 0 0 0 0 0 0 0 0 0 0 0 0 0 0
1565	sub_1565_0509600.log	DONE exit=20	200	True	27327	0 0 0 0 0 0 0 0 0 0 0 351 234 50 8 0 0 0 0 0 0 0 0 0 0 0 0 0 0
1565	sub_1565_0509800.log	DONE exit=20	200	True	44289	0 0 0 0 0 0 0 0 0 0 0 550 636 254 25 1 0 0 0 0 0 0 0 0 0 0 0 0 0
1565	sub_1565_0510000.log	DONE exit=20	200	True	29471	0 0 0 0 0 0 0 0 0 0 0 352 292 82 17 0 0 0 0 0 0 0 0 0 0 0 0 0 0
1565	sub_1565_0510200.log	DONE exit=20	200	True	124095	0 0 0 0 0 0 0 0 0 0 0 508 883 1015 568 5 0 0 0 0 0 0 0 0 0 0 0 0 0
1565	sub_1565_0510400.log	DONE exit=20	200	True	72710	0 0 0 0 0 0 0 0 0 0 0 754 1221 701 165 15 1 0 0 0 0 0 0 0 0 0 0 0 0
1565	sub_1565_0510600.log	DONE exit=20	200	True	31712	0 0 0 0 0 0 0 0 0 0 0 405 350 207 29 0 0 0 0 0 0 0 0 0 0 0 0 0 0
1565	sub_1565_0510800.log	DONE exit=20	200	True	37553	0 0 0 0 0 0 0 0 0 0 0 492 456 129 19 0 0 0 0 0 0 0 0 0 0 0 0 0 0
1565	sub_1565_0511000.log	DONE exit=20	200	True	40348	0 0 0 0 0 0 0 0 0 0 0 539 599 252 36 1 0 0 0 0 0 0 0 0 0 0 0 0 0
1565	sub_1565_0511200.log	DONE exit=20	200	True	37987	0 0 0 0 0 0 0 0 0 0 0 529 532 158 6 0 0 0 0 0 0 0 0 0 0 0 0 0 0
1565	sub_1565_0511400.log	DONE exit=20	200	True	33252	0 0 0 0 0 0 0 0 0 0 0 500 411 109 6 0 0 0 0 0 0 0 0 0 0 0 0 0 0
1565	sub_1565_0511600.log	DONE exit=20	200	True	47679	0 0 0 0 0 0 0 0 0 0 0 542 672 396 82 3 0 0 0 0 0 0 0 0 0 0 0 0 0
1565	sub_1565_0511800.log	DONE exit=20	200	True	77472	0 0 0 0 0 0 0 0 0 0 0 737 1301 1079 463 113 10 0 0 0 0 0 0 0 0 0 0 0 0
1565	sub_1565_0512000.log	DONE exit=20	200	True	27132	0 0 0 0 0 0 0 0 0 0 0 359 292 81 5 0 0 0 0 0 0 0 0 0 0 0 0 0 0
1565	sub_1565_0512200.log	DONE exit=20	200	True	23630	0 0 0 0 0 0 0 0 0 0 0 305 188 77 9 0 0 0 0 0 0 0 0 0 0 0 0 0 0
1565	sub_1565_0512400.log	DONE exit=20	200	True	43126	0 0 0 0 0 0 0 0 0 0 0 408 525 441 217 46 0 0 0 0 0 0 0 0 0 0 0 0 0
1565	sub_1565_0512600.log	DONE exit=20	200	True	18007	0 0 0 0 0 0 0 0 0 0 0 229 121 23 0 0 0 0 0 0 0 0 0 0 0 0 0 0 0
1565	sub_1565_0512800.log	DONE exit=20	200	True	39646	0 0 0 0 0 0 0 0 0 0 0 541 544 202 25 2 0 0 0 0 0 0 0 0 0 0 0 0 0
1565	sub_1565_0513000.log	DONE exit=20	200	True	59274	0 0 0 0 0 0 0 0 0 0 0 655 899 426 53 1 0 0 0 0 0 0 0 0 0 0 0 0 0
1565	sub_1565_0513200.log	DONE exit=20	200	True	31139	0 0 0 0 0 0 0 0 0 0 0 393 334 85 8 0 0 0 0 0 0 0 0 0 0 0 0 0 0
1565	sub_1565_0513400.log	DONE exit=20	200	True	74869	0 0 0 0 0 0 0 0 0 0 0 832 1107 561 100 6 0 0 0 0 0 0 0 0 0 0 0 0 0
1565	sub_1565_0513600.log	DONE exit=20	200	True	50742	0 0 0 0 0 0 0 0 0 0 0 576 725 441 110 11 0 0 0 0 0 0 0 0 0 0 0 0 0
1565	sub_1565_0513800.log	DONE exit=20	200	True	177686	0 0 0 0 0 0 0 0 0 0 0 1166 2981 3425 1730 314 19 1 0 0 0 0 0 0 0 0 0 0 0
1565	sub_1565_0514000.log	DONE exit=20	200	True	84908	0 0 0 0 0 0 0 0 0 0 0 803 1429 1101 397 84 10 0 0 0 0 0 0 0 0 0 0 0 0
1565	sub_1565_0514200.log	DONE exit=20	200	True	81274	0 0 0 0 0 0 0 0 0 0 0 817 1307 822 227 35 7 0 0 0 0 0 0 0 0 0 0 0 0
1565	sub_1565_0514400.log	DONE exit=20	200	True	108410	0 0 0 0 0 0 0 0 0 0 0 736 1466 1572 621 85 2 0 0 0 0 0 0 0 0 0 0 0 0
1565	sub_1565_0514600.log	DONE exit=20	200	True	100958	0 0 0 0 0 0 0 0 0 0 0 857 1704 1227 259 20 0 0 0 0 0 0 0 0 0 0 0 0 0
1565	sub_1565_0514800.log	DONE exit=20	200	True	33450	0 0 0 0 0 0 0 0 0 0 0 399 404 213 30 0 0 0 0 0 0 0 0 0 0 0 0 0 0
1565	sub_1565_0515000.log	DONE exit=20	200	True	45569	0 0 0 0 0 0 0 0 0 0 0 560 647 253 23 0 0 0 0 0 0 0 0 0 0 0 0 0 0
1565	sub_1565_0515200.log	DONE exit=20	200	True	62102	0 0 0 0 0 0 0 0 0 0 0 536 692 379 25 1 0 0 0 0 0 0 0 0 0 0 0 0 0
1565	sub_1565_0515400.log	DONE exit=20	200	True	325044	0 0 0 0 0 0 0 0 0 0 0 735 1529 2934 2377 432 0 0 0 0 0 0 0 0 0 0 0 0 0
1565	sub_1565_0515600.log	DONE exit=20	200	True	553541	0 0 0 0 0 0 0 0 0 0 0 907 2259 4082 4995 4040 1349 32 0 0 0 0 0 0 0 0 0 0 0
1565	sub_1565_0515800.log	DONE exit=20	200	True	262517	0 0 0 0 0 0 0 0 0 0 0 727 1409 1938 1685 792 8 0 0 0 0 0 0 0 0 0 0 0 0
1565	sub_1565_0516000.log	DONE exit=20	200	True	1020189	0 0 0 0 0 0 0 0 0 0 0 943 2778 6977 10769 8323 2669 26 0 0 0 0 0 0 0 0 0 0 0
1565	sub_1565_0516200.log	DONE exit=20	200	True	298848	0 0 0 0 0 0 0 0 0 0 0 723 1308 2096 2213 1065 11 0 0 0 0 0 0 0 0 0 0 0 0
1565	sub_1565_0516400.log	DONE exit=20	200	True	986054	0 0 0 0 0 0 0 0 0 0 0 922 2930 7806 11398 7400 2752 71 0 0 0 0 0 0 0 0 0 0 0
1565	sub_1565_0516600.log	DONE exit=20	200	True	173586	0 0 0 0 0 0 0 0 0 0 0 664 1072 1287 825 375 70 6 0 0 0 0 0 0 0 0 0 0 0
1565	sub_1565_0516800.log	DONE exit=20	200	True	151789	0 0 0 0 0 0 0 0 0 0 0 711 1185 1140 471 175 0 0 0 0 0 0 0 0 0 0 0 0 0
1565	sub_1565_0517000.log	DONE exit=20	200	True	217889	0 0 0 0 0 0 0 0 0 0 0 618 1043 1497 1317 736 95 3 0 0 0 0 0 0 0 0 0 0 0
1565	sub_1565_0517200.log	DONE exit=20	200	True	223928	0 0 0 0 0 0 0 0 0 0 0 820 1503 1755 1155 556 74 2 0 0 0 0 0 0 0 0 0 0 0
1565	sub_1565_0517400.log	DONE exit=20	200	True	124850	0 0 0 0 0 0 0 0 0 0 0 614 954 841 396 190 0 0 0 0 0 0 0 0 0 0 0 0 0
1565	sub_1565_0517600.log	DONE exit=20	200	True	271604	0 0 0 0 0 0 0 0 0 0 0 804 1646 1785 1703 768 0 0 0 0 0 0 0 0 0 0 0 0 0
1565	sub_1565_0517800.log	DONE exit=20	200	True	378789	0 0 0 0 0 0 0 0 0 0 0 792 1694 2453 3352 2159 115 0 0 0 0 0 0 0 0 0 0 0 0
1565	sub_1565_0518000.log	DONE exit=20	200	True	108971	0 0 0 0 0 0 0 0 0 0 0 753 1349 822 136 18 0 0 0 0 0 0 0 0 0 0 0 0 0
1565	sub_1565_0518200.log	DONE exit=20	200	True	99688	0 0 0 0 0 0 0 0 0 0 0 794 1447 1068 387 30 0 0 0 0 0 0 0 0 0 0 0 0 0
1565	sub_1565_0518400.log	DONE exit=20	200	True	129744	0 0 0 0 0 0 0 0 0 0 0 968 2142 2014 822 90 2 0 0 0 0 0 0 0 0 0 0 0 0
1565	sub_1565_0518600.log	DONE exit=20	200	True	74455	0 0 0 0 0 0 0 0 0 0 0 742 1178 630 149 9 0 0 0 0 0 0 0 0 0 0 0 0 0
1565	sub_1565_0518800.log	DONE exit=20	200	True	164882	0 0 0 0 0 0 0 0 0 0 0 879 2121 2511 1331 102 0 0 0 0 0 0 0 0 0 0 0 0 0
1565	sub_1565_0519000.log	DONE exit=20	200	True	142387	0 0 0 0 0 0 0 0 0 0 0 960 2068 2016 938 213 30 0 0 0 0 0 0 0 0 0 0 0 0
1565	sub_1565_0519200.log	DONE exit=20	200	True	310985	0 0 0 0 0 0 0 0 0 0 0 775 1772 2497 2533 1506 290 18 0 0 0 0 0 0 0 0 0 0 0
1565	sub_1565_0519400.log	DONE exit=20	200	True	1026979	0 0 0 0 0 0 0 0 0 0 0 1379 4488 8624 9624 6006 816 27 0 0 0 0 0 0 0 0 0 0 0
1565	sub_1565_0519600.log	DONE exit=20	200	True	8521793	0 0 0 0 0 0 0 0 0 0 0 1767 9066 25299 50850 84130 80763 22367 83 0 0 0 0 0 0 0 0 0 0
1565	sub_1565_0519800.log	DONE exit=20	200	True	299323	0 0 0 0 0 0 0 0 0 0 0 831 2004 3206 2195 943 52 5 0 0 0 0 0 0 0 0 0 0 0
1565	sub_1565_0520000.log	DONE exit=20	200	True	932253	0 0 0 0 0 0 0 0 0 0 0 1412 4694 6777 8194 4854 352 21 0 0 0 0 0 0 0 0 0 0 0
1565	sub_1565_0520200.log	DONE exit=20	200	True	537451	0 0 0 0 0 0 0 0 0 0 0 1074 2959 4123 4115 2756 462 14 0 0 0 0 0 0 0 0 0 0 0
1565	sub_1565_0520400.log	DONE exit=20	200	True	1064845	0 0 0 0 0 0 0 0 0 0 0 1301 3813 7249 8484 5893 1010 29 0 0 0 0 0 0 0 0 0 0 0
1565	sub_1565_0520600.log	DONE exit=20	200	True	14649895	0 0 0 0 0 0 0 0 0 0 0 2418 13607 40156 83693 140740 135909 36093 140 0 0 0 0 0 0 0 0 0 0
1565	sub_1565_0520800.log	DONE exit=20	200	True	560510	0 0 0 0 0 0 0 0 0 0 0 1021 3199 4925 5964 3944 729 94 0 0 0 0 0 0 0 0 0 0 0
1565	sub_1565_0521000.log	DONE exit=20	200	True	867653	0 0 0 0 0 0 0 0 0 0 0 1275 3669 6113 6601 5235 2528 1155 40 1 1 0 0 0 0 0 0 0 0
1565	sub_1565_0521200.log	DONE exit=20	200	True	15119562	0 0 0 0 0 0 0 0 0 0 0 1948 9847 30151 69461 132373 170127 93437 16905 1795 520 0 0 0 0 0 0 0 0
1565	sub_1565_0521400.log	DONE exit=20	200	True	77076933	0 0 0 0 0 0 0 0 0 0 0 1468 9083 40691 136653 392715 907195 1248513 348905 259962 87389 0 0 0 0 0 0 0 0
1565	sub_1565_0521600.log	DONE exit=20	200	True	162837	0 0 0 0 0 0 0 0 0 0 0 786 1677 2189 1171 223 17 0 0 0 0 0 0 0 0 0 0 0 0
1565	sub_1565_0521800.log	DONE exit=20	200	True	13395448	0 0 0 0 0 0 0 0 0 0 0 1800 8454 25092 55140 107185 145239 98146 52146 24538 6560 0 0 0 0 0 0 0 0
1565	sub_1565_0522000.log	DONE exit=20	200	True	195202	0 0 0 0 0 0 0 0 0 0 0 990 2331 2570 1443 450 22 0 0 0 0 0 0 0 0 0 0 0 0
1565	sub_1565_0522200.log	DONE exit=20	200	True	154060	0 0 0 0 0 0 0 0 0 0 0 971 2045 1642 744 196 0 0 0 0 0 0 0 0 0 0 0 0 0
1565	sub_1565_0522400.log	DONE exit=20	200	True	538490	0 0 0 0 0 0 0 0 0 0 0 665 1764 3712 5724 3604 161 0 0 0 0 0 0 0 0 0 0 0 0
1565	sub_1565_0522600.log	DONE exit=20	200	True	641509	0 0 0 0 0 0 0 0 0 0 0 1057 3211 6811 9068 5487 799 90 6 1 0 0 0 0 0 0 0 0 0
1565	sub_1565_0522800.log	DONE exit=20	200	True	6699399	0 0 0 0 0 0 0 0 0 0 0 1887 8366 23107 41478 53796 59362 56781 12460 4562 561 0 0 0 0 0 0 0 0
1565	sub_1565_0523000.log	DONE exit=20	200	True	533679	0 0 0 0 0 0 0 0 0 0 0 1404 4417 6302 3903 208 0 0 0 0 0 0 0 0 0 0 0 0 0
1565	sub_1565_0523200.log	DONE exit=20	200	True	3920456	0 0 0 0 0 0 0 0 0 0 0 1497 6527 15489 26974 34932 26830 7064 2470 1264 317 0 0 0 0 0 0 0 0
1565	sub_1565_0523400.log	DONE exit=20	200	True	118170437	0 0 0 0 0 0 0 0 0 0 0 3464 23841 87534 244059 610906 1347213 1899277 227944 100819 31407 0 0 0 0 0 0 0 0
1565	sub_1565_0523600.log	DONE exit=20	200	True	8613253	0 0 0 0 0 0 0 0 0 0 0 1867 9015 23351 42895 66449 73449 46595 38771 29755 8449 0 0 0 0 0 0 0 0
1565	sub_1565_0523800.log	DONE exit=20	200	True	248466	0 0 0 0 0 0 0 0 0 0 0 671 1355 1788 2042 1074 192 0 0 0 0 0 0 0 0 0 0 0 0
1565	sub_1565_0524000.log	DONE exit=20	200	True	38970	0 0 0 0 0 0 0 0 0 0 0 458 478 212 43 0 0 0 0 0 0 0 0 0 0 0 0 0 0
1565	sub_1565_0524200.log	DONE exit=20	200	True	51601	0 0 0 0 0 0 0 0 0 0 0 608 765 384 87 0 0 0 0 0 0 0 0 0 0 0 0 0 0
1565	sub_1565_0524400.log	DONE exit=20	200	True	34933	0 0 0 0 0 0 0 0 0 0 0 397 341 197 46 3 0 0 0 0 0 0 0 0 0 0 0 0 0
1565	sub_1565_0524600.log	DONE exit=20	200	True	67345	0 0 0 0 0 0 0 0 0 0 0 657 1095 813 264 30 2 0 0 0 0 0 0 0 0 0 0 0 0
1565	sub_1565_0524800.log	DONE exit=20	200	True	44221	0 0 0 0 0 0 0 0 0 0 0 450 543 435 167 15 0 0 0 0 0 0 0 0 0 0 0 0 0
1565	sub_1565_0525000.log	DONE exit=20	200	True	52104	0 0 0 0 0 0 0 0 0 0 0 609 852 508 112 9 0 0 0 0 0 0 0 0 0 0 0 0 0
1565	sub_1565_0525200.log	DONE exit=20	200	True	68106	0 0 0 0 0 0 0 0 0 0 0 612 1021 963 364 48 6 0 0 0 0 0 0 0 0 0 0 0 0
1565	sub_1565_0525400.log	DONE exit=20	200	True	36602	0 0 0 0 0 0 0 0 0 0 0 439 431 217 60 2 0 0 0 0 0 0 0 0 0 0 0 0 0
1565	sub_1565_0525600.log	DONE exit=20	200	True	30049	0 0 0 0 0 0 0 0 0 0 0 380 302 72 3 0 0 0 0 0 0 0 0 0 0 0 0 0 0
1565	sub_1565_0525800.log	DONE exit=20	200	True	35940	0 0 0 0 0 0 0 0 0 0 0 441 443 114 10 0 0 0 0 0 0 0 0 0 0 0 0 0 0
1565	sub_1565_0526000.log	DONE exit=20	200	True	41859	0 0 0 0 0 0 0 0 0 0 0 502 547 231 23 0 0 0 0 0 0 0 0 0 0 0 0 0 0
1565	sub_1565_0526200.log	DONE exit=20	200	True	79722	0 0 0 0 0 0 0 0 0 0 0 774 1340 867 226 33 1 0 0 0 0 0 0 0 0 0 0 0 0
1565	sub_1565_0526400.log	DONE exit=20	200	True	65281	0 0 0 0 0 0 0 0 0 0 0 659 968 571 124 16 0 0 0 0 0 0 0 0 0 0 0 0 0
1565	sub_1565_0526600.log	DONE exit=20	200	True	35125	0 0 0 0 0 0 0 0 0 0 0 432 387 130 8 0 0 0 0 0 0 0 0 0 0 0 0 0 0
1565	sub_1565_0526800.log	DONE exit=20	200	True	164752	0 0 0 0 0 0 0 0 0 0 0 396 586 1351 1112 331 0 0 0 0 0 0 0 0 0 0 0 0 0
1565	sub_1565_0527000.log	DONE exit=20	200	True	44259	0 0 0 0 0 0 0 0 0 0 0 426 429 85 4 0 0 0 0 0 0 0 0 0 0 0 0 0 0
1565	sub_1565_0527200.log	DONE exit=20	200	True	48753	0 0 0 0 0 0 0 0 0 0 0 554 538 197 25 0 0 0 0 0 0 0 0 0 0 0 0 0 0
1565	sub_1565_0527400.log	DONE exit=20	200	True	258630	0 0 0 0 0 0 0 0 0 0 0 918 2096 2017 1486 542 0 0 0 0 0 0 0 0 0 0 0 0 0
1565	sub_1565_0527600.log	DONE exit=20	200	True	241968	0 0 0 0 0 0 0 0 0 0 0 623 1256 1841 1678 805 84 3 0 0 0 0 0 0 0 0 0 0 0
1565	sub_1565_0527800.log	DONE exit=20	200	True	228624	0 0 0 0 0 0 0 0 0 0 0 545 962 1507 1786 1188 423 10 0 0 0 0 0 0 0 0 0 0 0
1565	sub_1565_0528000.log	DONE exit=20	200	True	99296	0 0 0 0 0 0 0 0 0 0 0 748 1332 1138 607 47 1 0 0 0 0 0 0 0 0 0 0 0 0
1565	sub_1565_0528200.log	DONE exit=20	200	True	56485	0 0 0 0 0 0 0 0 0 0 0 631 886 540 144 15 0 0 0 0 0 0 0 0 0 0 0 0 0
1565	sub_1565_0528400.log	DONE exit=20	200	True	288322	0 0 0 0 0 0 0 0 0 0 0 790 1808 2775 2948 1587 74 0 0 0 0 0 0 0 0 0 0 0 0
1565	sub_1565_0528600.log	DONE exit=20	200	True	487768	0 0 0 0 0 0 0 0 0 0 0 948 2538 4790 5012 1984 35 4 0 0 0 0 0 0 0 0 0 0 0
1565	sub_1565_0528800.log	DONE exit=20	200	True	3977171	0 0 0 0 0 0 0 0 0 0 0 1509 5074 9413 12736 19389 33576 40000 16752 11550 2926 0 0 0 0 0 0 0 0
1565	sub_1565_0529000.log	DONE exit=20	200	True	1158763	0 0 0 0 0 0 0 0 0 0 0 1068 3811 6846 8651 8373 3438 188 0 0 0 0 0 0 0 0 0 0 0
1565	sub_1565_0529200.log	DONE exit=20	200	True	20655864	0 0 0 0 0 0 0 0 0 0 0 3063 19908 63016 133251 183396 140649 60624 37867 15872 4030 0 0 0 0 0 0 0 0
1565	sub_1565_0529400.log	DONE exit=20	200	True	1314352	0 0 0 0 0 0 0 0 0 0 0 1070 2975 5838 8526 10793 9297 1032 0 0 0 0 0 0 0 0 0 0 0
1565	sub_1565_0529600.log	DONE exit=20	200	True	33956	0 0 0 0 0 0 0 0 0 0 0 426 376 134 27 1 0 0 0 0 0 0 0 0 0 0 0 0 0
1565	sub_1565_0529800.log	DONE exit=20	200	True	42185	0 0 0 0 0 0 0 0 0 0 0 495 552 283 43 1 0 0 0 0 0 0 0 0 0 0 0 0 0
1565	sub_1565_0530000.log	DONE exit=20	200	True	78736	0 0 0 0 0 0 0 0 0 0 0 763 1363 1008 282 29 0 0 0 0 0 0 0 0 0 0 0 0 0
1565	sub_1565_0530200.log	DONE exit=20	200	True	31670	0 0 0 0 0 0 0 0 0 0 0 387 342 153 36 0 0 0 0 0 0 0 0 0 0 0 0 0 0
1565	sub_1565_0530400.log	DONE exit=20	200	True	79251	0 0 0 0 0 0 0 0 0 0 0 794 1156 584 95 4 0 0 0 0 0 0 0 0 0 0 0 0 0
1565	sub_1565_0530600.log	DONE exit=20	200	True	32486	0 0 0 0 0 0 0 0 0 0 0 387 325 103 6 0 0 0 0 0 0 0 0 0 0 0 0 0 0
1565	sub_1565_0530800.log	DONE exit=20	200	True	69842	0 0 0 0 0 0 0 0 0 0 0 670 1005 683 269 71 0 0 0 0 0 0 0 0 0 0 0 0 0
1565	sub_1565_0531000.log	DONE exit=20	200	True	36546	0 0 0 0 0 0 0 0 0 0 0 442 430 101 3 0 0 0 0 0 0 0 0 0 0 0 0 0 0
1565	sub_1565_0531200.log	DONE exit=20	200	True	113011	0 0 0 0 0 0 0 0 0 0 0 853 1830 1577 602 94 1 0 0 0 0 0 0 0 0 0 0 0 0
1565	sub_1565_0531400.log	DONE exit=20	200	True	69996	0 0 0 0 0 0 0 0 0 0 0 669 1149 900 266 17 0 0 0 0 0 0 0 0 0 0 0 0 0
1565	sub_1565_0531600.log	DONE exit=20	200	True	53360	0 0 0 0 0 0 0 0 0 0 0 615 821 283 19 0 0 0 0 0 0 0 0 0 0 0 0 0 0
1565	sub_1565_0531800.log	DONE exit=20	200	True	162586	0 0 0 0 0 0 0 0 0 0 0 464 805 1750 1007 36 0 0 0 0 0 0 0 0 0 0 0 0 0
1565	sub_1565_0532000.log	DONE exit=20	200	True	149421	0 0 0 0 0 0 0 0 0 0 0 418 534 1045 1076 489 0 0 0 0 0 0 0 0 0 0 0 0 0
1565	sub_1565_0532200.log	DONE exit=20	200	True	249263	0 0 0 0 0 0 0 0 0 0 0 514 1022 1402 1838 1074 0 0 0 0 0 0 0 0 0 0 0 0 0
1565	sub_1565_0532400.log	DONE exit=20	200	True	85147	0 0 0 0 0 0 0 0 0 0 0 678 1176 873 126 4 0 0 0 0 0 0 0 0 0 0 0 0 0
1565	sub_1565_0532600.log	DONE exit=20	200	True	239067	0 0 0 0 0 0 0 0 0 0 0 857 1768 1796 1395 606 8 0 0 0 0 0 0 0 0 0 0 0 0
1565	sub_1565_0532800.log	DONE exit=20	200	True	156326	0 0 0 0 0 0 0 0 0 0 0 765 1713 1547 779 260 0 0 0 0 0 0 0 0 0 0 0 0 0
1565	sub_1565_0533000.log	DONE exit=20	200	True	358329	0 0 0 0 0 0 0 0 0 0 0 1072 2355 2490 2073 722 0 0 0 0 0 0 0 0 0 0 0 0 0
1565	sub_1565_0533200.log	DONE exit=20	200	True	135182	0 0 0 0 0 0 0 0 0 0 0 776 1573 1145 351 105 5 0 0 0 0 0 0 0 0 0 0 0 0
1565	sub_1565_0533400.log	DONE exit=20	200	True	258177	0 0 0 0 0 0 0 0 0 0 0 856 2025 2299 2032 1046 154 11 0 0 0 0 0 0 0 0 0 0 0
1565	sub_1565_0533600.log	DONE exit=20	200	True	156753	0 0 0 0 0 0 0 0 0 0 0 743 1657 1678 995 352 5 0 0 0 0 0 0 0 0 0 0 0 0
1565	sub_1565_0533800.log	DONE exit=20	200	True	157068	0 0 0 0 0 0 0 0 0 0 0 771 1742 1984 718 37 1 0 0 0 0 0 0 0 0 0 0 0 0
1565	sub_1565_0534000.log	DONE exit=20	200	True	739834	0 0 0 0 0 0 0 0 0 0 0 872 2469 5109 6965 4568 438 8 0 0 0 0 0 0 0 0 0 0 0
1565	sub_1565_0534200.log	DONE exit=20	200	True	202623	0 0 0 0 0 0 0 0 0 0 0 770 1381 1682 1505 755 1 0 0 0 0 0 0 0 0 0 0 0 0
1565	sub_1565_0534400.log	DONE exit=20	200	True	104134	0 0 0 0 0 0 0 0 0 0 0 739 1463 1397 843 242 11 0 0 0 0 0 0 0 0 0 0 0 0
1565	sub_1565_0534600.log	DONE exit=20	200	True	409483	0 0 0 0 0 0 0 0 0 0 0 897 2137 3209 3061 1978 759 11 0 0 0 0 0 0 0 0 0 0 0
1565	sub_1565_0534800.log	DONE exit=20	200	True	555301	0 0 0 0 0 0 0 0 0 0 0 1079 3316 5300 5659 3511 977 2 0 0 0 0 0 0 0 0 0 0 0
1565	sub_1565_0535000.log	DONE exit=20	200	True	105568	0 0 0 0 0 0 0 0 0 0 0 863 1465 1031 355 67 1 0 0 0 0 0 0 0 0 0 0 0 0
1565	sub_1565_0535200.log	DONE exit=20	200	True	307188	0 0 0 0 0 0 0 0 0 0 0 1144 3575 5628 4013 1247 153 1 0 0 0 0 0 0 0 0 0 0 0
1565	sub_1565_0535400.log	DONE exit=20	200	True	386371	0 0 0 0 0 0 0 0 0 0 0 1405 4657 7579 5597 1454 137 6 0 0 0 0 0 0 0 0 0 0 0
1565	sub_1565_0535600.log	DONE exit=20	200	True	113971	0 0 0 0 0 0 0 0 0 0 0 763 1401 1565 1058 165 13 0 0 0 0 0 0 0 0 0 0 0 0
1565	sub_1565_0535800.log	DONE exit=20	200	True	852794	0 0 0 0 0 0 0 0 0 0 0 1304 4294 7820 8917 5225 228 2 0 0 0 0 0 0 0 0 0 0 0
1565	sub_1565_0536000.log	DONE exit=20	200	True	13715785	0 0 0 0 0 0 0 0 0 0 0 1796 8440 23841 48842 86435 123238 135368 127681 88907 33841 0 0 0 0 0 0 0 0
1565	sub_1565_0536200.log	DONE exit=20	200	True	11412008	0 0 0 0 0 0 0 0 0 0 0 1756 8685 26587 57028 100933 129625 78496 21930 10444 3997 0 0 0 0 0 0 0 0
1565	sub_1565_0536400.log	DONE exit=20	200	True	85543289	0 0 0 0 0 0 0 0 0 0 0 2353 17307 73659 207909 452983 798873 1104145 1170044 932276 354957 0 0 0 0 0 0 0 0
1565	sub_1565_0536600.log	DONE exit=20	200	True	357026	0 0 0 0 0 0 0 0 0 0 0 1159 2948 4003 2903 828 4 0 0 0 0 0 0 0 0 0 0 0 0
1565	sub_1565_0536800.log	DONE exit=20	200	True	3956559	0 0 0 0 0 0 0 0 0 0 0 1640 5718 11119 16177 24671 34464 28349 5637 2985 703 0 0 0 0 0 0 0 0
1565	sub_1565_0537000.log	DONE exit=20	200	True	446634	0 0 0 0 0 0 0 0 0 0 0 1244 3609 5023 3451 238 7 0 0 0 0 0 0 0 0 0 0 0 0
1565	sub_1565_0537200.log	DONE exit=20	200	True	20456328	0 0 0 0 0 0 0 0 0 0 0 2844 18398 59185 129331 190309 153542 48664 6746 1718 357 0 0 0 0 0 0 0 0
1565	sub_1565_0537400.log	DONE exit=20	200	True	3906720	0 0 0 0 0 0 0 0 0 0 0 1107 4900 13354 25226 38249 35460 7839 44 0 0 0 0 0 0 0 0 0 0
1565	sub_1565_0537600.log	DONE exit=20	200	True	173918	0 0 0 0 0 0 0 0 0 0 0 1077 2452 2508 1256 191 5 0 0 0 0 0 0 0 0 0 0 0 0
1565	sub_1565_0537800.log	DONE exit=20	200	True	537696	0 0 0 0 0 0 0 0 0 0 0 972 3605 7838 8910 5680 1764 189 9 0 0 0 0 0 0 0 0 0 0
1565	sub_1565_0538000.log	DONE exit=20	200	True	82143	0 0 0 0 0 0 0 0 0 0 0 639 1213 1090 372 53 2 0 0 0 0 0 0 0 0 0 0 0 0
1565	sub_1565_0538200.log	DONE exit=20	200	True	68353	0 0 0 0 0 0 0 0 0 0 0 661 984 655 132 8 0 0 0 0 0 0 0 0 0 0 0 0 0
1565	sub_1565_0538400.log	DONE exit=20	200	True	72852	0 0 0 0 0 0 0 0 0 0 0 664 1101 928 315 36 0 0 0 0 0 0 0 0 0 0 0 0 0
1565	sub_1565_0538600.log	DONE exit=20	200	True	173907	0 0 0 0 0 0 0 0 0 0 0 1222 3002 2913 1271 231 6 0 0 0 0 0 0 0 0 0 0 0 0
1565	sub_1565_0538800.log	DONE exit=20	200	True	63191	0 0 0 0 0 0 0 0 0 0 0 625 956 814 422 117 9 0 0 0 0 0 0 0 0 0 0 0 0
1565	sub_1565_0539000.log	DONE exit=20	200	True	183905	0 0 0 0 0 0 0 0 0 0 0 1242 3288 3510 1614 379 20 1 0 0 0 0 0 0 0 0 0 0 0
1565	sub_1565_0539200.log	DONE exit=20	200	True	49442	0 0 0 0 0 0 0 0 0 0 0 572 709 428 97 10 0 0 0 0 0 0 0 0 0 0 0 0 0
1565	sub_1565_0539400.log	DONE exit=20	200	True	41214	0 0 0 0 0 0 0 0 0 0 0 457 557 297 88 10 0 0 0 0 0 0 0 0 0 0 0 0 0
1565	sub_1565_0539600.log	DONE exit=20	200	True	161014	0 0 0 0 0 0 0 0 0 0 0 479 875 1586 472 2 0 0 0 0 0 0 0 0 0 0 0 0 0
1565	sub_1565_0539800.log	DONE exit=20	200	True	26517	0 0 0 0 0 0 0 0 0 0 0 344 272 86 12 0 0 0 0 0 0 0 0 0 0 0 0 0 0
1565	sub_1565_0540000.log	DONE exit=20	200	True	437793	0 0 0 0 0 0 0 0 0 0 0 897 2462 3594 3407 1591 27 0 0 0 0 0 0 0 0 0 0 0 0
1565	sub_1565_0540200.log	DONE exit=20	200	True	454671	0 0 0 0 0 0 0 0 0 0 0 898 2111 3928 4382 1111 0 0 0 0 0 0 0 0 0 0 0 0 0
1565	sub_1565_0540400.log	DONE exit=20	200	True	709713	0 0 0 0 0 0 0 0 0 0 0 1357 4075 6593 6646 2093 17 0 0 0 0 0 0 0 0 0 0 0 0
1565	sub_1565_0540600.log	DONE exit=20	200	True	11574816	0 0 0 0 0 0 0 0 0 0 0 2485 14526 42176 82802 104517 59363 6030 8 0 0 0 0 0 0 0 0 0 0
1565	sub_1565_0540800.log	DONE exit=20	200	True	5352624	0 0 0 0 0 0 0 0 0 0 0 1326 6889 17435 31845 45001 40170 9092 1077 234 43 0 0 0 0 0 0 0 0
1565	sub_1565_0541000.log	DONE exit=20	200	True	355684	0 0 0 0 0 0 0 0 0 0 0 553 1124 2544 3127 1460 0 0 0 0 0 0 0 0 0 0 0 0 0
1565	sub_1565_0541200.log	DONE exit=20	200	True	43103	0 0 0 0 0 0 0 0 0 0 0 367 437 107 0 0 0 0 0 0 0 0 0 0 0 0 0 0 0
1565	sub_1565_0541400.log	DONE exit=20	200	True	155119	0 0 0 0 0 0 0 0 0 0 0 843 1544 1225 591 224 0 0 0 0 0 0 0 0 0 0 0 0 0
1565	sub_1565_0541600.log	DONE exit=20	200	True	257784	0 0 0 0 0 0 0 0 0 0 0 888 2010 2158 1595 589 3 0 0 0 0 0 0 0 0 0 0 0 0
1565	sub_1565_0541800.log	DONE exit=20	200	True	277990	0 0 0 0 0 0 0 0 0 0 0 925 2353 2664 2014 854 1 0 0 0 0 0 0 0 0 0 0 0 0
1565	sub_1565_0542000.log	DONE exit=20	200	True	50030	0 0 0 0 0 0 0 0 0 0 0 567 754 285 27 0 0 0 0 0 0 0 0 0 0 0 0 0 0
1565	sub_1565_0542200.log	DONE exit=20	200	True	299043	0 0 0 0 0 0 0 0 0 0 0 693 1276 2007 2243 1514 441 0 0 0 0 0 0 0 0 0 0 0 0
1565	sub_1565_0542400.log	DONE exit=20	200	True	136556	0 0 0 0 0 0 0 0 0 0 0 507 664 798 1066 808 137 0 0 0 0 0 0 0 0 0 0 0 0
1565	sub_1565_0542600.log	DONE exit=20	200	True	107241	0 0 0 0 0 0 0 0 0 0 0 712 1491 1563 824 233 21 0 0 0 0 0 0 0 0 0 0 0 0
1565	sub_1565_0542800.log	DONE exit=20	200	True	432498	0 0 0 0 0 0 0 0 0 0 0 775 1851 3261 4309 2911 295 1 0 0 0 0 0 0 0 0 0 0 0
1565	sub_1565_0543000.log	DONE exit=20	200	True	111284	0 0 0 0 0 0 0 0 0 0 0 813 1504 1488 985 141 6 0 0 0 0 0 0 0 0 0 0 0 0
1565	sub_1565_0543200.log	DONE exit=20	200	True	284569	0 0 0 0 0 0 0 0 0 0 0 1059 2341 3124 2347 559 4 0 0 0 0 0 0 0 0 0 0 0 0
1565	sub_1565_0543400.log	DONE exit=20	200	True	3292686	0 0 0 0 0 0 0 0 0 0 0 1517 5178 9948 13679 17756 25531 26719 13218 8520 2064 0 0 0 0 0 0 0 0
1565	sub_1565_0543600.log	DONE exit=20	200	True	4198854	0 0 0 0 0 0 0 0 0 0 0 1388 5695 13960 26523 32811 24894 15913 13593 6589 1652 0 0 0 0 0 0 0 0
1565	sub_1565_0543800.log	DONE exit=20	200	True	67370219	0 0 0 0 0 0 0 0 0 0 0 2843 19180 68167 172284 369272 716504 979323 113403 34544 11715 0 0 0 0 0 0 0 0
1565	sub_1565_0544000.log	DONE exit=20	200	True	42138050	0 0 0 0 0 0 0 0 0 0 0 1288 5540 20867 63729 180304 443840 672046 301852 225054 86234 0 0 0 0 0 0 0 0
1565	sub_1565_0544200.log	DONE exit=20	200	True	321925	0 0 0 0 0 0 0 0 0 0 0 739 1488 2057 2559 2016 807 4 0 0 0 0 0 0 0 0 0 0 0
1565	sub_1565_0544400.log	DONE exit=20	200	True	28114	0 0 0 0 0 0 0 0 0 0 0 339 278 98 18 0 0 0 0 0 0 0 0 0 0 0 0 0 0
1565	sub_1565_0544600.log	DONE exit=20	200	True	38056	0 0 0 0 0 0 0 0 0 0 0 404 460 242 62 2 0 0 0 0 0 0 0 0 0 0 0 0 0
1565	sub_1565_0544800.log	DONE exit=20	200	True	32496	0 0 0 0 0 0 0 0 0 0 0 423 386 103 2 0 0 0 0 0 0 0 0 0 0 0 0 0 0
1565	sub_1565_0545000.log	DONE exit=20	200	True	26786	0 0 0 0 0 0 0 0 0 0 0 316 276 100 8 0 0 0 0 0 0 0 0 0 0 0 0 0 0
1565	sub_1565_0545200.log	DONE exit=20	200	True	20988	0 0 0 0 0 0 0 0 0 0 0 276 187 52 6 0 0 0 0 0 0 0 0 0 0 0 0 0 0
1565	sub_1565_0545400.log	DONE exit=20	127	True	14583	0 0 0 0 0 0 0 0 0 0 0 209 113 43 9 0 0 0 0 0 0 0 0 0 0 0 0 0 0
1813	sub_1813_0000000.log	DONE exit=20	200	True	45250	0 0 0 0 0 0 0 0 0 0 0 674 803 275 17 0 0 0 0 0 0 0 0 0 0 0 0 0 0
1813	sub_1813_0000200.log	DONE exit=20	200	True	35829	0 0 0 0 0 0 0 0 0 0 0 535 614 201 7 0 0 0 0 0 0 0 0 0 0 0 0 0 0
1813	sub_1813_0000400.log	DONE exit=20	200	True	42069	0 0 0 0 0 0 0 0 0 0 0 656 760 260 18 0 0 0 0 0 0 0 0 0 0 0 0 0 0
1813	sub_1813_0000600.log	DONE exit=20	200	True	139122	0 0 0 0 0 0 0 0 0 0 0 923 2100 1903 725 134 1 0 0 0 0 0 0 0 0 0 0 0 0
1813	sub_1813_0000800.log	DONE exit=20	200	True	41144	0 0 0 0 0 0 0 0 0 0 0 525 540 245 82 0 0 0 0 0 0 0 0 0 0 0 0 0 0
1813	sub_1813_0001000.log	DONE exit=20	200	True	90116	0 0 0 0 0 0 0 0 0 0 0 793 1480 1117 509 20 1 0 0 0 0 0 0 0 0 0 0 0 0
1813	sub_1813_0001200.log	DONE exit=20	200	True	152358	0 0 0 0 0 0 0 0 0 0 0 1040 2469 2331 1182 52 0 0 0 0 0 0 0 0 0 0 0 0 0
1813	sub_1813_0001400.log	DONE exit=20	200	True	77586	0 0 0 0 0 0 0 0 0 0 0 727 1155 998 535 69 0 0 0 0 0 0 0 0 0 0 0 0 0
1813	sub_1813_0001600.log	DONE exit=20	200	True	77628	0 0 0 0 0 0 0 0 0 0 0 737 1430 1201 349 34 0 0 0 0 0 0 0 0 0 0 0 0 0
1813	sub_1813_0001800.log	DONE exit=20	200	True	54233	0 0 0 0 0 0 0 0 0 0 0 565 751 408 96 2 0 0 0 0 0 0 0 0 0 0 0 0 0
1813	sub_1813_0002000.log	DONE exit=20	200	True	57410	0 0 0 0 0 0 0 0 0 0 0 561 745 614 235 23 0 0 0 0 0 0 0 0 0 0 0 0 0
1813	sub_1813_0002200.log	DONE exit=20	200	True	93239	0 0 0 0 0 0 0 0 0 0 0 854 1493 1133 468 23 0 0 0 0 0 0 0 0 0 0 0 0 0
1813	sub_1813_0002400.log	DONE exit=20	200	True	417683	0 0 0 0 0 0 0 0 0 0 0 1306 4632 7909 6963 3531 658 0 0 0 0 0 0 0 0 0 0 0 0
1813	sub_1813_0002600.log	DONE exit=20	200	True	110115	0 0 0 0 0 0 0 0 0 0 0 614 1150 1587 1462 885 145 0 0 0 0 0 0 0 0 0 0 0 0
1813	sub_1813_0002800.log	DONE exit=20	200	True	61384	0 0 0 0 0 0 0 0 0 0 0 541 797 614 206 39 0 0 0 0 0 0 0 0 0 0 0 0 0
1813	sub_1813_0003000.log	DONE exit=20	200	True	91154	0 0 0 0 0 0 0 0 0 0 0 686 1168 1176 418 28 0 0 0 0 0 0 0 0 0 0 0 0 0
1813	sub_1813_0003200.log	DONE exit=20	200	True	127271	0 0 0 0 0 0 0 0 0 0 0 791 1571 1813 845 10 1 0 0 0 0 0 0 0 0 0 0 0 0
1813	sub_1813_0003400.log	DONE exit=20	200	True	123591	0 0 0 0 0 0 0 0 0 0 0 865 1648 1752 776 96 4 0 0 0 0 0 0 0 0 0 0 0 0
1813	sub_1813_0003600.log	DONE exit=20	200	True	105024	0 0 0 0 0 0 0 0 0 0 0 798 1456 1491 537 54 0 0 0 0 0 0 0 0 0 0 0 0 0
1813	sub_1813_0003800.log	DONE exit=20	200	True	291475	0 0 0 0 0 0 0 0 0 0 0 1260 3755 5224 3388 960 128 0 0 0 0 0 0 0 0 0 0 0 0
1813	sub_1813_0004000.log	DONE exit=20	200	True	411335	0 0 0 0 0 0 0 0 0 0 0 1442 4987 8208 5581 1796 320 0 0 0 0 0 0 0 0 0 0 0 0
1813	sub_1813_0004200.log	DONE exit=20	200	True	323818	0 0 0 0 0 0 0 0 0 0 0 1277 4073 6274 4518 1247 214 0 0 0 0 0 0 0 0 0 0 0 0
1813	sub_1813_0004400.log	DONE exit=20	200	True	33196	0 0 0 0 0 0 0 0 0 0 0 512 534 294 46 0 0 0 0 0 0 0 0 0 0 0 0 0 0
1813	sub_1813_0004600.log	DONE exit=20	200	True	133813	0 0 0 0 0 0 0 0 0 0 0 869 1814 1980 976 112 3 0 0 0 0 0 0 0 0 0 0 0 0
1813	sub_1813_0004800.log	DONE exit=20	200	True	94806	0 0 0 0 0 0 0 0 0 0 0 685 1319 1406 476 62 1 0 0 0 0 0 0 0 0 0 0 0 0
1813	sub_1813_0005000.log	DONE exit=20	200	True	104975	0 0 0 0 0 0 0 0 0 0 0 722 1385 1598 666 89 0 0 0 0 0 0 0 0 0 0 0 0 0
1813	sub_1813_0005200.log	DONE exit=20	200	True	363675	0 0 0 0 0 0 0 0 0 0 0 1066 3324 6187 5352 2611 385 4 0 0 0 0 0 0 0 0 0 0 0
1813	sub_1813_0005400.log	DONE exit=20	200	True	3142784	0 0 0 0 0 0 0 0 0 0 0 2119 10696 28060 35233 24980 7947 2713 12 0 0 0 0 0 0 0 0 0 0
1813	sub_1813_0005600.log	DONE exit=20	200	True	11791380	0 0 0 0 0 0 0 0 0 0 0 2045 12140 41116 80466 98972 86818 65251 38814 21216 6469 0 0 0 0 0 0 0 0
1813	sub_1813_0005800.log	DONE exit=20	200	True	2851204	0 0 0 0 0 0 0 0 0 0 0 1498 7808 23929 35129 20574 7472 3596 131 0 0 0 0 0 0 0 0 0 0
1813	sub_1813_0006000.log	DONE exit=20	200	True	47769	0 0 0 0 0 0 0 0 0 0 0 693 776 216 8 0 0 0 0 0 0 0 0 0 0 0 0 0 0
1813	sub_1813_0006200.log	DONE exit=20	200	True	1154618	0 0 0 0 0 0 0 0 0 0 0 1556 5630 10163 8900 3931 324 56 0 0 0 0 0 0 0 0 0 0 0
1813	sub_1813_0006400.log	DONE exit=20	200	True	3631143	0 0 0 0 0 0 0 0 0 0 0 1468 5789 14525 30752 48025 43778 17673 993 26 0 0 0 0 0 0 0 0 0
1813	sub_1813_0006600.log	DONE exit=20	200	True	564824142	0 0 0 0 0 0 0 0 0 0 0 3466 31323 170209 651937 1821115 3906847 6854896 9255086 6371325 2311858 0 0 0 0 0 0 0 0
1813	sub_1813_0006800.log	DONE exit=20	200	True	2529675	0 0 0 0 0 0 0 0 0 0 0 1856 7356 14563 17713 17835 13381 5156 0 0 0 0 0 0 0 0 0 0 0
1813	sub_1813_0007000.log	DONE exit=20	200	True	4575542	0 0 0 0 0 0 0 0 0 0 0 1666 5900 12348 22600 36388 45961 22582 24 0 0 0 0 0 0 0 0 0 0
1813	sub_1813_0007200.log	DONE exit=20	200	True	32763941	0 0 0 0 0 0 0 0 0 0 0 2117 9473 30524 85018 208124 351570 348063 136701 76980 26029 0 0 0 0 0 0 0 0
1813	sub_1813_0007400.log	DONE exit=20	200	True	30065173	0 0 0 0 0 0 0 0 0 0 0 2126 10362 33693 84688 183256 280776 322878 209281 131920 45749 0 0 0 0 0 0 0 0
1813	sub_1813_0007600.log	DONE exit=20	200	True	86772	0 0 0 0 0 0 0 0 0 0 0 947 1571 814 95 0 0 0 0 0 0 0 0 0 0 0 0 0 0
1813	sub_1813_0007800.log	DONE exit=20	200	True	39766	0 0 0 0 0 0 0 0 0 0 0 551 585 249 34 0 0 0 0 0 0 0 0 0 0 0 0 0 0
1813	sub_1813_0008000.log	DONE exit=20	200	True	861328	0 0 0 0 0 0 0 0 0 0 0 1321 4291 7865 4682 2118 1 0 0 0 0 0 0 0 0 0 0 0 0
1813	sub_1813_0008200.log	DONE exit=20	200	True	609594	0 0 0 0 0 0 0 0 0 0 0 1296 3907 5497 4398 1413 0 0 0 0 0 0 0 0 0 0 0 0 0
1813	sub_1813_0008400.log	DONE exit=20	200	True	468600	0 0 0 0 0 0 0 0 0 0 0 1383 3986 4370 1945 420 0 0 0 0 0 0 0 0 0 0 0 0 0
1813	sub_1813_0008600.log	DONE exit=20	200	True	315989	0 0 0 0 0 0 0 0 0 0 0 871 2298 2474 1512 296 0 0 0 0 0 0 0 0 0 0 0 0 0
1813	sub_1813_0008800.log	DONE exit=20	200	True	108695	0 0 0 0 0 0 0 0 0 0 0 879 1683 744 117 1 0 0 0 0 0 0 0 0 0 0 0 0 0
1813	sub_1813_0009000.log	DONE exit=20	200	True	307112	0 0 0 0 0 0 0 0 0 0 0 844 1813 2472 1740 941 0 0 0 0 0 0 0 0 0 0 0 0 0
1813	sub_1813_0009200.log	DONE exit=20	200	True	305739	0 0 0 0 0 0 0 0 0 0 0 891 1555 1797 1972 1808 23 0 0 0 0 0 0 0 0 0 0 0 0
1813	sub_1813_0009400.log	DONE exit=20	200	True	2370845	0 0 0 0 0 0 0 0 0 0 0 1474 5432 10215 16568 20313 11691 2952 0 0 0 0 0 0 0 0 0 0 0
1813	sub_1813_0009600.log	DONE exit=20	200	True	765733	0 0 0 0 0 0 0 0 0 0 0 763 2253 3467 6210 6803 578 0 0 0 0 0 0 0 0 0 0 0 0
1813	sub_1813_0009800.log	DONE exit=20	200	True	441444	0 0 0 0 0 0 0 0 0 0 0 717 1934 3028 3250 1945 48 0 0 0 0 0 0 0 0 0 0 0 0
1813	sub_1813_0010000.log	DONE exit=20	200	True	408610	0 0 0 0 0 0 0 0 0 0 0 620 1480 2389 3311 2103 23 0 0 0 0 0 0 0 0 0 0 0 0
1813	sub_1813_0010200.log	DONE exit=20	200	True	423202	0 0 0 0 0 0 0 0 0 0 0 590 1340 2244 3260 2362 378 10 0 0 0 0 0 0 0 0 0 0 0
1813	sub_1813_0010400.log	DONE exit=20	200	True	658759	0 0 0 0 0 0 0 0 0 0 0 660 1997 4160 5766 3691 452 10 0 0 0 0 0 0 0 0 0 0 0
1813	sub_1813_0010600.log	DONE exit=20	200	True	20200	0 0 0 0 0 0 0 0 0 0 0 254 118 48 3 0 0 0 0 0 0 0 0 0 0 0 0 0 0
1813	sub_1813_0010800.log	DONE exit=20	200	True	226980	0 0 0 0 0 0 0 0 0 0 0 783 1584 2047 1605 236 0 0 0 0 0 0 0 0 0 0 0 0 0
1813	sub_1813_0011000.log	DONE exit=20	200	True	764547	0 0 0 0 0 0 0 0 0 0 0 923 2567 4674 6999 4994 145 0 0 0 0 0 0 0 0 0 0 0 0
1813	sub_1813_0011200.log	DONE exit=20	200	True	744630	0 0 0 0 0 0 0 0 0 0 0 1045 2683 4933 6386 5959 893 15 0 0 0 0 0 0 0 0 0 0 0
1813	sub_1813_0011400.log	DONE exit=20	200	True	249639	0 0 0 0 0 0 0 0 0 0 0 860 1712 2142 1426 966 3 0 0 0 0 0 0 0 0 0 0 0 0
1813	sub_1813_0011600.log	DONE exit=20	200	True	29150	0 0 0 0 0 0 0 0 0 0 0 329 219 28 1 0 0 0 0 0 0 0 0 0 0 0 0 0 0
1813	sub_1813_0011800.log	DONE exit=20	200	True	48005	0 0 0 0 0 0 0 0 0 0 0 367 246 133 96 50 0 0 0 0 0 0 0 0 0 0 0 0 0
1813	sub_1813_0012000.log	DONE exit=20	200	True	43586	0 0 0 0 0 0 0 0 0 0 0 311 248 126 95 50 0 0 0 0 0 0 0 0 0 0 0 0 0
1813	sub_1813_0012200.log	DONE exit=20	200	True	47366	0 0 0 0 0 0 0 0 0 0 0 407 336 165 101 51 0 0 0 0 0 0 0 0 0 0 0 0 0
1813	sub_1813_0012400.log	DONE exit=20	200	True	113650	0 0 0 0 0 0 0 0 0 0 0 780 1591 1519 749 284 93 10 0 0 0 0 0 0 0 0 0 0 0
1813	sub_1813_0012600.log	DONE exit=20	200	True	149110	0 0 0 0 0 0 0 0 0 0 0 685 1548 2335 621 83 0 0 0 0 0 0 0 0 0 0 0 0 0
1813	sub_1813_0012800.log	DONE exit=20	200	True	178396	0 0 0 0 0 0 0 0 0 0 0 932 2192 2831 1085 156 0 0 0 0 0 0 0 0 0 0 0 0 0
1813	sub_1813_0013000.log	DONE exit=20	200	True	52769	0 0 0 0 0 0 0 0 0 0 0 585 709 341 61 2 0 0 0 0 0 0 0 0 0 0 0 0 0
1813	sub_1813_0013200.log	DONE exit=20	200	True	171821	0 0 0 0 0 0 0 0 0 0 0 918 1953 2532 931 286 24 0 0 0 0 0 0 0 0 0 0 0 0
1813	sub_1813_0013400.log	DONE exit=20	200	True	165547	0 0 0 0 0 0 0 0 0 0 0 1000 2051 2428 850 158 0 0 0 0 0 0 0 0 0 0 0 0 0
1813	sub_1813_0013600.log	DONE exit=20	200	True	182460	0 0 0 0 0 0 0 0 0 0 0 812 1363 1364 912 489 4 2 0 0 0 0 0 0 0 0 0 0 0
1813	sub_1813_0013800.log	DONE exit=20	200	True	189727	0 0 0 0 0 0 0 0 0 0 0 831 1620 1302 756 308 0 0 0 0 0 0 0 0 0 0 0 0 0
1813	sub_1813_0014000.log	DONE exit=20	200	True	340320	0 0 0 0 0 0 0 0 0 0 0 1559 4521 5090 2371 557 26 0 0 0 0 0 0 0 0 0 0 0 0
1813	sub_1813_0014200.log	DONE exit=20	200	True	5716260	0 0 0 0 0 0 0 0 0 0 0 1499 7025 21808 43742 52099 37857 19106 6180 1754 420 0 0 0 0 0 0 0 0
1813	sub_1813_0014400.log	DONE exit=20	200	True	3202649	0 0 0 0 0 0 0 0 0 0 0 1496 6151 14364 21048 21670 20567 23067 5344 2180 410 0 0 0 0 0 0 0 0
1813	sub_1813_0014600.log	DONE exit=20	200	True	79905	0 0 0 0 0 0 0 0 0 0 0 597 891 864 198 9 0 0 0 0 0 0 0 0 0 0 0 0 0
1813	sub_1813_0014800.log	DONE exit=20	200	True	428370	0 0 0 0 0 0 0 0 0 0 0 1179 3245 5080 3923 1592 112 0 0 0 0 0 0 0 0 0 0 0 0
1813	sub_1813_0015000.log	DONE exit=20	200	True	1222082	0 0 0 0 0 0 0 0 0 0 0 1294 4039 7430 10466 9332 2071 0 0 0 0 0 0 0 0 0 0 0 0
1813	sub_1813_0015200.log	DONE exit=20	200	True	27537	0 0 0 0 0 0 0 0 0 0 0 365 274 116 23 0 0 0 0 0 0 0 0 0 0 0 0 0 0
1813	sub_1813_0015400.log	DONE exit=20	200	True	1010982	0 0 0 0 0 0 0 0 0 0 0 879 2272 5692 9510 7603 1595 13 0 0 0 0 0 0 0 0 0 0 0
1813	sub_1813_0015600.log	DONE exit=20	200	True	142622	0 0 0 0 0 0 0 0 0 0 0 579 863 1085 925 466 4 0 0 0 0 0 0 0 0 0 0 0 0
1813	sub_1813_0015800.log	DONE exit=20	200	True	29547	0 0 0 0 0 0 0 0 0 0 0 377 358 210 46 2 0 0 0 0 0 0 0 0 0 0 0 0 0
1813	sub_1813_0016000.log	DONE exit=20	200	True	70333	0 0 0 0 0 0 0 0 0 0 0 485 697 766 371 38 4 0 0 0 0 0 0 0 0 0 0 0 0
1813	sub_1813_0016200.log	DONE exit=20	200	True	638960	0 0 0 0 0 0 0 0 0 0 0 1130 2895 4842 5316 3081 225 0 0 0 0 0 0 0 0 0 0 0 0
1813	sub_1813_0016400.log	DONE exit=20	200	True	55595	0 0 0 0 0 0 0 0 0 0 0 566 633 328 32 0 0 0 0 0 0 0 0 0 0 0 0 0 0
1813	sub_1813_0016600.log	DONE exit=20	200	True	1022542	0 0 0 0 0 0 0 0 0 0 0 775 2281 5983 9924 7884 1642 8 0 0 0 0 0 0 0 0 0 0 0
1813	sub_1813_0016800.log	DONE exit=20	200	True	219861	0 0 0 0 0 0 0 0 0 0 0 553 817 1600 1474 696 0 0 0 0 0 0 0 0 0 0 0 0 0
1813	sub_1813_0017000.log	DONE exit=20	200	True	923599	0 0 0 0 0 0 0 0 0 0 0 696 1848 5194 8360 6978 1528 3 0 0 0 0 0 0 0 0 0 0 0
1813	sub_1813_0017200.log	DONE exit=20	200	True	641392	0 0 0 0 0 0 0 0 0 0 0 740 1791 3829 5579 4392 1005 7 0 0 0 0 0 0 0 0 0 0 0
1813	sub_1813_0017400.log	DONE exit=20	200	True	105535	0 0 0 0 0 0 0 0 0 0 0 981 1583 1146 251 13 1 0 0 0 0 0 0 0 0 0 0 0 0
1813	sub_1813_0017600.log	DONE exit=20	200	True	470995	0 0 0 0 0 0 0 0 0 0 0 953 2396 3918 3684 2607 164 0 0 0 0 0 0 0 0 0 0 0 0
1813	sub_1813_0017800.log	DONE exit=20	200	True	413026	0 0 0 0 0 0 0 0 0 0 0 1627 6476 12358 10440 3799 554 24 0 0 0 0 0 0 0 0 0 0 0
1813	sub_1813_0018000.log	DONE exit=20	200	True	318460	0 0 0 0 0 0 0 0 0 0 0 1749 6114 9450 6235 1767 166 3 0 0 0 0 0 0 0 0 0 0 0
1813	sub_1813_0018200.log	DONE exit=20	200	True	180684	0 0 0 0 0 0 0 0 0 0 0 1258 3648 4307 2068 410 24 1 0 0 0 0 0 0 0 0 0 0 0
1813	sub_1813_0018400.log	DONE exit=20	200	True	280713	0 0 0 0 0 0 0 0 0 0 0 1412 4496 6894 5430 1860 186 4 0 0 0 0 0 0 0 0 0 0 0
1813	sub_1813_0018600.log	DONE exit=20	200	True	149799	0 0 0 0 0 0 0 0 0 0 0 1213 3015 3558 1983 488 29 3 0 0 0 0 0 0 0 0 0 0 0
1813	sub_1813_0018800.log	DONE exit=20	200	True	64276	0 0 0 0 0 0 0 0 0 0 0 925 1589 986 163 12 0 0 0 0 0 0 0 0 0 0 0 0 0
1813	sub_1813_0019000.log	DONE exit=20	200	True	71007	0 0 0 0 0 0 0 0 0 0 0 941 1636 1077 242 20 1 0 0 0 0 0 0 0 0 0 0 0 0
1813	sub_1813_0019200.log	DONE exit=20	200	True	65675	0 0 0 0 0 0 0 0 0 0 0 900 1618 1041 268 24 0 0 0 0 0 0 0 0 0 0 0 0 0
1813	sub_1813_0019400.log	DONE exit=20	200	True	51287	0 0 0 0 0 0 0 0 0 0 0 785 943 281 14 0 0 0 0 0 0 0 0 0 0 0 0 0 0
1813	sub_1813_0019600.log	DONE exit=20	200	True	57697	0 0 0 0 0 0 0 0 0 0 0 823 1289 701 164 12 0 0 0 0 0 0 0 0 0 0 0 0 0
1813	sub_1813_0019800.log	DONE exit=20	200	True	284724	0 0 0 0 0 0 0 0 0 0 0 1329 4554 8199 7806 3463 506 33 2 0 0 0 0 0 0 0 0 0 0
1813	sub_1813_0020000.log	DONE exit=20	200	True	320514	0 0 0 0 0 0 0 0 0 0 0 1613 4755 5813 2212 269 17 0 0 0 0 0 0 0 0 0 0 0 0
1813	sub_1813_0020200.log	DONE exit=20	200	True	497033	0 0 0 0 0 0 0 0 0 0 0 1553 5993 10255 6969 918 40 0 0 0 0 0 0 0 0 0 0 0 0
1813	sub_1813_0020400.log	DONE exit=20	200	True	458297	0 0 0 0 0 0 0 0 0 0 0 1561 5688 8911 5347 845 94 1 0 0 0 0 0 0 0 0 0 0 0
1813	sub_1813_0020600.log	DONE exit=20	200	True	390079	0 0 0 0 0 0 0 0 0 0 0 1574 5282 8142 4512 536 42 0 0 0 0 0 0 0 0 0 0 0 0
1813	sub_1813_0020800.log	DONE exit=20	200	True	491588	0 0 0 0 0 0 0 0 0 0 0 1807 7482 14141 11850 4029 409 10 0 0 0 0 0 0 0 0 0 0 0
1813	sub_1813_0021000.log	DONE exit=20	200	True	456647	0 0 0 0 0 0 0 0 0 0 0 1714 6181 9677 5930 1351 197 3 0 0 0 0 0 0 0 0 0 0 0
1813	sub_1813_0021200.log	DONE exit=20	200	True	498528	0 0 0 0 0 0 0 0 0 0 0 1565 6231 11270 7876 1578 81 4 0 0 0 0 0 0 0 0 0 0 0
1813	sub_1813_0021400.log	DONE exit=20	200	True	568308	0 0 0 0 0 0 0 0 0 0 0 1690 6825 12512 9019 1946 142 6 0 0 0 0 0 0 0 0 0 0 0
1813	sub_1813_0021600.log	DONE exit=20	200	True	204341	0 0 0 0 0 0 0 0 0 0 0 1144 3088 4262 2339 418 38 0 0 0 0 0 0 0 0 0 0 0 0
1813	sub_1813_0021800.log	DONE exit=20	200	True	42051	0 0 0 0 0 0 0 0 0 0 0 737 972 549 73 0 0 0 0 0 0 0 0 0 0 0 0 0 0
1813	sub_1813_0022000.log	DONE exit=20	200	True	25345	0 0 0 0 0 0 0 0 0 0 0 480 371 76 8 0 0 0 0 0 0 0 0 0 0 0 0 0 0
1813	sub_1813_0022200.log	DONE exit=20	200	True	110829	0 0 0 0 0 0 0 0 0 0 0 824 1663 1323 783 38 1 0 0 0 0 0 0 0 0 0 0 0 0
1813	sub_1813_0022400.log	DONE exit=20	200	True	37121	0 0 0 0 0 0 0 0 0 0 0 560 492 117 7 0 0 0 0 0 0 0 0 0 0 0 0 0 0
1813	sub_1813_0022600.log	DONE exit=20	200	True	99298	0 0 0 0 0 0 0 0 0 0 0 835 1554 1182 532 33 1 0 0 0 0 0 0 0 0 0 0 0 0
1813	sub_1813_0022800.log	DONE exit=20	200	True	114478	0 0 0 0 0 0 0 0 0 0 0 848 1586 1392 1193 69 2 0 0 0 0 0 0 0 0 0 0 0 0
1813	sub_1813_0023000.log	DONE exit=20	200	True	147229	0 0 0 0 0 0 0 0 0 0 0 968 2275 2617 1660 134 6 0 0 0 0 0 0 0 0 0 0 0 0
1813	sub_1813_0023200.log	DONE exit=20	200	True	53556	0 0 0 0 0 0 0 0 0 0 0 830 1064 452 63 1 0 0 0 0 0 0 0 0 0 0 0 0 0
1813	sub_1813_0023400.log	DONE exit=20	200	True	54604	0 0 0 0 0 0 0 0 0 0 0 713 1168 821 227 15 0 0 0 0 0 0 0 0 0 0 0 0 0
1813	sub_1813_0023600.log	DONE exit=20	200	True	38163	0 0 0 0 0 0 0 0 0 0 0 548 689 300 37 1 0 0 0 0 0 0 0 0 0 0 0 0 0
1813	sub_1813_0023800.log	DONE exit=20	200	True	55860	0 0 0 0 0 0 0 0 0 0 0 583 748 582 372 117 4 0 0 0 0 0 0 0 0 0 0 0 0
1813	sub_1813_0024000.log	DONE exit=20	200	True	65480	0 0 0 0 0 0 0 0 0 0 0 712 1116 807 351 61 0 0 0 0 0 0 0 0 0 0 0 0 0
1813	sub_1813_0024200.log	DONE exit=20	200	True	90873	0 0 0 0 0 0 0 0 0 0 0 673 1079 1035 1007 412 5 0 0 0 0 0 0 0 0 0 0 0 0
1813	sub_1813_0024400.log	DONE exit=20	200	True	50656	0 0 0 0 0 0 0 0 0 0 0 560 687 529 247 14 0 0 0 0 0 0 0 0 0 0 0 0 0
1813	sub_1813_0024600.log	DONE exit=20	200	True	73136	0 0 0 0 0 0 0 0 0 0 0 622 1032 828 236 8 0 0 0 0 0 0 0 0 0 0 0 0 0
1813	sub_1813_0024800.log	DONE exit=20	200	True	49013	0 0 0 0 0 0 0 0 0 0 0 607 696 347 75 8 0 0 0 0 0 0 0 0 0 0 0 0 0
1813	sub_1813_0025000.log	DONE exit=20	200	True	26764	0 0 0 0 0 0 0 0 0 0 0 427 285 85 1 0 0 0 0 0 0 0 0 0 0 0 0 0 0
1813	sub_1813_0025200.log	DONE exit=20	200	True	136351	0 0 0 0 0 0 0 0 0 0 0 928 2084 2196 1148 246 21 1 0 0 0 0 0 0 0 0 0 0 0
1813	sub_1813_0025400.log	DONE exit=20	200	True	107461	0 0 0 0 0 0 0 0 0 0 0 765 1525 1838 847 115 0 0 0 0 0 0 0 0 0 0 0 0 0
1813	sub_1813_0025600.log	DONE exit=20	200	True	40854	0 0 0 0 0 0 0 0 0 0 0 467 518 243 27 2 0 0 0 0 0 0 0 0 0 0 0 0 0
1813	sub_1813_0025800.log	DONE exit=20	200	True	50031	0 0 0 0 0 0 0 0 0 0 0 633 784 376 110 8 0 0 0 0 0 0 0 0 0 0 0 0 0
1813	sub_1813_0026000.log	DONE exit=20	200	True	136831	0 0 0 0 0 0 0 0 0 0 0 1019 2389 2502 1024 150 16 1 0 0 0 0 0 0 0 0 0 0 0
1813	sub_1813_0026200.log	DONE exit=20	200	True	123984	0 0 0 0 0 0 0 0 0 0 0 835 2055 2342 1099 151 3 0 0 0 0 0 0 0 0 0 0 0 0
1813	sub_1813_0026400.log	DONE exit=20	200	True	59210	0 0 0 0 0 0 0 0 0 0 0 609 881 488 124 12 0 0 0 0 0 0 0 0 0 0 0 0 0
1813	sub_1813_0026600.log	DONE exit=20	200	True	101955	0 0 0 0 0 0 0 0 0 0 0 722 1239 1455 432 47 2 0 0 0 0 0 0 0 0 0 0 0 0
1813	sub_1813_0026800.log	DONE exit=20	200	True	141145	0 0 0 0 0 0 0 0 0 0 0 793 1648 2045 1400 491 69 0 0 0 0 0 0 0 0 0 0 0 0
1813	sub_1813_0027000.log	DONE exit=20	200	True	74805	0 0 0 0 0 0 0 0 0 0 0 845 1314 835 257 36 2 0 0 0 0 0 0 0 0 0 0 0 0
1813	sub_1813_0027200.log	DONE exit=20	200	True	202393	0 0 0 0 0 0 0 0 0 0 0 890 2299 3394 2564 740 95 0 0 0 0 0 0 0 0 0 0 0 0
1813	sub_1813_0027400.log	DONE exit=20	200	True	466233	0 0 0 0 0 0 0 0 0 0 0 1386 4601 9335 7848 1806 275 42 0 0 0 0 0 0 0 0 0 0 0
1813	sub_1813_0027600.log	DONE exit=20	200	True	114644	0 0 0 0 0 0 0 0 0 0 0 882 1752 1445 511 105 8 0 0 0 0 0 0 0 0 0 0 0 0
1813	sub_1813_0027800.log	DONE exit=20	200	True	373256	0 0 0 0 0 0 0 0 0 0 0 1424 4822 7868 4902 1233 144 8 0 0 0 0 0 0 0 0 0 0 0
1813	sub_1813_0028000.log	DONE exit=20	200	True	405048	0 0 0 0 0 0 0 0 0 0 0 1546 5544 8759 5671 1669 319 34 0 0 0 0 0 0 0 0 0 0 0
1813	sub_1813_0028200.log	DONE exit=20	200	True	97517	0 0 0 0 0 0 0 0 0 0 0 724 1330 1608 1055 106 2 0 0 0 0 0 0 0 0 0 0 0 0
1813	sub_1813_0028400.log	DONE exit=20	200	True	205352	0 0 0 0 0 0 0 0 0 0 0 987 2681 4180 3143 621 27 0 0 0 0 0 0 0 0 0 0 0 0
1813	sub_1813_0028600.log	DONE exit=20	200	True	88539	0 0 0 0 0 0 0 0 0 0 0 670 1118 1252 741 91 0 0 0 0 0 0 0 0 0 0 0 0 0
1813	sub_1813_0028800.log	DONE exit=20	200	True	49735	0 0 0 0 0 0 0 0 0 0 0 533 710 510 49 4 0 0 0 0 0 0 0 0 0 0 0 0 0
1813	sub_1813_0029000.log	DONE exit=20	200	True	53772	0 0 0 0 0 0 0 0 0 0 0 688 988 653 229 38 0 0 0 0 0 0 0 0 0 0 0 0 0
1813	sub_1813_0029200.log	DONE exit=20	200	True	235001	0 0 0 0 0 0 0 0 0 0 0 1124 2848 4234 3653 1395 261 42 0 0 0 0 0 0 0 0 0 0 0
1813	sub_1813_0029400.log	DONE exit=20	200	True	135471	0 0 0 0 0 0 0 0 0 0 0 921 2032 2091 758 63 0 0 0 0 0 0 0 0 0 0 0 0 0
1813	sub_1813_0029600.log	DONE exit=20	200	True	331811	0 0 0 0 0 0 0 0 0 0 0 1116 3003 5224 4622 1976 151 12 0 0 0 0 0 0 0 0 0 0 0
1813	sub_1813_0029800.log	DONE exit=20	200	True	93245	0 0 0 0 0 0 0 0 0 0 0 630 1195 1681 893 106 2 0 0 0 0 0 0 0 0 0 0 0 0
1813	sub_1813_0030000.log	DONE exit=20	200	True	115011	0 0 0 0 0 0 0 0 0 0 0 914 1950 1791 737 162 8 0 0 0 0 0 0 0 0 0 0 0 0
1813	sub_1813_0030200.log	DONE exit=20	200	True	337043	0 0 0 0 0 0 0 0 0 0 0 1328 4369 7038 5164 1719 167 6 0 0 0 0 0 0 0 0 0 0 0
1813	sub_1813_0030400.log	DONE exit=20	200	True	340745	0 0 0 0 0 0 0 0 0 0 0 1632 5562 7748 4426 1178 140 7 0 0 0 0 0 0 0 0 0 0 0
1813	sub_1813_0030600.log	DONE exit=20	200	True	135705	0 0 0 0 0 0 0 0 0 0 0 919 2075 2481 1519 154 5 0 0 0 0 0 0 0 0 0 0 0 0
1813	sub_1813_0030800.log	DONE exit=20	200	True	75429	0 0 0 0 0 0 0 0 0 0 0 749 1080 855 110 4 0 0 0 0 0 0 0 0 0 0 0 0 0
1813	sub_1813_0031000.log	DONE exit=20	200	True	71421	0 0 0 0 0 0 0 0 0 0 0 657 1069 865 356 34 2 0 0 0 0 0 0 0 0 0 0 0 0
1813	sub_1813_0031200.log	DONE exit=20	200	True	93168	0 0 0 0 0 0 0 0 0 0 0 664 1366 1405 658 90 2 0 0 0 0 0 0 0 0 0 0 0 0
1813	sub_1813_0031400.log	DONE exit=20	200	True	339437	0 0 0 0 0 0 0 0 0 0 0 1195 4690 10234 9647 3363 311 4 0 0 0 0 0 0 0 0 0 0 0
1813	sub_1813_0031600.log	DONE exit=20	200	True	1118886	0 0 0 0 0 0 0 0 0 0 0 2506 12992 29585 32323 13955 1147 15 0 0 0 0 0 0 0 0 0 0 0
1813	sub_1813_0031800.log	DONE exit=20	200	True	822628	0 0 0 0 0 0 0 0 0 0 0 1981 9861 23558 25679 10990 1329 23 0 0 0 0 0 0 0 0 0 0 0
1813	sub_1813_0032000.log	DONE exit=20	200	True	514276	0 0 0 0 0 0 0 0 0 0 0 1818 7927 15854 12054 2807 184 0 0 0 0 0 0 0 0 0 0 0 0
1813	sub_1813_0032200.log	DONE exit=20	200	True	875767	0 0 0 0 0 0 0 0 0 0 0 2013 10313 25425 28092 11156 1136 56 0 0 0 0 0 0 0 0 0 0 0
1813	sub_1813_0032400.log	DONE exit=20	200	True	642701	0 0 0 0 0 0 0 0 0 0 0 1880 8679 18467 19134 6392 546 4 0 0 0 0 0 0 0 0 0 0 0
1813	sub_1813_0032600.log	DONE exit=20	200	True	7790186	0 0 0 0 0 0 0 0 0 0 0 1731 13402 60173 170574 274456 121523 16086 758 0 0 0 0 0 0 0 0 0 0
1813	sub_1813_0032800.log	DONE exit=20	200	True	9558712	0 0 0 0 0 0 0 0 0 0 0 2959 22344 92907 220874 297654 194858 53745 3027 0 0 0 0 0 0 0 0 0 0
1813	sub_1813_0033000.log	DONE exit=20	200	True	251379	0 0 0 0 0 0 0 0 0 0 0 916 2332 3623 4143 2040 635 20 0 0 0 0 0 0 0 0 0 0 0
1813	sub_1813_0033200.log	DONE exit=20	200	True	122211	0 0 0 0 0 0 0 0 0 0 0 935 2025 1608 522 43 1 0 0 0 0 0 0 0 0 0 0 0 0
1813	sub_1813_0033400.log	DONE exit=20	200	True	100358	0 0 0 0 0 0 0 0 0 0 0 854 1682 1477 693 214 27 0 0 0 0 0 0 0 0 0 0 0 0
1813	sub_1813_0033600.log	DONE exit=20	200	True	135253	0 0 0 0 0 0 0 0 0 0 0 1028 2323 2308 798 71 3 0 0 0 0 0 0 0 0 0 0 0 0
1813	sub_1813_0033800.log	DONE exit=20	200	True	124354	0 0 0 0 0 0 0 0 0 0 0 1010 1943 1432 319 11 0 0 0 0 0 0 0 0 0 0 0 0 0
1813	sub_1813_0034000.log	DONE exit=20	200	True	276155	0 0 0 0 0 0 0 0 0 0 0 1648 4025 4308 1203 99 0 0 0 0 0 0 0 0 0 0 0 0 0
1813	sub_1813_0034200.log	DONE exit=20	200	True	166703	0 0 0 0 0 0 0 0 0 0 0 1228 2885 2470 601 22 0 0 0 0 0 0 0 0 0 0 0 0 0
1813	sub_1813_0034400.log	DONE exit=20	200	True	226595	0 0 0 0 0 0 0 0 0 0 0 1079 3187 3474 915 16 0 0 0 0 0 0 0 0 0 0 0 0 0
1813	sub_1813_0034600.log	DONE exit=20	200	True	1635927	0 0 0 0 0 0 0 0 0 0 0 2120 11268 25144 29156 9603 505 17 0 0 0 0 0 0 0 0 0 0 0
1813	sub_1813_0034800.log	DONE exit=20	200	True	163347	0 0 0 0 0 0 0 0 0 0 0 1120 2754 2528 662 68 7 0 0 0 0 0 0 0 0 0 0 0 0
1813	sub_1813_0035000.log	DONE exit=20	200	True	495582	0 0 0 0 0 0 0 0 0 0 0 1328 4324 7907 8237 2492 111 0 0 0 0 0 0 0 0 0 0 0 0
1813	sub_1813_0035200.log	DONE exit=20	200	True	847022	0 0 0 0 0 0 0 0 0 0 0 1381 5791 14988 20662 9125 1120 14 0 0 0 0 0 0 0 0 0 0 0
1813	sub_1813_0035400.log	DONE exit=20	200	True	874725	0 0 0 0 0 0 0 0 0 0 0 1591 6591 14693 18579 8170 943 27 1 0 0 0 0 0 0 0 0 0 0
1813	sub_1813_0035600.log	DONE exit=20	200	True	220814	0 0 0 0 0 0 0 0 0 0 0 1255 3276 3455 1287 174 3 0 0 0 0 0 0 0 0 0 0 0 0
1813	sub_1813_0035800.log	DONE exit=20	200	True	793843	0 0 0 0 0 0 0 0 0 0 0 1342 5281 12761 17389 6179 98 3 0 0 0 0 0 0 0 0 0 0 0
1813	sub_1813_0036000.log	DONE exit=20	200	True	1645773	0 0 0 0 0 0 0 0 0 0 0 1862 9393 26818 39803 17319 1621 154 13 1 0 0 0 0 0 0 0 0 0
1813	sub_1813_0036200.log	DONE exit=20	200	True	248500	0 0 0 0 0 0 0 0 0 0 0 1321 3580 3872 1634 369 37 3 0 0 0 0 0 0 0 0 0 0 0
1813	sub_1813_0036400.log	DONE exit=20	200	True	426445	0 0 0 0 0 0 0 0 0 0 0 1548 5842 9537 5259 1015 84 4 0 0 0 0 0 0 0 0 0 0 0
1813	sub_1813_0036600.log	DONE exit=20	200	True	603584	0 0 0 0 0 0 0 0 0 0 0 1290 4745 10185 11308 3231 50 0 0 0 0 0 0 0 0 0 0 0 0
1813	sub_1813_0036800.log	DONE exit=20	200	True	1087429	0 0 0 0 0 0 0 0 0 0 0 1689 7582 18232 23930 10615 1480 190 2 0 0 0 0 0 0 0 0 0 0
1813	sub_1813_0037000.log	DONE exit=20	200	True	148680	0 0 0 0 0 0 0 0 0 0 0 1006 2102 1865 523 35 1 0 0 0 0 0 0 0 0 0 0 0 0
1813	sub_1813_0037200.log	DONE exit=20	200	True	328485	0 0 0 0 0 0 0 0 0 0 0 1417 4001 5051 2970 736 40 0 0 0 0 0 0 0 0 0 0 0 0
1813	sub_1813_0037400.log	DONE exit=20	200	True	110353	0 0 0 0 0 0 0 0 0 0 0 853 1711 1196 269 17 0 0 0 0 0 0 0 0 0 0 0 0 0
1813	sub_1813_0037600.log	DONE exit=20	200	True	128380	0 0 0 0 0 0 0 0 0 0 0 1002 2064 1728 469 22 2 0 0 0 0 0 0 0 0 0 0 0 0
1813	sub_1813_0037800.log	DONE exit=20	200	True	291882	0 0 0 0 0 0 0 0 0 0 0 1290 4068 5085 1562 124 5 0 0 0 0 0 0 0 0 0 0 0 0
1813	sub_1813_0038000.log	DONE exit=20	200	True	963741	0 0 0 0 0 0 0 0 0 0 0 1661 8383 19979 22248 9441 1415 103 0 0 0 0 0 0 0 0 0 0 0
1813	sub_1813_0038200.log	DONE exit=20	200	True	336491	0 0 0 0 0 0 0 0 0 0 0 1636 5092 7508 4763 1046 39 0 0 0 0 0 0 0 0 0 0 0 0
1813	sub_1813_0038400.log	DONE exit=20	200	True	145562	0 0 0 0 0 0 0 0 0 0 0 999 2258 2095 734 33 0 0 0 0 0 0 0 0 0 0 0 0 0
1813	sub_1813_0038600.log	DONE exit=20	200	True	107917	0 0 0 0 0 0 0 0 0 0 0 838 1694 1294 321 21 0 0 0 0 0 0 0 0 0 0 0 0 0
1813	sub_1813_0038800.log	DONE exit=20	200	True	143771	0 0 0 0 0 0 0 0 0 0 0 850 1956 1850 571 68 0 0 0 0 0 0 0 0 0 0 0 0 0
1813	sub_1813_0039000.log	DONE exit=20	200	True	181572	0 0 0 0 0 0 0 0 0 0 0 938 2369 2665 953 117 2 0 0 0 0 0 0 0 0 0 0 0 0
1813	sub_1813_0039200.log	DONE exit=20	200	True	359656	0 0 0 0 0 0 0 0 0 0 0 1391 5006 7291 2769 166 4 0 0 0 0 0 0 0 0 0 0 0 0
1813	sub_1813_0039400.log	DONE exit=20	200	True	609673	0 0 0 0 0 0 0 0 0 0 0 1753 7360 13461 10821 2443 12 0 0 0 0 0 0 0 0 0 0 0 0
1813	sub_1813_0039600.log	DONE exit=20	200	True	381850	0 0 0 0 0 0 0 0 0 0 0 1440 5131 8964 5997 1175 80 2 0 0 0 0 0 0 0 0 0 0 0
1813	sub_1813_0039800.log	DONE exit=20	200	True	434637	0 0 0 0 0 0 0 0 0 0 0 1685 6550 13001 10482 3238 169 0 0 0 0 0 0 0 0 0 0 0 0
1813	sub_1813_0040000.log	DONE exit=20	200	True	239642	0 0 0 0 0 0 0 0 0 0 0 1104 3029 3847 1871 375 35 0 0 0 0 0 0 0 0 0 0 0 0
1813	sub_1813_0040200.log	DONE exit=20	200	True	350318	0 0 0 0 0 0 0 0 0 0 0 1275 4057 5781 3461 939 230 52 0 0 0 0 0 0 0 0 0 0 0
1813	sub_1813_0040400.log	DONE exit=20	200	True	89728	0 0 0 0 0 0 0 0 0 0 0 873 1588 1099 182 10 0 0 0 0 0 0 0 0 0 0 0 0 0
1813	sub_1813_0040600.log	DONE exit=20	200	True	935426	0 0 0 0 0 0 0 0 0 0 0 1865 9305 21652 22547 9155 1580 69 0 0 0 0 0 0 0 0 0 0 0
1813	sub_1813_0040800.log	DONE exit=20	200	True	173352	0 0 0 0 0 0 0 0 0 0 0 1078 2648 3315 1852 355 6 0 0 0 0 0 0 0 0 0 0 0 0
1813	sub_1813_0041000.log	DONE exit=20	200	True	95468	0 0 0 0 0 0 0 0 0 0 0 823 1520 1131 255 3 0 0 0 0 0 0 0 0 0 0 0 0 0
1813	sub_1813_0041200.log	DONE exit=20	200	True	99413	0 0 0 0 0 0 0 0 0 0 0 914 1747 1121 151 9 0 0 0 0 0 0 0 0 0 0 0 0 0
1813	sub_1813_0041400.log	DONE exit=20	200	True	400956	0 0 0 0 0 0 0 0 0 0 0 1258 5815 8956 3631 244 0 0 0 0 0 0 0 0 0 0 0 0 0
1813	sub_1813_0041600.log	DONE exit=20	200	True	116950	0 0 0 0 0 0 0 0 0 0 0 1023 1926 1820 479 15 0 0 0 0 0 0 0 0 0 0 0 0 0
1813	sub_1813_0041800.log	DONE exit=20	200	True	124979	0 0 0 0 0 0 0 0 0 0 0 1088 2370 1777 367 18 0 0 0 0 0 0 0 0 0 0 0 0 0
1813	sub_1813_0042000.log	DONE exit=20	200	True	819850	0 0 0 0 0 0 0 0 0 0 0 1720 8353 18167 17244 6138 831 76 0 0 0 0 0 0 0 0 0 0 0
1813	sub_1813_0042200.log	DONE exit=20	200	True	320538	0 0 0 0 0 0 0 0 0 0 0 1394 4677 7928 5897 1430 73 1 0 0 0 0 0 0 0 0 0 0 0
1813	sub_1813_0042400.log	DONE exit=20	200	True	168993	0 0 0 0 0 0 0 0 0 0 0 1090 2781 3084 1167 207 10 0 0 0 0 0 0 0 0 0 0 0 0
1813	sub_1813_0042600.log	DONE exit=20	200	True	468461	0 0 0 0 0 0 0 0 0 0 0 1492 6144 11362 6679 695 5 0 0 0 0 0 0 0 0 0 0 0 0
1813	sub_1813_0042800.log	DONE exit=20	200	True	127913	0 0 0 0 0 0 0 0 0 0 0 926 1772 1598 575 17 0 0 0 0 0 0 0 0 0 0 0 0 0
1813	sub_1813_0043000.log	DONE exit=20	200	True	334880	0 0 0 0 0 0 0 0 0 0 0 1592 6398 11975 9530 2653 273 7 0 0 0 0 0 0 0 0 0 0 0
1813	sub_1813_0043200.log	DONE exit=20	200	True	256440	0 0 0 0 0 0 0 0 0 0 0 1658 5304 7082 3780 705 37 0 0 0 0 0 0 0 0 0 0 0 0
1813	sub_1813_0043400.log	DONE exit=20	200	True	118747	0 0 0 0 0 0 0 0 0 0 0 1151 2560 2324 745 89 5 0 0 0 0 0 0 0 0 0 0 0 0
1813	sub_1813_0043600.log	DONE exit=20	200	True	198512	0 0 0 0 0 0 0 0 0 0 0 1251 3757 5111 3188 734 39 0 0 0 0 0 0 0 0 0 0 0 0
1813	sub_1813_0043800.log	DONE exit=20	200	True	91430	0 0 0 0 0 0 0 0 0 0 0 973 1844 1519 600 93 6 0 0 0 0 0 0 0 0 0 0 0 0
1813	sub_1813_0044000.log	DONE exit=20	200	True	66297	0 0 0 0 0 0 0 0 0 0 0 842 1305 672 91 2 0 0 0 0 0 0 0 0 0 0 0 0 0
1813	sub_1813_0044200.log	DONE exit=20	200	True	57008	0 0 0 0 0 0 0 0 0 0 0 801 1058 347 17 0 0 0 0 0 0 0 0 0 0 0 0 0 0
1813	sub_1813_0044400.log	DONE exit=20	200	True	219926	0 0 0 0 0 0 0 0 0 0 0 1250 3513 4367 2182 413 43 0 0 0 0 0 0 0 0 0 0 0 0
1813	sub_1813_0044600.log	DONE exit=20	200	True	341201	0 0 0 0 0 0 0 0 0 0 0 1512 4811 6810 3414 635 47 2 0 0 0 0 0 0 0 0 0 0 0
1813	sub_1813_0044800.log	DONE exit=20	200	True	568918	0 0 0 0 0 0 0 0 0 0 0 1528 6039 11600 9574 3479 928 82 0 0 0 0 0 0 0 0 0 0 0
1813	sub_1813_0045000.log	DONE exit=20	200	True	386185	0 0 0 0 0 0 0 0 0 0 0 1428 4921 7549 4373 816 78 3 0 0 0 0 0 0 0 0 0 0 0
1813	sub_1813_0045200.log	DONE exit=20	200	True	388995	0 0 0 0 0 0 0 0 0 0 0 1705 5997 8935 5207 907 98 1 0 0 0 0 0 0 0 0 0 0 0
1813	sub_1813_0045400.log	DONE exit=20	200	True	390388	0 0 0 0 0 0 0 0 0 0 0 1548 5297 8190 4789 881 68 2 0 0 0 0 0 0 0 0 0 0 0
1813	sub_1813_0045600.log	DONE exit=20	200	True	473304	0 0 0 0 0 0 0 0 0 0 0 1484 5750 10483 7479 1518 93 4 0 0 0 0 0 0 0 0 0 0 0
1813	sub_1813_0045800.log	DONE exit=20	200	True	494038	0 0 0 0 0 0 0 0 0 0 0 1635 6363 11083 7301 1295 35 0 0 0 0 0 0 0 0 0 0 0 0
1813	sub_1813_0046000.log	DONE exit=20	200	True	278612	0 0 0 0 0 0 0 0 0 0 0 1500 4152 4926 2175 267 2 0 0 0 0 0 0 0 0 0 0 0 0
1813	sub_1813_0046200.log	DONE exit=20	200	True	555316	0 0 0 0 0 0 0 0 0 0 0 1570 5784 10564 8398 1213 23 0 0 0 0 0 0 0 0 0 0 0 0
1813	sub_1813_0046400.log	DONE exit=20	200	True	555431	0 0 0 0 0 0 0 0 0 0 0 1656 6450 11718 7671 1354 71 0 0 0 0 0 0 0 0 0 0 0 0
1813	sub_1813_0046600.log	DONE exit=20	200	True	388848	0 0 0 0 0 0 0 0 0 0 0 1588 5670 8242 3565 485 37 0 0 0 0 0 0 0 0 0 0 0 0
1813	sub_1813_0046800.log	DONE exit=20	200	True	215469	0 0 0 0 0 0 0 0 0 0 0 1063 2716 3541 2183 180 0 0 0 0 0 0 0 0 0 0 0 0 0
1813	sub_1813_0047000.log	DONE exit=20	200	True	137732	0 0 0 0 0 0 0 0 0 0 0 810 1833 1700 1279 133 14 0 0 0 0 0 0 0 0 0 0 0 0
1813	sub_1813_0047200.log	DONE exit=20	200	True	102447	0 0 0 0 0 0 0 0 0 0 0 808 1462 1217 551 81 2 0 0 0 0 0 0 0 0 0 0 0 0
1813	sub_1813_0047400.log	DONE exit=20	200	True	161132	0 0 0 0 0 0 0 0 0 0 0 1010 2338 2156 1096 76 2 0 0 0 0 0 0 0 0 0 0 0 0
1813	sub_1813_0047600.log	DONE exit=20	200	True	107967	0 0 0 0 0 0 0 0 0 0 0 796 1443 1255 1018 60 0 0 0 0 0 0 0 0 0 0 0 0 0
1813	sub_1813_0047800.log	DONE exit=20	200	True	140924	0 0 0 0 0 0 0 0 0 0 0 945 2032 2078 1265 116 3 0 0 0 0 0 0 0 0 0 0 0 0
1813	sub_1813_0048000.log	DONE exit=20	200	True	209240	0 0 0 0 0 0 0 0 0 0 0 1068 2592 3514 1963 276 12 1 0 0 0 0 0 0 0 0 0 0 0
1813	sub_1813_0048200.log	DONE exit=20	200	True	310026	0 0 0 0 0 0 0 0 0 0 0 1095 3402 5107 3851 835 146 4 0 0 0 0 0 0 0 0 0 0 0
1813	sub_1813_0048400.log	DONE exit=20	200	True	108433	0 0 0 0 0 0 0 0 0 0 0 949 1650 1334 678 96 8 0 0 0 0 0 0 0 0 0 0 0 0
1813	sub_1813_0048600.log	DONE exit=20	200	True	118473	0 0 0 0 0 0 0 0 0 0 0 979 2165 2002 662 129 7 0 0 0 0 0 0 0 0 0 0 0 0
1813	sub_1813_0048800.log	DONE exit=20	200	True	132388	0 0 0 0 0 0 0 0 0 0 0 896 1999 2375 960 75 0 0 0 0 0 0 0 0 0 0 0 0 0
1813	sub_1813_0049000.log	DONE exit=20	200	True	51774	0 0 0 0 0 0 0 0 0 0 0 495 667 648 73 4 0 0 0 0 0 0 0 0 0 0 0 0 0
1813	sub_1813_0049200.log	DONE exit=20	200	True	88824	0 0 0 0 0 0 0 0 0 0 0 775 1483 1204 389 39 0 0 0 0 0 0 0 0 0 0 0 0 0
1813	sub_1813_0049400.log	DONE exit=20	200	True	109705	0 0 0 0 0 0 0 0 0 0 0 811 1680 1634 554 58 1 0 0 0 0 0 0 0 0 0 0 0 0
1813	sub_1813_0049600.log	DONE exit=20	200	True	46996	0 0 0 0 0 0 0 0 0 0 0 620 747 291 35 0 0 0 0 0 0 0 0 0 0 0 0 0 0
1813	sub_1813_0049800.log	DONE exit=20	200	True	71774	0 0 0 0 0 0 0 0 0 0 0 677 1027 712 338 90 0 0 0 0 0 0 0 0 0 0 0 0 0
1813	sub_1813_0050000.log	DONE exit=20	200	True	101361	0 0 0 0 0 0 0 0 0 0 0 767 1398 1048 436 42 0 0 0 0 0 0 0 0 0 0 0 0 0
1813	sub_1813_0050200.log	DONE exit=20	200	True	101021	0 0 0 0 0 0 0 0 0 0 0 801 1310 1177 733 139 8 0 0 0 0 0 0 0 0 0 0 0 0
1813	sub_1813_0050400.log	DONE exit=20	200	True	35144	0 0 0 0 0 0 0 0 0 0 0 489 392 75 1 0 0 0 0 0 0 0 0 0 0 0 0 0 0
1813	sub_1813_0050600.log	DONE exit=20	200	True	62991	0 0 0 0 0 0 0 0 0 0 0 770 1172 703 193 18 0 0 0 0 0 0 0 0 0 0 0 0 0
1813	sub_1813_0050800.log	DONE exit=20	200	True	142512	0 0 0 0 0 0 0 0 0 0 0 1047 2624 3509 2101 426 26 0 0 0 0 0 0 0 0 0 0 0 0
1813	sub_1813_0051000.log	DONE exit=20	200	True	64318	0 0 0 0 0 0 0 0 0 0 0 703 1030 643 203 6 0 0 0 0 0 0 0 0 0 0 0 0 0
1813	sub_1813_0051200.log	DONE exit=20	200	True	280554	0 0 0 0 0 0 0 0 0 0 0 1178 3465 4956 3610 657 118 4 0 0 0 0 0 0 0 0 0 0 0
1813	sub_1813_0051400.log	DONE exit=20	200	True	155766	0 0 0 0 0 0 0 0 0 0 0 913 2154 2712 1398 260 8 0 0 0 0 0 0 0 0 0 0 0 0
1813	sub_1813_0051600.log	DONE exit=20	200	True	71985	0 0 0 0 0 0 0 0 0 0 0 673 1100 451 33 0 0 0 0 0 0 0 0 0 0 0 0 0 0
1813	sub_1813_0051800.log	DONE exit=20	200	True	43750	0 0 0 0 0 0 0 0 0 0 0 436 527 198 85 3 0 0 0 0 0 0 0 0 0 0 0 0 0
1813	sub_1813_0052000.log	DONE exit=20	200	True	45198	0 0 0 0 0 0 0 0 0 0 0 512 553 211 85 6 0 0 0 0 0 0 0 0 0 0 0 0 0
1813	sub_1813_0052200.log	DONE exit=20	200	True	134581	0 0 0 0 0 0 0 0 0 0 0 986 2199 1913 733 82 1 0 0 0 0 0 0 0 0 0 0 0 0
1813	sub_1813_0052400.log	DONE exit=20	200	True	203581	0 0 0 0 0 0 0 0 0 0 0 1163 3036 3540 1751 261 5 0 0 0 0 0 0 0 0 0 0 0 0
1813	sub_1813_0052600.log	DONE exit=20	200	True	624501	0 0 0 0 0 0 0 0 0 0 0 1319 5239 11376 12490 7905 2552 493 53 0 0 0 0 0 0 0 0 0 0
1813	sub_1813_0052800.log	DONE exit=20	200	True	167215	0 0 0 0 0 0 0 0 0 0 0 864 1981 2739 1864 238 4 0 0 0 0 0 0 0 0 0 0 0 0
1813	sub_1813_0053000.log	DONE exit=20	200	True	160751	0 0 0 0 0 0 0 0 0 0 0 879 1983 2415 1392 211 5 0 0 0 0 0 0 0 0 0 0 0 0
1813	sub_1813_0053200.log	DONE exit=20	200	True	102250	0 0 0 0 0 0 0 0 0 0 0 895 1501 1229 682 151 11 0 0 0 0 0 0 0 0 0 0 0 0
1813	sub_1813_0053400.log	DONE exit=20	200	True	92326	0 0 0 0 0 0 0 0 0 0 0 815 1338 1185 375 24 0 0 0 0 0 0 0 0 0 0 0 0 0
1813	sub_1813_0053600.log	DONE exit=20	200	True	694949	0 0 0 0 0 0 0 0 0 0 0 1297 4972 10492 12261 8894 4105 637 0 0 0 0 0 0 0 0 0 0 0
1813	sub_1813_0053800.log	DONE exit=20	200	True	371953	0 0 0 0 0 0 0 0 0 0 0 1418 4708 7388 4846 1196 136 1 0 0 0 0 0 0 0 0 0 0 0
1813	sub_1813_0054000.log	DONE exit=20	200	True	147981	0 0 0 0 0 0 0 0 0 0 0 835 1989 2169 896 84 4 0 0 0 0 0 0 0 0 0 0 0 0
1813	sub_1813_0054200.log	DONE exit=20	200	True	401031	0 0 0 0 0 0 0 0 0 0 0 1318 4229 7155 5837 1004 17 0 0 0 0 0 0 0 0 0 0 0 0
1813	sub_1813_0054400.log	DONE exit=20	200	True	285792	0 0 0 0 0 0 0 0 0 0 0 1036 2836 4884 4634 754 6 0 0 0 0 0 0 0 0 0 0 0 0
1813	sub_1813_0054600.log	DONE exit=20	200	True	59875	0 0 0 0 0 0 0 0 0 0 0 539 709 644 336 38 0 0 0 0 0 0 0 0 0 0 0 0 0
1813	sub_1813_0054800.log	DONE exit=20	200	True	106582	0 0 0 0 0 0 0 0 0 0 0 743 1384 1505 826 122 1 0 0 0 0 0 0 0 0 0 0 0 0
1813	sub_1813_0055000.log	DONE exit=20	200	True	114421	0 0 0 0 0 0 0 0 0 0 0 729 1313 1631 1351 138 0 0 0 0 0 0 0 0 0 0 0 0 0
1813	sub_1813_0055200.log	DONE exit=20	200	True	35516	0 0 0 0 0 0 0 0 0 0 0 553 472 92 5 0 0 0 0 0 0 0 0 0 0 0 0 0 0
1813	sub_1813_0055400.log	DONE exit=20	200	True	128100	0 0 0 0 0 0 0 0 0 0 0 976 1998 1663 598 78 1 0 0 0 0 0 0 0 0 0 0 0 0
1813	sub_1813_0055600.log	DONE exit=20	200	True	168548	0 0 0 0 0 0 0 0 0 0 0 940 1948 2416 1402 91 0 0 0 0 0 0 0 0 0 0 0 0 0
1813	sub_1813_0055800.log	DONE exit=20	200	True	147855	0 0 0 0 0 0 0 0 0 0 0 840 1771 2255 1831 337 6 0 0 0 0 0 0 0 0 0 0 0 0
1813	sub_1813_0056000.log	DONE exit=20	200	True	232850	0 0 0 0 0 0 0 0 0 0 0 894 2295 3823 3938 802 9 0 0 0 0 0 0 0 0 0 0 0 0
1813	sub_1813_0056200.log	DONE exit=20	200	True	112324	0 0 0 0 0 0 0 0 0 0 0 794 1449 1484 672 40 0 0 0 0 0 0 0 0 0 0 0 0 0
1813	sub_1813_0056400.log	DONE exit=20	200	True	220867	0 0 0 0 0 0 0 0 0 0 0 1012 2551 3891 3276 391 9 0 0 0 0 0 0 0 0 0 0 0 0
1813	sub_1813_0056600.log	DONE exit=20	200	True	82386	0 0 0 0 0 0 0 0 0 0 0 870 1270 801 121 4 0 0 0 0 0 0 0 0 0 0 0 0 0
1813	sub_1813_0056800.log	DONE exit=20	200	True	138248	0 0 0 0 0 0 0 0 0 0 0 889 1849 1811 815 131 2 0 0 0 0 0 0 0 0 0 0 0 0
1813	sub_1813_0057000.log	DONE exit=20	200	True	357281	0 0 0 0 0 0 0 0 0 0 0 1586 5266 7336 4097 933 113 5 0 0 0 0 0 0 0 0 0 0 0
1813	sub_1813_0057200.log	DONE exit=20	200	True	195193	0 0 0 0 0 0 0 0 0 0 0 1056 2846 3822 2127 115 4 0 0 0 0 0 0 0 0 0 0 0 0
1813	sub_1813_0057400.log	DONE exit=20	200	True	241340	0 0 0 0 0 0 0 0 0 0 0 1366 4313 6124 3620 1093 169 13 0 0 0 0 0 0 0 0 0 0 0
1813	sub_1813_0057600.log	DONE exit=20	200	True	141808	0 0 0 0 0 0 0 0 0 0 0 1256 3145 3272 769 50 1 0 0 0 0 0 0 0 0 0 0 0 0
1813	sub_1813_0057800.log	DONE exit=20	200	True	153716	0 0 0 0 0 0 0 0 0 0 0 1164 2973 3216 1137 186 15 0 0 0 0 0 0 0 0 0 0 0 0
1813	sub_1813_0058000.log	DONE exit=20	200	True	26866	0 0 0 0 0 0 0 0 0 0 0 404 459 244 42 1 0 0 0 0 0 0 0 0 0 0 0 0 0
1813	sub_1813_0058200.log	DONE exit=20	200	True	11710	0 0 0 0 0 0 0 0 0 0 0 172 38 3 0 0 0 0 0 0 0 0 0 0 0 0 0 0 0
1813	sub_1813_0058400.log	DONE exit=20	200	True	27477	0 0 0 0 0 0 0 0 0 0 0 449 405 128 23 0 0 0 0 0 0 0 0 0 0 0 0 0 0
1813	sub_1813_0058600.log	DONE exit=20	200	True	26124	0 0 0 0 0 0 0 0 0 0 0 343 374 210 16 1 0 0 0 0 0 0 0 0 0 0 0 0 0
1813	sub_1813_0058800.log	DONE exit=20	200	True	24873	0 0 0 0 0 0 0 0 0 0 0 398 348 116 10 0 0 0 0 0 0 0 0 0 0 0 0 0 0
1813	sub_1813_0059000.log	DONE exit=20	200	True	14537	0 0 0 0 0 0 0 0 0 0 0 241 67 1 0 0 0 0 0 0 0 0 0 0 0 0 0 0 0
1813	sub_1813_0059200.log	DONE exit=20	200	True	27923	0 0 0 0 0 0 0 0 0 0 0 406 307 86 0 0 0 0 0 0 0 0 0 0 0 0 0 0 0
1813	sub_1813_0059400.log	DONE exit=20	200	True	37269	0 0 0 0 0 0 0 0 0 0 0 662 573 203 14 0 0 0 0 0 0 0 0 0 0 0 0 0 0
1813	sub_1813_0059600.log	DONE exit=20	200	True	51353	0 0 0 0 0 0 0 0 0 0 0 666 819 402 53 0 0 0 0 0 0 0 0 0 0 0 0 0 0
1813	sub_1813_0059800.log	DONE exit=20	200	True	341885	0 0 0 0 0 0 0 0 0 0 0 1176 2445 2614 1000 481 10 0 0 0 0 0 0 0 0 0 0 0 0
1813	sub_1813_0060000.log	DONE exit=20	200	True	321804	0 0 0 0 0 0 0 0 0 0 0 1325 3742 3188 728 113 0 0 0 0 0 0 0 0 0 0 0 0 0
1813	sub_1813_0060200.log	DONE exit=20	200	True	2043235	0 0 0 0 0 0 0 0 0 0 0 1598 7399 17775 19581 10234 1272 178 0 0 0 0 0 0 0 0 0 0 0
1813	sub_1813_0060400.log	DONE exit=20	200	True	6937010	0 0 0 0 0 0 0 0 0 0 0 1425 7277 20094 35666 42191 46230 40214 29028 28360 8577 0 0 0 0 0 0 0 0
1813	sub_1813_0060600.log	DONE exit=20	200	True	218564	0 0 0 0 0 0 0 0 0 0 0 650 1256 1246 961 608 0 0 0 0 0 0 0 0 0 0 0 0 0
1813	sub_1813_0060800.log	DONE exit=20	200	True	897827	0 0 0 0 0 0 0 0 0 0 0 700 2554 5063 7787 6657 990 0 0 0 0 0 0 0 0 0 0 0 0
1813	sub_1813_0061000.log	DONE exit=20	200	True	20422	0 0 0 0 0 0 0 0 0 0 0 222 103 35 20 1 0 0 0 0 0 0 0 0 0 0 0 0 0
1813	sub_1813_0061200.log	DONE exit=20	200	True	60429	0 0 0 0 0 0 0 0 0 0 0 412 349 303 192 99 0 0 0 0 0 0 0 0 0 0 0 0 0
1813	sub_1813_0061400.log	DONE exit=20	200	True	69643	0 0 0 0 0 0 0 0 0 0 0 627 914 399 52 0 0 0 0 0 0 0 0 0 0 0 0 0 0
1813	sub_1813_0061600.log	DONE exit=20	200	True	254296	0 0 0 0 0 0 0 0 0 0 0 735 1382 2071 1815 724 2 0 0 0 0 0 0 0 0 0 0 0 0
1813	sub_1813_0061800.log	DONE exit=20	200	True	480413	0 0 0 0 0 0 0 0 0 0 0 1138 2772 4250 3622 887 6 0 0 0 0 0 0 0 0 0 0 0 0
1813	sub_1813_0062000.log	DONE exit=20	200	True	175908	0 0 0 0 0 0 0 0 0 0 0 585 834 1397 1545 634 19 0 0 0 0 0 0 0 0 0 0 0 0
1813	sub_1813_0062200.log	DONE exit=20	200	True	247419	0 0 0 0 0 0 0 0 0 0 0 598 946 1953 1749 509 0 0 0 0 0 0 0 0 0 0 0 0 0
1813	sub_1813_0062400.log	DONE exit=20	200	True	1771577	0 0 0 0 0 0 0 0 0 0 0 1180 3809 9564 16769 14890 3463 14 0 0 0 0 0 0 0 0 0 0 0
1813	sub_1813_0062600.log	DONE exit=20	200	True	275652	0 0 0 0 0 0 0 0 0 0 0 882 1540 2074 1979 1320 163 0 0 0 0 0 0 0 0 0 0 0 0
1813	sub_1813_0062800.log	DONE exit=20	200	True	212985	0 0 0 0 0 0 0 0 0 0 0 1003 2019 2141 1410 497 1 0 0 0 0 0 0 0 0 0 0 0 0
1813	sub_1813_0063000.log	DONE exit=20	200	True	106812	0 0 0 0 0 0 0 0 0 0 0 1053 2121 1670 406 35 0 0 0 0 0 0 0 0 0 0 0 0 0
1813	sub_1813_0063200.log	DONE exit=20	200	True	88757456	0 0 0 0 0 0 0 0 0 0 0 2031 14594 72697 260852 672007 1068992 804468 283879 127442 31411 0 0 0 0 0 0 0 0
1813	sub_1813_0063400.log	DONE exit=20	200	True	1507719	0 0 0 0 0 0 0 0 0 0 0 1615 6004 11821 13089 9150 2803 297 0 0 0 0 0 0 0 0 0 0 0
1813	sub_1813_0063600.log	DONE exit=20	200	True	2260676	0 0 0 0 0 0 0 0 0 0 0 1664 7267 16619 21571 12246 3675 1493 26 0 0 0 0 0 0 0 0 0 0
1813	sub_1813_0063800.log	DONE exit=20	200	True	1657734	0 0 0 0 0 0 0 0 0 0 0 1423 5082 11327 15697 9693 2341 1174 30 0 0 0 0 0 0 0 0 0 0
1813	sub_1813_0064000.log	DONE exit=20	200	True	1207089	0 0 0 0 0 0 0 0 0 0 0 1949 9289 20493 24280 15440 3985 427 29 1 0 0 0 0 0 0 0 0 0
1813	sub_1813_0064200.log	DONE exit=20	200	True	404065	0 0 0 0 0 0 0 0 0 0 0 1693 5376 8257 7461 3455 570 40 0 0 0 0 0 0 0 0 0 0 0
1813	sub_1813_0064400.log	DONE exit=20	200	True	141335	0 0 0 0 0 0 0 0 0 0 0 1197 2397 2518 1678 779 177 3 0 0 0 0 0 0 0 0 0 0 0
1813	sub_1813_0064600.log	DONE exit=20	200	True	156476	0 0 0 0 0 0 0 0 0 0 0 1593 3462 3133 1904 770 226 37 0 0 0 0 0 0 0 0 0 0 0
1813	sub_1813_0064800.log	DONE exit=20	200	True	388946	0 0 0 0 0 0 0 0 0 0 0 1907 6394 9425 8281 4488 1381 163 0 0 0 0 0 0 0 0 0 0 0
1813	sub_1813_0065000.log	DONE exit=20	200	True	186137	0 0 0 0 0 0 0 0 0 0 0 1361 3566 4125 3154 1498 489 74 0 0 0 0 0 0 0 0 0 0 0
1813	sub_1813_0065200.log	DONE exit=20	200	True	1264366	0 0 0 0 0 0 0 0 0 0 0 2328 11972 28348 34365 20976 6575 1031 51 0 0 0 0 0 0 0 0 0 0
1813	sub_1813_0065400.log	DONE exit=20	200	True	409588	0 0 0 0 0 0 0 0 0 0 0 1889 7024 11012 8240 3391 713 62 0 0 0 0 0 0 0 0 0 0 0
1813	sub_1813_0065600.log	DONE exit=20	200	True	233925	0 0 0 0 0 0 0 0 0 0 0 1321 4158 5925 4247 2085 674 73 0 0 0 0 0 0 0 0 0 0 0
1813	sub_1813_0065800.log	DONE exit=20	200	True	324269	0 0 0 0 0 0 0 0 0 0 0 1917 6812 9662 6313 2324 511 43 0 0 0 0 0 0 0 0 0 0 0
1813	sub_1813_0066000.log	DONE exit=20	200	True	564997	0 0 0 0 0 0 0 0 0 0 0 2079 8714 15826 13465 6481 1860 231 5 0 0 0 0 0 0 0 0 0 0
1813	sub_1813_0066200.log	DONE exit=20	200	True	216866094	0 0 0 0 0 0 0 0 0 0 0 1820 10319 43390 167720 561326 1516578 3097759 4418021 3635344 1494566 0 0 0 0 0 0 0 0
1813	sub_1813_0066400.log	DONE exit=20	200	True	455730141	0 0 0 0 0 0 0 0 0 0 0 3099 24767 119831 432493 1305234 3300456 6435550 8987241 7379400 2706965 0 0 0 0 0 0 0 0
1813	sub_1813_0066600.log	DONE exit=20	200	True	17760447	0 0 0 0 0 0 0 0 0 0 0 2412 12343 32541 61320 113855 187954 214103 186077 132985 47338 0 0 0 0 0 0 0 0
1813	sub_1813_0066800.log	DONE exit=20	200	True	39525705	0 0 0 0 0 0 0 0 0 0 0 2088 11497 40725 108633 244574 423152 489191 394625 338765 132032 0 0 0 0 0 0 0 0
1813	sub_1813_0067000.log	DONE exit=20	200	True	18735519	0 0 0 0 0 0 0 0 0 0 0 1659 7976 25693 65369 137549 216621 224065 128994 73477 28719 0 0 0 0 0 0 0 0
1813	sub_1813_0067200.log	DONE exit=20	200	True	32763630	0 0 0 0 0 0 0 0 0 0 0 2087 10230 28678 65732 155479 300177 420830 440012 346717 136417 0 0 0 0 0 0 0 0
1813	sub_1813_0067400.log	DONE exit=20	200	True	40024979	0 0 0 0 0 0 0 0 0 0 0 2305 13656 47077 119311 262440 444548 494913 356637 246973 84766 0 0 0 0 0 0 0 0
1813	sub_1813_0067600.log	DONE exit=20	200	True	65645411	0 0 0 0 0 0 0 0 0 0 0 2455 17525 77346 247448 554321 788026 572270 227901 135816 50089 0 0 0 0 0 0 0 0
1813	sub_1813_0067800.log	DONE exit=20	200	True	347796109	0 0 0 0 0 0 0 0 0 0 0 3520 31531 166107 602002 1532502 2861886 4182613 4907369 2796978 817898 0 0 0 0 0 0 0 0
1813	sub_1813_0068000.log	DONE exit=20	200	True	26866561	0 0 0 0 0 0 0 0 0 0 0 2120 10556 35910 106862 242301 334681 195702 45426 14855 4548 0 0 0 0 0 0 0 0
1813	sub_1813_0068200.log	DONE exit=20	200	True	5419778	0 0 0 0 0 0 0 0 0 0 0 1677 6400 12992 21544 36747 54466 47289 12538 3804 1090 0 0 0 0 0 0 0 0
1813	sub_1813_0068400.log	DONE exit=20	200	True	5854345	0 0 0 0 0 0 0 0 0 0 0 1717 5903 11675 21552 41665 65074 57099 10959 62 17 0 0 0 0 0 0 0 0
1813	sub_1813_0068600.log	DONE exit=20	200	True	5631133	0 0 0 0 0 0 0 0 0 0 0 1745 5680 10514 18843 38491 55420 56747 10114 3083 414 0 0 0 0 0 0 0 0
1813	sub_1813_0068800.log	DONE exit=20	200	True	14193100	0 0 0 0 0 0 0 0 0 0 0 2046 10286 31654 68541 124149 156266 132015 18743 8061 1787 0 0 0 0 0 0 0 0
1813	sub_1813_0069000.log	DONE exit=20	200	True	33107276	0 0 0 0 0 0 0 0 0 0 0 2106 11986 40954 101577 229525 383409 371960 141787 77148 22261 0 0 0 0 0 0 0 0
1813	sub_1813_0069200.log	DONE exit=20	200	True	69325379	0 0 0 0 0 0 0 0 0 0 0 2222 14377 62065 202301 509643 849981 762526 279244 145656 41316 0 0 0 0 0 0 0 0
1813	sub_1813_0069400.log	DONE exit=20	200	True	1920032	0 0 0 0 0 0 0 0 0 0 0 1618 6713 14594 18863 12464 4985 1493 58 1 1 0 0 0 0 0 0 0 0
1813	sub_1813_0069600.log	DONE exit=20	200	True	1531173	0 0 0 0 0 0 0 0 0 0 0 1405 4911 10276 13478 10099 5289 2866 375 24 7 0 0 0 0 0 0 0 0
1813	sub_1813_0069800.log	DONE exit=20	200	True	544793	0 0 0 0 0 0 0 0 0 0 0 1364 3968 5754 5356 3953 938 235 88 7 0 0 0 0 0 0 0 0 0
1813	sub_1813_0070000.log	DONE exit=20	200	True	74538	0 0 0 0 0 0 0 0 0 0 0 818 1378 990 336 46 2 0 0 0 0 0 0 0 0 0 0 0 0
1813	sub_1813_0070200.log	DONE exit=20	200	True	282534728	0 0 0 0 0 0 0 0 0 0 0 1776 12518 64225 251985 804126 2057894 3957847 4997452 2815427 817640 0 0 0 0 0 0 0 0
1813	sub_1813_0070400.log	DONE exit=20	200	True	1524460	0 0 0 0 0 0 0 0 0 0 0 1654 6501 13243 12975 9703 5329 2454 339 7 4 0 0 0 0 0 0 0 0
1813	sub_1813_0070600.log	DONE exit=20	200	True	2491103	0 0 0 0 0 0 0 0 0 0 0 1600 6772 16189 23967 20244 11355 4061 425 31 18 0 0 0 0 0 0 0 0
1813	sub_1813_0070800.log	DONE exit=20	200	True	1159166	0 0 0 0 0 0 0 0 0 0 0 1392 4892 9529 11367 6625 1631 721 21 0 0 0 0 0 0 0 0 0 0
1813	sub_1813_0071000.log	DONE exit=20	200	True	1201951	0 0 0 0 0 0 0 0 0 0 0 1350 4638 10437 9763 5137 293 3 0 0 0 0 0 0 0 0 0 0 0
1813	sub_1813_0071200.log	DONE exit=20	200	True	1365971	0 0 0 0 0 0 0 0 0 0 0 1424 5279 10664 13176 6351 436 60 0 0 0 0 0 0 0 0 0 0 0
1813	sub_1813_0071400.log	DONE exit=20	200	True	1217513	0 0 0 0 0 0 0 0 0 0 0 1353 4804 9238 11099 5132 449 110 0 0 0 0 0 0 0 0 0 0 0
1813	sub_1813_0071600.log	DONE exit=20	200	True	83942	0 0 0 0 0 0 0 0 0 0 0 768 1173 714 188 84 0 0 0 0 0 0 0 0 0 0 0 0 0
1813	sub_1813_0071800.log	DONE exit=20	200	True	68206	0 0 0 0 0 0 0 0 0 0 0 827 1353 981 387 63 0 0 0 0 0 0 0 0 0 0 0 0 0
1813	sub_1813_0072000.log	DONE exit=20	200	True	88534	0 0 0 0 0 0 0 0 0 0 0 902 1737 1385 507 130 3 0 0 0 0 0 0 0 0 0 0 0 0
1813	sub_1813_0072200.log	DONE exit=20	200	True	65741	0 0 0 0 0 0 0 0 0 0 0 732 1168 901 301 44 2 0 0 0 0 0 0 0 0 0 0 0 0
1813	sub_1813_0072400.log	DONE exit=20	200	True	35380	0 0 0 0 0 0 0 0 0 0 0 580 641 268 85 5 0 0 0 0 0 0 0 0 0 0 0 0 0
1813	sub_1813_0072600.log	DONE exit=20	200	True	270259	0 0 0 0 0 0 0 0 0 0 0 832 1650 1885 1613 1052 24 0 0 0 0 0 0 0 0 0 0 0 0
1813	sub_1813_0072800.log	DONE exit=20	200	True	139969	0 0 0 0 0 0 0 0 0 0 0 787 977 762 481 425 81 0 0 0 0 0 0 0 0 0 0 0 0
1813	sub_1813_0073000.log	DONE exit=20	200	True	713036	0 0 0 0 0 0 0 0 0 0 0 835 2457 3886 6046 5124 586 0 0 0 0 0 0 0 0 0 0 0 0
1813	sub_1813_0073200.log	DONE exit=20	200	True	545811	0 0 0 0 0 0 0 0 0 0 0 851 1791 2527 4384 4550 1140 16 0 0 0 0 0 0 0 0 0 0 0
1813	sub_1813_0073400.log	DONE exit=20	200	True	232993	0 0 0 0 0 0 0 0 0 0 0 1001 2390 2556 1767 978 22 0 0 0 0 0 0 0 0 0 0 0 0
1813	sub_1813_0073600.log	DONE exit=20	200	True	118708	0 0 0 0 0 0 0 0 0 0 0 886 1925 2792 2017 243 25 0 0 0 0 0 0 0 0 0 0 0 0
1813	sub_1813_0073800.log	DONE exit=20	200	True	263151	0 0 0 0 0 0 0 0 0 0 0 1400 3891 5737 4233 1508 319 37 0 0 0 0 0 0 0 0 0 0 0
1813	sub_1813_0074000.log	DONE exit=20	200	True	281797	0 0 0 0 0 0 0 0 0 0 0 757 1362 2043 2123 1434 27 0 0 0 0 0 0 0 0 0 0 0 0
1813	sub_1813_0074200.log	DONE exit=20	200	True	538727	0 0 0 0 0 0 0 0 0 0 0 920 2018 2764 4319 4636 1434 10 0 0 0 0 0 0 0 0 0 0 0
1813	sub_1813_0074400.log	DONE exit=20	200	True	46684	0 0 0 0 0 0 0 0 0 0 0 613 639 263 66 3 0 0 0 0 0 0 0 0 0 0 0 0 0
1813	sub_1813_0074600.log	DONE exit=20	200	True	58355	0 0 0 0 0 0 0 0 0 0 0 773 976 521 143 15 2 0 0 0 0 0 0 0 0 0 0 0 0
1813	sub_1813_0074800.log	DONE exit=20	200	True	104688	0 0 0 0 0 0 0 0 0 0 0 825 1526 909 270 33 1 0 0 0 0 0 0 0 0 0 0 0 0
1813	sub_1813_0075000.log	DONE exit=20	200	True	52785	0 0 0 0 0 0 0 0 0 0 0 826 924 479 113 13 0 0 0 0 0 0 0 0 0 0 0 0 0
1813	sub_1813_0075200.log	DONE exit=20	200	True	415593	0 0 0 0 0 0 0 0 0 0 0 1158 3106 5492 6850 5714 3399 784 20 0 0 0 0 0 0 0 0 0 0
1813	sub_1813_0075400.log	DONE exit=20	200	True	103010	0 0 0 0 0 0 0 0 0 0 0 974 2229 2220 1050 289 38 2 0 0 0 0 0 0 0 0 0 0 0
1813	sub_1813_0075600.log	DONE exit=20	200	True	374996	0 0 0 0 0 0 0 0 0 0 0 677 1394 1908 2754 2707 37 0 0 0 0 0 0 0 0 0 0 0 0
1813	sub_1813_0075800.log	DONE exit=20	200	True	600168	0 0 0 0 0 0 0 0 0 0 0 828 2015 3382 4638 3791 188 0 0 0 0 0 0 0 0 0 0 0 0
1813	sub_1813_0076000.log	DONE exit=20	200	True	452000	0 0 0 0 0 0 0 0 0 0 0 839 1833 2785 3532 2673 146 0 0 0 0 0 0 0 0 0 0 0 0
1813	sub_1813_0076200.log	DONE exit=20	200	True	125301	0 0 0 0 0 0 0 0 0 0 0 662 1069 943 554 240 0 0 0 0 0 0 0 0 0 0 0 0 0
1813	sub_1813_0076400.log	DONE exit=20	200	True	860237	0 0 0 0 0 0 0 0 0 0 0 985 2368 4059 6160 6849 3350 1150 14 0 0 0 0 0 0 0 0 0 0
1813	sub_1813_0076600.log	DONE exit=20	200	True	153237	0 0 0 0 0 0 0 0 0 0 0 864 2368 2830 1507 354 50 0 0 0 0 0 0 0 0 0 0 0 0
1813	sub_1813_0076800.log	DONE exit=20	200	True	19810	0 0 0 0 0 0 0 0 0 0 0 341 172 36 0 0 0 0 0 0 0 0 0 0 0 0 0 0 0
1813	sub_1813_0077000.log	DONE exit=20	200	True	58572	0 0 0 0 0 0 0 0 0 0 0 684 1025 748 218 32 2 0 0 0 0 0 0 0 0 0 0 0 0
1813	sub_1813_0077200.log	DONE exit=20	200	True	111368	0 0 0 0 0 0 0 0 0 0 0 967 2091 1901 773 123 8 0 0 0 0 0 0 0 0 0 0 0 0
1813	sub_1813_0077400.log	DONE exit=20	200	True	94758	0 0 0 0 0 0 0 0 0 0 0 895 1712 1468 612 80 4 0 0 0 0 0 0 0 0 0 0 0 0
1813	sub_1813_0077600.log	DONE exit=20	200	True	44042	0 0 0 0 0 0 0 0 0 0 0 486 538 257 50 2 0 0 0 0 0 0 0 0 0 0 0 0 0
1813	sub_1813_0077800.log	DONE exit=20	200	True	4112052	0 0 0 0 0 0 0 0 0 0 0 1120 4498 13282 26743 28220 22686 23128 5383 2532 547 0 0 0 0 0 0 0 0
1813	sub_1813_0078000.log	DONE exit=20	200	True	479858	0 0 0 0 0 0 0 0 0 0 0 735 1586 2990 4418 3969 599 1 0 0 0 0 0 0 0 0 0 0 0
1813	sub_1813_0078200.log	DONE exit=20	200	True	392511	0 0 0 0 0 0 0 0 0 0 0 763 1430 2140 3004 3327 561 0 0 0 0 0 0 0 0 0 0 0 0
1813	sub_1813_0078400.log	DONE exit=20	200	True	122995	0 0 0 0 0 0 0 0 0 0 0 978 2176 2059 936 175 5 0 0 0 0 0 0 0 0 0 0 0 0
1813	sub_1813_0078600.log	DONE exit=20	200	True	109214	0 0 0 0 0 0 0 0 0 0 0 901 1917 1936 927 150 20 2 0 0 0 0 0 0 0 0 0 0 0
1813	sub_1813_0078800.log	DONE exit=20	200	True	56281	0 0 0 0 0 0 0 0 0 0 0 703 1044 603 168 21 0 0 0 0 0 0 0 0 0 0 0 0 0
1813	sub_1813_0079000.log	DONE exit=20	200	True	155938	0 0 0 0 0 0 0 0 0 0 0 1078 2557 2937 1786 530 104 8 0 0 0 0 0 0 0 0 0 0 0
1813	sub_1813_0079200.log	DONE exit=20	200	True	12339155	0 0 0 0 0 0 0 0 0 0 0 1781 7583 20852 48714 100105 138394 106358 28013 12210 2718 0 0 0 0 0 0 0 0
1813	sub_1813_0079400.log	DONE exit=20	200	True	2396998	0 0 0 0 0 0 0 0 0 0 0 1800 7541 16752 22561 20224 9507 3559 367 54 22 0 0 0 0 0 0 0 0
1813	sub_1813_0079600.log	DONE exit=20	200	True	2602140	0 0 0 0 0 0 0 0 0 0 0 1361 4793 10657 17094 21137 18363 6408 816 254 25 0 0 0 0 0 0 0 0
1813	sub_1813_0079800.log	DONE exit=20	200	True	8844543	0 0 0 0 0 0 0 0 0 0 0 1629 7445 22497 48983 77427 84774 52550 15688 3850 873 0 0 0 0 0 0 0 0
1813	sub_1813_0080000.log	DONE exit=20	200	True	20299412	0 0 0 0 0 0 0 0 0 0 0 2242 11960 36344 80358 140731 196696 194450 140264 98060 31686 0 0 0 0 0 0 0 0
1813	sub_1813_0080200.log	DONE exit=20	200	True	1138823	0 0 0 0 0 0 0 0 0 0 0 1192 4710 11910 18402 13333 2456 282 37 6 5 0 0 0 0 0 0 0 0
1813	sub_1813_0080400.log	DONE exit=20	200	True	167673	0 0 0 0 0 0 0 0 0 0 0 1004 2457 3082 2182 865 189 14 0 0 0 0 0 0 0 0 0 0 0
1813	sub_1813_0080600.log	DONE exit=20	200	True	376710	0 0 0 0 0 0 0 0 0 0 0 1390 4327 6842 5916 2975 1100 219 14 0 0 0 0 0 0 0 0 0 0
1813	sub_1813_0080800.log	DONE exit=20	200	True	1190569	0 0 0 0 0 0 0 0 0 0 0 1449 4865 9038 9885 8184 2730 841 2 0 0 0 0 0 0 0 0 0 0
1813	sub_1813_0081000.log	DONE exit=20	200	True	492468	0 0 0 0 0 0 0 0 0 0 0 835 2228 3417 4520 2980 24 1 0 0 0 0 0 0 0 0 0 0 0
1813	sub_1813_0081200.log	DONE exit=20	200	True	4065334	0 0 0 0 0 0 0 0 0 0 0 1577 6767 17244 28564 30341 26962 24458 10309 3056 735 0 0 0 0 0 0 0 0
1813	sub_1813_0081400.log	DONE exit=20	200	True	1291666	0 0 0 0 0 0 0 0 0 0 0 913 2686 6109 11097 12998 7195 774 153 2 0 0 0 0 0 0 0 0 0
1813	sub_1813_0081600.log	DONE exit=20	200	True	4910235	0 0 0 0 0 0 0 0 0 0 0 1112 3627 8878 17864 28796 45442 49539 12735 6852 1887 0 0 0 0 0 0 0 0
1813	sub_1813_0081800.log	DONE exit=20	200	True	3221808	0 0 0 0 0 0 0 0 0 0 0 941 3039 6465 10182 16522 29648 35145 14846 9802 2942 0 0 0 0 0 0 0 0
1813	sub_1813_0082000.log	DONE exit=20	200	True	705455	0 0 0 0 0 0 0 0 0 0 0 643 1443 3580 6425 6222 589 0 0 0 0 0 0 0 0 0 0 0 0
1813	sub_1813_0082200.log	DONE exit=20	200	True	2938538	0 0 0 0 0 0 0 0 0 0 0 838 2982 8551 16666 18895 17662 18459 4661 2317 587 0 0 0 0 0 0 0 0
1813	sub_1813_0082400.log	DONE exit=20	200	True	1885175	0 0 0 0 0 0 0 0 0 0 0 916 2675 5904 9974 11013 12966 14894 3911 2337 833 0 0 0 0 0 0 0 0
1813	sub_1813_0082600.log	DONE exit=20	200	True	885639	0 0 0 0 0 0 0 0 0 0 0 1066 3469 6351 8835 7618 2776 61 0 0 0 0 0 0 0 0 0 0 0
1813	sub_1813_0082800.log	DONE exit=20	200	True	385603	0 0 0 0 0 0 0 0 0 0 0 1350 4624 7566 4409 479 64 0 0 0 0 0 0 0 0 0 0 0 0
1813	sub_1813_0083000.log	DONE exit=20	200	True	39188	0 0 0 0 0 0 0 0 0 0 0 531 524 345 96 10 0 0 0 0 0 0 0 0 0 0 0 0 0
1813	sub_1813_0083200.log	DONE exit=20	200	True	45509	0 0 0 0 0 0 0 0 0 0 0 516 634 421 151 3 0 0 0 0 0 0 0 0 0 0 0 0 0
1813	sub_1813_0083400.log	DONE exit=20	200	True	83054	0 0 0 0 0 0 0 0 0 0 0 733 1411 1317 544 168 14 0 0 0 0 0 0 0 0 0 0 0 0
1813	sub_1813_0083600.log	DONE exit=20	200	True	94587	0 0 0 0 0 0 0 0 0 0 0 906 1867 1616 388 33 1 0 0 0 0 0 0 0 0 0 0 0 0
1813	sub_1813_0083800.log	DONE exit=20	200	True	7839249	0 0 0 0 0 0 0 0 0 0 0 2872 20521 78035 174830 239618 188058 54877 66 1 0 0 0 0 0 0 0 0 0
1813	sub_1813_0084000.log	DONE exit=20	200	True	2224884	0 0 0 0 0 0 0 0 0 0 0 2478 13582 37718 60136 59141 38852 8529 4 0 0 0 0 0 0 0 0 0 0
1813	sub_1813_0084200.log	DONE exit=20	200	True	1651111	0 0 0 0 0 0 0 0 0 0 0 1986 9608 24295 34805 30776 19046 6436 5 0 0 0 0 0 0 0 0 0 0
1813	sub_1813_0084400.log	DONE exit=20	200	True	951299	0 0 0 0 0 0 0 0 0 0 0 1687 8273 19926 23356 15525 6969 1807 1 0 0 0 0 0 0 0 0 0 0
1813	sub_1813_0084600.log	DONE exit=20	200	True	1440783	0 0 0 0 0 0 0 0 0 0 0 1835 8534 20858 30575 32190 23123 6609 6 0 0 0 0 0 0 0 0 0 0
1813	sub_1813_0084800.log	DONE exit=20	200	True	2417746	0 0 0 0 0 0 0 0 0 0 0 2197 11715 32540 53013 58147 43303 12125 14 0 0 0 0 0 0 0 0 0 0
1813	sub_1813_0085000.log	DONE exit=20	200	True	1011558	0 0 0 0 0 0 0 0 0 0 0 1902 8662 20460 23966 14601 6153 973 1 0 0 0 0 0 0 0 0 0 0
1813	sub_1813_0085200.log	DONE exit=20	200	True	734126	0 0 0 0 0 0 0 0 0 0 0 1671 6490 13016 13928 7988 2364 284 0 0 0 0 0 0 0 0 0 0 0
1813	sub_1813_0085400.log	DONE exit=20	200	True	543948	0 0 0 0 0 0 0 0 0 0 0 1544 6149 11525 8813 1698 144 7 0 0 0 0 0 0 0 0 0 0 0
1813	sub_1813_0085600.log	DONE exit=20	200	True	491248	0 0 0 0 0 0 0 0 0 0 0 1522 5570 9373 6240 1607 299 23 0 0 0 0 0 0 0 0 0 0 0
1813	sub_1813_0085800.log	DONE exit=20	200	True	482377	0 0 0 0 0 0 0 0 0 0 0 1657 5980 10799 10984 5325 1168 107 0 0 0 0 0 0 0 0 0 0 0
1813	sub_1813_0086000.log	DONE exit=20	200	True	157151	0 0 0 0 0 0 0 0 0 0 0 1164 2809 3356 2370 1026 221 7 0 0 0 0 0 0 0 0 0 0 0
1813	sub_1813_0086200.log	DONE exit=20	200	True	235549	0 0 0 0 0 0 0 0 0 0 0 1662 5029 6170 4078 1438 233 8 0 0 0 0 0 0 0 0 0 0 0
1813	sub_1813_0086400.log	DONE exit=20	200	True	256340	0 0 0 0 0 0 0 0 0 0 0 1363 4407 6306 5230 2407 507 22 0 0 0 0 0 0 0 0 0 0 0
1813	sub_1813_0086600.log	DONE exit=20	200	True	5360891	0 0 0 0 0 0 0 0 0 0 0 2761 18295 65051 135282 166517 116056 34217 622 26 0 0 0 0 0 0 0 0 0
1813	sub_1813_0086800.log	DONE exit=20	200	True	2433096	0 0 0 0 0 0 0 0 0 0 0 2265 12777 38654 64810 65191 42609 13752 59 1 0 0 0 0 0 0 0 0 0
1813	sub_1813_0087000.log	DONE exit=20	200	True	1205774	0 0 0 0 0 0 0 0 0 0 0 1798 9130 23790 30704 20573 7680 1337 11 0 0 0 0 0 0 0 0 0 0
1813	sub_1813_0087200.log	DONE exit=20	200	True	1383903	0 0 0 0 0 0 0 0 0 0 0 1884 9333 24229 34816 30362 17296 4118 130 0 0 0 0 0 0 0 0 0 0
1813	sub_1813_0087400.log	DONE exit=20	200	True	1621945	0 0 0 0 0 0 0 0 0 0 0 1844 9505 27024 42898 37823 17228 2536 11 1 0 0 0 0 0 0 0 0 0
1813	sub_1813_0087600.log	DONE exit=20	200	True	12803636	0 0 0 0 0 0 0 0 0 0 0 3322 27385 117637 282098 387216 244894 37019 57 0 0 0 0 0 0 0 0 0 0
1813	sub_1813_0087800.log	DONE exit=20	200	True	4108274	0 0 0 0 0 0 0 0 0 0 0 2697 15579 47347 92583 114382 79695 21769 125 1 0 0 0 0 0 0 0 0 0
1813	sub_1813_0088000.log	DONE exit=20	200	True	1527370	0 0 0 0 0 0 0 0 0 0 0 2083 9889 22949 30007 23673 15649 4279 19 0 0 0 0 0 0 0 0 0 0
1813	sub_1813_0088200.log	DONE exit=20	200	True	1008933	0 0 0 0 0 0 0 0 0 0 0 1906 10075 24082 24112 11299 2726 250 9 0 0 0 0 0 0 0 0 0 0
1813	sub_1813_0088400.log	DONE exit=20	200	True	1523932	0 0 0 0 0 0 0 0 0 0 0 1755 8303 20442 29180 31190 23442 4842 23 0 0 0 0 0 0 0 0 0 0
1813	sub_1813_0088600.log	DONE exit=20	200	True	2396839	0 0 0 0 0 0 0 0 0 0 0 2334 12779 35197 53798 52007 27997 2514 2 0 0 0 0 0 0 0 0 0 0
1813	sub_1813_0088800.log	DONE exit=20	200	True	2141862	0 0 0 0 0 0 0 0 0 0 0 2157 12009 34878 52124 43875 23495 2340 3 0 0 0 0 0 0 0 0 0 0
1813	sub_1813_0089000.log	DONE exit=20	200	True	1026656	0 0 0 0 0 0 0 0 0 0 0 1937 9188 22200 26128 14620 4140 876 1 0 0 0 0 0 0 0 0 0 0
1813	sub_1813_0089200.log	DONE exit=20	200	True	816936	0 0 0 0 0 0 0 0 0 0 0 1655 7320 16024 16654 7537 1436 128 0 0 0 0 0 0 0 0 0 0 0
1813	sub_1813_0089400.log	DONE exit=20	200	True	588011	0 0 0 0 0 0 0 0 0 0 0 1496 5914 11842 10660 3888 595 17 0 0 0 0 0 0 0 0 0 0 0
1813	sub_1813_0089600.log	DONE exit=20	200	True	365253	0 0 0 0 0 0 0 0 0 0 0 1423 4244 6696 5265 1474 337 31 0 0 0 0 0 0 0 0 0 0 0
1813	sub_1813_0089800.log	DONE exit=20	200	True	604054	0 0 0 0 0 0 0 0 0 0 0 1532 5647 11174 10453 3900 314 17 0 0 0 0 0 0 0 0 0 0 0
1813	sub_1813_0090000.log	DONE exit=20	200	True	545739	0 0 0 0 0 0 0 0 0 0 0 1383 5322 10203 8539 1625 60 0 0 0 0 0 0 0 0 0 0 0 0
1813	sub_1813_0090200.log	DONE exit=20	200	True	106584	0 0 0 0 0 0 0 0 0 0 0 909 1628 1434 840 48 0 0 0 0 0 0 0 0 0 0 0 0 0
1813	sub_1813_0090400.log	DONE exit=20	200	True	137111	0 0 0 0 0 0 0 0 0 0 0 1071 2621 3142 1434 245 23 0 0 0 0 0 0 0 0 0 0 0 0
1813	sub_1813_0090600.log	DONE exit=20	200	True	143904	0 0 0 0 0 0 0 0 0 0 0 1081 2766 3355 1273 225 18 0 0 0 0 0 0 0 0 0 0 0 0
1813	sub_1813_0090800.log	DONE exit=20	200	True	107280	0 0 0 0 0 0 0 0 0 0 0 1053 2209 1738 695 55 0 0 0 0 0 0 0 0 0 0 0 0 0
1813	sub_1813_0091000.log	DONE exit=20	200	True	223468	0 0 0 0 0 0 0 0 0 0 0 1215 3702 5628 3593 872 90 3 0 0 0 0 0 0 0 0 0 0 0
1813	sub_1813_0091200.log	DONE exit=20	200	True	127341	0 0 0 0 0 0 0 0 0 0 0 926 2232 2544 1035 148 6 0 0 0 0 0 0 0 0 0 0 0 0
1813	sub_1813_0091400.log	DONE exit=20	200	True	262203	0 0 0 0 0 0 0 0 0 0 0 1118 3320 5650 4794 1904 252 10 0 0 0 0 0 0 0 0 0 0 0
1813	sub_1813_0091600.log	DONE exit=20	200	True	310796	0 0 0 0 0 0 0 0 0 0 0 1563 5194 8300 6594 2120 283 17 1 0 0 0 0 0 0 0 0 0 0
1813	sub_1813_0091800.log	DONE exit=20	200	True	194223	0 0 0 0 0 0 0 0 0 0 0 1158 3360 4578 2789 798 97 3 0 0 0 0 0 0 0 0 0 0 0
1813	sub_1813_0092000.log	DONE exit=20	200	True	339013	0 0 0 0 0 0 0 0 0 0 0 1394 5033 8898 7364 2529 353 20 0 0 0 0 0 0 0 0 0 0 0
1813	sub_1813_0092200.log	DONE exit=20	200	True	112025	0 0 0 0 0 0 0 0 0 0 0 899 1949 2056 1136 455 145 37 0 0 0 0 0 0 0 0 0 0 0
1813	sub_1813_0092400.log	DONE exit=20	200	True	95874	0 0 0 0 0 0 0 0 0 0 0 936 1953 1736 611 65 2 0 0 0 0 0 0 0 0 0 0 0 0
1813	sub_1813_0092600.log	DONE exit=20	200	True	109304	0 0 0 0 0 0 0 0 0 0 0 933 2093 2253 859 142 11 1 0 0 0 0 0 0 0 0 0 0 0
1813	sub_1813_0092800.log	DONE exit=20	200	True	209453	0 0 0 0 0 0 0 0 0 0 0 967 2556 3946 3962 2168 925 173 0 0 0 0 0 0 0 0 0 0 0
1813	sub_1813_0093000.log	DONE exit=20	200	True	83876	0 0 0 0 0 0 0 0 0 0 0 736 1205 1040 421 49 6 3 0 0 0 0 0 0 0 0 0 0 0
1813	sub_1813_0093200.log	DONE exit=20	200	True	105188	0 0 0 0 0 0 0 0 0 0 0 891 1762 1628 736 118 5 0 0 0 0 0 0 0 0 0 0 0 0
1813	sub_1813_0093400.log	DONE exit=20	200	True	135034	0 0 0 0 0 0 0 0 0 0 0 953 2154 2170 924 177 11 0 0 0 0 0 0 0 0 0 0 0 0
1813	sub_1813_0093600.log	DONE exit=20	200	True	175413	0 0 0 0 0 0 0 0 0 0 0 965 2393 3090 2230 932 208 36 0 0 0 0 0 0 0 0 0 0 0
1813	sub_1813_0093800.log	DONE exit=20	200	True	337675	0 0 0 0 0 0 0 0 0 0 0 1423 5160 9287 7268 2686 338 11 0 0 0 0 0 0 0 0 0 0 0
1813	sub_1813_0094000.log	DONE exit=20	200	True	163259	0 0 0 0 0 0 0 0 0 0 0 1059 2611 3643 3539 1628 303 0 0 0 0 0 0 0 0 0 0 0 0
1813	sub_1813_0094200.log	DONE exit=20	200	True	103509	0 0 0 0 0 0 0 0 0 0 0 1015 2032 1345 299 27 1 0 0 0 0 0 0 0 0 0 0 0 0
1813	sub_1813_0094400.log	DONE exit=20	200	True	343581	0 0 0 0 0 0 0 0 0 0 0 1182 3650 5979 5958 2837 345 13 0 0 0 0 0 0 0 0 0 0 0
1813	sub_1813_0094600.log	DONE exit=20	200	True	1251712	0 0 0 0 0 0 0 0 0 0 0 1749 7677 18416 25976 21328 10130 2624 27 2 0 0 0 0 0 0 0 0 0
1813	sub_1813_0094800.log	DONE exit=20	200	True	636849	0 0 0 0 0 0 0 0 0 0 0 1482 6285 13689 14037 5636 1150 91 0 0 0 0 0 0 0 0 0 0 0
1813	sub_1813_0095000.log	DONE exit=20	200	True	189898	0 0 0 0 0 0 0 0 0 0 0 1101 2935 3401 1671 224 13 0 0 0 0 0 0 0 0 0 0 0 0
1813	sub_1813_0095200.log	DONE exit=20	200	True	211166	0 0 0 0 0 0 0 0 0 0 0 999 2531 3398 2351 972 68 5 0 0 0 0 0 0 0 0 0 0 0
1813	sub_1813_0095400.log	DONE exit=20	200	True	118122	0 0 0 0 0 0 0 0 0 0 0 808 1757 1884 1148 94 2 0 0 0 0 0 0 0 0 0 0 0 0
1813	sub_1813_0095600.log	DONE exit=20	200	True	463663	0 0 0 0 0 0 0 0 0 0 0 1630 6082 11065 10620 4275 424 9 0 0 0 0 0 0 0 0 0 0 0
1813	sub_1813_0095800.log	DONE exit=20	200	True	391338	0 0 0 0 0 0 0 0 0 0 0 1393 4998 9083 7875 3216 616 23 1 0 0 0 0 0 0 0 0 0 0
1813	sub_1813_0096000.log	DONE exit=20	200	True	495131	0 0 0 0 0 0 0 0 0 0 0 1633 6738 13268 11926 4022 597 28 1 0 0 0 0 0 0 0 0 0 0
1813	sub_1813_0096200.log	DONE exit=20	200	True	109136	0 0 0 0 0 0 0 0 0 0 0 784 1687 1431 751 107 1 0 0 0 0 0 0 0 0 0 0 0 0
1813	sub_1813_0096400.log	DONE exit=20	200	True	172179	0 0 0 0 0 0 0 0 0 0 0 915 2193 2557 1889 619 101 6 0 0 0 0 0 0 0 0 0 0 0
1813	sub_1813_0096600.log	DONE exit=20	200	True	195744	0 0 0 0 0 0 0 0 0 0 0 1037 2611 3175 2077 478 28 1 0 0 0 0 0 0 0 0 0 0 0
1813	sub_1813_0096800.log	DONE exit=20	200	True	237294	0 0 0 0 0 0 0 0 0 0 0 1146 3331 4684 3088 956 79 10 0 0 0 0 0 0 0 0 0 0 0
1813	sub_1813_0097000.log	DONE exit=20	200	True	357597	0 0 0 0 0 0 0 0 0 0 0 929 3709 7936 8042 3328 586 25 0 0 0 0 0 0 0 0 0 0 0
1813	sub_1813_0097200.log	DONE exit=20	200	True	92512	0 0 0 0 0 0 0 0 0 0 0 731 1513 1650 830 174 6 0 0 0 0 0 0 0 0 0 0 0 0
1813	sub_1813_0097400.log	DONE exit=20	200	True	225423	0 0 0 0 0 0 0 0 0 0 0 1214 3300 4373 2805 506 8 0 0 0 0 0 0 0 0 0 0 0 0
1813	sub_1813_0097600.log	DONE exit=20	200	True	130918	0 0 0 0 0 0 0 0 0 0 0 751 1624 2059 1689 569 89 3 0 0 0 0 0 0 0 0 0 0 0
1813	sub_1813_0097800.log	DONE exit=20	200	True	183682	0 0 0 0 0 0 0 0 0 0 0 914 2238 3036 2368 595 43 1 0 0 0 0 0 0 0 0 0 0 0
1813	sub_1813_0098000.log	DONE exit=20	200	True	251117	0 0 0 0 0 0 0 0 0 0 0 980 2651 4241 4441 1008 21 0 0 0 0 0 0 0 0 0 0 0 0
1813	sub_1813_0098200.log	DONE exit=20	200	True	82056	0 0 0 0 0 0 0 0 0 0 0 806 1407 1333 623 88 3 0 0 0 0 0 0 0 0 0 0 0 0
1813	sub_1813_0098400.log	DONE exit=20	200	True	261963	0 0 0 0 0 0 0 0 0 0 0 1143 3444 5633 4753 1740 259 16 0 0 0 0 0 0 0 0 0 0 0
1813	sub_1813_0098600.log	DONE exit=20	200	True	326583	0 0 0 0 0 0 0 0 0 0 0 1392 4400 6878 5510 2114 430 66 4 0 0 0 0 0 0 0 0 0 0
1813	sub_1813_0098800.log	DONE exit=20	200	True	476253	0 0 0 0 0 0 0 0 0 0 0 1260 4242 7663 7948 4920 2096 485 0 0 0 0 0 0 0 0 0 0 0
1813	sub_1813_0099000.log	DONE exit=20	200	True	719190	0 0 0 0 0 0 0 0 0 0 0 1771 7672 15637 15237 6856 1602 160 3 0 0 0 0 0 0 0 0 0 0
1813	sub_1813_0099200.log	DONE exit=20	200	True	359893	0 0 0 0 0 0 0 0 0 0 0 1352 4400 7185 5639 1690 155 2 0 0 0 0 0 0 0 0 0 0 0
1813	sub_1813_0099400.log	DONE exit=20	200	True	341004	0 0 0 0 0 0 0 0 0 0 0 1244 4304 7247 5693 1103 91 0 0 0 0 0 0 0 0 0 0 0 0
1813	sub_1813_0099600.log	DONE exit=20	200	True	265597	0 0 0 0 0 0 0 0 0 0 0 981 2861 5088 4875 1128 29 0 0 0 0 0 0 0 0 0 0 0 0
1813	sub_1813_0099800.log	DONE exit=20	200	True	281212	0 0 0 0 0 0 0 0 0 0 0 1090 3159 5020 4131 1532 139 2 0 0 0 0 0 0 0 0 0 0 0
1813	sub_1813_0100000.log	DONE exit=20	200	True	287847	0 0 0 0 0 0 0 0 0 0 0 980 2838 4879 5062 1661 214 7 1 0 0 0 0 0 0 0 0 0 0
1813	sub_1813_0100200.log	DONE exit=20	200	True	161181	0 0 0 0 0 0 0 0 0 0 0 957 2665 2878 1337 293 24 0 0 0 0 0 0 0 0 0 0 0 0
1813	sub_1813_0100400.log	DONE exit=20	200	True	201015	0 0 0 0 0 0 0 0 0 0 0 1145 3002 4190 2964 1087 220 9 0 0 0 0 0 0 0 0 0 0 0
1813	sub_1813_0100600.log	DONE exit=20	200	True	124207	0 0 0 0 0 0 0 0 0 0 0 635 1262 1815 1853 369 3 0 0 0 0 0 0 0 0 0 0 0 0
1813	sub_1813_0100800.log	DONE exit=20	200	True	86289	0 0 0 0 0 0 0 0 0 0 0 950 1741 1462 609 64 2 0 0 0 0 0 0 0 0 0 0 0 0
1813	sub_1813_0101000.log	DONE exit=20	200	True	48808	0 0 0 0 0 0 0 0 0 0 0 880 1360 749 80 1 0 0 0 0 0 0 0 0 0 0 0 0 0
1813	sub_1813_0101200.log	DONE exit=20	200	True	74483	0 0 0 0 0 0 0 0 0 0 0 1106 1876 1140 220 16 1 0 0 0 0 0 0 0 0 0 0 0 0
1813	sub_1813_0101400.log	DONE exit=20	200	True	1014415	0 0 0 0 0 0 0 0 0 0 0 1322 5414 13481 17403 11136 2248 98 0 0 0 0 0 0 0 0 0 0 0
1813	sub_1813_0101600.log	DONE exit=20	200	True	1159975	0 0 0 0 0 0 0 0 0 0 0 1719 6453 11109 8194 3136 39 4 0 0 0 0 0 0 0 0 0 0 0
1813	sub_1813_0101800.log	DONE exit=20	200	True	963073	0 0 0 0 0 0 0 0 0 0 0 1553 5397 9046 8376 3348 375 55 0 0 0 0 0 0 0 0 0 0 0
1813	sub_1813_0102000.log	DONE exit=20	200	True	992779	0 0 0 0 0 0 0 0 0 0 0 1254 4020 6852 7966 5237 2398 247 0 0 0 0 0 0 0 0 0 0 0
1813	sub_1813_0102200.log	DONE exit=20	200	True	822313	0 0 0 0 0 0 0 0 0 0 0 1495 5208 8313 6859 3194 782 282 8 0 0 0 0 0 0 0 0 0 0
1813	sub_1813_0102400.log	DONE exit=20	200	True	491388931	0 0 0 0 0 0 0 0 0 0 0 3406 29926 154352 555224 1578502 3679643 6880484 9782169 8605509 3647720 0 0 0 0 0 0 0 0
1813	sub_1813_0102600.log	DONE exit=20	200	True	139035752	0 0 0 0 0 0 0 0 0 0 0 2507 15003 59881 190686 507947 1091260 1752324 2310926 1961274 668179 0 0 0 0 0 0 0 0
1813	sub_1813_0102800.log	DONE exit=20	200	True	13581773	0 0 0 0 0 0 0 0 0 0 0 1788 8950 27304 58287 104410 138327 116829 74125 57739 17706 0 0 0 0 0 0 0 0
1813	sub_1813_0103000.log	DONE exit=20	200	True	7228013	0 0 0 0 0 0 0 0 0 0 0 1628 6854 18107 36068 64453 82795 54568 14424 5502 2143 0 0 0 0 0 0 0 0
1813	sub_1813_0103200.log	DONE exit=20	200	True	57550731	0 0 0 0 0 0 0 0 0 0 0 2081 10330 32820 88001 218771 449717 755893 995905 767363 314969 0 0 0 0 0 0 0 0
1813	sub_1813_0103400.log	DONE exit=20	200	True	55751950	0 0 0 0 0 0 0 0 0 0 0 2328 12972 44272 114786 255143 473933 708904 845595 659576 259015 0 0 0 0 0 0 0 0
1813	sub_1813_0103600.log	DONE exit=20	200	True	59513838	0 0 0 0 0 0 0 0 0 0 0 2716 19885 85445 253783 525265 652724 385159 207955 136303 52112 0 0 0 0 0 0 0 0
1813	sub_1813_0103800.log	DONE exit=20	200	True	504958004	0 0 0 0 0 0 0 0 0 0 0 3421 29851 154420 565210 1556850 3444829 6336198 8892026 6681456 2407826 0 0 0 0 0 0 0 0
1813	sub_1813_0104000.log	DONE exit=20	200	True	1793543	0 0 0 0 0 0 0 0 0 0 0 1768 6479 11755 13045 12315 8878 3141 0 0 0 0 0 0 0 0 0 0 0
1813	sub_1813_0104200.log	DONE exit=20	200	True	3910684	0 0 0 0 0 0 0 0 0 0 0 1783 7365 15631 23873 30717 31901 14569 21 0 0 0 0 0 0 0 0 0 0
1813	sub_1813_0104400.log	DONE exit=20	200	True	3075825	0 0 0 0 0 0 0 0 0 0 0 1625 5689 11250 17207 25882 30359 15026 15 0 0 0 0 0 0 0 0 0 0
1813	sub_1813_0104600.log	DONE exit=20	200	True	14046986	0 0 0 0 0 0 0 0 0 0 0 1881 7130 18036 41115 86140 131124 136629 70026 31709 6521 0 0 0 0 0 0 0 0
1813	sub_1813_0104800.log	DONE exit=20	200	True	15562285	0 0 0 0 0 0 0 0 0 0 0 1934 8269 24197 60505 131511 184972 121333 25378 11179 2567 0 0 0 0 0 0 0 0
1813	sub_1813_0105000.log	DONE exit=20	200	True	37824098	0 0 0 0 0 0 0 0 0 0 0 2188 11325 37753 95597 209047 335829 418232 358605 243012 87207 0 0 0 0 0 0 0 0
1813	sub_1813_0105200.log	DONE exit=20	200	True	6343772	0 0 0 0 0 0 0 0 0 0 0 960 2280 5133 12478 29809 51124 71300 82497 51391 20830 0 0 0 0 0 0 0 0
1813	sub_1813_0105400.log	DONE exit=20	200	True	47961	0 0 0 0 0 0 0 0 0 0 0 830 1126 607 78 1 0 0 0 0 0 0 0 0 0 0 0 0 0
1813	sub_1813_0105600.log	DONE exit=20	200	True	1361646	0 0 0 0 0 0 0 0 0 0 0 1301 5798 16456 27200 25290 11736 2310 138 2 0 0 0 0 0 0 0 0 0
1813	sub_1813_0105800.log	DONE exit=20	200	True	499886	0 0 0 0 0 0 0 0 0 0 0 1686 5684 8729 6945 3342 583 9 0 0 0 0 0 0 0 0 0 0 0
1813	sub_1813_0106000.log	DONE exit=20	200	True	180812	0 0 0 0 0 0 0 0 0 0 0 1152 2842 3035 1623 560 118 9 0 0 0 0 0 0 0 0 0 0 0
1813	sub_1813_0106200.log	DONE exit=20	200	True	371728	0 0 0 0 0 0 0 0 0 0 0 1339 4088 5947 5015 2887 1078 81 0 0 0 0 0 0 0 0 0 0 0
1813	sub_1813_0106400.log	DONE exit=20	200	True	686655	0 0 0 0 0 0 0 0 0 0 0 1487 5075 8444 6600 3377 1176 153 0 0 0 0 0 0 0 0 0 0 0
1813	sub_1813_0106600.log	DONE exit=20	200	True	907421	0 0 0 0 0 0 0 0 0 0 0 1372 4662 7972 8154 4657 2086 348 9 2 2 0 0 0 0 0 0 0 0
1813	sub_1813_0106800.log	DONE exit=20	200	True	588946	0 0 0 0 0 0 0 0 0 0 0 1368 4495 7067 3726 1442 15 2 0 0 0 0 0 0 0 0 0 0 0
1813	sub_1813_0107000.log	DONE exit=20	200	True	642542	0 0 0 0 0 0 0 0 0 0 0 1417 4531 6283 4696 1417 0 0 0 0 0 0 0 0 0 0 0 0 0
1813	sub_1813_0107200.log	DONE exit=20	200	True	345985	0 0 0 0 0 0 0 0 0 0 0 1153 3232 3624 1620 235 3 0 0 0 0 0 0 0 0 0 0 0 0
1813	sub_1813_0107400.log	DONE exit=20	200	True	59662	0 0 0 0 0 0 0 0 0 0 0 561 661 383 119 71 0 0 0 0 0 0 0 0 0 0 0 0 0
1813	sub_1813_0107600.log	DONE exit=20	200	True	195108	0 0 0 0 0 0 0 0 0 0 0 731 1304 1652 1142 553 1 0 0 0 0 0 0 0 0 0 0 0 0
1813	sub_1813_0107800.log	DONE exit=20	200	True	3263839	0 0 0 0 0 0 0 0 0 0 0 1144 3906 10017 20708 27376 20355 14799 10255 5551 1495 0 0 0 0 0 0 0 0
1813	sub_1813_0108000.log	DONE exit=20	200	True	523676	0 0 0 0 0 0 0 0 0 0 0 686 1870 3310 5077 4543 352 0 0 0 0 0 0 0 0 0 0 0 0
1813	sub_1813_0108200.log	DONE exit=20	200	True	266219	0 0 0 0 0 0 0 0 0 0 0 521 1078 1551 1925 1401 378 10 0 0 0 0 0 0 0 0 0 0 0
1813	sub_1813_0108400.log	DONE exit=20	200	True	399852	0 0 0 0 0 0 0 0 0 0 0 598 1473 2371 3230 2052 23 0 0 0 0 0 0 0 0 0 0 0 0
1813	sub_1813_0108600.log	DONE exit=20	200	True	431473	0 0 0 0 0 0 0 0 0 0 0 653 1745 3050 3622 2343 405 10 0 0 0 0 0 0 0 0 0 0 0
1813	sub_1813_0108800.log	DONE exit=20	200	True	18073	0 0 0 0 0 0 0 0 0 0 0 229 85 33 0 0 0 0 0 0 0 0 0 0 0 0 0 0 0
1813	sub_1813_0109000.log	DONE exit=20	200	True	22941	0 0 0 0 0 0 0 0 0 0 0 242 131 11 1 0 0 0 0 0 0 0 0 0 0 0 0 0 0
1813	sub_1813_0109200.log	DONE exit=20	200	True	319397	0 0 0 0 0 0 0 0 0 0 0 1011 2257 3217 2954 546 3 0 0 0 0 0 0 0 0 0 0 0 0
1813	sub_1813_0109400.log	DONE exit=20	200	True	448177	0 0 0 0 0 0 0 0 0 0 0 863 1864 2799 3854 3331 140 2 0 0 0 0 0 0 0 0 0 0 0
1813	sub_1813_0109600.log	DONE exit=20	200	True	560651	0 0 0 0 0 0 0 0 0 0 0 1031 2740 4713 5464 4837 949 55 0 0 0 0 0 0 0 0 0 0 0
1813	sub_1813_0109800.log	DONE exit=20	200	True	49615	0 0 0 0 0 0 0 0 0 0 0 478 459 281 111 37 0 0 0 0 0 0 0 0 0 0 0 0 0
1813	sub_1813_0110000.log	DONE exit=20	200	True	25782	0 0 0 0 0 0 0 0 0 0 0 357 216 69 16 1 0 0 0 0 0 0 0 0 0 0 0 0 0
1813	sub_1813_0110200.log	DONE exit=20	200	True	22108	0 0 0 0 0 0 0 0 0 0 0 310 117 16 0 0 0 0 0 0 0 0 0 0 0 0 0 0 0
1813	sub_1813_0110400.log	DONE exit=20	200	True	27702	0 0 0 0 0 0 0 0 0 0 0 393 345 181 24 0 0 0 0 0 0 0 0 0 0 0 0 0 0
1813	sub_1813_0110600.log	DONE exit=20	200	True	253185	0 0 0 0 0 0 0 0 0 0 0 1204 3131 4602 2906 324 6 0 0 0 0 0 0 0 0 0 0 0 0
1813	sub_1813_0110800.log	DONE exit=20	200	True	390372	0 0 0 0 0 0 0 0 0 0 0 563 1042 2130 3310 2782 825 8 0 0 0 0 0 0 0 0 0 0 0
1813	sub_1813_0111000.log	DONE exit=20	200	True	738425	0 0 0 0 0 0 0 0 0 0 0 761 1854 4429 7146 5453 816 3 0 0 0 0 0 0 0 0 0 0 0
1813	sub_1813_0111200.log	DONE exit=20	200	True	35026	0 0 0 0 0 0 0 0 0 0 0 503 503 218 8 0 0 0 0 0 0 0 0 0 0 0 0 0 0
1813	sub_1813_0111400.log	DONE exit=20	200	True	197765	0 0 0 0 0 0 0 0 0 0 0 996 2423 3681 2829 624 36 0 0 0 0 0 0 0 0 0 0 0 0
1813	sub_1813_0111600.log	DONE exit=20	200	True	68634	0 0 0 0 0 0 0 0 0 0 0 601 904 935 472 71 9 0 0 0 0 0 0 0 0 0 0 0 0
1813	sub_1813_0111800.log	DONE exit=20	200	True	310610	0 0 0 0 0 0 0 0 0 0 0 883 2066 2836 2345 885 7 0 0 0 0 0 0 0 0 0 0 0 0
1813	sub_1813_0112000.log	DONE exit=20	200	True	253603	0 0 0 0 0 0 0 0 0 0 0 944 2132 3252 2331 1130 159 0 0 0 0 0 0 0 0 0 0 0 0
1813	sub_1813_0112200.log	DONE exit=20	200	True	179088	0 0 0 0 0 0 0 0 0 0 0 835 1656 1681 1151 460 5 2 0 0 0 0 0 0 0 0 0 0 0
1813	sub_1813_0112400.log	DONE exit=20	200	True	248839	0 0 0 0 0 0 0 0 0 0 0 1145 3087 3768 2258 744 95 16 0 0 0 0 0 0 0 0 0 0 0
1813	sub_1813_0112600.log	DONE exit=20	200	True	11234603	0 0 0 0 0 0 0 0 0 0 0 1968 9599 28514 58886 87090 108067 98022 43409 20497 4970 0 0 0 0 0 0 0 0
1813	sub_1813_0112800.log	DONE exit=20	200	True	4703466	0 0 0 0 0 0 0 0 0 0 0 1068 4160 10827 19092 28953 44349 50236 18974 12536 4081 0 0 0 0 0 0 0 0
1813	sub_1813_0113000.log	DONE exit=20	200	True	136730	0 0 0 0 0 0 0 0 0 0 0 724 1545 2108 1471 190 4 0 0 0 0 0 0 0 0 0 0 0 0
1813	sub_1813_0113200.log	DONE exit=20	200	True	1194065	0 0 0 0 0 0 0 0 0 0 0 1743 6978 15299 17083 7602 1187 20 0 0 0 0 0 0 0 0 0 0 0
1813	sub_1813_0113400.log	DONE exit=20	200	True	365934	0 0 0 0 0 0 0 0 0 0 0 795 1695 2697 2945 2450 701 0 0 0 0 0 0 0 0 0 0 0 0
1813	sub_1813_0113600.log	DONE exit=20	200	True	303087	0 0 0 0 0 0 0 0 0 0 0 539 905 2089 2382 1378 7 0 0 0 0 0 0 0 0 0 0 0 0
1813	sub_1813_0113800.log	DONE exit=20	200	True	714310	0 0 0 0 0 0 0 0 0 0 0 990 2743 5313 7151 5360 1379 5 0 0 0 0 0 0 0 0 0 0 0
1813	sub_1813_0114000.log	DONE exit=20	200	True	122130	0 0 0 0 0 0 0 0 0 0 0 934 1792 1766 437 41 1 0 0 0 0 0 0 0 0 0 0 0 0
1813	sub_1813_0114200.log	DONE exit=20	200	True	214300	0 0 0 0 0 0 0 0 0 0 0 497 862 1452 1739 1301 82 0 0 0 0 0 0 0 0 0 0 0 0
1813	sub_1813_0114400.log	DONE exit=20	200	True	681444	0 0 0 0 0 0 0 0 0 0 0 1599 8066 20852 24767 11888 1920 74 4 0 0 0 0 0 0 0 0 0 0
1813	sub_1813_0114600.log	DONE exit=20	200	True	950962	0 0 0 0 0 0 0 0 0 0 0 2275 11368 25823 28564 11805 776 13 0 0 0 0 0 0 0 0 0 0 0
1813	sub_1813_0114800.log	DONE exit=20	200	True	614053	0 0 0 0 0 0 0 0 0 0 0 1839 8664 19287 18288 6538 720 57 4 0 0 0 0 0 0 0 0 0 0
1813	sub_1813_0115000.log	DONE exit=20	200	True	802686	0 0 0 0 0 0 0 0 0 0 0 1901 9673 23527 25377 11053 1538 25 2 0 0 0 0 0 0 0 0 0 0
1813	sub_1813_0115200.log	DONE exit=20	200	True	97379	0 0 0 0 0 0 0 0 0 0 0 1054 2155 1733 520 66 0 0 0 0 0 0 0 0 0 0 0 0 0
1813	sub_1813_0115400.log	DONE exit=20	200	True	112738	0 0 0 0 0 0 0 0 0 0 0 1040 2096 1994 937 203 10 0 0 0 0 0 0 0 0 0 0 0 0
1813	sub_1813_0115600.log	DONE exit=20	200	True	284823	0 0 0 0 0 0 0 0 0 0 0 1568 5418 7875 4694 977 69 1 0 0 0 0 0 0 0 0 0 0 0
1813	sub_1813_0115800.log	DONE exit=20	200	True	675859	0 0 0 0 0 0 0 0 0 0 0 2136 9583 19081 17034 7012 1288 35 0 0 0 0 0 0 0 0 0 0 0
1813	sub_1813_0116000.log	DONE exit=20	200	True	460714	0 0 0 0 0 0 0 0 0 0 0 1702 6824 12547 10289 2968 213 4 0 0 0 0 0 0 0 0 0 0 0
1813	sub_1813_0116200.log	DONE exit=20	200	True	317292	0 0 0 0 0 0 0 0 0 0 0 1615 6041 9654 7212 2684 622 0 0 0 0 0 0 0 0 0 0 0 0
1813	sub_1813_0116400.log	DONE exit=20	200	True	1046997	0 0 0 0 0 0 0 0 0 0 0 2394 12465 28812 31664 16298 2993 91 0 0 0 0 0 0 0 0 0 0 0
1813	sub_1813_0116600.log	DONE exit=20	200	True	398044	0 0 0 0 0 0 0 0 0 0 0 1623 6233 11243 10489 4589 919 4 0 0 0 0 0 0 0 0 0 0 0
1813	sub_1813_0116800.log	DONE exit=20	200	True	10502862	0 0 0 0 0 0 0 0 0 0 0 3327 28660 123162 281604 360011 168361 28156 1295 4 0 0 0 0 0 0 0 0 0
1813	sub_1813_0117000.log	DONE exit=20	200	True	13744773	0 0 0 0 0 0 0 0 0 0 0 3512 28546 127581 329584 467041 214068 31187 1984 0 0 0 0 0 0 0 0 0 0
1813	sub_1813_0117200.log	DONE exit=20	200	True	16617558	0 0 0 0 0 0 0 0 0 0 0 3512 29388 134816 368989 595076 423938 116219 7046 2 0 0 0 0 0 0 0 0 0
1813	sub_1813_0117400.log	DONE exit=20	200	True	11646303	0 0 0 0 0 0 0 0 0 0 0 2965 23485 101292 258649 398489 326523 99953 6403 52 0 0 0 0 0 0 0 0 0
1813	sub_1813_0117600.log	DONE exit=20	200	True	4921292	0 0 0 0 0 0 0 0 0 0 0 2190 14264 54544 119810 137868 41346 526 0 0 0 0 0 0 0 0 0 0 0
1813	sub_1813_0117800.log	DONE exit=20	200	True	10396231	0 0 0 0 0 0 0 0 0 0 0 3164 23901 97186 243275 358371 178608 32647 1683 0 0 0 0 0 0 0 0 0 0
1813	sub_1813_0118000.log	DONE exit=20	200	True	6044560	0 0 0 0 0 0 0 0 0 0 0 2164 14856 60391 139033 183775 136864 45020 6859 444 0 0 0 0 0 0 0 0 0
1813	sub_1813_0118200.log	DONE exit=20	200	True	6302915	0 0 0 0 0 0 0 0 0 0 0 2306 16759 69382 156063 176423 57782 948 11 0 0 0 0 0 0 0 0 0 0
1813	sub_1813_0118400.log	DONE exit=20	200	True	8554864	0 0 0 0 0 0 0 0 0 0 0 2931 20702 80776 202584 305429 137589 20702 1113 0 0 0 0 0 0 0 0 0 0
1813	sub_1813_0118600.log	DONE exit=20	200	True	1782739	0 0 0 0 0 0 0 0 0 0 0 2277 13217 38495 57050 44073 16462 2195 10 0 0 0 0 0 0 0 0 0 0
1813	sub_1813_0118800.log	DONE exit=20	200	True	835338	0 0 0 0 0 0 0 0 0 0 0 2339 10998 22200 20451 7025 452 12 0 0 0 0 0 0 0 0 0 0 0
1813	sub_1813_0119000.log	DONE exit=20	200	True	1269755	0 0 0 0 0 0 0 0 0 0 0 2389 13223 33434 38975 20396 3744 118 3 0 0 0 0 0 0 0 0 0 0
1813	sub_1813_0119200.log	DONE exit=20	200	True	966597	0 0 0 0 0 0 0 0 0 0 0 1956 10054 25406 31164 19384 4529 335 5 0 0 0 0 0 0 0 0 0 0
1813	sub_1813_0119400.log	DONE exit=20	200	True	1161135	0 0 0 0 0 0 0 0 0 0 0 2285 12850 34358 40182 20002 4067 104 0 0 0 0 0 0 0 0 0 0 0
1813	sub_1813_0119600.log	DONE exit=20	200	True	921196	0 0 0 0 0 0 0 0 0 0 0 1914 9979 25428 29537 14595 3490 518 2 0 0 0 0 0 0 0 0 0 0
1813	sub_1813_0119800.log	DONE exit=20	200	True	974224	0 0 0 0 0 0 0 0 0 0 0 2181 11351 28424 33268 17585 4211 482 28 1 0 0 0 0 0 0 0 0 0
1813	sub_1813_0120000.log	DONE exit=20	200	True	1189239	0 0 0 0 0 0 0 0 0 0 0 2272 11925 30931 39777 22904 5121 542 6 0 0 0 0 0 0 0 0 0 0
1813	sub_1813_0120200.log	DONE exit=20	200	True	1269589	0 0 0 0 0 0 0 0 0 0 0 2108 11415 30705 41059 24741 6207 638 26 0 0 0 0 0 0 0 0 0 0
1813	sub_1813_0120400.log	DONE exit=20	200	True	1086099	0 0 0 0 0 0 0 0 0 0 0 1956 10209 27906 37931 24804 7397 876 15 0 0 0 0 0 0 0 0 0 0
1813	sub_1813_0120600.log	DONE exit=20	200	True	911655	0 0 0 0 0 0 0 0 0 0 0 1866 9369 23578 27953 14235 3317 366 24 1 0 0 0 0 0 0 0 0 0
1813	sub_1813_0120800.log	DONE exit=20	200	True	466916	0 0 0 0 0 0 0 0 0 0 0 1532 6520 13851 13268 5224 618 9 0 0 0 0 0 0 0 0 0 0 0
1813	sub_1813_0121000.log	DONE exit=20	200	True	70770	0 0 0 0 0 0 0 0 0 0 0 821 1387 1133 364 45 1 0 0 0 0 0 0 0 0 0 0 0 0
1813	sub_1813_0121200.log	DONE exit=20	200	True	127272	0 0 0 0 0 0 0 0 0 0 0 1075 1958 1452 454 56 0 0 0 0 0 0 0 0 0 0 0 0 0
1813	sub_1813_0121400.log	DONE exit=20	200	True	193837	0 0 0 0 0 0 0 0 0 0 0 1280 3446 3671 979 90 1 0 0 0 0 0 0 0 0 0 0 0 0
1813	sub_1813_0121600.log	DONE exit=20	200	True	667850	0 0 0 0 0 0 0 0 0 0 0 1336 4857 10004 13502 4997 318 0 0 0 0 0 0 0 0 0 0 0 0
1813	sub_1813_0121800.log	DONE exit=20	200	True	1360711	0 0 0 0 0 0 0 0 0 0 0 1674 7946 20577 31053 11330 606 0 0 0 0 0 0 0 0 0 0 0 0
1813	sub_1813_0122000.log	DONE exit=20	200	True	246092	0 0 0 0 0 0 0 0 0 0 0 1405 3722 3977 1278 156 2 0 0 0 0 0 0 0 0 0 0 0 0
1813	sub_1813_0122200.log	DONE exit=20	200	True	611272	0 0 0 0 0 0 0 0 0 0 0 1265 4741 10800 13802 5431 283 11 0 0 0 0 0 0 0 0 0 0 0
1813	sub_1813_0122400.log	DONE exit=20	200	True	965215	0 0 0 0 0 0 0 0 0 0 0 1555 6839 16623 20791 7206 324 13 1 0 0 0 0 0 0 0 0 0 0
1813	sub_1813_0122600.log	DONE exit=20	200	True	731833	0 0 0 0 0 0 0 0 0 0 0 1531 5747 12303 15840 5348 249 3 0 0 0 0 0 0 0 0 0 0 0
1813	sub_1813_0122800.log	DONE exit=20	200	True	569476	0 0 0 0 0 0 0 0 0 0 0 1444 5949 12289 12284 4389 316 9 0 0 0 0 0 0 0 0 0 0 0
1813	sub_1813_0123000.log	DONE exit=20	200	True	1114377	0 0 0 0 0 0 0 0 0 0 0 1644 7713 20967 30239 16289 3038 361 7 0 0 0 0 0 0 0 0 0 0
1813	sub_1813_0123200.log	DONE exit=20	200	True	377258	0 0 0 0 0 0 0 0 0 0 0 1072 3435 6821 9091 4200 253 9 0 0 0 0 0 0 0 0 0 0 0
1813	sub_1813_0123400.log	DONE exit=20	200	True	95777	0 0 0 0 0 0 0 0 0 0 0 905 1952 1867 736 128 6 0 0 0 0 0 0 0 0 0 0 0 0
1813	sub_1813_0123600.log	DONE exit=20	200	True	109485	0 0 0 0 0 0 0 0 0 0 0 981 2228 2226 797 102 3 0 0 0 0 0 0 0 0 0 0 0 0
1813	sub_1813_0123800.log	DONE exit=20	200	True	95029	0 0 0 0 0 0 0 0 0 0 0 943 1958 1863 554 43 2 0 0 0 0 0 0 0 0 0 0 0 0
1813	sub_1813_0124000.log	DONE exit=20	200	True	390297	0 0 0 0 0 0 0 0 0 0 0 1342 5108 10584 11495 5401 1125 61 5 1 0 0 0 0 0 0 0 0 0
1813	sub_1813_0124200.log	DONE exit=20	200	True	465852	0 0 0 0 0 0 0 0 0 0 0 1371 5074 9419 8401 2706 367 24 0 0 0 0 0 0 0 0 0 0 0
1813	sub_1813_0124400.log	DONE exit=20	200	True	535317	0 0 0 0 0 0 0 0 0 0 0 1526 5532 9682 8613 3607 721 26 0 0 0 0 0 0 0 0 0 0 0
1813	sub_1813_0124600.log	DONE exit=20	200	True	405085	0 0 0 0 0 0 0 0 0 0 0 1184 3873 6976 6884 4254 1220 97 8 0 0 0 0 0 0 0 0 0 0
1813	sub_1813_0124800.log	DONE exit=20	200	True	98454	0 0 0 0 0 0 0 0 0 0 0 964 1999 1798 755 78 6 0 0 0 0 0 0 0 0 0 0 0 0
1813	sub_1813_0125000.log	DONE exit=20	200	True	289240	0 0 0 0 0 0 0 0 0 0 0 1217 4095 5231 1868 187 3 0 0 0 0 0 0 0 0 0 0 0 0
1813	sub_1813_0125200.log	DONE exit=20	200	True	1008653	0 0 0 0 0 0 0 0 0 0 0 1777 7962 17100 18442 5844 223 2 0 0 0 0 0 0 0 0 0 0 0
1813	sub_1813_0125400.log	DONE exit=20	200	True	174648	0 0 0 0 0 0 0 0 0 0 0 1177 2566 2401 812 126 6 0 0 0 0 0 0 0 0 0 0 0 0
1813	sub_1813_0125600.log	DONE exit=20	200	True	330105	0 0 0 0 0 0 0 0 0 0 0 1542 4748 7218 5290 1892 215 6 0 0 0 0 0 0 0 0 0 0 0
1813	sub_1813_0125800.log	DONE exit=20	200	True	610754	0 0 0 0 0 0 0 0 0 0 0 1406 5414 11596 12467 4489 227 7 0 0 0 0 0 0 0 0 0 0 0
1813	sub_1813_0126000.log	DONE exit=20	200	True	833932	0 0 0 0 0 0 0 0 0 0 0 1586 6767 14853 15452 5411 533 27 0 0 0 0 0 0 0 0 0 0 0
1813	sub_1813_0126200.log	DONE exit=20	200	True	678762	0 0 0 0 0 0 0 0 0 0 0 1709 7207 14222 13313 4285 339 20 0 0 0 0 0 0 0 0 0 0 0
1813	sub_1813_0126400.log	DONE exit=20	200	True	234953	0 0 0 0 0 0 0 0 0 0 0 1422 3728 4011 1651 417 29 4 0 0 0 0 0 0 0 0 0 0 0
1813	sub_1813_0126600.log	DONE exit=20	200	True	698307	0 0 0 0 0 0 0 0 0 0 0 1354 5323 12273 15598 5933 235 3 0 0 0 0 0 0 0 0 0 0 0
1813	sub_1813_0126800.log	DONE exit=20	200	True	1234636	0 0 0 0 0 0 0 0 0 0 0 1675 7909 21755 31407 15795 2765 104 0 0 0 0 0 0 0 0 0 0 0
1813	sub_1813_0127000.log	DONE exit=20	200	True	483139	0 0 0 0 0 0 0 0 0 0 0 1644 6109 10286 8901 3942 810 12 0 0 0 0 0 0 0 0 0 0 0
1813	sub_1813_0127200.log	DONE exit=20	200	True	231260	0 0 0 0 0 0 0 0 0 0 0 1243 3336 3878 2068 487 16 0 0 0 0 0 0 0 0 0 0 0 0
1813	sub_1813_0127400.log	DONE exit=20	200	True	119043	0 0 0 0 0 0 0 0 0 0 0 839 1731 1710 659 58 1 0 0 0 0 0 0 0 0 0 0 0 0
1813	sub_1813_0127600.log	DONE exit=20	200	True	279045	0 0 0 0 0 0 0 0 0 0 0 1286 4179 5573 2468 433 31 0 0 0 0 0 0 0 0 0 0 0 0
1813	sub_1813_0127800.log	DONE exit=20	200	True	607987	0 0 0 0 0 0 0 0 0 0 0 1538 6069 12465 12506 4716 494 23 0 0 0 0 0 0 0 0 0 0 0
1813	sub_1813_0128000.log	DONE exit=20	200	True	332796	0 0 0 0 0 0 0 0 0 0 0 1396 4421 7351 5837 1781 189 5 0 0 0 0 0 0 0 0 0 0 0
1813	sub_1813_0128200.log	DONE exit=20	200	True	334048	0 0 0 0 0 0 0 0 0 0 0 1262 4201 6886 5447 1778 227 12 0 0 0 0 0 0 0 0 0 0 0
1813	sub_1813_0128400.log	DONE exit=20	200	True	154270	0 0 0 0 0 0 0 0 0 0 0 942 2264 2473 1306 329 18 0 0 0 0 0 0 0 0 0 0 0 0
1813	sub_1813_0128600.log	DONE exit=20	200	True	78543	0 0 0 0 0 0 0 0 0 0 0 645 1199 995 218 5 0 0 0 0 0 0 0 0 0 0 0 0 0
1813	sub_1813_0128800.log	DONE exit=20	200	True	140194	0 0 0 0 0 0 0 0 0 0 0 1041 2600 2629 909 137 8 0 0 0 0 0 0 0 0 0 0 0 0
1813	sub_1813_0129000.log	DONE exit=20	200	True	792910	0 0 0 0 0 0 0 0 0 0 0 1886 8855 18668 17086 5822 721 19 0 0 0 0 0 0 0 0 0 0 0
1813	sub_1813_0129200.log	DONE exit=20	200	True	167660	0 0 0 0 0 0 0 0 0 0 0 1036 2560 3237 1461 215 13 0 0 0 0 0 0 0 0 0 0 0 0
1813	sub_1813_0129400.log	DONE exit=20	200	True	177360	0 0 0 0 0 0 0 0 0 0 0 963 2515 2934 1564 384 33 0 0 0 0 0 0 0 0 0 0 0 0
1813	sub_1813_0129600.log	DONE exit=20	200	True	276038	0 0 0 0 0 0 0 0 0 0 0 1243 4509 6087 2478 276 3 0 0 0 0 0 0 0 0 0 0 0 0
1813	sub_1813_0129800.log	DONE exit=20	200	True	129155	0 0 0 0 0 0 0 0 0 0 0 984 2471 2662 992 111 3 0 0 0 0 0 0 0 0 0 0 0 0
1813	sub_1813_0130000.log	DONE exit=20	200	True	466389	0 0 0 0 0 0 0 0 0 0 0 1647 6082 10450 8019 2854 508 50 2 0 0 0 0 0 0 0 0 0 0
1813	sub_1813_0130200.log	DONE exit=20	200	True	680102	0 0 0 0 0 0 0 0 0 0 0 1713 7856 16361 15132 5733 837 36 5 0 0 0 0 0 0 0 0 0 0
1813	sub_1813_0130400.log	DONE exit=20	200	True	465371	0 0 0 0 0 0 0 0 0 0 0 1717 6640 12257 10208 3827 766 57 0 0 0 0 0 0 0 0 0 0 0
1813	sub_1813_0130600.log	DONE exit=20	200	True	463263	0 0 0 0 0 0 0 0 0 0 0 1555 6347 13586 13237 5555 864 65 0 0 0 0 0 0 0 0 0 0 0
1813	sub_1813_0130800.log	DONE exit=20	200	True	374749	0 0 0 0 0 0 0 0 0 0 0 1388 5282 9173 6041 1350 110 5 0 0 0 0 0 0 0 0 0 0 0
1813	sub_1813_0131000.log	DONE exit=20	200	True	190437	0 0 0 0 0 0 0 0 0 0 0 1036 2637 3229 1679 269 25 0 0 0 0 0 0 0 0 0 0 0 0
1813	sub_1813_0131200.log	DONE exit=20	200	True	286778	0 0 0 0 0 0 0 0 0 0 0 1092 3532 5454 3445 895 238 52 0 0 0 0 0 0 0 0 0 0 0
1813	sub_1813_0131400.log	DONE exit=20	200	True	78692	0 0 0 0 0 0 0 0 0 0 0 647 1046 755 131 7 0 0 0 0 0 0 0 0 0 0 0 0 0
1813	sub_1813_0131600.log	DONE exit=20	200	True	197752	0 0 0 0 0 0 0 0 0 0 0 1121 2892 3164 1351 166 11 0 0 0 0 0 0 0 0 0 0 0 0
1813	sub_1813_0131800.log	DONE exit=20	200	True	334685	0 0 0 0 0 0 0 0 0 0 0 1212 3909 6186 4979 1727 183 1 0 0 0 0 0 0 0 0 0 0 0
1813	sub_1813_0132000.log	DONE exit=20	200	True	130190	0 0 0 0 0 0 0 0 0 0 0 975 1906 1799 691 79 1 0 0 0 0 0 0 0 0 0 0 0 0
1813	sub_1813_0132200.log	DONE exit=20	200	True	505107	0 0 0 0 0 0 0 0 0 0 0 1337 4881 10740 13789 7745 1927 245 3 0 0 0 0 0 0 0 0 0 0
1813	sub_1813_0132400.log	DONE exit=20	200	True	855147	0 0 0 0 0 0 0 0 0 0 0 1775 8841 20253 19695 6700 558 0 0 0 0 0 0 0 0 0 0 0 0
1813	sub_1813_0132600.log	DONE exit=20	200	True	138526	0 0 0 0 0 0 0 0 0 0 0 933 2075 2015 634 64 2 0 0 0 0 0 0 0 0 0 0 0 0
1813	sub_1813_0132800.log	DONE exit=20	200	True	465273	0 0 0 0 0 0 0 0 0 0 0 1418 5143 9029 8088 3569 471 24 0 0 0 0 0 0 0 0 0 0 0
1813	sub_1813_0133000.log	DONE exit=20	200	True	492038	0 0 0 0 0 0 0 0 0 0 0 1369 5047 9761 8296 2538 64 1 0 0 0 0 0 0 0 0 0 0 0
1813	sub_1813_0133200.log	DONE exit=20	200	True	707604	0 0 0 0 0 0 0 0 0 0 0 1478 5895 14216 18037 7470 600 48 0 0 0 0 0 0 0 0 0 0 0
1813	sub_1813_0133400.log	DONE exit=20	200	True	963388	0 0 0 0 0 0 0 0 0 0 0 1719 8033 20432 25262 9164 597 8 0 0 0 0 0 0 0 0 0 0 0
1813	sub_1813_0133600.log	DONE exit=20	200	True	264143	0 0 0 0 0 0 0 0 0 0 0 1007 3005 4571 3546 1104 86 0 0 0 0 0 0 0 0 0 0 0 0
1813	sub_1813_0133800.log	DONE exit=20	200	True	419785	0 0 0 0 0 0 0 0 0 0 0 1402 5339 9501 7178 2163 289 16 0 0 0 0 0 0 0 0 0 0 0
1813	sub_1813_0134000.log	DONE exit=20	200	True	615295	0 0 0 0 0 0 0 0 0 0 0 1780 7724 17096 16385 7473 1599 11 0 0 0 0 0 0 0 0 0 0 0
1813	sub_1813_0134200.log	DONE exit=20	200	True	697138	0 0 0 0 0 0 0 0 0 0 0 1659 7357 16101 16113 6078 701 37 0 0 0 0 0 0 0 0 0 0 0
1813	sub_1813_0134400.log	DONE exit=20	200	True	1143115	0 0 0 0 0 0 0 0 0 0 0 2011 10340 25757 29328 11100 1366 66 5 0 0 0 0 0 0 0 0 0 0
1813	sub_1813_0134600.log	DONE exit=20	200	True	541401	0 0 0 0 0 0 0 0 0 0 0 1370 5486 11001 10306 3833 654 63 0 0 0 0 0 0 0 0 0 0 0
1813	sub_1813_0134800.log	DONE exit=20	200	True	83715	0 0 0 0 0 0 0 0 0 0 0 796 1389 898 167 13 0 0 0 0 0 0 0 0 0 0 0 0 0
1813	sub_1813_0135000.log	DONE exit=20	200	True	351551	0 0 0 0 0 0 0 0 0 0 0 1354 5117 8581 5389 1065 24 0 0 0 0 0 0 0 0 0 0 0 0
1813	sub_1813_0135200.log	DONE exit=20	200	True	328056	0 0 0 0 0 0 0 0 0 0 0 1222 4165 7919 7338 3143 544 28 0 0 0 0 0 0 0 0 0 0 0
1813	sub_1813_0135400.log	DONE exit=20	200	True	270214	0 0 0 0 0 0 0 0 0 0 0 1234 4109 6300 3718 671 23 1 0 0 0 0 0 0 0 0 0 0 0
1813	sub_1813_0135600.log	DONE exit=20	200	True	225909	0 0 0 0 0 0 0 0 0 0 0 1055 3477 5620 3739 802 25 0 0 0 0 0 0 0 0 0 0 0 0
1813	sub_1813_0135800.log	DONE exit=20	200	True	155789	0 0 0 0 0 0 0 0 0 0 0 898 2175 3062 1806 371 38 0 0 0 0 0 0 0 0 0 0 0 0
1813	sub_1813_0136000.log	DONE exit=20	200	True	60999	0 0 0 0 0 0 0 0 0 0 0 841 1317 725 97 4 0 0 0 0 0 0 0 0 0 0 0 0 0
1813	sub_1813_0136200.log	DONE exit=20	200	True	394818	0 0 0 0 0 0 0 0 0 0 0 1484 6043 12796 12827 5118 602 17 0 0 0 0 0 0 0 0 0 0 0
1813	sub_1813_0136400.log	DONE exit=20	200	True	344682	0 0 0 0 0 0 0 0 0 0 0 1863 6628 10333 5762 1239 129 1 0 0 0 0 0 0 0 0 0 0 0
1813	sub_1813_0136600.log	DONE exit=20	200	True	285327	0 0 0 0 0 0 0 0 0 0 0 1553 5194 7682 4692 1282 167 0 0 0 0 0 0 0 0 0 0 0 0
1813	sub_1813_0136800.log	DONE exit=20	200	True	150971	0 0 0 0 0 0 0 0 0 0 0 1176 3272 3756 1585 247 14 0 0 0 0 0 0 0 0 0 0 0 0
1813	sub_1813_0137000.log	DONE exit=20	200	True	277859	0 0 0 0 0 0 0 0 0 0 0 1430 4670 6856 4654 1564 256 2 0 0 0 0 0 0 0 0 0 0 0
1813	sub_1813_0137200.log	DONE exit=20	200	True	337759	0 0 0 0 0 0 0 0 0 0 0 1544 4844 6836 3760 707 29 0 0 0 0 0 0 0 0 0 0 0 0
1813	sub_1813_0137400.log	DONE exit=20	200	True	489766	0 0 0 0 0 0 0 0 0 0 0 1505 5810 10500 7834 1420 69 1 0 0 0 0 0 0 0 0 0 0 0
1813	sub_1813_0137600.log	DONE exit=20	200	True	361205	0 0 0 0 0 0 0 0 0 0 0 1522 5041 7514 4517 567 39 8 0 0 0 0 0 0 0 0 0 0 0
1813	sub_1813_0137800.log	DONE exit=20	200	True	725037	0 0 0 0 0 0 0 0 0 0 0 1657 7260 16733 18175 8755 1992 147 0 0 0 0 0 0 0 0 0 0 0
1813	sub_1813_0138000.log	DONE exit=20	200	True	1148064	0 0 0 0 0 0 0 0 0 0 0 1717 8083 20422 25124 15730 7125 1872 1 0 0 0 0 0 0 0 0 0 0
1813	sub_1813_0138200.log	DONE exit=20	200	True	1196010	0 0 0 0 0 0 0 0 0 0 0 1954 9735 24484 30748 15115 3067 382 0 0 0 0 0 0 0 0 0 0 0
1813	sub_1813_0138400.log	DONE exit=20	200	True	189377	0 0 0 0 0 0 0 0 0 0 0 1446 4027 4805 1473 193 9 0 0 0 0 0 0 0 0 0 0 0 0
1813	sub_1813_0138600.log	DONE exit=20	200	True	125195	0 0 0 0 0 0 0 0 0 0 0 1192 2859 2541 805 89 1 0 0 0 0 0 0 0 0 0 0 0 0
1813	sub_1813_0138800.log	DONE exit=20	200	True	229876	0 0 0 0 0 0 0 0 0 0 0 1377 4239 5607 3228 1229 238 2 0 0 0 0 0 0 0 0 0 0 0
1813	sub_1813_0139000.log	DONE exit=20	200	True	307575	0 0 0 0 0 0 0 0 0 0 0 1436 4389 6045 3443 866 51 1 0 0 0 0 0 0 0 0 0 0 0
1813	sub_1813_0139200.log	DONE exit=20	200	True	433553	0 0 0 0 0 0 0 0 0 0 0 1520 5468 9258 6067 1107 35 0 0 0 0 0 0 0 0 0 0 0 0
1813	sub_1813_0139400.log	DONE exit=20	200	True	536411	0 0 0 0 0 0 0 0 0 0 0 1533 5873 10819 8092 1344 66 7 0 0 0 0 0 0 0 0 0 0 0
1813	sub_1813_0139600.log	DONE exit=20	200	True	259184	0 0 0 0 0 0 0 0 0 0 0 1221 3551 5022 2944 400 31 2 0 0 0 0 0 0 0 0 0 0 0
1813	sub_1813_0139800.log	DONE exit=20	200	True	75161	0 0 0 0 0 0 0 0 0 0 0 819 1388 1141 363 39 3 0 0 0 0 0 0 0 0 0 0 0 0
1813	sub_1813_0140000.log	DONE exit=20	200	True	225383	0 0 0 0 0 0 0 0 0 0 0 1170 3588 5379 3062 682 54 0 0 0 0 0 0 0 0 0 0 0 0
1813	sub_1813_0140200.log	DONE exit=20	200	True	89057	0 0 0 0 0 0 0 0 0 0 0 603 1089 1257 1109 372 3 0 0 0 0 0 0 0 0 0 0 0 0
1813	sub_1813_0140400.log	DONE exit=20	200	True	68080	0 0 0 0 0 0 0 0 0 0 0 727 1177 957 415 45 0 0 0 0 0 0 0 0 0 0 0 0 0
1813	sub_1813_0140600.log	DONE exit=20	200	True	140712	0 0 0 0 0 0 0 0 0 0 0 962 2095 2170 1314 401 4 0 0 0 0 0 0 0 0 0 0 0 0
1813	sub_1813_0140800.log	DONE exit=20	200	True	278720	0 0 0 0 0 0 0 0 0 0 0 1168 3403 5288 3727 1264 232 4 0 0 0 0 0 0 0 0 0 0 0
1813	sub_1813_0141000.log	DONE exit=20	200	True	257166	0 0 0 0 0 0 0 0 0 0 0 850 2428 4097 3910 2322 1298 208 0 0 0 0 0 0 0 0 0 0 0
1813	sub_1813_0141200.log	DONE exit=20	200	True	61725	0 0 0 0 0 0 0 0 0 0 0 627 915 701 269 45 0 0 0 0 0 0 0 0 0 0 0 0 0
1813	sub_1813_0141400.log	DONE exit=20	200	True	66709	0 0 0 0 0 0 0 0 0 0 0 775 1249 780 163 14 0 0 0 0 0 0 0 0 0 0 0 0 0
1813	sub_1813_0141600.log	DONE exit=20	200	True	105764	0 0 0 0 0 0 0 0 0 0 0 836 1602 1560 742 162 3 0 0 0 0 0 0 0 0 0 0 0 0
1813	sub_1813_0141800.log	DONE exit=20	200	True	133361	0 0 0 0 0 0 0 0 0 0 0 884 1834 1920 1158 176 5 0 0 0 0 0 0 0 0 0 0 0 0
1813	sub_1813_0142000.log	DONE exit=20	200	True	73407	0 0 0 0 0 0 0 0 0 0 0 592 942 950 409 42 2 0 0 0 0 0 0 0 0 0 0 0 0
1813	sub_1813_0142200.log	DONE exit=20	200	True	74951	0 0 0 0 0 0 0 0 0 0 0 773 1230 1018 461 84 4 0 0 0 0 0 0 0 0 0 0 0 0
1813	sub_1813_0142400.log	DONE exit=20	200	True	137429	0 0 0 0 0 0 0 0 0 0 0 957 2307 3086 1940 482 28 0 0 0 0 0 0 0 0 0 0 0 0
1813	sub_1813_0142600.log	DONE exit=20	200	True	56397	0 0 0 0 0 0 0 0 0 0 0 587 832 329 123 18 0 0 0 0 0 0 0 0 0 0 0 0 0
1813	sub_1813_0142800.log	DONE exit=20	200	True	101907	0 0 0 0 0 0 0 0 0 0 0 809 1652 1779 954 201 14 0 0 0 0 0 0 0 0 0 0 0 0
1813	sub_1813_0143000.log	DONE exit=20	200	True	192325	0 0 0 0 0 0 0 0 0 0 0 988 2562 3663 2459 416 33 1 0 0 0 0 0 0 0 0 0 0 0
1813	sub_1813_0143200.log	DONE exit=20	200	True	166791	0 0 0 0 0 0 0 0 0 0 0 984 2374 2751 1802 298 26 1 0 0 0 0 0 0 0 0 0 0 0
1813	sub_1813_0143400.log	DONE exit=20	200	True	450730	0 0 0 0 0 0 0 0 0 0 0 1179 4505 9528 9233 4414 1189 119 7 0 0 0 0 0 0 0 0 0 0
1813	sub_1813_0143600.log	DONE exit=20	200	True	67518	0 0 0 0 0 0 0 0 0 0 0 657 1037 652 175 17 0 0 0 0 0 0 0 0 0 0 0 0 0
1813	sub_1813_0143800.log	DONE exit=20	200	True	37422	0 0 0 0 0 0 0 0 0 0 0 512 586 257 40 0 0 0 0 0 0 0 0 0 0 0 0 0 0
1813	sub_1813_0144000.log	DONE exit=20	200	True	218337	0 0 0 0 0 0 0 0 0 0 0 1036 2768 4480 3758 774 37 0 0 0 0 0 0 0 0 0 0 0 0
1813	sub_1813_0144200.log	DONE exit=20	200	True	92216	0 0 0 0 0 0 0 0 0 0 0 638 1051 1236 1009 161 2 0 0 0 0 0 0 0 0 0 0 0 0
1813	sub_1813_0144400.log	DONE exit=20	200	True	141396	0 0 0 0 0 0 0 0 0 0 0 814 1731 2449 1844 393 21 0 0 0 0 0 0 0 0 0 0 0 0
1813	sub_1813_0144600.log	DONE exit=20	200	True	127953	0 0 0 0 0 0 0 0 0 0 0 753 1475 1913 1684 259 15 0 0 0 0 0 0 0 0 0 0 0 0
1813	sub_1813_0144800.log	DONE exit=20	200	True	261900	0 0 0 0 0 0 0 0 0 0 0 1143 3388 5382 4692 1848 329 45 0 0 0 0 0 0 0 0 0 0 0
1813	sub_1813_0145000.log	DONE exit=20	200	True	322861	0 0 0 0 0 0 0 0 0 0 0 1222 3946 7104 6211 2213 235 15 0 0 0 0 0 0 0 0 0 0 0
1813	sub_1813_0145200.log	DONE exit=20	200	True	168063	0 0 0 0 0 0 0 0 0 0 0 971 2171 2595 1655 217 5 0 0 0 0 0 0 0 0 0 0 0 0
1813	sub_1813_0145400.log	DONE exit=20	200	True	323370	0 0 0 0 0 0 0 0 0 0 0 994 2975 5536 5290 2101 232 19 0 0 0 0 0 0 0 0 0 0 0
1813	sub_1813_0145600.log	DONE exit=20	200	True	306262	0 0 0 0 0 0 0 0 0 0 0 1169 3406 5757 5454 1799 101 0 0 0 0 0 0 0 0 0 0 0 0
1813	sub_1813_0145800.log	DONE exit=20	200	True	693785	0 0 0 0 0 0 0 0 0 0 0 1200 4931 12207 15448 9667 3206 352 7 0 0 0 0 0 0 0 0 0 0
1813	sub_1813_0146000.log	DONE exit=20	200	True	315680	0 0 0 0 0 0 0 0 0 0 0 1367 4541 6978 4573 1235 104 3 0 0 0 0 0 0 0 0 0 0 0
1813	sub_1813_0146200.log	DONE exit=20	200	True	180724	0 0 0 0 0 0 0 0 0 0 0 882 2257 3111 2252 555 42 7 0 0 0 0 0 0 0 0 0 0 0
1813	sub_1813_0146400.log	DONE exit=20	200	True	1047150	0 0 0 0 0 0 0 0 0 0 0 1903 8740 21067 23976 10386 1785 170 0 0 0 0 0 0 0 0 0 0 0
1813	sub_1813_0146600.log	DONE exit=20	200	True	221231	0 0 0 0 0 0 0 0 0 0 0 947 2489 3977 2944 511 25 0 0 0 0 0 0 0 0 0 0 0 0
1813	sub_1813_0146800.log	DONE exit=20	200	True	143453	0 0 0 0 0 0 0 0 0 0 0 865 1962 2361 1342 244 14 0 0 0 0 0 0 0 0 0 0 0 0
1813	sub_1813_0147000.log	DONE exit=20	200	True	630999	0 0 0 0 0 0 0 0 0 0 0 1842 7804 14934 11927 3679 579 53 0 0 0 0 0 0 0 0 0 0 0
1813	sub_1813_0147200.log	DONE exit=20	200	True	160788	0 0 0 0 0 0 0 0 0 0 0 785 1977 3083 2452 447 20 0 0 0 0 0 0 0 0 0 0 0 0
1813	sub_1813_0147400.log	DONE exit=20	200	True	5889435	0 0 0 0 0 0 0 0 0 0 0 1894 13197 54451 132576 180589 112695 21790 1543 70 0 0 0 0 0 0 0 0 0
1813	sub_1813_0147600.log	DONE exit=20	200	True	8687898	0 0 0 0 0 0 0 0 0 0 0 3085 20987 78948 181862 231784 115803 10433 34 0 0 0 0 0 0 0 0 0 0
1813	sub_1813_0147800.log	DONE exit=20	200	True	1518945	0 0 0 0 0 0 0 0 0 0 0 2645 15082 36886 37341 17194 4715 643 8 0 0 0 0 0 0 0 0 0 0
1813	sub_1813_0148000.log	DONE exit=20	200	True	1205057	0 0 0 0 0 0 0 0 0 0 0 1855 8033 16679 17189 14328 11238 2575 0 0 0 0 0 0 0 0 0 0 0
1813	sub_1813_0148200.log	DONE exit=20	200	True	754535	0 0 0 0 0 0 0 0 0 0 0 2009 8204 15398 11472 2264 215 1 0 0 0 0 0 0 0 0 0 0 0
1813	sub_1813_0148400.log	DONE exit=20	200	True	1891803	0 0 0 0 0 0 0 0 0 0 0 2124 11449 28250 39549 39744 29229 6931 0 0 0 0 0 0 0 0 0 0 0
1813	sub_1813_0148600.log	DONE exit=20	200	True	1253076	0 0 0 0 0 0 0 0 0 0 0 1854 7943 18042 22387 20529 17258 4886 1 0 0 0 0 0 0 0 0 0 0
1813	sub_1813_0148800.log	DONE exit=20	200	True	2179390	0 0 0 0 0 0 0 0 0 0 0 2162 10748 27400 39396 41451 35928 10847 14 0 0 0 0 0 0 0 0 0 0
1813	sub_1813_0149000.log	DONE exit=20	200	True	2794732	0 0 0 0 0 0 0 0 0 0 0 2657 15886 46791 67704 49599 27054 4848 51 2 0 0 0 0 0 0 0 0 0
1813	sub_1813_0149200.log	DONE exit=20	200	True	8021309	0 0 0 0 0 0 0 0 0 0 0 2918 20302 77425 176564 228514 138354 25000 954 4 0 0 0 0 0 0 0 0 0
1813	sub_1813_0149400.log	DONE exit=20	200	True	1653634	0 0 0 0 0 0 0 0 0 0 0 2207 11502 28422 35377 29497 16884 4288 214 0 0 0 0 0 0 0 0 0 0
1813	sub_1813_0149600.log	DONE exit=20	200	True	941085	0 0 0 0 0 0 0 0 0 0 0 1937 8423 17160 15500 6469 3611 893 5 0 0 0 0 0 0 0 0 0 0
1813	sub_1813_0149800.log	DONE exit=20	200	True	1039216	0 0 0 0 0 0 0 0 0 0 0 1772 7674 16115 18464 17180 18945 8908 0 0 0 0 0 0 0 0 0 0 0
1813	sub_1813_0150000.log	DONE exit=20	200	True	2334137	0 0 0 0 0 0 0 0 0 0 0 2124 11009 29275 44973 49693 36695 7900 406 3 0 0 0 0 0 0 0 0 0
1813	sub_1813_0150200.log	DONE exit=20	200	True	2307867	0 0 0 0 0 0 0 0 0 0 0 2317 12730 35854 53589 44625 27727 7504 169 1 0 0 0 0 0 0 0 0 0
1813	sub_1813_0150400.log	DONE exit=20	200	True	16386122	0 0 0 0 0 0 0 0 0 0 0 3408 30440 139643 367488 573974 337247 78521 3013 0 0 0 0 0 0 0 0 0 0
1813	sub_1813_0150600.log	DONE exit=20	200	True	15445999	0 0 0 0 0 0 0 0 0 0 0 3305 27784 124782 327481 492342 302646 76238 3524 0 0 0 0 0 0 0 0 0 0
1813	sub_1813_0150800.log	DONE exit=20	200	True	4681268	0 0 0 0 0 0 0 0 0 0 0 1903 12667 54744 118744 109926 61312 11297 117 0 0 0 0 0 0 0 0 0 0
1813	sub_1813_0151000.log	DONE exit=20	200	True	8639853	0 0 0 0 0 0 0 0 0 0 0 3053 22202 85684 191871 243541 145159 22925 113 0 0 0 0 0 0 0 0 0 0
1813	sub_1813_0151200.log	DONE exit=20	200	True	2328735	0 0 0 0 0 0 0 0 0 0 0 2750 15977 44852 67813 59398 30651 2241 62 0 0 0 0 0 0 0 0 0 0
1813	sub_1813_0151400.log	DONE exit=20	200	True	1802365	0 0 0 0 0 0 0 0 0 0 0 1753 8356 21565 30650 31032 20289 4251 3 0 0 0 0 0 0 0 0 0 0
1813	sub_1813_0151600.log	DONE exit=20	200	True	1116899	0 0 0 0 0 0 0 0 0 0 0 1889 8644 19691 23313 13629 7975 2507 3 0 0 0 0 0 0 0 0 0 0
1813	sub_1813_0151800.log	DONE exit=20	200	True	1609808	0 0 0 0 0 0 0 0 0 0 0 1893 8710 21297 30341 30818 22522 3300 0 0 0 0 0 0 0 0 0 0 0
1813	sub_1813_0152000.log	DONE exit=20	200	True	2130732	0 0 0 0 0 0 0 0 0 0 0 2151 10848 27965 42125 44574 34048 8111 12 0 0 0 0 0 0 0 0 0 0
1813	sub_1813_0152200.log	DONE exit=20	200	True	8486032	0 0 0 0 0 0 0 0 0 0 0 2866 21189 82896 186599 227592 119210 15228 104 0 0 0 0 0 0 0 0 0 0
1813	sub_1813_0152400.log	DONE exit=20	200	True	1329674	0 0 0 0 0 0 0 0 0 0 0 2268 10325 22042 24278 20119 10009 1349 15 0 0 0 0 0 0 0 0 0 0
1813	sub_1813_0152600.log	DONE exit=20	200	True	699253	0 0 0 0 0 0 0 0 0 0 0 1733 6210 10125 7771 5459 3035 547 0 0 0 0 0 0 0 0 0 0 0
1813	sub_1813_0152800.log	DONE exit=20	200	True	786148	0 0 0 0 0 0 0 0 0 0 0 2157 9705 18601 16021 4588 266 1 0 0 0 0 0 0 0 0 0 0 0
1813	sub_1813_0153000.log	DONE exit=20	200	True	972252	0 0 0 0 0 0 0 0 0 0 0 1713 6866 14608 17528 13257 7647 736 1 0 0 0 0 0 0 0 0 0 0
1813	sub_1813_0153200.log	DONE exit=20	200	True	1161933	0 0 0 0 0 0 0 0 0 0 0 1949 8765 19991 22981 15454 6974 522 1 0 0 0 0 0 0 0 0 0 0
1813	sub_1813_0153400.log	DONE exit=20	200	True	2054712	0 0 0 0 0 0 0 0 0 0 0 2617 14260 38097 49902 29211 9724 1409 2 0 0 0 0 0 0 0 0 0 0
1813	sub_1813_0153600.log	DONE exit=20	200	True	1368821	0 0 0 0 0 0 0 0 0 0 0 1684 7789 19315 25014 23590 17245 1747 2 0 0 0 0 0 0 0 0 0 0
1813	sub_1813_0153800.log	DONE exit=20	200	True	85331	0 0 0 0 0 0 0 0 0 0 0 829 1194 668 114 8 1 0 0 0 0 0 0 0 0 0 0 0 0
1813	sub_1813_0154000.log	DONE exit=20	200	True	331326	0 0 0 0 0 0 0 0 0 0 0 1874 4943 6755 4326 1504 214 1 0 0 0 0 0 0 0 0 0 0 0
1813	sub_1813_0154200.log	DONE exit=20	200	True	474386	0 0 0 0 0 0 0 0 0 0 0 1503 5529 7144 2796 180 3 0 0 0 0 0 0 0 0 0 0 0 0
1813	sub_1813_0154400.log	DONE exit=20	200	True	594813	0 0 0 0 0 0 0 0 0 0 0 977 2987 6691 12553 5501 1623 631 0 0 0 0 0 0 0 0 0 0 0
1813	sub_1813_0154600.log	DONE exit=20	200	True	1481067	0 0 0 0 0 0 0 0 0 0 0 2187 11913 21467 21127 8221 2285 832 0 0 0 0 0 0 0 0 0 0 0
1813	sub_1813_0154800.log	DONE exit=20	200	True	1289027	0 0 0 0 0 0 0 0 0 0 0 1381 7348 19603 29766 16566 3354 396 0 0 0 0 0 0 0 0 0 0 0
1813	sub_1813_0155000.log	DONE exit=20	200	True	1134080	0 0 0 0 0 0 0 0 0 0 0 2195 10259 23203 25579 14434 6358 527 2 0 0 0 0 0 0 0 0 0 0
1813	sub_1813_0155200.log	DONE exit=20	200	True	493930	0 0 0 0 0 0 0 0 0 0 0 1408 4757 7624 4765 1702 182 20 0 0 0 0 0 0 0 0 0 0 0
1813	sub_1813_0155400.log	DONE exit=20	200	True	2046413	0 0 0 0 0 0 0 0 0 0 0 1614 8317 25477 44301 41620 31753 5707 301 1 0 0 0 0 0 0 0 0 0
1813	sub_1813_0155600.log	DONE exit=20	200	True	2767814	0 0 0 0 0 0 0 0 0 0 0 2045 12217 39686 69378 55803 34892 5093 188 0 0 0 0 0 0 0 0 0 0
1813	sub_1813_0155800.log	DONE exit=20	200	True	156730	0 0 0 0 0 0 0 0 0 0 0 893 2374 2073 833 146 2 0 0 0 0 0 0 0 0 0 0 0 0
1813	sub_1813_0156000.log	DONE exit=20	200	True	327856	0 0 0 0 0 0 0 0 0 0 0 1029 2946 3935 3971 2681 1396 158 0 0 0 0 0 0 0 0 0 0 0
1813	sub_1813_0156200.log	DONE exit=20	200	True	258265	0 0 0 0 0 0 0 0 0 0 0 963 2940 4004 2870 903 166 1 0 0 0 0 0 0 0 0 0 0 0
1813	sub_1813_0156400.log	DONE exit=20	200	True	141827	0 0 0 0 0 0 0 0 0 0 0 882 1729 1734 707 61 1 0 0 0 0 0 0 0 0 0 0 0 0
1813	sub_1813_0156600.log	DONE exit=20	200	True	167630	0 0 0 0 0 0 0 0 0 0 0 1222 2446 1701 489 54 0 0 0 0 0 0 0 0 0 0 0 0 0
1813	sub_1813_0156800.log	DONE exit=20	200	True	1215170	0 0 0 0 0 0 0 0 0 0 0 1476 6811 16629 25565 11833 3001 902 0 0 0 0 0 0 0 0 0 0 0
1813	sub_1813_0157000.log	DONE exit=20	200	True	323600	0 0 0 0 0 0 0 0 0 0 0 1361 3969 5306 3334 1372 326 31 0 0 0 0 0 0 0 0 0 0 0
1813	sub_1813_0157200.log	DONE exit=20	200	True	2678763	0 0 0 0 0 0 0 0 0 0 0 1892 11610 34258 54884 56909 44202 9740 11 0 0 0 0 0 0 0 0 0 0
1813	sub_1813_0157400.log	DONE exit=20	200	True	1276765	0 0 0 0 0 0 0 0 0 0 0 1524 6310 16579 25961 26789 18652 6625 0 0 0 0 0 0 0 0 0 0 0
1813	sub_1813_0157600.log	DONE exit=20	200	True	496987	0 0 0 0 0 0 0 0 0 0 0 1764 5893 10133 7887 2154 128 2 0 0 0 0 0 0 0 0 0 0 0
1813	sub_1813_0157800.log	DONE exit=20	200	True	204426	0 0 0 0 0 0 0 0 0 0 0 1081 2573 2995 1877 428 30 3 0 0 0 0 0 0 0 0 0 0 0
1813	sub_1813_0158000.log	DONE exit=20	200	True	171869	0 0 0 0 0 0 0 0 0 0 0 1079 2410 2311 1060 159 0 0 0 0 0 0 0 0 0 0 0 0 0
1813	sub_1813_0158200.log	DONE exit=20	200	True	246255	0 0 0 0 0 0 0 0 0 0 0 1086 2957 3625 1954 374 2 0 0 0 0 0 0 0 0 0 0 0 0
1813	sub_1813_0158400.log	DONE exit=20	200	True	129172	0 0 0 0 0 0 0 0 0 0 0 694 1374 1623 1228 309 3 0 0 0 0 0 0 0 0 0 0 0 0
1813	sub_1813_0158600.log	DONE exit=20	200	True	72114	0 0 0 0 0 0 0 0 0 0 0 676 835 434 72 11 0 0 0 0 0 0 0 0 0 0 0 0 0
1813	sub_1813_0158800.log	DONE exit=20	200	True	116944	0 0 0 0 0 0 0 0 0 0 0 970 1637 1269 476 31 0 0 0 0 0 0 0 0 0 0 0 0 0
1813	sub_1813_0159000.log	DONE exit=20	200	True	164641	0 0 0 0 0 0 0 0 0 0 0 1103 2545 2251 965 68 0 0 0 0 0 0 0 0 0 0 0 0 0
1813	sub_1813_0159200.log	DONE exit=20	200	True	3487811	0 0 0 0 0 0 0 0 0 0 0 2327 15822 47385 69349 63958 52272 13815 103 0 0 0 0 0 0 0 0 0 0
1813	sub_1813_0159400.log	DONE exit=20	200	True	930944	0 0 0 0 0 0 0 0 0 0 0 1465 6338 15777 20418 15027 7629 1730 1 0 0 0 0 0 0 0 0 0 0
1813	sub_1813_0159600.log	DONE exit=20	200	True	915799	0 0 0 0 0 0 0 0 0 0 0 1515 4667 10457 15719 15401 9107 2274 0 0 0 0 0 0 0 0 0 0 0
1813	sub_1813_0159800.log	DONE exit=20	200	True	124790	0 0 0 0 0 0 0 0 0 0 0 876 1530 1432 654 92 1 0 0 0 0 0 0 0 0 0 0 0 0
1813	sub_1813_0160000.log	DONE exit=20	200	True	149151	0 0 0 0 0 0 0 0 0 0 0 912 1760 1829 875 134 2 0 0 0 0 0 0 0 0 0 0 0 0
1813	sub_1813_0160200.log	DONE exit=20	200	True	206003	0 0 0 0 0 0 0 0 0 0 0 1003 2043 2750 1969 486 15 0 0 0 0 0 0 0 0 0 0 0 0
1813	sub_1813_0160400.log	DONE exit=20	200	True	240116	0 0 0 0 0 0 0 0 0 0 0 1094 2910 3645 2452 411 4 0 0 0 0 0 0 0 0 0 0 0 0
1813	sub_1813_0160600.log	DONE exit=20	200	True	1442109	0 0 0 0 0 0 0 0 0 0 0 1665 9848 23013 24382 18334 17091 725 0 0 0 0 0 0 0 0 0 0 0
1813	sub_1813_0160800.log	DONE exit=20	200	True	174911	0 0 0 0 0 0 0 0 0 0 0 721 1656 2300 1553 146 6 0 0 0 0 0 0 0 0 0 0 0 0
1813	sub_1813_0161000.log	DONE exit=20	200	True	261770	0 0 0 0 0 0 0 0 0 0 0 1230 2847 4092 3383 1271 349 52 0 0 0 0 0 0 0 0 0 0 0
1813	sub_1813_0161200.log	DONE exit=20	200	True	206961	0 0 0 0 0 0 0 0 0 0 0 1067 2738 3201 2053 656 206 40 3 0 0 0 0 0 0 0 0 0 0
1813	sub_1813_0161400.log	DONE exit=20	200	True	2746767	0 0 0 0 0 0 0 0 0 0 0 2208 13757 39907 57660 53711 39341 6583 43 2 0 0 0 0 0 0 0 0 0
1813	sub_1813_0161600.log	DONE exit=20	200	True	463540	0 0 0 0 0 0 0 0 0 0 0 1155 3019 5316 7280 7220 4074 1036 9 0 0 0 0 0 0 0 0 0 0
1813	sub_1813_0161800.log	DONE exit=20	200	True	1514205	0 0 0 0 0 0 0 0 0 0 0 1610 6717 17698 29193 29494 17069 5453 167 1 0 0 0 0 0 0 0 0 0
1813	sub_1813_0162000.log	DONE exit=20	200	True	291613	0 0 0 0 0 0 0 0 0 0 0 1168 3498 4875 3827 1425 353 50 4 0 0 0 0 0 0 0 0 0 0
1813	sub_1813_0162200.log	DONE exit=20	200	True	2146624	0 0 0 0 0 0 0 0 0 0 0 1767 10216 29878 43495 38059 25728 4291 1 0 0 0 0 0 0 0 0 0 0
1813	sub_1813_0162400.log	DONE exit=20	200	True	199579	0 0 0 0 0 0 0 0 0 0 0 1255 2590 2682 1385 238 6 0 0 0 0 0 0 0 0 0 0 0 0
1813	sub_1813_0162600.log	DONE exit=20	200	True	290091	0 0 0 0 0 0 0 0 0 0 0 1374 4561 5779 2659 379 30 0 0 0 0 0 0 0 0 0 0 0 0
1813	sub_1813_0162800.log	DONE exit=20	200	True	1263923	0 0 0 0 0 0 0 0 0 0 0 1991 11617 28630 29790 12510 1939 45 2 0 0 0 0 0 0 0 0 0 0
1813	sub_1813_0163000.log	DONE exit=20	200	True	285565	0 0 0 0 0 0 0 0 0 0 0 1466 4576 6019 3141 398 20 1 0 0 0 0 0 0 0 0 0 0 0
1813	sub_1813_0163200.log	DONE exit=20	200	True	460855	0 0 0 0 0 0 0 0 0 0 0 1807 5992 9447 7050 1931 329 31 0 0 0 0 0 0 0 0 0 0 0
1813	sub_1813_0163400.log	DONE exit=20	200	True	236491	0 0 0 0 0 0 0 0 0 0 0 1151 3181 4568 2982 761 64 0 0 0 0 0 0 0 0 0 0 0 0
1813	sub_1813_0163600.log	DONE exit=20	200	True	131993	0 0 0 0 0 0 0 0 0 0 0 739 1410 1693 977 172 0 0 0 0 0 0 0 0 0 0 0 0 0
1813	sub_1813_0163800.log	DONE exit=20	200	True	244221102	0 0 0 0 0 0 0 0 0 0 0 1799 12775 63643 243981 760401 1876009 3497052 4585445 3582865 1427554 0 0 0 0 0 0 0 0
1813	sub_1813_0164000.log	DONE exit=20	200	True	287905443	0 0 0 0 0 0 0 0 0 0 0 2868 20875 98872 351294 993755 2230873 3833977 5229967 4417153 1934208 0 0 0 0 0 0 0 0
1813	sub_1813_0164200.log	DONE exit=20	200	True	19174315	0 0 0 0 0 0 0 0 0 0 0 1949 10626 35435 82451 156280 205917 149675 75009 57774 17583 0 0 0 0 0 0 0 0
1813	sub_1813_0164400.log	DONE exit=20	200	True	29469830	0 0 0 0 0 0 0 0 0 0 0 1981 8290 20833 49601 123706 254610 386730 443483 343901 138484 0 0 0 0 0 0 0 0
1813	sub_1813_0164600.log	DONE exit=20	200	True	86185689	0 0 0 0 0 0 0 0 0 0 0 2101 11431 41864 124760 330507 700423 1134676 1363134 1036338 405627 0 0 0 0 0 0 0 0
1813	sub_1813_0164800.log	DONE exit=20	200	True	2295920	0 0 0 0 0 0 0 0 0 0 0 2068 10067 25566 35161 32103 15606 2244 1 0 0 0 0 0 0 0 0 0 0
1813	sub_1813_0165000.log	DONE exit=20	200	True	877977	0 0 0 0 0 0 0 0 0 0 0 1471 4706 7499 6529 2212 4 0 0 0 0 0 0 0 0 0 0 0 0
1813	sub_1813_0165200.log	DONE exit=20	200	True	948573	0 0 0 0 0 0 0 0 0 0 0 1336 4431 7372 7493 5248 2407 232 0 0 0 0 0 0 0 0 0 0 0
1813	sub_1813_0165400.log	DONE exit=20	200	True	1128681	0 0 0 0 0 0 0 0 0 0 0 1555 5432 9455 9448 4042 1079 340 8 0 0 0 0 0 0 0 0 0 0
1813	sub_1813_0165600.log	DONE exit=20	200	True	455871065	0 0 0 0 0 0 0 0 0 0 0 2641 21553 115053 458256 1371025 3137437 5693168 7816413 5733944 2054273 0 0 0 0 0 0 0 0
1813	sub_1813_0165800.log	DONE exit=20	200	True	536730787	0 0 0 0 0 0 0 0 0 0 0 3201 26504 130447 470249 1407433 3541319 6931796 9626616 6782645 2290370 0 0 0 0 0 0 0 0
1813	sub_1813_0166000.log	DONE exit=20	200	True	13542558	0 0 0 0 0 0 0 0 0 0 0 2043 9125 25064 56340 102571 144237 113699 26782 7875 2173 0 0 0 0 0 0 0 0
1813	sub_1813_0166200.log	DONE exit=20	200	True	12055968	0 0 0 0 0 0 0 0 0 0 0 1929 9202 25325 54075 103100 140134 72745 980 292 61 0 0 0 0 0 0 0 0
1813	sub_1813_0166400.log	DONE exit=20	200	True	6912531	0 0 0 0 0 0 0 0 0 0 0 1763 7153 16983 31382 58022 77840 49417 7270 279 74 0 0 0 0 0 0 0 0
1813	sub_1813_0166600.log	DONE exit=20	200	True	40261062	0 0 0 0 0 0 0 0 0 0 0 2031 9035 28426 80562 212898 395788 466258 339070 231805 81238 0 0 0 0 0 0 0 0
1813	sub_1813_0166800.log	DONE exit=20	200	True	44542679	0 0 0 0 0 0 0 0 0 0 0 1979 9217 31216 96346 260803 493206 538414 266690 173979 54674 0 0 0 0 0 0 0 0
1813	sub_1813_0167000.log	DONE exit=20	200	True	40989618	0 0 0 0 0 0 0 0 0 0 0 2675 15679 55315 139605 292220 458002 456113 187401 109319 30414 0 0 0 0 0 0 0 0
1813	sub_1813_0167200.log	DONE exit=20	200	True	9350095	0 0 0 0 0 0 0 0 0 0 0 1764 6866 16413 34086 74264 104448 66915 14939 9456 2354 0 0 0 0 0 0 0 0
1813	sub_1813_0167400.log	DONE exit=20	200	True	862639	0 0 0 0 0 0 0 0 0 0 0 1293 4206 7092 7300 4366 2001 364 9 4 2 0 0 0 0 0 0 0 0
1813	sub_1813_0167600.log	DONE exit=20	200	True	990057	0 0 0 0 0 0 0 0 0 0 0 1766 7578 16528 18774 11096 2704 294 13 0 0 0 0 0 0 0 0 0 0
1813	sub_1813_0167800.log	DONE exit=20	200	True	286039	0 0 0 0 0 0 0 0 0 0 0 1452 4051 4988 3092 1241 215 0 0 0 0 0 0 0 0 0 0 0 0
1813	sub_1813_0168000.log	DONE exit=20	200	True	149044	0 0 0 0 0 0 0 0 0 0 0 1081 2369 2210 1080 399 90 6 0 0 0 0 0 0 0 0 0 0 0
1813	sub_1813_0168200.log	DONE exit=20	200	True	454902	0 0 0 0 0 0 0 0 0 0 0 1540 5891 11283 11663 6454 1801 184 2 0 0 0 0 0 0 0 0 0 0
1813	sub_1813_0168400.log	DONE exit=20	200	True	267090	0 0 0 0 0 0 0 0 0 0 0 1597 4176 4218 1953 330 11 0 0 0 0 0 0 0 0 0 0 0 0
1813	sub_1813_0168600.log	DONE exit=20	200	True	216287	0 0 0 0 0 0 0 0 0 0 0 1340 3354 3544 1729 174 11 0 0 0 0 0 0 0 0 0 0 0 0
1813	sub_1813_0168800.log	DONE exit=20	200	True	552780	0 0 0 0 0 0 0 0 0 0 0 1645 6193 11154 8230 1834 294 36 0 0 0 0 0 0 0 0 0 0 0
1813	sub_1813_0169000.log	DONE exit=20	200	True	371921	0 0 0 0 0 0 0 0 0 0 0 1622 5544 7681 3938 756 78 8 0 0 0 0 0 0 0 0 0 0 0
1813	sub_1813_0169200.log	DONE exit=20	200	True	68328186	0 0 0 0 0 0 0 0 0 0 0 1968 12447 55705 195246 501083 841798 759783 280986 137994 38569 0 0 0 0 0 0 0 0
1813	sub_1813_0169400.log	DONE exit=20	200	True	8815210	0 0 0 0 0 0 0 0 0 0 0 1997 9572 25885 38318 47275 56940 67218 95646 109180 36807 0 0 0 0 0 0 0 0
1813	sub_1813_0169600.log	DONE exit=20	200	True	2833781	0 0 0 0 0 0 0 0 0 0 0 1892 8886 22382 28430 23567 13557 6813 1127 428 182 0 0 0 0 0 0 0 0
1813	sub_1813_0169800.log	DONE exit=20	200	True	18959581	0 0 0 0 0 0 0 0 0 0 0 2028 11369 36887 73773 118988 167681 187170 162040 126197 36784 0 0 0 0 0 0 0 0
1813	sub_1813_0170000.log	DONE exit=20	200	True	7757584	0 0 0 0 0 0 0 0 0 0 0 2049 11623 35293 55809 57518 53783 45302 27595 19877 7438 0 0 0 0 0 0 0 0
1813	sub_1813_0170200.log	DONE exit=20	200	True	1760813	0 0 0 0 0 0 0 0 0 0 0 1421 5817 13765 17652 13955 5669 1111 38 4 2 0 0 0 0 0 0 0 0
1813	sub_1813_0170400.log	DONE exit=20	200	True	812035	0 0 0 0 0 0 0 0 0 0 0 1477 4879 7651 5739 1919 2 2 0 0 0 0 0 0 0 0 0 0 0
1813	sub_1813_0170600.log	DONE exit=20	200	True	314034	0 0 0 0 0 0 0 0 0 0 0 1128 2967 3233 1518 378 0 0 0 0 0 0 0 0 0 0 0 0 0
1813	sub_1813_0170800.log	DONE exit=20	200	True	192914	0 0 0 0 0 0 0 0 0 0 0 650 1474 1536 1054 217 0 0 0 0 0 0 0 0 0 0 0 0 0
1813	sub_1813_0171000.log	DONE exit=20	200	True	221154	0 0 0 0 0 0 0 0 0 0 0 726 1370 1725 1308 742 2 0 0 0 0 0 0 0 0 0 0 0 0
1813	sub_1813_0171200.log	DONE exit=20	200	True	1017727	0 0 0 0 0 0 0 0 0 0 0 1018 2847 5941 8663 8593 2346 24 0 0 0 0 0 0 0 0 0 0 0
1813	sub_1813_0171400.log	DONE exit=20	200	True	4649405	0 0 0 0 0 0 0 0 0 0 0 1373 5733 14778 28350 43376 38513 16201 2023 510 121 0 0 0 0 0 0 0 0
1813	sub_1813_0171600.log	DONE exit=20	200	True	742677	0 0 0 0 0 0 0 0 0 0 0 532 1584 3763 6817 7114 2885 596 30 10 6 0 0 0 0 0 0 0 0
1813	sub_1813_0171800.log	DONE exit=20	200	True	500599	0 0 0 0 0 0 0 0 0 0 0 689 1739 3273 4162 2692 426 2 0 0 0 0 0 0 0 0 0 0 0
1813	sub_1813_0172000.log	DONE exit=20	200	True	597265	0 0 0 0 0 0 0 0 0 0 0 678 1877 3683 5324 3623 430 2 0 0 0 0 0 0 0 0 0 0 0
1813	sub_1813_0172200.log	DONE exit=20	200	True	29862	0 0 0 0 0 0 0 0 0 0 0 365 268 93 19 1 0 0 0 0 0 0 0 0 0 0 0 0 0
1813	sub_1813_0172400.log	DONE exit=20	200	True	51570	0 0 0 0 0 0 0 0 0 0 0 699 768 425 94 7 0 0 0 0 0 0 0 0 0 0 0 0 0
1813	sub_1813_0172600.log	DONE exit=20	200	True	53257	0 0 0 0 0 0 0 0 0 0 0 802 884 383 106 10 0 0 0 0 0 0 0 0 0 0 0 0 0
1813	sub_1813_0172800.log	DONE exit=20	200	True	33374	0 0 0 0 0 0 0 0 0 0 0 357 358 104 17 1 0 0 0 0 0 0 0 0 0 0 0 0 0
1813	sub_1813_0173000.log	DONE exit=20	200	True	44279	0 0 0 0 0 0 0 0 0 0 0 322 241 117 95 50 0 0 0 0 0 0 0 0 0 0 0 0 0
1813	sub_1813_0173200.log	DONE exit=20	200	True	175505	0 0 0 0 0 0 0 0 0 0 0 755 1318 1524 1107 193 0 0 0 0 0 0 0 0 0 0 0 0 0
1813	sub_1813_0173400.log	DONE exit=20	200	True	1040416	0 0 0 0 0 0 0 0 0 0 0 1096 3796 7474 9562 8093 3334 1180 45 11 4 0 0 0 0 0 0 0 0
1813	sub_1813_0173600.log	DONE exit=20	200	True	642092	0 0 0 0 0 0 0 0 0 0 0 1145 2713 4437 5272 5079 860 16 0 0 0 0 0 0 0 0 0 0 0
1813	sub_1813_0173800.log	DONE exit=20	200	True	42423	0 0 0 0 0 0 0 0 0 0 0 494 503 261 95 4 0 0 0 0 0 0 0 0 0 0 0 0 0
1813	sub_1813_0174000.log	DONE exit=20	200	True	113801	0 0 0 0 0 0 0 0 0 0 0 669 1421 1718 963 171 7 0 0 0 0 0 0 0 0 0 0 0 0
1813	sub_1813_0174200.log	DONE exit=20	200	True	24089	0 0 0 0 0 0 0 0 0 0 0 302 168 84 10 0 0 0 0 0 0 0 0 0 0 0 0 0 0
1813	sub_1813_0174400.log	DONE exit=20	200	True	28434	0 0 0 0 0 0 0 0 0 0 0 385 244 78 4 0 0 0 0 0 0 0 0 0 0 0 0 0 0
1813	sub_1813_0174600.log	DONE exit=20	200	True	1170043	0 0 0 0 0 0 0 0 0 0 0 855 2291 5964 10880 9890 2537 10 0 0 0 0 0 0 0 0 0 0 0
1813	sub_1813_0174800.log	DONE exit=20	200	True	138663	0 0 0 0 0 0 0 0 0 0 0 788 1833 2535 1659 134 8 0 0 0 0 0 0 0 0 0 0 0 0
1813	sub_1813_0175000.log	DONE exit=20	200	True	537937	0 0 0 0 0 0 0 0 0 0 0 1094 3039 5272 5681 2569 179 0 0 0 0 0 0 0 0 0 0 0 0
1813	sub_1813_0175200.log	DONE exit=20	200	True	33169	0 0 0 0 0 0 0 0 0 0 0 438 381 242 54 1 0 0 0 0 0 0 0 0 0 0 0 0 0
1813	sub_1813_0175400.log	DONE exit=20	200	True	177479	0 0 0 0 0 0 0 0 0 0 0 771 1851 2681 2568 554 10 0 0 0 0 0 0 0 0 0 0 0 0
1813	sub_1813_0175600.log	DONE exit=20	200	True	391577	0 0 0 0 0 0 0 0 0 0 0 1330 3989 6952 6966 1983 237 7 0 0 0 0 0 0 0 0 0 0 0
1813	sub_1813_0175800.log	DONE exit=20	200	True	493773	0 0 0 0 0 0 0 0 0 0 0 962 2832 5741 7426 3756 494 1 0 0 0 0 0 0 0 0 0 0 0
1813	sub_1813_0176000.log	DONE exit=20	200	True	1816211	0 0 0 0 0 0 0 0 0 0 0 1053 3436 8185 15086 18524 12992 738 153 1 0 0 0 0 0 0 0 0 0
1813	sub_1813_0176200.log	DONE exit=20	200	True	673742	0 0 0 0 0 0 0 0 0 0 0 713 1646 3733 6332 5524 1359 3 0 0 0 0 0 0 0 0 0 0 0
1813	sub_1813_0176400.log	DONE exit=20	200	True	291319	0 0 0 0 0 0 0 0 0 0 0 1111 3250 5075 4158 436 19 0 0 0 0 0 0 0 0 0 0 0 0
1813	sub_1813_0176600.log	DONE exit=20	200	True	384570	0 0 0 0 0 0 0 0 0 0 0 719 2119 4898 5874 1854 70 0 0 0 0 0 0 0 0 0 0 0 0
1813	sub_1813_0176800.log	DONE exit=20	200	True	332484	0 0 0 0 0 0 0 0 0 0 0 922 1879 2485 2113 1233 18 4 0 0 0 0 0 0 0 0 0 0 0
1813	sub_1813_0177000.log	DONE exit=20	200	True	232787	0 0 0 0 0 0 0 0 0 0 0 1063 2710 3077 1795 622 41 0 0 0 0 0 0 0 0 0 0 0 0
1813	sub_1813_0177200.log	DONE exit=20	200	True	2952146	0 0 0 0 0 0 0 0 0 0 0 1604 6534 15516 24168 24310 17830 15080 3686 1809 552 0 0 0 0 0 0 0 0
1813	sub_1813_0177400.log	DONE exit=20	200	True	9407263	0 0 0 0 0 0 0 0 0 0 0 1092 4794 15640 38545 71298 100679 89595 47022 22025 4832 0 0 0 0 0 0 0 0
1813	sub_1813_0177600.log	DONE exit=20	200	True	290680	0 0 0 0 0 0 0 0 0 0 0 1136 3098 4990 4053 1185 80 3 0 0 0 0 0 0 0 0 0 0 0
1813	sub_1813_0177800.log	DONE exit=20	200	True	321701	0 0 0 0 0 0 0 0 0 0 0 864 2304 4224 3833 859 69 0 0 0 0 0 0 0 0 0 0 0 0
1813	sub_1813_0178000.log	DONE exit=20	200	True	1211026	0 0 0 0 0 0 0 0 0 0 0 1236 3943 7791 11524 10157 3149 8 0 0 0 0 0 0 0 0 0 0 0
1813	sub_1813_0178200.log	DONE exit=20	200	True	294801	0 0 0 0 0 0 0 0 0 0 0 1255 3516 5614 4928 1526 332 33 0 0 0 0 0 0 0 0 0 0 0
1813	sub_1813_0178400.log	DONE exit=20	200	True	139922	0 0 0 0 0 0 0 0 0 0 0 1119 2861 2933 1072 199 20 0 0 0 0 0 0 0 0 0 0 0 0
1813	sub_1813_0178600.log	DONE exit=20	200	True	32959	0 0 0 0 0 0 0 0 0 0 0 403 524 291 68 5 0 0 0 0 0 0 0 0 0 0 0 0 0
1813	sub_1813_0178800.log	DONE exit=20	200	True	18349	0 0 0 0 0 0 0 0 0 0 0 293 148 26 0 0 0 0 0 0 0 0 0 0 0 0 0 0 0
1813	sub_1813_0179000.log	DONE exit=20	200	True	238316	0 0 0 0 0 0 0 0 0 0 0 754 1409 1650 1540 919 3 0 0 0 0 0 0 0 0 0 0 0 0
1813	sub_1813_0179200.log	DONE exit=20	200	True	188451	0 0 0 0 0 0 0 0 0 0 0 1070 2178 1644 637 55 0 0 0 0 0 0 0 0 0 0 0 0 0
1813	sub_1813_0179400.log	DONE exit=20	200	True	227911	0 0 0 0 0 0 0 0 0 0 0 774 1577 1608 1040 503 0 0 0 0 0 0 0 0 0 0 0 0 0
1813	sub_1813_0179600.log	DONE exit=20	200	True	601481	0 0 0 0 0 0 0 0 0 0 0 1211 3269 4424 4838 2886 108 0 0 0 0 0 0 0 0 0 0 0 0
1813	sub_1813_0179800.log	DONE exit=20	200	True	216031	0 0 0 0 0 0 0 0 0 0 0 1009 2090 2144 1163 412 13 0 0 0 0 0 0 0 0 0 0 0 0
1813	sub_1813_0180000.log	DONE exit=20	200	True	774194	0 0 0 0 0 0 0 0 0 0 0 970 2982 4811 5986 4499 51 0 0 0 0 0 0 0 0 0 0 0 0
1813	sub_1813_0180200.log	DONE exit=20	200	True	223970	0 0 0 0 0 0 0 0 0 0 0 737 1588 2402 1901 48 0 0 0 0 0 0 0 0 0 0 0 0 0
1813	sub_1813_0180400.log	DONE exit=20	200	True	1967629	0 0 0 0 0 0 0 0 0 0 0 1559 5540 11143 11491 7900 10069 3843 0 0 0 0 0 0 0 0 0 0 0
1813	sub_1813_0180600.log	DONE exit=20	200	True	2036527	0 0 0 0 0 0 0 0 0 0 0 1369 5149 11468 12227 7604 9951 3883 0 0 0 0 0 0 0 0 0 0 0
1813	sub_1813_0180800.log	DONE exit=20	200	True	1553907	0 0 0 0 0 0 0 0 0 0 0 1081 3307 6251 8224 8444 10291 4057 0 0 0 0 0 0 0 0 0 0 0
1813	sub_1813_0181000.log	DONE exit=20	200	True	34903	0 0 0 0 0 0 0 0 0 0 0 465 438 239 59 0 0 0 0 0 0 0 0 0 0 0 0 0 0
1813	sub_1813_0181200.log	DONE exit=20	200	True	400883	0 0 0 0 0 0 0 0 0 0 0 777 1524 2357 3257 2603 117 0 0 0 0 0 0 0 0 0 0 0 0
1813	sub_1813_0181400.log	DONE exit=20	200	True	29646	0 0 0 0 0 0 0 0 0 0 0 393 355 148 23 0 0 0 0 0 0 0 0 0 0 0 0 0 0
1813	sub_1813_0181600.log	DONE exit=20	200	True	443530	0 0 0 0 0 0 0 0 0 0 0 671 1506 2307 2934 2976 944 0 0 0 0 0 0 0 0 0 0 0 0
1813	sub_1813_0181800.log	DONE exit=20	200	True	791380	0 0 0 0 0 0 0 0 0 0 0 1134 3279 5748 6498 5025 962 11 0 0 0 0 0 0 0 0 0 0 0
1813	sub_1813_0182000.log	DONE exit=20	200	True	127554	0 0 0 0 0 0 0 0 0 0 0 799 1619 1738 945 46 0 0 0 0 0 0 0 0 0 0 0 0 0
1813	sub_1813_0182200.log	DONE exit=20	200	True	500971	0 0 0 0 0 0 0 0 0 0 0 904 1856 2510 3535 3736 1345 4 0 0 0 0 0 0 0 0 0 0 0
1813	sub_1813_0182400.log	DONE exit=20	200	True	278699	0 0 0 0 0 0 0 0 0 0 0 767 1231 1538 2079 1384 7 0 0 0 0 0 0 0 0 0 0 0 0
1813	sub_1813_0182600.log	DONE exit=20	200	True	276468	0 0 0 0 0 0 0 0 0 0 0 652 1043 1323 1957 1278 1 0 0 0 0 0 0 0 0 0 0 0 0
1813	sub_1813_0182800.log	DONE exit=20	200	True	468836	0 0 0 0 0 0 0 0 0 0 0 826 1567 2614 4449 2887 20 0 0 0 0 0 0 0 0 0 0 0 0
1813	sub_1813_0183000.log	DONE exit=20	200	True	1206224	0 0 0 0 0 0 0 0 0 0 0 1016 2724 6747 12688 8848 520 0 0 0 0 0 0 0 0 0 0 0 0
1813	sub_1813_0183200.log	DONE exit=20	200	True	105913	0 0 0 0 0 0 0 0 0 0 0 779 1272 858 436 57 0 0 0 0 0 0 0 0 0 0 0 0 0
1813	sub_1813_0183400.log	DONE exit=20	200	True	813590	0 0 0 0 0 0 0 0 0 0 0 1188 2875 5176 7214 5297 146 0 0 0 0 0 0 0 0 0 0 0 0
1813	sub_1813_0183600.log	DONE exit=20	200	True	77752	0 0 0 0 0 0 0 0 0 0 0 621 1115 566 107 20 0 0 0 0 0 0 0 0 0 0 0 0 0
1813	sub_1813_0183800.log	DONE exit=20	200	True	39084	0 0 0 0 0 0 0 0 0 0 0 520 647 376 99 14 0 0 0 0 0 0 0 0 0 0 0 0 0
1813	sub_1813_0184000.log	DONE exit=20	200	True	68168	0 0 0 0 0 0 0 0 0 0 0 738 1129 847 376 91 4 0 0 0 0 0 0 0 0 0 0 0 0
1813	sub_1813_0184200.log	DONE exit=20	200	True	59615	0 0 0 0 0 0 0 0 0 0 0 647 869 360 50 3 0 0 0 0 0 0 0 0 0 0 0 0 0
1813	sub_1813_0184400.log	DONE exit=20	200	True	61745	0 0 0 0 0 0 0 0 0 0 0 523 851 558 60 4 0 0 0 0 0 0 0 0 0 0 0 0 0
1813	sub_1813_0184600.log	DONE exit=20	200	True	88741	0 0 0 0 0 0 0 0 0 0 0 725 1268 833 175 9 0 0 0 0 0 0 0 0 0 0 0 0 0
1813	sub_1813_0184800.log	DONE exit=20	200	True	69999	0 0 0 0 0 0 0 0 0 0 0 548 692 588 453 24 0 0 0 0 0 0 0 0 0 0 0 0 0
1813	sub_1813_0185000.log	DONE exit=20	200	True	64241	0 0 0 0 0 0 0 0 0 0 0 645 921 474 278 30 0 0 0 0 0 0 0 0 0 0 0 0 0
1813	sub_1813_0185200.log	DONE exit=20	200	True	71573	0 0 0 0 0 0 0 0 0 0 0 835 1639 1179 180 11 1 0 0 0 0 0 0 0 0 0 0 0 0
1813	sub_1813_0185400.log	DONE exit=20	200	True	33327	0 0 0 0 0 0 0 0 0 0 0 583 632 265 30 3 0 0 0 0 0 0 0 0 0 0 0 0 0
1813	sub_1813_0185600.log	DONE exit=20	200	True	112081	0 0 0 0 0 0 0 0 0 0 0 703 1510 1285 802 70 0 0 0 0 0 0 0 0 0 0 0 0 0
1813	sub_1813_0185800.log	DONE exit=20	200	True	20173	0 0 0 0 0 0 0 0 0 0 0 358 179 27 0 0 0 0 0 0 0 0 0 0 0 0 0 0 0
1813	sub_1813_0186000.log	DONE exit=20	200	True	39284	0 0 0 0 0 0 0 0 0 0 0 394 427 292 201 41 0 0 0 0 0 0 0 0 0 0 0 0 0
1813	sub_1813_0186200.log	DONE exit=20	200	True	45442	0 0 0 0 0 0 0 0 0 0 0 616 938 665 189 23 1 0 0 0 0 0 0 0 0 0 0 0 0
1813	sub_1813_0186400.log	DONE exit=20	200	True	83826	0 0 0 0 0 0 0 0 0 0 0 905 1711 1503 692 192 9 0 0 0 0 0 0 0 0 0 0 0 0
1813	sub_1813_0186600.log	DONE exit=20	200	True	91966	0 0 0 0 0 0 0 0 0 0 0 1040 2132 1941 798 98 6 0 0 0 0 0 0 0 0 0 0 0 0
1813	sub_1813_0186800.log	DONE exit=20	200	True	97494	0 0 0 0 0 0 0 0 0 0 0 956 2219 2500 1323 245 20 0 0 0 0 0 0 0 0 0 0 0 0
1813	sub_1813_0187000.log	DONE exit=20	200	True	53279	0 0 0 0 0 0 0 0 0 0 0 521 659 361 184 43 0 0 0 0 0 0 0 0 0 0 0 0 0
1813	sub_1813_0187200.log	DONE exit=20	200	True	54000	0 0 0 0 0 0 0 0 0 0 0 698 916 416 83 3 0 0 0 0 0 0 0 0 0 0 0 0 0
1813	sub_1813_0187400.log	DONE exit=20	200	True	20719	0 0 0 0 0 0 0 0 0 0 0 390 265 64 6 0 0 0 0 0 0 0 0 0 0 0 0 0 0
1813	sub_1813_0187600.log	DONE exit=20	200	True	60718	0 0 0 0 0 0 0 0 0 0 0 630 961 684 257 49 1 0 0 0 0 0 0 0 0 0 0 0 0
1813	sub_1813_0187800.log	DONE exit=20	200	True	99464	0 0 0 0 0 0 0 0 0 0 0 820 1665 1252 305 18 0 0 0 0 0 0 0 0 0 0 0 0 0
1813	sub_1813_0188000.log	DONE exit=20	200	True	98424	0 0 0 0 0 0 0 0 0 0 0 686 1324 1414 1037 117 0 0 0 0 0 0 0 0 0 0 0 0 0
1813	sub_1813_0188200.log	DONE exit=20	200	True	63936	0 0 0 0 0 0 0 0 0 0 0 761 1161 674 165 18 0 0 0 0 0 0 0 0 0 0 0 0 0
1813	sub_1813_0188400.log	DONE exit=20	200	True	85807	0 0 0 0 0 0 0 0 0 0 0 759 1237 1075 548 21 1 0 0 0 0 0 0 0 0 0 0 0 0
1813	sub_1813_0188600.log	DONE exit=20	200	True	101106	0 0 0 0 0 0 0 0 0 0 0 671 1252 1204 841 35 0 0 0 0 0 0 0 0 0 0 0 0 0
1813	sub_1813_0188800.log	DONE exit=20	200	True	104789	0 0 0 0 0 0 0 0 0 0 0 883 1646 1215 540 53 0 0 0 0 0 0 0 0 0 0 0 0 0
1813	sub_1813_0189000.log	DONE exit=20	200	True	77500	0 0 0 0 0 0 0 0 0 0 0 773 1205 770 259 16 0 0 0 0 0 0 0 0 0 0 0 0 0
1813	sub_1813_0189200.log	DONE exit=20	200	True	148612	0 0 0 0 0 0 0 0 0 0 0 846 1851 2238 1451 150 1 0 0 0 0 0 0 0 0 0 0 0 0
1813	sub_1813_0189400.log	DONE exit=20	200	True	42708	0 0 0 0 0 0 0 0 0 0 0 512 569 303 50 10 0 0 0 0 0 0 0 0 0 0 0 0 0
1813	sub_1813_0189600.log	DONE exit=20	200	True	187434	0 0 0 0 0 0 0 0 0 0 0 1180 2920 3273 1747 419 15 0 0 0 0 0 0 0 0 0 0 0 0
1813	sub_1813_0189800.log	DONE exit=20	200	True	85184	0 0 0 0 0 0 0 0 0 0 0 840 1487 1193 460 52 1 0 0 0 0 0 0 0 0 0 0 0 0
1813	sub_1813_0190000.log	DONE exit=20	200	True	181898	0 0 0 0 0 0 0 0 0 0 0 895 1972 2890 2238 435 4 0 0 0 0 0 0 0 0 0 0 0 0
1813	sub_1813_0190200.log	DONE exit=20	200	True	74721	0 0 0 0 0 0 0 0 0 0 0 691 1045 798 272 29 0 0 0 0 0 0 0 0 0 0 0 0 0
1813	sub_1813_0190400.log	DONE exit=20	200	True	198131	0 0 0 0 0 0 0 0 0 0 0 1028 2497 3345 2121 331 0 0 0 0 0 0 0 0 0 0 0 0 0
1813	sub_1813_0190600.log	DONE exit=20	200	True	43388	0 0 0 0 0 0 0 0 0 0 0 632 716 288 45 1 0 0 0 0 0 0 0 0 0 0 0 0 0
1813	sub_1813_0190800.log	DONE exit=20	200	True	31632	0 0 0 0 0 0 0 0 0 0 0 551 576 162 14 0 0 0 0 0 0 0 0 0 0 0 0 0 0
1813	sub_1813_0191000.log	DONE exit=20	200	True	58189	0 0 0 0 0 0 0 0 0 0 0 748 1157 744 253 39 2 0 0 0 0 0 0 0 0 0 0 0 0
1813	sub_1813_0191200.log	DONE exit=20	200	True	51509	0 0 0 0 0 0 0 0 0 0 0 686 870 543 42 0 0 0 0 0 0 0 0 0 0 0 0 0 0
1813	sub_1813_0191400.log	DONE exit=20	200	True	47584	0 0 0 0 0 0 0 0 0 0 0 675 809 254 24 0 0 0 0 0 0 0 0 0 0 0 0 0 0
1813	sub_1813_0191600.log	DONE exit=20	200	True	64337	0 0 0 0 0 0 0 0 0 0 0 631 1058 896 103 5 0 0 0 0 0 0 0 0 0 0 0 0 0
1813	sub_1813_0191800.log	DONE exit=20	200	True	181160	0 0 0 0 0 0 0 0 0 0 0 1110 2650 2839 622 18 0 0 0 0 0 0 0 0 0 0 0 0 0
1813	sub_1813_0192000.log	DONE exit=20	200	True	120469	0 0 0 0 0 0 0 0 0 0 0 710 1427 1668 670 39 0 0 0 0 0 0 0 0 0 0 0 0 0
1813	sub_1813_0192200.log	DONE exit=20	200	True	96502	0 0 0 0 0 0 0 0 0 0 0 894 1724 1229 440 96 4 0 0 0 0 0 0 0 0 0 0 0 0
1813	sub_1813_0192400.log	DONE exit=20	200	True	43189	0 0 0 0 0 0 0 0 0 0 0 636 797 502 92 8 0 0 0 0 0 0 0 0 0 0 0 0 0
1813	sub_1813_0192600.log	DONE exit=20	200	True	187835	0 0 0 0 0 0 0 0 0 0 0 936 2555 3523 1753 588 95 0 0 0 0 0 0 0 0 0 0 0 0
1813	sub_1813_0192800.log	DONE exit=20	200	True	129221	0 0 0 0 0 0 0 0 0 0 0 831 1573 1818 906 224 22 0 0 0 0 0 0 0 0 0 0 0 0
1813	sub_1813_0193000.log	DONE exit=20	200	True	142381	0 0 0 0 0 0 0 0 0 0 0 842 1917 2431 1689 539 49 0 0 0 0 0 0 0 0 0 0 0 0
1813	sub_1813_0193200.log	DONE exit=20	200	True	56421	0 0 0 0 0 0 0 0 0 0 0 564 724 723 101 7 0 0 0 0 0 0 0 0 0 0 0 0 0
1813	sub_1813_0193400.log	DONE exit=20	200	True	168803	0 0 0 0 0 0 0 0 0 0 0 1051 2660 3123 1163 172 1 0 0 0 0 0 0 0 0 0 0 0 0
1813	sub_1813_0193600.log	DONE exit=20	200	True	197222	0 0 0 0 0 0 0 0 0 0 0 1005 2286 2966 3215 3373 786 16 0 0 0 0 0 0 0 0 0 0 0
1813	sub_1813_0193800.log	DONE exit=20	200	True	151564	0 0 0 0 0 0 0 0 0 0 0 995 2288 2557 845 61 0 0 0 0 0 0 0 0 0 0 0 0 0
1813	sub_1813_0194000.log	DONE exit=20	200	True	357560	0 0 0 0 0 0 0 0 0 0 0 1533 4867 7216 4241 979 52 1 0 0 0 0 0 0 0 0 0 0 0
1813	sub_1813_0194200.log	DONE exit=20	200	True	208655	0 0 0 0 0 0 0 0 0 0 0 1136 2895 3479 1242 116 1 0 0 0 0 0 0 0 0 0 0 0 0
1813	sub_1813_0194400.log	DONE exit=20	200	True	82009	0 0 0 0 0 0 0 0 0 0 0 670 1158 1016 194 5 0 0 0 0 0 0 0 0 0 0 0 0 0
1813	sub_1813_0194600.log	DONE exit=20	200	True	110954	0 0 0 0 0 0 0 0 0 0 0 833 1630 1676 776 130 3 0 0 0 0 0 0 0 0 0 0 0 0
1813	sub_1813_0194800.log	DONE exit=20	200	True	112752	0 0 0 0 0 0 0 0 0 0 0 773 1648 1898 896 162 19 0 0 0 0 0 0 0 0 0 0 0 0
1813	sub_1813_0195000.log	DONE exit=20	200	True	78538	0 0 0 0 0 0 0 0 0 0 0 623 1148 1290 625 72 1 0 0 0 0 0 0 0 0 0 0 0 0
1813	sub_1813_0195200.log	DONE exit=20	200	True	40742	0 0 0 0 0 0 0 0 0 0 0 522 680 418 141 14 0 0 0 0 0 0 0 0 0 0 0 0 0
1813	sub_1813_0195400.log	DONE exit=20	200	True	87620	0 0 0 0 0 0 0 0 0 0 0 694 1397 1554 618 155 0 0 0 0 0 0 0 0 0 0 0 0 0
1813	sub_1813_0195600.log	DONE exit=20	200	True	68032	0 0 0 0 0 0 0 0 0 0 0 564 947 1083 563 79 1 0 0 0 0 0 0 0 0 0 0 0 0
1813	sub_1813_0195800.log	DONE exit=20	200	True	99929	0 0 0 0 0 0 0 0 0 0 0 725 1475 1748 1085 262 11 0 0 0 0 0 0 0 0 0 0 0 0
1813	sub_1813_0196000.log	DONE exit=20	200	True	101333	0 0 0 0 0 0 0 0 0 0 0 1058 1849 1188 271 29 0 0 0 0 0 0 0 0 0 0 0 0 0
1813	sub_1813_0196200.log	DONE exit=20	200	True	65522	0 0 0 0 0 0 0 0 0 0 0 757 1084 573 85 5 0 0 0 0 0 0 0 0 0 0 0 0 0
1813	sub_1813_0196400.log	DONE exit=20	200	True	132065	0 0 0 0 0 0 0 0 0 0 0 1142 2381 2055 729 130 0 0 0 0 0 0 0 0 0 0 0 0 0
1813	sub_1813_0196600.log	DONE exit=20	200	True	199659	0 0 0 0 0 0 0 0 0 0 0 1175 3176 3327 1653 420 33 1 0 0 0 0 0 0 0 0 0 0 0
1813	sub_1813_0196800.log	DONE exit=20	200	True	60417	0 0 0 0 0 0 0 0 0 0 0 700 1163 436 25 0 0 0 0 0 0 0 0 0 0 0 0 0 0
1813	sub_1813_0197000.log	DONE exit=20	200	True	77837	0 0 0 0 0 0 0 0 0 0 0 989 1389 547 69 3 0 0 0 0 0 0 0 0 0 0 0 0 0
1813	sub_1813_0197200.log	DONE exit=20	200	True	112632	0 0 0 0 0 0 0 0 0 0 0 1138 2106 1400 304 12 0 0 0 0 0 0 0 0 0 0 0 0 0
1813	sub_1813_0197400.log	DONE exit=20	200	True	140437	0 0 0 0 0 0 0 0 0 0 0 1190 2559 1853 488 34 0 0 0 0 0 0 0 0 0 0 0 0 0
1813	sub_1813_0197600.log	DONE exit=20	200	True	486602	0 0 0 0 0 0 0 0 0 0 0 1497 5144 11234 13143 6609 1519 136 0 0 0 0 0 0 0 0 0 0 0
1813	sub_1813_0197800.log	DONE exit=20	200	True	245382	0 0 0 0 0 0 0 0 0 0 0 993 3355 5463 5422 2382 607 75 1 0 0 0 0 0 0 0 0 0 0
1813	sub_1813_0198000.log	DONE exit=20	200	True	229997	0 0 0 0 0 0 0 0 0 0 0 1229 3851 5071 2578 510 67 6 0 0 0 0 0 0 0 0 0 0 0
1813	sub_1813_0198200.log	DONE exit=20	200	True	149933	0 0 0 0 0 0 0 0 0 0 0 1107 2776 3031 1026 163 17 0 0 0 0 0 0 0 0 0 0 0 0
1813	sub_1813_0198400.log	DONE exit=20	200	True	134721	0 0 0 0 0 0 0 0 0 0 0 1112 2455 2054 689 72 1 0 0 0 0 0 0 0 0 0 0 0 0
1813	sub_1813_0198600.log	DONE exit=20	200	True	181566	0 0 0 0 0 0 0 0 0 0 0 1204 3004 2803 1160 303 3 0 0 0 0 0 0 0 0 0 0 0 0
1813	sub_1813_0198800.log	DONE exit=20	200	True	115191	0 0 0 0 0 0 0 0 0 0 0 857 1879 1807 604 112 4 0 0 0 0 0 0 0 0 0 0 0 0
1813	sub_1813_0199000.log	DONE exit=20	200	True	24961	0 0 0 0 0 0 0 0 0 0 0 379 251 95 14 0 0 0 0 0 0 0 0 0 0 0 0 0 0
1813	sub_1813_0199200.log	DONE exit=20	200	True	69040	0 0 0 0 0 0 0 0 0 0 0 850 1504 778 91 1 0 0 0 0 0 0 0 0 0 0 0 0 0
1813	sub_1813_0199400.log	DONE exit=20	200	True	81444	0 0 0 0 0 0 0 0 0 0 0 943 1473 988 222 4 0 0 0 0 0 0 0 0 0 0 0 0 0
1813	sub_1813_0199600.log	DONE exit=20	200	True	133123	0 0 0 0 0 0 0 0 0 0 0 943 2138 2122 800 67 0 0 0 0 0 0 0 0 0 0 0 0 0
1813	sub_1813_0199800.log	DONE exit=20	200	True	200337	0 0 0 0 0 0 0 0 0 0 0 1243 3397 3276 1437 255 3 0 0 0 0 0 0 0 0 0 0 0 0
1813	sub_1813_0200000.log	DONE exit=20	200	True	336719	0 0 0 0 0 0 0 0 0 0 0 1645 4930 5946 3282 786 74 1 0 0 0 0 0 0 0 0 0 0 0
1813	sub_1813_0200200.log	DONE exit=20	200	True	92171	0 0 0 0 0 0 0 0 0 0 0 995 2123 1430 206 8 0 0 0 0 0 0 0 0 0 0 0 0 0
1813	sub_1813_0200400.log	DONE exit=20	200	True	70721	0 0 0 0 0 0 0 0 0 0 0 791 1460 951 158 7 0 0 0 0 0 0 0 0 0 0 0 0 0
1813	sub_1813_0200600.log	DONE exit=20	200	True	67302	0 0 0 0 0 0 0 0 0 0 0 723 1418 1029 197 13 0 0 0 0 0 0 0 0 0 0 0 0 0
1813	sub_1813_0200800.log	DONE exit=20	200	True	59143	0 0 0 0 0 0 0 0 0 0 0 702 1131 870 240 19 0 0 0 0 0 0 0 0 0 0 0 0 0
1813	sub_1813_0201000.log	DONE exit=20	200	True	130545	0 0 0 0 0 0 0 0 0 0 0 1093 2668 2923 1319 224 30 0 0 0 0 0 0 0 0 0 0 0 0
1813	sub_1813_0201200.log	DONE exit=20	200	True	144788	0 0 0 0 0 0 0 0 0 0 0 1209 2353 2186 762 154 0 0 0 0 0 0 0 0 0 0 0 0 0
1813	sub_1813_0201400.log	DONE exit=20	200	True	299752	0 0 0 0 0 0 0 0 0 0 0 1419 4571 5500 2543 273 21 0 0 0 0 0 0 0 0 0 0 0 0
1813	sub_1813_0201600.log	DONE exit=20	200	True	276495	0 0 0 0 0 0 0 0 0 0 0 1475 4709 4852 2150 362 25 0 0 0 0 0 0 0 0 0 0 0 0
1813	sub_1813_0201800.log	DONE exit=20	200	True	256697	0 0 0 0 0 0 0 0 0 0 0 1096 3029 4918 3244 785 52 2 0 0 0 0 0 0 0 0 0 0 0
1813	sub_1813_0202000.log	DONE exit=20	200	True	166869	0 0 0 0 0 0 0 0 0 0 0 1159 3133 3380 1575 233 20 0 0 0 0 0 0 0 0 0 0 0 0
1813	sub_1813_0202200.log	DONE exit=20	200	True	83907	0 0 0 0 0 0 0 0 0 0 0 744 1354 1220 415 32 0 0 0 0 0 0 0 0 0 0 0 0 0
1813	sub_1813_0202400.log	DONE exit=20	200	True	109624	0 0 0 0 0 0 0 0 0 0 0 876 1903 1724 744 112 6 0 0 0 0 0 0 0 0 0 0 0 0
1813	sub_1813_0202600.log	DONE exit=20	200	True	125755	0 0 0 0 0 0 0 0 0 0 0 1116 2344 1918 735 111 13 0 0 0 0 0 0 0 0 0 0 0 0
1813	sub_1813_0202800.log	DONE exit=20	200	True	139039	0 0 0 0 0 0 0 0 0 0 0 928 2019 2268 1254 289 19 0 0 0 0 0 0 0 0 0 0 0 0
1813	sub_1813_0203000.log	DONE exit=20	200	True	266045	0 0 0 0 0 0 0 0 0 0 0 1480 4446 4957 2507 740 107 0 0 0 0 0 0 0 0 0 0 0 0
1813	sub_1813_0203200.log	DONE exit=20	200	True	3397828	0 0 0 0 0 0 0 0 0 0 0 2448 14913 46040 72794 62026 45584 12666 109 0 0 0 0 0 0 0 0 0 0
1813	sub_1813_0203400.log	DONE exit=20	200	True	135606	0 0 0 0 0 0 0 0 0 0 0 1075 2740 2927 1076 168 7 0 0 0 0 0 0 0 0 0 0 0 0
1813	sub_1813_0203600.log	DONE exit=20	200	True	93149	0 0 0 0 0 0 0 0 0 0 0 914 1923 1680 634 125 1 0 0 0 0 0 0 0 0 0 0 0 0
1813	sub_1813_0203800.log	DONE exit=20	200	True	89777	0 0 0 0 0 0 0 0 0 0 0 655 1334 1265 544 149 23 0 0 0 0 0 0 0 0 0 0 0 0
1813	sub_1813_0204000.log	DONE exit=20	200	True	159381	0 0 0 0 0 0 0 0 0 0 0 1218 3025 2382 672 91 4 0 0 0 0 0 0 0 0 0 0 0 0
1813	sub_1813_0204200.log	DONE exit=20	200	True	280007	0 0 0 0 0 0 0 0 0 0 0 1399 3484 5019 3727 1354 325 15 0 0 0 0 0 0 0 0 0 0 0
1813	sub_1813_0204400.log	DONE exit=20	200	True	129306	0 0 0 0 0 0 0 0 0 0 0 843 1989 2332 1285 257 9 0 0 0 0 0 0 0 0 0 0 0 0
1813	sub_1813_0204600.log	DONE exit=20	200	True	421781	0 0 0 0 0 0 0 0 0 0 0 1725 6569 9755 6097 1724 171 1 0 0 0 0 0 0 0 0 0 0 0
1813	sub_1813_0204800.log	DONE exit=20	200	True	423601	0 0 0 0 0 0 0 0 0 0 0 1654 5858 9377 6563 1891 139 3 0 0 0 0 0 0 0 0 0 0 0
1813	sub_1813_0205000.log	DONE exit=20	200	True	278046	0 0 0 0 0 0 0 0 0 0 0 1359 4619 8560 7225 1015 101 0 0 0 0 0 0 0 0 0 0 0 0
1813	sub_1813_0205200.log	DONE exit=20	200	True	176507	0 0 0 0 0 0 0 0 0 0 0 1137 3014 2978 1359 126 0 0 0 0 0 0 0 0 0 0 0 0 0
1813	sub_1813_0205400.log	DONE exit=20	200	True	183806	0 0 0 0 0 0 0 0 0 0 0 1194 3243 4434 2735 583 52 2 0 0 0 0 0 0 0 0 0 0 0
1813	sub_1813_0205600.log	DONE exit=20	200	True	82564	0 0 0 0 0 0 0 0 0 0 0 818 1491 1460 349 19 0 0 0 0 0 0 0 0 0 0 0 0 0
1813	sub_1813_0205800.log	DONE exit=20	200	True	49288	0 0 0 0 0 0 0 0 0 0 0 657 902 511 102 4 1 0 0 0 0 0 0 0 0 0 0 0 0
1813	sub_1813_0206000.log	DONE exit=20	200	True	133127	0 0 0 0 0 0 0 0 0 0 0 1135 2520 2575 1410 401 27 0 0 0 0 0 0 0 0 0 0 0 0
1813	sub_1813_0206200.log	DONE exit=20	200	True	123561	0 0 0 0 0 0 0 0 0 0 0 956 2150 2546 1645 438 17 0 0 0 0 0 0 0 0 0 0 0 0
1813	sub_1813_0206400.log	DONE exit=20	200	True	66496	0 0 0 0 0 0 0 0 0 0 0 679 1132 1001 268 11 0 0 0 0 0 0 0 0 0 0 0 0 0
1813	sub_1813_0206600.log	DONE exit=20	200	True	74324	0 0 0 0 0 0 0 0 0 0 0 779 1468 1193 364 49 1 0 0 0 0 0 0 0 0 0 0 0 0
1813	sub_1813_0206800.log	DONE exit=20	200	True	51680	0 0 0 0 0 0 0 0 0 0 0 776 1149 550 86 1 0 0 0 0 0 0 0 0 0 0 0 0 0
1813	sub_1813_0207000.log	DONE exit=20	200	True	159647	0 0 0 0 0 0 0 0 0 0 0 1068 2852 3777 2768 1010 143 3 0 0 0 0 0 0 0 0 0 0 0
1813	sub_1813_0207200.log	DONE exit=20	200	True	194764	0 0 0 0 0 0 0 0 0 0 0 1240 3457 4798 2727 578 49 0 0 0 0 0 0 0 0 0 0 0 0
1813	sub_1813_0207400.log	DONE exit=20	200	True	89998	0 0 0 0 0 0 0 0 0 0 0 774 1494 1197 383 28 0 0 0 0 0 0 0 0 0 0 0 0 0
1813	sub_1813_0207600.log	DONE exit=20	200	True	170741	0 0 0 0 0 0 0 0 0 0 0 1194 3200 3771 2083 511 55 2 0 0 0 0 0 0 0 0 0 0 0
1813	sub_1813_0207800.log	DONE exit=20	200	True	156886	0 0 0 0 0 0 0 0 0 0 0 1242 3224 3989 2800 939 127 3 0 0 0 0 0 0 0 0 0 0 0
1813	sub_1813_0208000.log	DONE exit=20	200	True	138610	0 0 0 0 0 0 0 0 0 0 0 1031 2457 3008 2151 808 126 4 0 0 0 0 0 0 0 0 0 0 0
1813	sub_1813_0208200.log	DONE exit=20	200	True	114944	0 0 0 0 0 0 0 0 0 0 0 1062 2418 2473 1388 343 12 0 0 0 0 0 0 0 0 0 0 0 0
1813	sub_1813_0208400.log	DONE exit=20	200	True	113691	0 0 0 0 0 0 0 0 0 0 0 902 2044 2463 1458 388 21 0 0 0 0 0 0 0 0 0 0 0 0
1813	sub_1813_0208600.log	DONE exit=20	200	True	312228	0 0 0 0 0 0 0 0 0 0 0 1423 5120 8735 6542 2221 215 7 0 0 0 0 0 0 0 0 0 0 0
1813	sub_1813_0208800.log	DONE exit=20	200	True	134363	0 0 0 0 0 0 0 0 0 0 0 984 2270 2578 1599 461 22 0 0 0 0 0 0 0 0 0 0 0 0
1813	sub_1813_0209000.log	DONE exit=20	200	True	286968	0 0 0 0 0 0 0 0 0 0 0 1338 4493 7368 5821 2200 331 26 1 0 0 0 0 0 0 0 0 0 0
1813	sub_1813_0209200.log	DONE exit=20	200	True	260613	0 0 0 0 0 0 0 0 0 0 0 1409 3628 4534 2294 486 36 1 0 0 0 0 0 0 0 0 0 0 0
1813	sub_1813_0209400.log	DONE exit=20	200	True	641294	0 0 0 0 0 0 0 0 0 0 0 1134 4088 9117 12060 3389 48 2 0 0 0 0 0 0 0 0 0 0 0
1813	sub_1813_0209600.log	DONE exit=20	200	True	990738	0 0 0 0 0 0 0 0 0 0 0 1562 6969 15659 19486 7056 554 18 0 0 0 0 0 0 0 0 0 0 0
1813	sub_1813_0209800.log	DONE exit=20	200	True	286841	0 0 0 0 0 0 0 0 0 0 0 1670 5367 7553 4583 1156 132 1 0 0 0 0 0 0 0 0 0 0 0
1813	sub_1813_0210000.log	DONE exit=20	200	True	202404	0 0 0 0 0 0 0 0 0 0 0 1025 2789 4547 3887 1435 44 0 0 0 0 0 0 0 0 0 0 0 0
1813	sub_1813_0210200.log	DONE exit=20	200	True	108434	0 0 0 0 0 0 0 0 0 0 0 889 1880 1737 780 222 10 0 0 0 0 0 0 0 0 0 0 0 0
1813	sub_1813_0210400.log	DONE exit=20	200	True	118773	0 0 0 0 0 0 0 0 0 0 0 727 1726 2254 1233 427 106 0 0 0 0 0 0 0 0 0 0 0 0
1813	sub_1813_0210600.log	DONE exit=20	200	True	87341	0 0 0 0 0 0 0 0 0 0 0 1017 2052 1899 936 362 75 0 0 0 0 0 0 0 0 0 0 0 0
1813	sub_1813_0210800.log	DONE exit=20	200	True	145654	0 0 0 0 0 0 0 0 0 0 0 1082 3147 3971 2132 785 99 0 0 0 0 0 0 0 0 0 0 0 0
1813	sub_1813_0211000.log	DONE exit=20	200	True	88872	0 0 0 0 0 0 0 0 0 0 0 834 1860 1834 522 52 4 0 0 0 0 0 0 0 0 0 0 0 0
1813	sub_1813_0211200.log	DONE exit=20	200	True	199049	0 0 0 0 0 0 0 0 0 0 0 1138 3609 5833 4162 1262 139 2 0 0 0 0 0 0 0 0 0 0 0
1813	sub_1813_0211400.log	DONE exit=20	200	True	164386	0 0 0 0 0 0 0 0 0 0 0 1230 3071 3778 2667 912 83 1 0 0 0 0 0 0 0 0 0 0 0
1813	sub_1813_0211600.log	DONE exit=20	200	True	175556	0 0 0 0 0 0 0 0 0 0 0 962 3031 4956 3669 1284 188 13 0 0 0 0 0 0 0 0 0 0 0
1813	sub_1813_0211800.log	DONE exit=20	200	True	144539	0 0 0 0 0 0 0 0 0 0 0 983 2318 2621 1419 400 70 0 0 0 0 0 0 0 0 0 0 0 0
1813	sub_1813_0212000.log	DONE exit=20	200	True	138258	0 0 0 0 0 0 0 0 0 0 0 1011 2364 2602 1349 293 27 0 0 0 0 0 0 0 0 0 0 0 0
1813	sub_1813_0212200.log	DONE exit=20	200	True	214651	0 0 0 0 0 0 0 0 0 0 0 1280 3570 4303 2400 714 113 5 0 0 0 0 0 0 0 0 0 0 0
1813	sub_1813_0212400.log	DONE exit=20	200	True	208607	0 0 0 0 0 0 0 0 0 0 0 1287 3595 4013 1676 247 3 0 0 0 0 0 0 0 0 0 0 0 0
1813	sub_1813_0212600.log	DONE exit=20	200	True	128110	0 0 0 0 0 0 0 0 0 0 0 941 2241 2363 1129 255 33 0 0 0 0 0 0 0 0 0 0 0 0
1813	sub_1813_0212800.log	DONE exit=20	200	True	516937	0 0 0 0 0 0 0 0 0 0 0 1634 6041 11061 10115 4676 921 57 0 0 0 0 0 0 0 0 0 0 0
1813	sub_1813_0213000.log	DONE exit=20	200	True	300701	0 0 0 0 0 0 0 0 0 0 0 1131 3398 5952 6009 2846 507 31 0 0 0 0 0 0 0 0 0 0 0
1813	sub_1813_0213200.log	DONE exit=20	200	True	109687	0 0 0 0 0 0 0 0 0 0 0 975 2050 1901 783 167 6 0 0 0 0 0 0 0 0 0 0 0 0
1813	sub_1813_0213400.log	DONE exit=20	200	True	202302	0 0 0 0 0 0 0 0 0 0 0 1264 3664 4570 2635 707 47 0 0 0 0 0 0 0 0 0 0 0 0
1813	sub_1813_0213600.log	DONE exit=20	200	True	359602	0 0 0 0 0 0 0 0 0 0 0 1544 5638 9571 7885 3055 512 9 0 0 0 0 0 0 0 0 0 0 0
1813	sub_1813_0213800.log	DONE exit=20	200	True	95530	0 0 0 0 0 0 0 0 0 0 0 880 1853 1408 412 68 2 0 0 0 0 0 0 0 0 0 0 0 0
1813	sub_1813_0214000.log	DONE exit=20	200	True	197920	0 0 0 0 0 0 0 0 0 0 0 1136 2919 3698 1737 421 29 0 0 0 0 0 0 0 0 0 0 0 0
1813	sub_1813_0214200.log	DONE exit=20	200	True	619993	0 0 0 0 0 0 0 0 0 0 0 1832 7738 16564 17658 10094 2870 224 2 0 0 0 0 0 0 0 0 0 0
1813	sub_1813_0214400.log	DONE exit=20	200	True	281595	0 0 0 0 0 0 0 0 0 0 0 1216 4083 6093 5689 2747 639 29 1 0 0 0 0 0 0 0 0 0 0
1813	sub_1813_0214600.log	DONE exit=20	200	True	512678	0 0 0 0 0 0 0 0 0 0 0 1717 7027 13907 14046 7449 2226 219 2 0 0 0 0 0 0 0 0 0 0
1813	sub_1813_0214800.log	DONE exit=20	200	True	224643	0 0 0 0 0 0 0 0 0 0 0 1124 3149 4139 2848 1051 202 20 0 0 0 0 0 0 0 0 0 0 0
1813	sub_1813_0215000.log	DONE exit=20	200	True	144297	0 0 0 0 0 0 0 0 0 0 0 896 2176 2567 1304 341 24 0 0 0 0 0 0 0 0 0 0 0 0
1813	sub_1813_0215200.log	DONE exit=20	200	True	75051	0 0 0 0 0 0 0 0 0 0 0 758 1481 1208 399 62 3 0 0 0 0 0 0 0 0 0 0 0 0
1813	sub_1813_0215400.log	DONE exit=20	200	True	110917	0 0 0 0 0 0 0 0 0 0 0 882 2038 2382 1441 396 38 0 0 0 0 0 0 0 0 0 0 0 0
1813	sub_1813_0215600.log	DONE exit=20	200	True	125014	0 0 0 0 0 0 0 0 0 0 0 829 1724 2140 1311 284 6 0 0 0 0 0 0 0 0 0 0 0 0
1813	sub_1813_0215800.log	DONE exit=20	200	True	107581	0 0 0 0 0 0 0 0 0 0 0 1002 2225 1897 604 51 2 0 0 0 0 0 0 0 0 0 0 0 0
1813	sub_1813_0216000.log	DONE exit=20	200	True	86470	0 0 0 0 0 0 0 0 0 0 0 887 1720 1422 534 95 10 0 0 0 0 0 0 0 0 0 0 0 0
1813	sub_1813_0216200.log	DONE exit=20	200	True	102074	0 0 0 0 0 0 0 0 0 0 0 944 2117 1990 869 134 3 0 0 0 0 0 0 0 0 0 0 0 0
1813	sub_1813_0216400.log	DONE exit=20	200	True	116576	0 0 0 0 0 0 0 0 0 0 0 949 2337 2785 1357 192 12 0 0 0 0 0 0 0 0 0 0 0 0
1813	sub_1813_0216600.log	DONE exit=20	200	True	263791	0 0 0 0 0 0 0 0 0 0 0 1303 4143 6486 4058 943 70 0 0 0 0 0 0 0 0 0 0 0 0
1813	sub_1813_0216800.log	DONE exit=20	200	True	510525	0 0 0 0 0 0 0 0 0 0 0 1298 4318 8703 10636 3397 145 20 2 0 0 0 0 0 0 0 0 0 0
1813	sub_1813_0217000.log	DONE exit=20	200	True	178544	0 0 0 0 0 0 0 0 0 0 0 1207 3460 4114 2417 781 85 5 0 0 0 0 0 0 0 0 0 0 0
1813	sub_1813_0217200.log	DONE exit=20	200	True	112804	0 0 0 0 0 0 0 0 0 0 0 1065 2471 2397 821 87 2 0 0 0 0 0 0 0 0 0 0 0 0
1813	sub_1813_0217400.log	DONE exit=20	200	True	156728	0 0 0 0 0 0 0 0 0 0 0 1112 2939 3754 2545 879 157 0 0 0 0 0 0 0 0 0 0 0 0
1813	sub_1813_0217600.log	DONE exit=20	200	True	240485	0 0 0 0 0 0 0 0 0 0 0 1051 2995 5082 4501 2346 803 164 2 0 0 0 0 0 0 0 0 0 0
1813	sub_1813_0217800.log	DONE exit=20	200	True	858974	0 0 0 0 0 0 0 0 0 0 0 1866 8637 19332 21857 11224 2787 168 5 0 0 0 0 0 0 0 0 0 0
1813	sub_1813_0218000.log	DONE exit=20	200	True	223190	0 0 0 0 0 0 0 0 0 0 0 1059 3084 5121 4383 1830 404 13 0 0 0 0 0 0 0 0 0 0 0
1813	sub_1813_0218200.log	DONE exit=20	200	True	147842	0 0 0 0 0 0 0 0 0 0 0 953 2685 3494 2098 526 63 2 0 0 0 0 0 0 0 0 0 0 0
1813	sub_1813_0218400.log	DONE exit=20	200	True	183476	0 0 0 0 0 0 0 0 0 0 0 1074 2886 3780 2652 967 219 0 0 0 0 0 0 0 0 0 0 0 0
1813	sub_1813_0218600.log	DONE exit=20	200	True	958249	0 0 0 0 0 0 0 0 0 0 0 1814 8419 20267 25482 12706 3232 375 3 0 0 0 0 0 0 0 0 0 0
1813	sub_1813_0218800.log	DONE exit=20	200	True	278574	0 0 0 0 0 0 0 0 0 0 0 1247 3873 5978 4142 1219 45 1 0 0 0 0 0 0 0 0 0 0 0
1813	sub_1813_0219000.log	DONE exit=20	200	True	220209	0 0 0 0 0 0 0 0 0 0 0 1011 3227 5847 5228 2074 410 14 0 0 0 0 0 0 0 0 0 0 0
1813	sub_1813_0219200.log	DONE exit=20	200	True	119308	0 0 0 0 0 0 0 0 0 0 0 1155 2635 2283 817 104 0 0 0 0 0 0 0 0 0 0 0 0 0
1813	sub_1813_0219400.log	DONE exit=20	200	True	115737	0 0 0 0 0 0 0 0 0 0 0 875 1938 2239 1320 508 108 0 0 0 0 0 0 0 0 0 0 0 0
1813	sub_1813_0219600.log	DONE exit=20	200	True	553302	0 0 0 0 0 0 0 0 0 0 0 993 2333 3562 3777 3389 692 0 0 0 0 0 0 0 0 0 0 0 0
1813	sub_1813_0219800.log	DONE exit=20	200	True	374915	0 0 0 0 0 0 0 0 0 0 0 779 2086 2630 2745 1642 6 0 0 0 0 0 0 0 0 0 0 0 0
1813	sub_1813_0220000.log	DONE exit=20	200	True	311435	0 0 0 0 0 0 0 0 0 0 0 802 1862 2428 1990 1063 2 0 0 0 0 0 0 0 0 0 0 0 0
1813	sub_1813_0220200.log	DONE exit=20	200	True	754457	0 0 0 0 0 0 0 0 0 0 0 966 2719 4894 6875 6164 1600 99 0 0 0 0 0 0 0 0 0 0 0
1813	sub_1813_0220400.log	DONE exit=20	200	True	806963	0 0 0 0 0 0 0 0 0 0 0 884 2835 5343 7262 5623 1561 15 0 0 0 0 0 0 0 0 0 0 0
1813	sub_1813_0220600.log	DONE exit=20	200	True	4093377	0 0 0 0 0 0 0 0 0 0 0 1378 5453 12662 19994 31627 37872 18470 771 1 0 0 0 0 0 0 0 0 0
1813	sub_1813_0220800.log	DONE exit=20	200	True	746249	0 0 0 0 0 0 0 0 0 0 0 1030 2764 5012 6999 5879 1751 105 0 0 0 0 0 0 0 0 0 0 0
1813	sub_1813_0221000.log	DONE exit=20	200	True	144492	0 0 0 0 0 0 0 0 0 0 0 765 1750 2517 1973 791 77 1 0 0 0 0 0 0 0 0 0 0 0
1813	sub_1813_0221200.log	DONE exit=20	200	True	369230	0 0 0 0 0 0 0 0 0 0 0 802 2082 3389 3981 2453 257 0 0 0 0 0 0 0 0 0 0 0 0
1813	sub_1813_0221400.log	DONE exit=20	200	True	434811	0 0 0 0 0 0 0 0 0 0 0 897 1799 2807 3519 2902 225 0 0 0 0 0 0 0 0 0 0 0 0
1813	sub_1813_0221600.log	DONE exit=20	200	True	426672	0 0 0 0 0 0 0 0 0 0 0 767 1887 3094 3598 2345 194 0 0 0 0 0 0 0 0 0 0 0 0
1813	sub_1813_0221800.log	DONE exit=20	200	True	2779139	0 0 0 0 0 0 0 0 0 0 0 1215 4670 12657 23594 25228 17176 3763 33 1 0 0 0 0 0 0 0 0 0
1813	sub_1813_0222000.log	DONE exit=20	200	True	167952	0 0 0 0 0 0 0 0 0 0 0 933 2142 2500 1531 354 37 2 0 0 0 0 0 0 0 0 0 0 0
1813	sub_1813_0222200.log	DONE exit=20	200	True	419135	0 0 0 0 0 0 0 0 0 0 0 924 2344 4095 4332 2656 297 1 0 0 0 0 0 0 0 0 0 0 0
1813	sub_1813_0222400.log	DONE exit=20	200	True	43329	0 0 0 0 0 0 0 0 0 0 0 493 648 304 25 0 0 0 0 0 0 0 0 0 0 0 0 0 0
1813	sub_1813_0222600.log	DONE exit=20	200	True	237477	0 0 0 0 0 0 0 0 0 0 0 498 1202 1506 1364 818 0 0 0 0 0 0 0 0 0 0 0 0 0
1813	sub_1813_0222800.log	DONE exit=20	200	True	9416514	0 0 0 0 0 0 0 0 0 0 0 1556 6841 20332 44929 80771 104361 58479 10830 8099 2255 0 0 0 0 0 0 0 0
1813	sub_1813_0223000.log	DONE exit=20	200	True	2210076	0 0 0 0 0 0 0 0 0 0 0 1273 4368 9815 13907 14522 17122 6689 76 0 0 0 0 0 0 0 0 0 0
1813	sub_1813_0223200.log	DONE exit=20	200	True	8462279	0 0 0 0 0 0 0 0 0 0 0 1695 7778 21023 39244 61859 81439 37921 232 0 0 0 0 0 0 0 0 0 0
1813	sub_1813_0223400.log	DONE exit=20	200	True	1520109	0 0 0 0 0 0 0 0 0 0 0 630 1230 2391 5538 11801 17048 8701 4 0 0 0 0 0 0 0 0 0 0
1813	sub_1813_0223600.log	DONE exit=20	200	True	392970	0 0 0 0 0 0 0 0 0 0 0 811 1787 3036 3454 2406 362 0 0 0 0 0 0 0 0 0 0 0 0
1813	sub_1813_0223800.log	DONE exit=20	200	True	75243	0 0 0 0 0 0 0 0 0 0 0 649 848 567 88 30 0 0 0 0 0 0 0 0 0 0 0 0 0
1813	sub_1813_0224000.log	DONE exit=20	200	True	500048	0 0 0 0 0 0 0 0 0 0 0 718 1639 3049 4418 2750 12 0 0 0 0 0 0 0 0 0 0 0 0
1813	sub_1813_0224200.log	DONE exit=20	200	True	372145	0 0 0 0 0 0 0 0 0 0 0 803 1775 2530 2717 2316 713 0 0 0 0 0 0 0 0 0 0 0 0
1813	sub_1813_0224400.log	DONE exit=20	200	True	1060416	0 0 0 0 0 0 0 0 0 0 0 1049 3135 6736 10578 8512 1588 12 0 0 0 0 0 0 0 0 0 0 0
1813	sub_1813_0224600.log	DONE exit=20	200	True	480977	0 0 0 0 0 0 0 0 0 0 0 798 1930 3440 4977 2758 179 0 0 0 0 0 0 0 0 0 0 0 0
1813	sub_1813_0224800.log	DONE exit=20	200	True	769803	0 0 0 0 0 0 0 0 0 0 0 990 2309 4418 6877 6192 1843 6 0 0 0 0 0 0 0 0 0 0 0
1813	sub_1813_0225000.log	DONE exit=20	200	True	547902	0 0 0 0 0 0 0 0 0 0 0 895 2144 3711 5134 3494 211 0 0 0 0 0 0 0 0 0 0 0 0
1813	sub_1813_0225200.log	DONE exit=20	200	True	1435224	0 0 0 0 0 0 0 0 0 0 0 998 2919 7886 14949 11123 443 0 0 0 0 0 0 0 0 0 0 0 0
1813	sub_1813_0225400.log	DONE exit=20	200	True	207362	0 0 0 0 0 0 0 0 0 0 0 1009 2655 3661 2563 811 61 0 0 0 0 0 0 0 0 0 0 0 0
1813	sub_1813_0225600.log	DONE exit=20	200	True	133984	0 0 0 0 0 0 0 0 0 0 0 873 2083 2486 1375 180 1 0 0 0 0 0 0 0 0 0 0 0 0
1813	sub_1813_0225800.log	DONE exit=20	200	True	801625	0 0 0 0 0 0 0 0 0 0 0 1086 3096 5801 7662 5447 481 0 0 0 0 0 0 0 0 0 0 0 0
1813	sub_1813_0226000.log	DONE exit=20	200	True	172748	0 0 0 0 0 0 0 0 0 0 0 795 1669 1678 720 240 0 0 0 0 0 0 0 0 0 0 0 0 0
1813	sub_1813_0226200.log	DONE exit=20	200	True	3269574	0 0 0 0 0 0 0 0 0 0 0 1399 5446 14243 26125 28942 18937 3857 46 1 0 0 0 0 0 0 0 0 0
1813	sub_1813_0226400.log	DONE exit=20	200	True	557426	0 0 0 0 0 0 0 0 0 0 0 1027 2789 4113 4400 3949 1346 4 0 0 0 0 0 0 0 0 0 0 0
1813	sub_1813_0226600.log	DONE exit=20	200	True	1276910	0 0 0 0 0 0 0 0 0 0 0 919 2844 6774 11905 9515 1771 6 0 0 0 0 0 0 0 0 0 0 0
1813	sub_1813_0226800.log	DONE exit=20	200	True	885682	0 0 0 0 0 0 0 0 0 0 0 824 2245 5404 9591 6700 624 0 0 0 0 0 0 0 0 0 0 0 0
1813	sub_1813_0227000.log	DONE exit=20	200	True	167129	0 0 0 0 0 0 0 0 0 0 0 976 2035 1848 872 281 0 0 0 0 0 0 0 0 0 0 0 0 0
1813	sub_1813_0227200.log	DONE exit=20	200	True	37410	0 0 0 0 0 0 0 0 0 0 0 603 718 146 8 0 0 0 0 0 0 0 0 0 0 0 0 0 0
1813	sub_1813_0227400.log	DONE exit=20	200	True	118109	0 0 0 0 0 0 0 0 0 0 0 1016 1970 1703 941 395 94 3 0 0 0 0 0 0 0 0 0 0 0
1813	sub_1813_0227600.log	DONE exit=20	200	True	77806	0 0 0 0 0 0 0 0 0 0 0 842 1482 1103 319 12 0 0 0 0 0 0 0 0 0 0 0 0 0
1813	sub_1813_0227800.log	DONE exit=20	200	True	49341	0 0 0 0 0 0 0 0 0 0 0 568 781 582 174 46 0 0 0 0 0 0 0 0 0 0 0 0 0
1813	sub_1813_0228000.log	DONE exit=20	200	True	55447	0 0 0 0 0 0 0 0 0 0 0 516 803 659 286 105 0 0 0 0 0 0 0 0 0 0 0 0 0
1813	sub_1813_0228200.log	DONE exit=20	200	True	54758	0 0 0 0 0 0 0 0 0 0 0 629 948 859 325 36 0 0 0 0 0 0 0 0 0 0 0 0 0
1813	sub_1813_0228400.log	DONE exit=20	200	True	192158	0 0 0 0 0 0 0 0 0 0 0 839 1881 2900 2725 1242 411 61 0 0 0 0 0 0 0 0 0 0 0
1813	sub_1813_0228600.log	DONE exit=20	200	True	192023	0 0 0 0 0 0 0 0 0 0 0 1090 2504 2955 2153 648 42 0 0 0 0 0 0 0 0 0 0 0 0
1813	sub_1813_0228800.log	DONE exit=20	200	True	35443	0 0 0 0 0 0 0 0 0 0 0 599 601 136 14 0 0 0 0 0 0 0 0 0 0 0 0 0 0
1813	sub_1813_0229000.log	DONE exit=20	200	True	56652	0 0 0 0 0 0 0 0 0 0 0 567 846 929 589 164 17 0 0 0 0 0 0 0 0 0 0 0 0
1813	sub_1813_0229200.log	DONE exit=20	200	True	84625	0 0 0 0 0 0 0 0 0 0 0 690 1188 1180 694 173 9 0 0 0 0 0 0 0 0 0 0 0 0
1813	sub_1813_0229400.log	DONE exit=20	200	True	186102	0 0 0 0 0 0 0 0 0 0 0 1002 2536 3221 1755 539 191 2 0 0 0 0 0 0 0 0 0 0 0
1813	sub_1813_0229600.log	DONE exit=20	200	True	99012	0 0 0 0 0 0 0 0 0 0 0 794 1485 1576 828 88 0 0 0 0 0 0 0 0 0 0 0 0 0
1813	sub_1813_0229800.log	DONE exit=20	200	True	58817	0 0 0 0 0 0 0 0 0 0 0 603 864 486 190 39 0 0 0 0 0 0 0 0 0 0 0 0 0
1813	sub_1813_0230000.log	DONE exit=20	200	True	57900	0 0 0 0 0 0 0 0 0 0 0 550 848 645 198 7 0 0 0 0 0 0 0 0 0 0 0 0 0
1813	sub_1813_0230200.log	DONE exit=20	200	True	30029	0 0 0 0 0 0 0 0 0 0 0 352 293 54 1 0 0 0 0 0 0 0 0 0 0 0 0 0 0
1813	sub_1813_0230400.log	DONE exit=20	200	True	346039	0 0 0 0 0 0 0 0 0 0 0 848 2175 3041 2913 1502 182 6 0 0 0 0 0 0 0 0 0 0 0
1813	sub_1813_0230600.log	DONE exit=20	200	True	51946	0 0 0 0 0 0 0 0 0 0 0 567 792 662 264 42 3 0 0 0 0 0 0 0 0 0 0 0 0
1813	sub_1813_0230800.log	DONE exit=20	200	True	87799	0 0 0 0 0 0 0 0 0 0 0 816 1470 1259 410 19 0 0 0 0 0 0 0 0 0 0 0 0 0
1813	sub_1813_0231000.log	DONE exit=20	200	True	32960	0 0 0 0 0 0 0 0 0 0 0 381 371 200 48 2 0 0 0 0 0 0 0 0 0 0 0 0 0
1813	sub_1813_0231200.log	DONE exit=20	200	True	53556	0 0 0 0 0 0 0 0 0 0 0 562 778 448 99 7 0 0 0 0 0 0 0 0 0 0 0 0 0
1813	sub_1813_0231400.log	DONE exit=20	200	True	38507	0 0 0 0 0 0 0 0 0 0 0 517 537 155 13 0 0 0 0 0 0 0 0 0 0 0 0 0 0
1813	sub_1813_0231600.log	DONE exit=20	200	True	37477	0 0 0 0 0 0 0 0 0 0 0 529 473 170 13 0 0 0 0 0 0 0 0 0 0 0 0 0 0
1813	sub_1813_0231800.log	DONE exit=20	200	True	27557	0 0 0 0 0 0 0 0 0 0 0 436 350 125 20 0 0 0 0 0 0 0 0 0 0 0 0 0 0
1813	sub_1813_0232000.log	DONE exit=20	200	True	38060	0 0 0 0 0 0 0 0 0 0 0 483 461 185 36 1 0 0 0 0 0 0 0 0 0 0 0 0 0
1813	sub_1813_0232200.log	DONE exit=20	200	True	32180	0 0 0 0 0 0 0 0 0 0 0 465 424 117 10 0 0 0 0 0 0 0 0 0 0 0 0 0 0
1813	sub_1813_0232400.log	DONE exit=20	200	True	59077	0 0 0 0 0 0 0 0 0 0 0 679 1025 658 140 8 0 0 0 0 0 0 0 0 0 0 0 0 0
1813	sub_1813_0232600.log	DONE exit=20	200	True	119827	0 0 0 0 0 0 0 0 0 0 0 909 2013 1932 735 73 0 0 0 0 0 0 0 0 0 0 0 0 0
1813	sub_1813_0232800.log	DONE exit=20	200	True	26407	0 0 0 0 0 0 0 0 0 0 0 304 226 71 11 1 0 0 0 0 0 0 0 0 0 0 0 0 0
1813	sub_1813_0233000.log	DONE exit=20	200	True	32282	0 0 0 0 0 0 0 0 0 0 0 376 410 189 24 1 0 0 0 0 0 0 0 0 0 0 0 0 0
1813	sub_1813_0233200.log	DONE exit=20	200	True	83977	0 0 0 0 0 0 0 0 0 0 0 778 1455 1089 331 27 0 0 0 0 0 0 0 0 0 0 0 0 0
1813	sub_1813_0233400.log	DONE exit=20	200	True	39339	0 0 0 0 0 0 0 0 0 0 0 490 580 187 1 0 0 0 0 0 0 0 0 0 0 0 0 0 0
1813	sub_1813_0233600.log	DONE exit=20	200	True	120004	0 0 0 0 0 0 0 0 0 0 0 618 1003 873 199 8 0 0 0 0 0 0 0 0 0 0 0 0 0
1813	sub_1813_0233800.log	DONE exit=20	200	True	58289	0 0 0 0 0 0 0 0 0 0 0 461 454 235 23 4 0 0 0 0 0 0 0 0 0 0 0 0 0
1813	sub_1813_0234000.log	DONE exit=20	200	True	270709	0 0 0 0 0 0 0 0 0 0 0 859 1624 1969 1342 774 95 3 0 0 0 0 0 0 0 0 0 0 0
1813	sub_1813_0234200.log	DONE exit=20	200	True	214723	0 0 0 0 0 0 0 0 0 0 0 765 1424 1700 1098 571 74 1 0 0 0 0 0 0 0 0 0 0 0
1813	sub_1813_0234400.log	DONE exit=20	200	True	167409	0 0 0 0 0 0 0 0 0 0 0 618 953 1240 977 579 70 1 0 0 0 0 0 0 0 0 0 0 0
1813	sub_1813_0234600.log	DONE exit=20	200	True	332581	0 0 0 0 0 0 0 0 0 0 0 772 1631 3002 2384 392 0 0 0 0 0 0 0 0 0 0 0 0 0
1813	sub_1813_0234800.log	DONE exit=20	200	True	1000991	0 0 0 0 0 0 0 0 0 0 0 891 2587 5944 9342 8209 2596 22 0 0 0 0 0 0 0 0 0 0 0
1813	sub_1813_0235000.log	DONE exit=20	200	True	225800	0 0 0 0 0 0 0 0 0 0 0 701 1161 1619 1497 631 0 0 0 0 0 0 0 0 0 0 0 0 0
1813	sub_1813_0235200.log	DONE exit=20	200	True	849603	0 0 0 0 0 0 0 0 0 0 0 818 2226 5605 8613 6737 2758 47 0 0 0 0 0 0 0 0 0 0 0
1813	sub_1813_0235400.log	DONE exit=20	200	True	83455	0 0 0 0 0 0 0 0 0 0 0 593 884 577 99 18 0 0 0 0 0 0 0 0 0 0 0 0 0
1813	sub_1813_0235600.log	DONE exit=20	200	True	816259	0 0 0 0 0 0 0 0 0 0 0 969 2775 6657 9405 6058 1704 9 0 0 0 0 0 0 0 0 0 0 0
1813	sub_1813_0235800.log	DONE exit=20	200	True	232948	0 0 0 0 0 0 0 0 0 0 0 808 1437 1658 1464 667 0 0 0 0 0 0 0 0 0 0 0 0 0
1813	sub_1813_0236000.log	DONE exit=20	200	True	525225	0 0 0 0 0 0 0 0 0 0 0 735 1759 2961 4762 3100 145 0 0 0 0 0 0 0 0 0 0 0 0
1813	sub_1813_0236200.log	DONE exit=20	200	True	255852	0 0 0 0 0 0 0 0 0 0 0 983 2197 2817 2126 861 46 0 0 0 0 0 0 0 0 0 0 0 0
1813	sub_1813_0236400.log	DONE exit=20	200	True	1472476	0 0 0 0 0 0 0 0 0 0 0 1006 3248 8010 14162 12826 5323 155 8 0 0 0 0 0 0 0 0 0 0
1813	sub_1813_0236600.log	DONE exit=20	200	True	15140534	0 0 0 0 0 0 0 0 0 0 0 1640 7203 21852 51648 109715 166945 136550 62957 28181 6896 0 0 0 0 0 0 0 0
1813	sub_1813_0236800.log	DONE exit=20	200	True	753844	0 0 0 0 0 0 0 0 0 0 0 1173 3495 5797 7599 5653 1665 101 0 0 0 0 0 0 0 0 0 0 0
1813	sub_1813_0237000.log	DONE exit=20	200	True	191690	0 0 0 0 0 0 0 0 0 0 0 1049 2468 2457 1262 422 33 0 0 0 0 0 0 0 0 0 0 0 0
1813	sub_1813_0237200.log	DONE exit=20	200	True	324400	0 0 0 0 0 0 0 0 0 0 0 1360 4250 6509 4616 1439 323 40 0 0 0 0 0 0 0 0 0 0 0
1813	sub_1813_0237400.log	DONE exit=20	200	True	496015	0 0 0 0 0 0 0 0 0 0 0 1548 5382 9128 8512 3875 942 86 0 0 0 0 0 0 0 0 0 0 0
1813	sub_1813_0237600.log	DONE exit=20	200	True	356096	0 0 0 0 0 0 0 0 0 0 0 1232 3976 6499 5718 2305 524 46 0 0 0 0 0 0 0 0 0 0 0
1813	sub_1813_0237800.log	DONE exit=20	200	True	93339	0 0 0 0 0 0 0 0 0 0 0 724 1372 1658 813 157 33 4 0 0 0 0 0 0 0 0 0 0 0
1813	sub_1813_0238000.log	DONE exit=20	200	True	625131	0 0 0 0 0 0 0 0 0 0 0 695 1985 4383 6239 3784 206 0 0 0 0 0 0 0 0 0 0 0 0
1813	sub_1813_0238200.log	DONE exit=20	200	True	382369	0 0 0 0 0 0 0 0 0 0 0 1319 4228 5472 3184 344 7 0 0 0 0 0 0 0 0 0 0 0 0
1813	sub_1813_0238400.log	DONE exit=20	200	True	1848167	0 0 0 0 0 0 0 0 0 0 0 1596 5894 13088 17822 15544 11164 3629 27 8 0 0 0 0 0 0 0 0 0
1813	sub_1813_0238600.log	DONE exit=20	200	True	5647113	0 0 0 0 0 0 0 0 0 0 0 1762 7193 18994 33224 44380 50855 54332 12509 5081 876 0 0 0 0 0 0 0 0
1813	sub_1813_0238800.log	DONE exit=20	200	True	1638458	0 0 0 0 0 0 0 0 0 0 0 1557 5102 10557 14903 14001 10999 3610 23 1 0 0 0 0 0 0 0 0 0
1813	sub_1813_0239000.log	DONE exit=20	200	True	10669211	0 0 0 0 0 0 0 0 0 0 0 1973 9537 27477 56400 84851 92112 79423 21099 8611 1720 0 0 0 0 0 0 0 0
1813	sub_1813_0239200.log	DONE exit=20	200	True	7397627	0 0 0 0 0 0 0 0 0 0 0 2125 11311 28357 49710 67897 56854 16068 3120 1375 428 0 0 0 0 0 0 0 0
1813	sub_1813_0239400.log	DONE exit=20	200	True	97375451	0 0 0 0 0 0 0 0 0 0 0 3436 24325 85923 223341 528698 1065397 1395873 490258 377929 110804 0 0 0 0 0 0 0 0
1813	sub_1813_0239600.log	DONE exit=20	200	True	9913340	0 0 0 0 0 0 0 0 0 0 0 1683 8005 20526 41131 73325 117496 106758 36728 8173 2793 0 0 0 0 0 0 0 0
1813	sub_1813_0239800.log	DONE exit=20	200	True	8943206	0 0 0 0 0 0 0 0 0 0 0 1908 8586 22837 43579 73868 97740 76462 24368 13236 3760 0 0 0 0 0 0 0 0
1813	sub_1813_0240000.log	DONE exit=20	200	True	33323120	0 0 0 0 0 0 0 0 0 0 0 1998 10493 34443 88827 196441 344577 403296 333666 286851 112065 0 0 0 0 0 0 0 0
1813	sub_1813_0240200.log	DONE exit=20	200	True	5179793	0 0 0 0 0 0 0 0 0 0 0 1694 6646 15763 27035 43362 52882 38273 11745 8229 2484 0 0 0 0 0 0 0 0
1813	sub_1813_0240400.log	DONE exit=20	200	True	22783798	0 0 0 0 0 0 0 0 0 0 0 2081 11903 37702 88816 172498 246451 222950 135874 104554 43137 0 0 0 0 0 0 0 0
1813	sub_1813_0240600.log	DONE exit=20	200	True	91659102	0 0 0 0 0 0 0 0 0 0 0 2635 19380 79547 221902 485854 882064 1210990 1177454 975326 324901 0 0 0 0 0 0 0 0
1813	sub_1813_0240800.log	DONE exit=20	200	True	434104	0 0 0 0 0 0 0 0 0 0 0 1002 2991 5018 4709 1953 197 0 0 0 0 0 0 0 0 0 0 0 0
1813	sub_1813_0241000.log	DONE exit=20	200	True	48341	0 0 0 0 0 0 0 0 0 0 0 556 704 301 51 3 0 0 0 0 0 0 0 0 0 0 0 0 0
1813	sub_1813_0241200.log	DONE exit=20	200	True	157442	0 0 0 0 0 0 0 0 0 0 0 1064 2335 2102 979 160 5 0 0 0 0 0 0 0 0 0 0 0 0
1813	sub_1813_0241400.log	DONE exit=20	200	True	602456	0 0 0 0 0 0 0 0 0 0 0 993 2468 4396 4684 3131 384 22 0 0 0 0 0 0 0 0 0 0 0
1813	sub_1813_0241600.log	DONE exit=20	200	True	1047789	0 0 0 0 0 0 0 0 0 0 0 1309 4014 7321 8499 5695 1070 19 0 0 0 0 0 0 0 0 0 0 0
1813	sub_1813_0241800.log	DONE exit=20	200	True	542897	0 0 0 0 0 0 0 0 0 0 0 970 2686 3696 4394 3051 286 17 0 0 0 0 0 0 0 0 0 0 0
1813	sub_1813_0242000.log	DONE exit=20	200	True	71375435	0 0 0 0 0 0 0 0 0 0 0 2113 13400 51627 154874 398936 821052 1041131 180254 98395 29086 0 0 0 0 0 0 0 0
1813	sub_1813_0242200.log	DONE exit=20	200	True	553984	0 0 0 0 0 0 0 0 0 0 0 1080 2970 4320 5095 3401 353 12 0 0 0 0 0 0 0 0 0 0 0
1813	sub_1813_0242400.log	DONE exit=20	200	True	143657	0 0 0 0 0 0 0 0 0 0 0 936 2046 2118 1053 122 5 0 0 0 0 0 0 0 0 0 0 0 0
1813	sub_1813_0242600.log	DONE exit=20	200	True	145190	0 0 0 0 0 0 0 0 0 0 0 917 1937 1985 1294 290 81 14 0 0 0 0 0 0 0 0 0 0 0
1813	sub_1813_0242800.log	DONE exit=20	200	True	453595	0 0 0 0 0 0 0 0 0 0 0 1127 3001 4511 4142 2316 401 33 0 0 0 0 0 0 0 0 0 0 0
1813	sub_1813_0243000.log	DONE exit=20	200	True	893952	0 0 0 0 0 0 0 0 0 0 0 1069 3044 5370 6942 6177 3121 1218 100 0 0 0 0 0 0 0 0 0 0
1813	sub_1813_0243200.log	DONE exit=20	200	True	95675801	0 0 0 0 0 0 0 0 0 0 0 2153 14242 60874 195569 523967 1094212 1396376 473101 365998 106313 0 0 0 0 0 0 0 0
1813	sub_1813_0243400.log	DONE exit=20	200	True	393236	0 0 0 0 0 0 0 0 0 0 0 879 2224 3123 2346 1285 8 0 0 0 0 0 0 0 0 0 0 0 0
1813	sub_1813_0243600.log	DONE exit=20	200	True	848897	0 0 0 0 0 0 0 0 0 0 0 1272 3668 5173 6271 4868 2184 1165 92 0 0 0 0 0 0 0 0 0 0
1813	sub_1813_0243800.log	DONE exit=20	200	True	820324	0 0 0 0 0 0 0 0 0 0 0 1143 3618 6493 7261 5125 1778 418 0 0 0 0 0 0 0 0 0 0 0
1813	sub_1813_0244000.log	DONE exit=20	200	True	8826225	0 0 0 0 0 0 0 0 0 0 0 1854 9401 25860 53005 87019 82433 22749 90 0 0 0 0 0 0 0 0 0 0
1813	sub_1813_0244200.log	DONE exit=20	200	True	68133	0 0 0 0 0 0 0 0 0 0 0 590 940 809 447 168 26 3 0 0 0 0 0 0 0 0 0 0 0
1813	sub_1813_0244400.log	DONE exit=20	200	True	95265	0 0 0 0 0 0 0 0 0 0 0 864 1701 1367 502 63 4 1 0 0 0 0 0 0 0 0 0 0 0
1813	sub_1813_0244600.log	DONE exit=20	200	True	51454	0 0 0 0 0 0 0 0 0 0 0 495 712 509 151 2 0 0 0 0 0 0 0 0 0 0 0 0 0
1813	sub_1813_0244800.log	DONE exit=20	200	True	65922	0 0 0 0 0 0 0 0 0 0 0 666 969 750 246 17 1 0 0 0 0 0 0 0 0 0 0 0 0
1813	sub_1813_0245000.log	DONE exit=20	200	True	85608	0 0 0 0 0 0 0 0 0 0 0 721 1347 1473 953 290 35 2 0 0 0 0 0 0 0 0 0 0 0
1813	sub_1813_0245200.log	DONE exit=20	200	True	97474	0 0 0 0 0 0 0 0 0 0 0 676 1424 1958 1328 347 22 0 0 0 0 0 0 0 0 0 0 0 0
1813	sub_1813_0245400.log	DONE exit=20	200	True	90325	0 0 0 0 0 0 0 0 0 0 0 724 1448 1512 747 124 2 0 0 0 0 0 0 0 0 0 0 0 0
1813	sub_1813_0245600.log	DONE exit=20	200	True	104229	0 0 0 0 0 0 0 0 0 0 0 752 1718 2018 1211 346 23 0 0 0 0 0 0 0 0 0 0 0 0
1813	sub_1813_0245800.log	DONE exit=20	200	True	148372	0 0 0 0 0 0 0 0 0 0 0 791 2018 3199 2303 671 109 6 0 0 0 0 0 0 0 0 0 0 0
1813	sub_1813_0246000.log	DONE exit=20	200	True	109686	0 0 0 0 0 0 0 0 0 0 0 760 1801 2211 1271 399 54 3 0 0 0 0 0 0 0 0 0 0 0
1813	sub_1813_0246200.log	DONE exit=20	200	True	140661	0 0 0 0 0 0 0 0 0 0 0 812 2063 2704 1812 612 92 3 0 0 0 0 0 0 0 0 0 0 0
1813	sub_1813_0246400.log	DONE exit=20	200	True	38345	0 0 0 0 0 0 0 0 0 0 0 532 596 218 30 0 0 0 0 0 0 0 0 0 0 0 0 0 0
1813	sub_1813_0246600.log	DONE exit=20	200	True	88971	0 0 0 0 0 0 0 0 0 0 0 868 1594 1099 346 47 1 0 0 0 0 0 0 0 0 0 0 0 0
1813	sub_1813_0246800.log	DONE exit=20	200	True	135550	0 0 0 0 0 0 0 0 0 0 0 811 1965 2769 1710 293 2 0 0 0 0 0 0 0 0 0 0 0 0
1813	sub_1813_0247000.log	DONE exit=20	200	True	49639	0 0 0 0 0 0 0 0 0 0 0 632 864 500 76 1 0 0 0 0 0 0 0 0 0 0 0 0 0
1813	sub_1813_0247200.log	DONE exit=20	200	True	50809	0 0 0 0 0 0 0 0 0 0 0 621 962 556 67 3 0 0 0 0 0 0 0 0 0 0 0 0 0
1813	sub_1813_0247400.log	DONE exit=20	200	True	44727	0 0 0 0 0 0 0 0 0 0 0 595 708 315 60 9 0 0 0 0 0 0 0 0 0 0 0 0 0
1813	sub_1813_0247600.log	DONE exit=20	200	True	50651	0 0 0 0 0 0 0 0 0 0 0 629 849 460 77 8 0 0 0 0 0 0 0 0 0 0 0 0 0
1813	sub_1813_0247800.log	DONE exit=20	200	True	291698	0 0 0 0 0 0 0 0 0 0 0 1464 4822 6525 3907 884 59 0 0 0 0 0 0 0 0 0 0 0 0
1813	sub_1813_0248000.log	DONE exit=20	200	True	43576	0 0 0 0 0 0 0 0 0 0 0 493 594 374 112 29 0 0 0 0 0 0 0 0 0 0 0 0 0
1813	sub_1813_0248200.log	DONE exit=20	200	True	257902	0 0 0 0 0 0 0 0 0 0 0 1286 3775 5329 3848 1497 257 5 0 0 0 0 0 0 0 0 0 0 0
1813	sub_1813_0248400.log	DONE exit=20	200	True	361068	0 0 0 0 0 0 0 0 0 0 0 1673 6134 8909 5669 1743 225 8 0 0 0 0 0 0 0 0 0 0 0
1813	sub_1813_0248600.log	DONE exit=20	200	True	74706	0 0 0 0 0 0 0 0 0 0 0 718 1271 1240 616 101 5 0 0 0 0 0 0 0 0 0 0 0 0
1813	sub_1813_0248800.log	DONE exit=20	200	True	234089	0 0 0 0 0 0 0 0 0 0 0 1273 3882 5081 2926 715 35 0 0 0 0 0 0 0 0 0 0 0 0
1813	sub_1813_0249000.log	DONE exit=20	200	True	112221	0 0 0 0 0 0 0 0 0 0 0 863 1890 2149 1095 204 10 0 0 0 0 0 0 0 0 0 0 0 0
1813	sub_1813_0249200.log	DONE exit=20	200	True	179261	0 0 0 0 0 0 0 0 0 0 0 916 2737 3782 2157 444 36 0 0 0 0 0 0 0 0 0 0 0 0
1813	sub_1813_0249400.log	DONE exit=20	200	True	48957	0 0 0 0 0 0 0 0 0 0 0 699 862 291 24 0 0 0 0 0 0 0 0 0 0 0 0 0 0
1813	sub_1813_0249600.log	DONE exit=20	200	True	30068	0 0 0 0 0 0 0 0 0 0 0 454 456 115 4 0 0 0 0 0 0 0 0 0 0 0 0 0 0
1813	sub_1813_0249800.log	DONE exit=20	200	True	33041	0 0 0 0 0 0 0 0 0 0 0 357 376 376 142 0 0 0 0 0 0 0 0 0 0 0 0 0 0
1813	sub_1813_0250000.log	DONE exit=20	200	True	76235	0 0 0 0 0 0 0 0 0 0 0 674 1116 1046 459 64 1 0 0 0 0 0 0 0 0 0 0 0 0
1813	sub_1813_0250200.log	DONE exit=20	200	True	91029	0 0 0 0 0 0 0 0 0 0 0 700 1250 1319 842 316 26 0 0 0 0 0 0 0 0 0 0 0 0
1813	sub_1813_0250400.log	DONE exit=20	200	True	41179	0 0 0 0 0 0 0 0 0 0 0 601 690 313 37 2 0 0 0 0 0 0 0 0 0 0 0 0 0
1813	sub_1813_0250600.log	DONE exit=20	200	True	122613	0 0 0 0 0 0 0 0 0 0 0 694 1652 2116 1348 326 53 0 0 0 0 0 0 0 0 0 0 0 0
1813	sub_1813_0250800.log	DONE exit=20	200	True	291811	0 0 0 0 0 0 0 0 0 0 0 1390 4018 4954 2737 471 24 0 0 0 0 0 0 0 0 0 0 0 0
1813	sub_1813_0251000.log	DONE exit=20	200	True	312670	0 0 0 0 0 0 0 0 0 0 0 1377 4130 5312 3066 1152 252 2 0 0 0 0 0 0 0 0 0 0 0
1813	sub_1813_0251200.log	DONE exit=20	200	True	2678197	0 0 0 0 0 0 0 0 0 0 0 2096 11844 33653 52467 48831 25825 6288 523 0 0 0 0 0 0 0 0 0 0
1813	sub_1813_0251400.log	DONE exit=20	200	True	40971	0 0 0 0 0 0 0 0 0 0 0 458 632 434 129 4 0 0 0 0 0 0 0 0 0 0 0 0 0
1813	sub_1813_0251600.log	DONE exit=20	200	True	62858	0 0 0 0 0 0 0 0 0 0 0 606 1000 828 342 73 0 0 0 0 0 0 0 0 0 0 0 0 0
1813	sub_1813_0251800.log	DONE exit=20	200	True	131223	0 0 0 0 0 0 0 0 0 0 0 803 1699 2068 1389 545 64 0 0 0 0 0 0 0 0 0 0 0 0
1813	sub_1813_0252000.log	DONE exit=20	200	True	444684	0 0 0 0 0 0 0 0 0 0 0 1344 4651 8790 9302 4928 1157 200 0 0 0 0 0 0 0 0 0 0 0
1813	sub_1813_0252200.log	DONE exit=20	200	True	304594	0 0 0 0 0 0 0 0 0 0 0 1366 4203 5955 4129 1596 216 9 0 0 0 0 0 0 0 0 0 0 0
1813	sub_1813_0252400.log	DONE exit=20	200	True	238451	0 0 0 0 0 0 0 0 0 0 0 1031 3200 4941 3581 1280 278 50 2 0 0 0 0 0 0 0 0 0 0
1813	sub_1813_0252600.log	DONE exit=20	200	True	68688	0 0 0 0 0 0 0 0 0 0 0 740 1280 840 202 14 0 0 0 0 0 0 0 0 0 0 0 0 0
1813	sub_1813_0252800.log	DONE exit=20	200	True	54041	0 0 0 0 0 0 0 0 0 0 0 638 950 574 101 10 0 0 0 0 0 0 0 0 0 0 0 0 0
1813	sub_1813_0253000.log	DONE exit=20	200	True	58032	0 0 0 0 0 0 0 0 0 0 0 650 999 578 147 20 0 0 0 0 0 0 0 0 0 0 0 0 0
1813	sub_1813_0253200.log	DONE exit=20	200	True	34135	0 0 0 0 0 0 0 0 0 0 0 460 395 87 24 0 0 0 0 0 0 0 0 0 0 0 0 0 0
1813	sub_1813_0253400.log	DONE exit=20	200	True	41454	0 0 0 0 0 0 0 0 0 0 0 475 559 220 40 2 0 0 0 0 0 0 0 0 0 0 0 0 0
1813	sub_1813_0253600.log	DONE exit=20	200	True	39170	0 0 0 0 0 0 0 0 0 0 0 450 558 151 12 0 0 0 0 0 0 0 0 0 0 0 0 0 0
1813	sub_1813_0253800.log	DONE exit=20	200	True	36518	0 0 0 0 0 0 0 0 0 0 0 383 440 199 51 2 0 0 0 0 0 0 0 0 0 0 0 0 0
1813	sub_1813_0254000.log	DONE exit=20	200	True	38536	0 0 0 0 0 0 0 0 0 0 0 450 480 264 43 2 0 0 0 0 0 0 0 0 0 0 0 0 0
1813	sub_1813_0254200.log	DONE exit=20	200	True	57548	0 0 0 0 0 0 0 0 0 0 0 602 806 434 109 11 0 0 0 0 0 0 0 0 0 0 0 0 0
1813	sub_1813_0254400.log	DONE exit=20	200	True	54124	0 0 0 0 0 0 0 0 0 0 0 482 773 534 119 11 0 0 0 0 0 0 0 0 0 0 0 0 0
1813	sub_1813_0254600.log	DONE exit=20	200	True	463330	0 0 0 0 0 0 0 0 0 0 0 572 1354 3249 3499 1598 0 0 0 0 0 0 0 0 0 0 0 0 0
1813	sub_1813_0254800.log	DONE exit=20	200	True	706010	0 0 0 0 0 0 0 0 0 0 0 781 2084 4516 6636 4451 427 6 0 0 0 0 0 0 0 0 0 0 0
1813	sub_1813_0255000.log	DONE exit=20	200	True	63571	0 0 0 0 0 0 0 0 0 0 0 593 938 702 194 6 0 0 0 0 0 0 0 0 0 0 0 0 0
1813	sub_1813_0255200.log	DONE exit=20	200	True	400771	0 0 0 0 0 0 0 0 0 0 0 716 1560 2894 2955 1756 653 5 0 0 0 0 0 0 0 0 0 0 0
1813	sub_1813_0255400.log	DONE exit=20	200	True	413554	0 0 0 0 0 0 0 0 0 0 0 799 2070 2865 3377 2439 828 0 0 0 0 0 0 0 0 0 0 0 0
1813	sub_1813_0255600.log	DONE exit=20	200	True	58088	0 0 0 0 0 0 0 0 0 0 0 627 834 510 157 16 2 0 0 0 0 0 0 0 0 0 0 0 0
1813	sub_1813_0255800.log	DONE exit=20	200	True	102497	0 0 0 0 0 0 0 0 0 0 0 684 1212 1391 942 102 0 0 0 0 0 0 0 0 0 0 0 0 0
1813	sub_1813_0256000.log	DONE exit=20	200	True	116468	0 0 0 0 0 0 0 0 0 0 0 875 1620 1765 1057 144 1 0 0 0 0 0 0 0 0 0 0 0 0
1813	sub_1813_0256200.log	DONE exit=20	200	True	195666	0 0 0 0 0 0 0 0 0 0 0 661 1429 1667 1531 779 7 0 0 0 0 0 0 0 0 0 0 0 0
1813	sub_1813_0256400.log	DONE exit=20	200	True	303675	0 0 0 0 0 0 0 0 0 0 0 1105 2802 3102 1493 90 2 0 0 0 0 0 0 0 0 0 0 0 0
1813	sub_1813_0256600.log	DONE exit=20	200	True	2492972	0 0 0 0 0 0 0 0 0 0 0 1539 4763 8888 9911 9821 19130 22908 5484 2448 519 0 0 0 0 0 0 0 0
1813	sub_1813_0256800.log	DONE exit=20	200	True	6695010	0 0 0 0 0 0 0 0 0 0 0 1556 7021 20518 43881 61484 45744 11424 13 0 0 0 0 0 0 0 0 0 0
1813	sub_1813_0257000.log	DONE exit=20	200	True	155697196	0 0 0 0 0 0 0 0 0 0 0 2810 21549 91550 270385 699188 1585991 2311573 947614 706383 242733 0 0 0 0 0 0 0 0
1813	sub_1813_0257200.log	DONE exit=20	200	True	728034	0 0 0 0 0 0 0 0 0 0 0 1073 3072 5043 6782 4522 164 0 0 0 0 0 0 0 0 0 0 0 0
1813	sub_1813_0257400.log	DONE exit=20	200	True	35038	0 0 0 0 0 0 0 0 0 0 0 449 334 89 12 0 0 0 0 0 0 0 0 0 0 0 0 0 0
1813	sub_1813_0257600.log	DONE exit=20	200	True	322679	0 0 0 0 0 0 0 0 0 0 0 697 1229 2308 2514 1044 57 1 0 0 0 0 0 0 0 0 0 0 0
1813	sub_1813_0257800.log	DONE exit=20	200	True	1165383	0 0 0 0 0 0 0 0 0 0 0 1282 4028 8221 9628 5304 688 23 0 0 0 0 0 0 0 0 0 0 0
1813	sub_1813_0258000.log	DONE exit=20	200	True	976498	0 0 0 0 0 0 0 0 0 0 0 1365 4509 7258 8559 6663 2632 621 4 0 0 0 0 0 0 0 0 0 0
1813	sub_1813_0258200.log	DONE exit=20	200	True	202254	0 0 0 0 0 0 0 0 0 0 0 693 1321 1269 1130 611 0 0 0 0 0 0 0 0 0 0 0 0 0
1813	sub_1813_0258400.log	DONE exit=20	200	True	118896	0 0 0 0 0 0 0 0 0 0 0 605 1036 765 312 164 0 0 0 0 0 0 0 0 0 0 0 0 0
1813	sub_1813_0258600.log	DONE exit=20	200	True	285862	0 0 0 0 0 0 0 0 0 0 0 902 2276 2543 2089 887 5 0 0 0 0 0 0 0 0 0 0 0 0
1813	sub_1813_0258800.log	DONE exit=20	200	True	339966	0 0 0 0 0 0 0 0 0 0 0 955 2153 2303 1957 739 0 0 0 0 0 0 0 0 0 0 0 0 0
1813	sub_1813_0259000.log	DONE exit=20	200	True	72125	0 0 0 0 0 0 0 0 0 0 0 650 1004 450 100 8 0 0 0 0 0 0 0 0 0 0 0 0 0
1813	sub_1813_0259200.log	DONE exit=20	200	True	44832	0 0 0 0 0 0 0 0 0 0 0 471 654 453 118 14 5 0 0 0 0 0 0 0 0 0 0 0 0
1813	sub_1813_0259400.log	DONE exit=20	200	True	74167	0 0 0 0 0 0 0 0 0 0 0 709 1260 1067 410 71 0 0 0 0 0 0 0 0 0 0 0 0 0
1813	sub_1813_0259600.log	DONE exit=20	200	True	35440	0 0 0 0 0 0 0 0 0 0 0 410 488 250 25 0 0 0 0 0 0 0 0 0 0 0 0 0 0
1813	sub_1813_0259800.log	DONE exit=20	200	True	35598	0 0 0 0 0 0 0 0 0 0 0 425 468 193 21 1 0 0 0 0 0 0 0 0 0 0 0 0 0
1813	sub_1813_0260000.log	DONE exit=20	200	True	66648	0 0 0 0 0 0 0 0 0 0 0 699 1107 669 123 3 0 0 0 0 0 0 0 0 0 0 0 0 0
1813	sub_1813_0260200.log	DONE exit=20	200	True	121266	0 0 0 0 0 0 0 0 0 0 0 974 2171 1784 556 67 0 0 0 0 0 0 0 0 0 0 0 0 0
1813	sub_1813_0260400.log	DONE exit=20	200	True	68551	0 0 0 0 0 0 0 0 0 0 0 544 923 1097 663 178 18 0 0 0 0 0 0 0 0 0 0 0 0
1813	sub_1813_0260600.log	DONE exit=20	200	True	69847	0 0 0 0 0 0 0 0 0 0 0 677 1216 829 189 15 0 0 0 0 0 0 0 0 0 0 0 0 0
1813	sub_1813_0260800.log	DONE exit=20	200	True	133110	0 0 0 0 0 0 0 0 0 0 0 1057 2263 1920 720 133 3 0 0 0 0 0 0 0 0 0 0 0 0
1813	sub_1813_0261000.log	DONE exit=20	200	True	59415	0 0 0 0 0 0 0 0 0 0 0 625 900 692 237 26 0 0 0 0 0 0 0 0 0 0 0 0 0
1813	sub_1813_0261200.log	DONE exit=20	200	True	136869	0 0 0 0 0 0 0 0 0 0 0 737 1344 1361 266 3 0 0 0 0 0 0 0 0 0 0 0 0 0
1813	sub_1813_0261400.log	DONE exit=20	200	True	145846	0 0 0 0 0 0 0 0 0 0 0 638 1269 1317 438 2 0 0 0 0 0 0 0 0 0 0 0 0 0
1813	sub_1813_0261600.log	DONE exit=20	200	True	56829	0 0 0 0 0 0 0 0 0 0 0 532 850 440 103 16 0 0 0 0 0 0 0 0 0 0 0 0 0
1813	sub_1813_0261800.log	DONE exit=20	200	True	117382	0 0 0 0 0 0 0 0 0 0 0 660 1205 1095 452 36 4 0 0 0 0 0 0 0 0 0 0 0 0
1813	sub_1813_0262000.log	DONE exit=20	200	True	1433830	0 0 0 0 0 0 0 0 0 0 0 1283 4598 9500 13376 8341 300 0 0 0 0 0 0 0 0 0 0 0 0
1813	sub_1813_0262200.log	DONE exit=20	200	True	246969	0 0 0 0 0 0 0 0 0 0 0 644 1359 1715 2275 1231 7 0 0 0 0 0 0 0 0 0 0 0 0
1813	sub_1813_0262400.log	DONE exit=20	200	True	137346	0 0 0 0 0 0 0 0 0 0 0 685 1354 1006 340 141 0 0 0 0 0 0 0 0 0 0 0 0 0
1813	sub_1813_0262600.log	DONE exit=20	200	True	1176835	0 0 0 0 0 0 0 0 0 0 0 1275 4284 8283 10514 8202 1695 123 0 0 0 0 0 0 0 0 0 0 0
1813	sub_1813_0262800.log	DONE exit=20	200	True	180995	0 0 0 0 0 0 0 0 0 0 0 570 1198 1409 1228 627 0 0 0 0 0 0 0 0 0 0 0 0 0
1813	sub_1813_0263000.log	DONE exit=20	200	True	321101	0 0 0 0 0 0 0 0 0 0 0 539 1136 2319 2454 1209 3 0 0 0 0 0 0 0 0 0 0 0 0
1813	sub_1813_0263200.log	DONE exit=20	200	True	546959	0 0 0 0 0 0 0 0 0 0 0 740 1773 3481 5241 3916 758 5 0 0 0 0 0 0 0 0 0 0 0
1813	sub_1813_0263400.log	DONE exit=20	200	True	57340	0 0 0 0 0 0 0 0 0 0 0 520 867 802 462 107 2 0 0 0 0 0 0 0 0 0 0 0 0
1813	sub_1813_0263600.log	DONE exit=20	200	True	249008	0 0 0 0 0 0 0 0 0 0 0 629 1281 1981 1971 1275 201 0 0 0 0 0 0 0 0 0 0 0 0
1813	sub_1813_0263800.log	DONE exit=20	200	True	85773	0 0 0 0 0 0 0 0 0 0 0 769 1251 1097 515 117 3 0 0 0 0 0 0 0 0 0 0 0 0
1813	sub_1813_0264000.log	DONE exit=20	200	True	95221	0 0 0 0 0 0 0 0 0 0 0 735 1480 990 291 14 0 0 0 0 0 0 0 0 0 0 0 0 0
1813	sub_1813_0264200.log	DONE exit=20	200	True	1618078	0 0 0 0 0 0 0 0 0 0 0 1450 4116 6076 5792 6151 12529 14900 4507 3653 1287 0 0 0 0 0 0 0 0
1813	sub_1813_0264400.log	DONE exit=20	200	True	4351186	0 0 0 0 0 0 0 0 0 0 0 1564 5325 10342 12779 17173 33099 48906 28499 20656 5664 0 0 0 0 0 0 0 0
1813	sub_1813_0264600.log	DONE exit=20	200	True	8048982	0 0 0 0 0 0 0 0 0 0 0 1867 8468 24549 50126 68998 55836 26545 5615 2324 224 0 0 0 0 0 0 0 0
1813	sub_1813_0264800.log	DONE exit=20	200	True	5253649	0 0 0 0 0 0 0 0 0 0 0 1711 9147 22586 38030 48445 29673 6295 1573 326 66 0 0 0 0 0 0 0 0
1813	sub_1813_0265000.log	DONE exit=20	200	True	70168711	0 0 0 0 0 0 0 0 0 0 0 2421 16109 61040 161019 352880 655968 869954 588728 513809 170969 0 0 0 0 0 0 0 0
1813	sub_1813_0265200.log	DONE exit=20	200	True	17549440	0 0 0 0 0 0 0 0 0 0 0 1792 8489 25274 54925 100409 154744 178866 159912 108345 40242 0 0 0 0 0 0 0 0
1813	sub_1813_0265400.log	DONE exit=20	200	True	13393893	0 0 0 0 0 0 0 0 0 0 0 1891 9206 27032 56593 102271 144412 109603 43531 31291 8976 0 0 0 0 0 0 0 0
1813	sub_1813_0265600.log	DONE exit=20	200	True	17405798	0 0 0 0 0 0 0 0 0 0 0 1903 9746 31007 72964 135934 172687 135906 85892 56458 18158 0 0 0 0 0 0 0 0
1813	sub_1813_0265800.log	DONE exit=20	200	True	134426520	0 0 0 0 0 0 0 0 0 0 0 2529 18809 82843 253848 617007 1200953 1768721 1922827 1639944 577386 0 0 0 0 0 0 0 0
1813	sub_1813_0266000.log	DONE exit=20	200	True	106532264	0 0 0 0 0 0 0 0 0 0 0 1743 11801 54498 176279 458678 968014 1488508 1495980 1321360 443659 0 0 0 0 0 0 0 0
1813	sub_1813_0266200.log	DONE exit=20	200	True	595315	0 0 0 0 0 0 0 0 0 0 0 856 2319 3943 5722 5402 2885 28 0 0 0 0 0 0 0 0 0 0 0
1813	sub_1813_0266400.log	DONE exit=20	200	True	163185	0 0 0 0 0 0 0 0 0 0 0 969 2257 2828 2237 954 245 36 0 0 0 0 0 0 0 0 0 0 0
1813	sub_1813_0266600.log	DONE exit=20	200	True	448416	0 0 0 0 0 0 0 0 0 0 0 803 1915 3050 4262 2956 238 0 0 0 0 0 0 0 0 0 0 0 0
1813	sub_1813_0266800.log	DONE exit=20	200	True	245013	0 0 0 0 0 0 0 0 0 0 0 842 1733 1920 1437 669 0 0 0 0 0 0 0 0 0 0 0 0 0
1813	sub_1813_0267000.log	DONE exit=20	200	True	154054	0 0 0 0 0 0 0 0 0 0 0 732 1574 1420 891 351 0 0 0 0 0 0 0 0 0 0 0 0 0
1813	sub_1813_0267200.log	DONE exit=20	200	True	11368632	0 0 0 0 0 0 0 0 0 0 0 1490 6375 19646 46320 85753 113397 91877 71375 68014 21913 0 0 0 0 0 0 0 0
1813	sub_1813_0267400.log	DONE exit=20	200	True	8108643	0 0 0 0 0 0 0 0 0 0 0 1681 7298 20456 40535 63972 79888 61236 37424 20673 7057 0 0 0 0 0 0 0 0
1813	sub_1813_0267600.log	DONE exit=20	200	True	5957061	0 0 0 0 0 0 0 0 0 0 0 1367 5217 12952 25121 40538 53179 47793 34627 20321 5527 0 0 0 0 0 0 0 0
1813	sub_1813_0267800.log	DONE exit=20	200	True	1758134	0 0 0 0 0 0 0 0 0 0 0 1861 7935 15811 18742 15594 8862 2723 22 5 0 0 0 0 0 0 0 0 0
1813	sub_1813_0268000.log	DONE exit=20	200	True	96833372	0 0 0 0 0 0 0 0 0 0 0 2340 16343 68647 208020 534335 1100675 1401312 484591 393780 122028 0 0 0 0 0 0 0 0
1813	sub_1813_0268200.log	DONE exit=20	200	True	169942	0 0 0 0 0 0 0 0 0 0 0 862 1795 1672 824 273 1 0 0 0 0 0 0 0 0 0 0 0 0
1813	sub_1813_0268400.log	DONE exit=20	200	True	295710	0 0 0 0 0 0 0 0 0 0 0 999 2659 3225 2350 833 11 0 0 0 0 0 0 0 0 0 0 0 0
1813	sub_1813_0268600.log	DONE exit=20	200	True	164783	0 0 0 0 0 0 0 0 0 0 0 360 538 1382 1164 344 0 0 0 0 0 0 0 0 0 0 0 0 0
1813	sub_1813_0268800.log	DONE exit=20	200	True	1287540	0 0 0 0 0 0 0 0 0 0 0 990 3416 8301 12846 8372 380 8 0 0 0 0 0 0 0 0 0 0 0
1813	sub_1813_0269000.log	DONE exit=20	200	True	1798708	0 0 0 0 0 0 0 0 0 0 0 1148 4051 9419 17162 17982 9757 298 42 0 0 0 0 0 0 0 0 0 0
1813	sub_1813_0269200.log	DONE exit=20	200	True	431211	0 0 0 0 0 0 0 0 0 0 0 938 2335 3597 3847 2030 57 0 0 0 0 0 0 0 0 0 0 0 0
1813	sub_1813_0269400.log	DONE exit=20	200	True	7709803	0 0 0 0 0 0 0 0 0 0 0 1430 6003 16105 32798 57712 83233 51008 8791 3073 700 0 0 0 0 0 0 0 0
1813	sub_1813_0269600.log	DONE exit=20	200	True	16503927	0 0 0 0 0 0 0 0 0 0 0 1911 9148 27602 62087 116589 158740 131837 81638 51029 17682 0 0 0 0 0 0 0 0
1813	sub_1813_0269800.log	DONE exit=20	200	True	107332854	0 0 0 0 0 0 0 0 0 0 0 2158 14103 60888 197383 515544 1029842 1421389 1285526 1076050 357675 0 0 0 0 0 0 0 0
1813	sub_1813_0270000.log	DONE exit=20	200	True	78294946	0 0 0 0 0 0 0 0 0 0 0 2157 14710 59317 167058 371366 671674 957445 1070640 865413 343723 0 0 0 0 0 0 0 0
1813	sub_1813_0270200.log	DONE exit=20	200	True	110776	0 0 0 0 0 0 0 0 0 0 0 905 1893 1668 847 213 5 0 0 0 0 0 0 0 0 0 0 0 0
1813	sub_1813_0270400.log	DONE exit=20	200	True	129385	0 0 0 0 0 0 0 0 0 0 0 965 2042 1903 820 139 7 0 0 0 0 0 0 0 0 0 0 0 0
1813	sub_1813_0270600.log	DONE exit=20	200	True	2042086	0 0 0 0 0 0 0 0 0 0 0 1320 3970 6684 8066 11287 20208 11982 0 0 0 0 0 0 0 0 0 0 0
1813	sub_1813_0270800.log	DONE exit=20	200	True	7653747	0 0 0 0 0 0 0 0 0 0 0 1739 6955 15871 23771 38338 70443 81941 32914 20505 5398 0 0 0 0 0 0 0 0
1813	sub_1813_0271000.log	DONE exit=20	200	True	15800589	0 0 0 0 0 0 0 0 0 0 0 1664 6659 16832 35047 78207 157007 200810 39036 23853 8337 0 0 0 0 0 0 0 0
1813	sub_1813_0271200.log	DONE exit=20	200	True	9581965	0 0 0 0 0 0 0 0 0 0 0 1648 6166 13656 25221 49003 82516 102360 61935 40372 10282 0 0 0 0 0 0 0 0
1813	sub_1813_0271400.log	DONE exit=20	200	True	90395666	0 0 0 0 0 0 0 0 0 0 0 2635 18311 73687 203815 467076 918817 1208220 486999 351136 118300 0 0 0 0 0 0 0 0
1813	sub_1813_0271600.log	DONE exit=20	200	True	69488679	0 0 0 0 0 0 0 0 0 0 0 2468 17327 63306 164920 354282 645090 865586 575471 491597 152917 0 0 0 0 0 0 0 0
1813	sub_1813_0271800.log	DONE exit=20	200	True	208324	0 0 0 0 0 0 0 0 0 0 0 938 1982 2200 1930 1112 151 0 0 0 0 0 0 0 0 0 0 0 0
1813	sub_1813_0272000.log	DONE exit=20	200	True	479740	0 0 0 0 0 0 0 0 0 0 0 1005 2751 4748 5119 2668 662 18 0 0 0 0 0 0 0 0 0 0 0
1813	sub_1813_0272200.log	DONE exit=20	200	True	969833	0 0 0 0 0 0 0 0 0 0 0 1246 3780 6646 9249 8145 3825 36 0 0 0 0 0 0 0 0 0 0 0
1813	sub_1813_0272400.log	DONE exit=20	200	True	47293	0 0 0 0 0 0 0 0 0 0 0 427 636 406 100 21 0 0 0 0 0 0 0 0 0 0 0 0 0
1813	sub_1813_0272600.log	DONE exit=20	200	True	86491	0 0 0 0 0 0 0 0 0 0 0 723 1406 1287 588 101 5 0 0 0 0 0 0 0 0 0 0 0 0
1813	sub_1813_0272800.log	DONE exit=20	200	True	202863	0 0 0 0 0 0 0 0 0 0 0 863 2113 2638 1797 702 46 0 0 0 0 0 0 0 0 0 0 0 0
1813	sub_1813_0273000.log	DONE exit=20	200	True	259494	0 0 0 0 0 0 0 0 0 0 0 868 1955 2068 1645 611 0 0 0 0 0 0 0 0 0 0 0 0 0
1813	sub_1813_0273200.log	DONE exit=20	200	True	58399	0 0 0 0 0 0 0 0 0 0 0 603 864 439 106 19 0 0 0 0 0 0 0 0 0 0 0 0 0
1813	sub_1813_0273400.log	DONE exit=20	200	True	58252	0 0 0 0 0 0 0 0 0 0 0 580 905 686 219 18 0 0 0 0 0 0 0 0 0 0 0 0 0
1813	sub_1813_0273600.log	DONE exit=20	200	True	26707	0 0 0 0 0 0 0 0 0 0 0 323 282 85 2 0 0 0 0 0 0 0 0 0 0 0 0 0 0
1813	sub_1813_0273800.log	DONE exit=20	200	True	130553	0 0 0 0 0 0 0 0 0 0 0 923 2150 2189 1073 286 27 0 0 0 0 0 0 0 0 0 0 0 0
1813	sub_1813_0274000.log	DONE exit=20	200	True	99045	0 0 0 0 0 0 0 0 0 0 0 739 1541 1715 918 260 26 0 0 0 0 0 0 0 0 0 0 0 0
1813	sub_1813_0274200.log	DONE exit=20	200	True	108476	0 0 0 0 0 0 0 0 0 0 0 840 1884 1917 779 93 9 0 0 0 0 0 0 0 0 0 0 0 0
1813	sub_1813_0274400.log	DONE exit=20	200	True	80990	0 0 0 0 0 0 0 0 0 0 0 704 1414 991 227 12 0 0 0 0 0 0 0 0 0 0 0 0 0
1813	sub_1813_0274600.log	DONE exit=20	200	True	55526	0 0 0 0 0 0 0 0 0 0 0 542 941 606 126 4 0 0 0 0 0 0 0 0 0 0 0 0 0
1813	sub_1813_0274800.log	DONE exit=20	200	True	52676	0 0 0 0 0 0 0 0 0 0 0 709 782 277 42 2 0 0 0 0 0 0 0 0 0 0 0 0 0
1813	sub_1813_0275000.log	DONE exit=20	200	True	95070	0 0 0 0 0 0 0 0 0 0 0 869 1637 1032 208 15 0 0 0 0 0 0 0 0 0 0 0 0 0
1813	sub_1813_0275200.log	DONE exit=20	27	True	2007	0 0 0 0 0 0 0 0 0 0 0 13 2 0 0 0 0 0 0 0 0 0 0 0 0 0 0 0 0
6550	sub_6550_0000000.log	DONE exit=20	200	True	5613515	0 0 0 0 0 0 0 0 0 0 0 2855 18942 64252 118824 128127 86553 39608 12722 2764 377 22 0 0 0 0 0 0 0
6550	sub_6550_0000200.log	DONE exit=20	200	True	581679	0 0 0 0 0 0 0 0 0 0 0 1737 6561 11887 10977 5487 1384 243 35 1 0 0 0 0 0 0 0 0 0
6550	sub_6550_0000400.log	DONE exit=20	200	True	630698	0 0 0 0 0 0 0 0 0 0 0 1548 6122 12276 12353 6397 1626 212 5 0 0 0 0 0 0 0 0 0 0
6550	sub_6550_0000600.log	DONE exit=20	200	True	588721	0 0 0 0 0 0 0 0 0 0 0 1591 6017 11286 10600 5005 1117 89 3 0 0 0 0 0 0 0 0 0 0
6550	sub_6550_0000800.log	DONE exit=20	200	True	563317	0 0 0 0 0 0 0 0 0 0 0 1328 4769 9701 11316 7306 2593 502 59 3 0 0 0 0 0 0 0 0 0
6550	sub_6550_0001000.log	DONE exit=20	200	True	235589698	0 0 0 0 0 0 0 0 0 0 0 3086 24509 114942 370191 936577 1994355 3507524 4898430 4557025 2258336 16 0 0 0 0 0 0 0
6550	sub_6550_0001200.log	DONE exit=20	200	True	12241000	0 0 0 0 0 0 0 0 0 0 0 1977 9288 25986 54027 93083 120789 107171 102943 79882 24764 0 0 0 0 0 0 0 0
6550	sub_6550_0001400.log	DONE exit=20	200	True	15436293	0 0 0 0 0 0 0 0 0 0 0 1713 8320 25240 55765 102318 149032 172153 192885 198136 85247 0 0 0 0 0 0 0 0
6550	sub_6550_0001600.log	DONE exit=20	200	True	22100379	0 0 0 0 0 0 0 0 0 0 0 1953 8719 23891 54593 116169 208827 300927 331959 272534 115379 0 0 0 0 0 0 0 0
6550	sub_6550_0001800.log	DONE exit=20	200	True	26765253	0 0 0 0 0 0 0 0 0 0 0 1733 8457 25328 57941 119473 217551 347163 475271 435263 192233 0 0 0 0 0 0 0 0
6550	sub_6550_0002000.log	DONE exit=20	200	True	35100238	0 0 0 0 0 0 0 0 0 0 0 1984 10613 34652 83569 171713 308322 467399 588506 520963 227422 0 0 0 0 0 0 0 0
6550	sub_6550_0002200.log	DONE exit=20	200	True	82515	0 0 0 0 0 0 0 0 0 0 0 1010 1758 1054 157 0 0 0 0 0 0 0 0 0 0 0 0 0 0
6550	sub_6550_0002400.log	DONE exit=20	200	True	55148	0 0 0 0 0 0 0 0 0 0 0 770 1116 609 112 1 0 0 0 0 0 0 0 0 0 0 0 0 0
6550	sub_6550_0002600.log	DONE exit=20	200	True	90310	0 0 0 0 0 0 0 0 0 0 0 1015 1928 1412 428 47 2 0 0 0 0 0 0 0 0 0 0 0 0
6550	sub_6550_0002800.log	DONE exit=20	200	True	105603	0 0 0 0 0 0 0 0 0 0 0 1027 2158 1817 565 71 1 0 0 0 0 0 0 0 0 0 0 0 0
6550	sub_6550_0003000.log	DONE exit=20	200	True	217637191	0 0 0 0 0 0 0 0 0 0 0 1643 9899 49316 198349 636438 1614806 3142369 4234096 3191491 1317690 0 0 0 0 0 0 0 0
6550	sub_6550_0003200.log	DONE exit=20	200	True	1146144	0 0 0 0 0 0 0 0 0 0 0 1614 6133 11691 11436 7028 2597 926 17 0 0 0 0 0 0 0 0 0 0
6550	sub_6550_0003400.log	DONE exit=20	200	True	1271830	0 0 0 0 0 0 0 0 0 0 0 1457 5372 10906 13058 8775 3454 1204 83 0 0 0 0 0 0 0 0 0 0
6550	sub_6550_0003600.log	DONE exit=20	200	True	838293	0 0 0 0 0 0 0 0 0 0 0 1210 3883 7246 8169 5440 2351 831 60 0 0 0 0 0 0 0 0 0 0
6550	sub_6550_0003800.log	DONE exit=20	200	True	153238890	0 0 0 0 0 0 0 0 0 0 0 2542 18343 84785 284892 739612 1428368 2035298 2147193 1399885 495913 0 0 0 0 0 0 0 0
6550	sub_6550_0004000.log	DONE exit=20	200	True	4170243	0 0 0 0 0 0 0 0 0 0 0 1921 8600 20182 28977 32816 32624 29194 21334 12636 4506 0 0 0 0 0 0 0 0
6550	sub_6550_0004200.log	DONE exit=20	200	True	3440224	0 0 0 0 0 0 0 0 0 0 0 1495 6312 15697 25132 28573 25942 20189 11774 4923 1289 0 0 0 0 0 0 0 0
6550	sub_6550_0004400.log	DONE exit=20	200	True	1671016	0 0 0 0 0 0 0 0 0 0 0 1624 6509 13837 17893 16342 10089 4418 713 160 113 0 0 0 0 0 0 0 0
6550	sub_6550_0004600.log	DONE exit=20	200	True	55309002	0 0 0 0 0 0 0 0 0 0 0 2185 13713 55499 163308 370218 598335 637178 496211 351038 122017 0 0 0 0 0 0 0 0
6550	sub_6550_0004800.log	DONE exit=20	200	True	1666823	0 0 0 0 0 0 0 0 0 0 0 1669 6609 13528 15968 13289 7315 1811 47 0 0 0 0 0 0 0 0 0 0
6550	sub_6550_0005000.log	DONE exit=20	200	True	1429570	0 0 0 0 0 0 0 0 0 0 0 1495 5960 12589 15428 11218 5394 1507 107 1 0 0 0 0 0 0 0 0 0
6550	sub_6550_0005200.log	DONE exit=20	200	True	982998	0 0 0 0 0 0 0 0 0 0 0 1395 4732 8898 9858 6511 2815 947 80 1 0 0 0 0 0 0 0 0 0
6550	sub_6550_0005400.log	DONE exit=20	200	True	61300911	0 0 0 0 0 0 0 0 0 0 0 1745 11174 52309 178630 446871 725468 633502 272673 156779 42865 0 0 0 0 0 0 0 0
6550	sub_6550_0005600.log	DONE exit=20	200	True	1031618	0 0 0 0 0 0 0 0 0 0 0 1315 4465 8507 10096 4843 530 95 0 0 0 0 0 0 0 0 0 0 0
6550	sub_6550_0005800.log	DONE exit=20	200	True	526971	0 0 0 0 0 0 0 0 0 0 0 1024 2628 3883 4050 2533 716 248 8 0 0 0 0 0 0 0 0 0 0
6550	sub_6550_0006000.log	DONE exit=20	200	True	65106	0 0 0 0 0 0 0 0 0 0 0 839 1274 794 275 34 1 0 0 0 0 0 0 0 0 0 0 0 0
6550	sub_6550_0006200.log	DONE exit=20	200	True	41462	0 0 0 0 0 0 0 0 0 0 0 662 922 519 146 6 0 0 0 0 0 0 0 0 0 0 0 0 0
6550	sub_6550_0006400.log	DONE exit=20	200	True	48254	0 0 0 0 0 0 0 0 0 0 0 746 962 520 163 2 0 0 0 0 0 0 0 0 0 0 0 0 0
6550	sub_6550_0006600.log	DONE exit=20	200	True	77737	0 0 0 0 0 0 0 0 0 0 0 841 1531 1289 394 83 3 0 0 0 0 0 0 0 0 0 0 0 0
6550	sub_6550_0006800.log	DONE exit=20	200	True	194687	0 0 0 0 0 0 0 0 0 0 0 610 1287 1614 1284 741 22 0 0 0 0 0 0 0 0 0 0 0 0
6550	sub_6550_0007000.log	DONE exit=20	200	True	116676	0 0 0 0 0 0 0 0 0 0 0 708 970 720 615 488 65 0 0 0 0 0 0 0 0 0 0 0 0
6550	sub_6550_0007200.log	DONE exit=20	200	True	561692	0 0 0 0 0 0 0 0 0 0 0 959 2566 4230 4974 3672 610 18 0 0 0 0 0 0 0 0 0 0 0
6550	sub_6550_0007400.log	DONE exit=20	200	True	510795	0 0 0 0 0 0 0 0 0 0 0 1040 2702 3993 4929 4169 581 4 0 0 0 0 0 0 0 0 0 0 0
6550	sub_6550_0007600.log	DONE exit=20	200	True	78746	0 0 0 0 0 0 0 0 0 0 0 748 1340 1156 354 121 17 0 0 0 0 0 0 0 0 0 0 0 0
6550	sub_6550_0007800.log	DONE exit=20	200	True	229403	0 0 0 0 0 0 0 0 0 0 0 1130 3104 4816 4119 1987 466 45 3 0 0 0 0 0 0 0 0 0 0
6550	sub_6550_0008000.log	DONE exit=20	200	True	238129	0 0 0 0 0 0 0 0 0 0 0 795 1946 3079 2813 1459 233 19 0 0 0 0 0 0 0 0 0 0 0
6550	sub_6550_0008200.log	DONE exit=20	200	True	339492	0 0 0 0 0 0 0 0 0 0 0 906 1682 1946 2767 2770 821 16 0 0 0 0 0 0 0 0 0 0 0
6550	sub_6550_0008400.log	DONE exit=20	200	True	105751	0 0 0 0 0 0 0 0 0 0 0 684 960 791 580 100 0 0 0 0 0 0 0 0 0 0 0 0 0
6550	sub_6550_0008600.log	DONE exit=20	200	True	405852	0 0 0 0 0 0 0 0 0 0 0 837 1945 2893 3551 2308 159 0 0 0 0 0 0 0 0 0 0 0 0
6550	sub_6550_0008800.log	DONE exit=20	200	True	339746	0 0 0 0 0 0 0 0 0 0 0 861 1925 2760 2778 2143 322 14 0 0 0 0 0 0 0 0 0 0 0
6550	sub_6550_0009000.log	DONE exit=20	200	True	36692	0 0 0 0 0 0 0 0 0 0 0 502 572 221 19 2 0 0 0 0 0 0 0 0 0 0 0 0 0
6550	sub_6550_0009200.log	DONE exit=20	200	True	41871	0 0 0 0 0 0 0 0 0 0 0 581 704 262 43 1 0 0 0 0 0 0 0 0 0 0 0 0 0
6550	sub_6550_0009400.log	DONE exit=20	200	True	93870	0 0 0 0 0 0 0 0 0 0 0 849 1624 1089 294 40 0 0 0 0 0 0 0 0 0 0 0 0 0
6550	sub_6550_0009600.log	DONE exit=20	200	True	307823	0 0 0 0 0 0 0 0 0 0 0 611 1292 1752 2168 2015 40 0 0 0 0 0 0 0 0 0 0 0 0
6550	sub_6550_0009800.log	DONE exit=20	200	True	303718	0 0 0 0 0 0 0 0 0 0 0 763 1508 2021 2340 1712 119 0 0 0 0 0 0 0 0 0 0 0 0
6550	sub_6550_0010000.log	DONE exit=20	200	True	604404	0 0 0 0 0 0 0 0 0 0 0 933 2325 3635 4663 4870 2396 777 15 0 0 0 0 0 0 0 0 0 0
6550	sub_6550_0010200.log	DONE exit=20	200	True	91394	0 0 0 0 0 0 0 0 0 0 0 627 1443 1553 885 293 30 0 0 0 0 0 0 0 0 0 0 0 0
6550	sub_6550_0010400.log	DONE exit=20	200	True	70453	0 0 0 0 0 0 0 0 0 0 0 858 1424 1099 411 70 3 0 0 0 0 0 0 0 0 0 0 0 0
6550	sub_6550_0010600.log	DONE exit=20	200	True	114115	0 0 0 0 0 0 0 0 0 0 0 989 2070 2054 903 165 15 0 0 0 0 0 0 0 0 0 0 0 0
6550	sub_6550_0010800.log	DONE exit=20	200	True	129360	0 0 0 0 0 0 0 0 0 0 0 920 2227 2585 1275 249 29 4 0 0 0 0 0 0 0 0 0 0 0
6550	sub_6550_0011000.log	DONE exit=20	200	True	10339412	0 0 0 0 0 0 0 0 0 0 0 1431 5521 14909 34688 70987 104843 105645 71872 43747 12821 0 0 0 0 0 0 0 0
6550	sub_6550_0011200.log	DONE exit=20	200	True	2360291	0 0 0 0 0 0 0 0 0 0 0 1602 6063 12555 16976 19248 16908 9827 1111 574 152 0 0 0 0 0 0 0 0
6550	sub_6550_0011400.log	DONE exit=20	200	True	4172505	0 0 0 0 0 0 0 0 0 0 0 1374 5221 12577 23396 35398 37532 22594 12934 3633 726 0 0 0 0 0 0 0 0
6550	sub_6550_0011600.log	DONE exit=20	200	True	7572451	0 0 0 0 0 0 0 0 0 0 0 1586 6399 14670 25906 44144 69011 89682 95443 62069 24453 0 0 0 0 0 0 0 0
6550	sub_6550_0011800.log	DONE exit=20	200	True	19131998	0 0 0 0 0 0 0 0 0 0 0 1765 9217 28266 62032 111930 177871 221352 210455 120097 42428 0 0 0 0 0 0 0 0
6550	sub_6550_0012000.log	DONE exit=20	200	True	156363	0 0 0 0 0 0 0 0 0 0 0 1133 3008 3600 1495 396 76 8 0 0 0 0 0 0 0 0 0 0 0
6550	sub_6550_0012200.log	DONE exit=20	200	True	307519	0 0 0 0 0 0 0 0 0 0 0 1203 3255 4634 3518 1772 348 22 0 0 0 0 0 0 0 0 0 0 0
6550	sub_6550_0012400.log	DONE exit=20	200	True	1152485	0 0 0 0 0 0 0 0 0 0 0 854 2286 4044 6311 9119 10183 5238 177 5 0 0 0 0 0 0 0 0 0
6550	sub_6550_0012600.log	DONE exit=20	200	True	12005895	0 0 0 0 0 0 0 0 0 0 0 1652 7332 20365 40724 68141 109204 136072 114969 53107 14478 0 0 0 0 0 0 0 0
6550	sub_6550_0012800.log	DONE exit=20	200	True	793202	0 0 0 0 0 0 0 0 0 0 0 718 1591 3698 7301 8444 4983 1058 93 16 8 0 0 0 0 0 0 0 0
6550	sub_6550_0013000.log	DONE exit=20	200	True	112819	0 0 0 0 0 0 0 0 0 0 0 828 1659 1882 1129 400 89 9 1 0 0 0 0 0 0 0 0 0 0
6550	sub_6550_0013200.log	DONE exit=20	200	True	102212	0 0 0 0 0 0 0 0 0 0 0 779 1573 1546 707 138 13 1 0 0 0 0 0 0 0 0 0 0 0
6550	sub_6550_0013400.log	DONE exit=20	200	True	40309	0 0 0 0 0 0 0 0 0 0 0 513 629 445 105 11 0 0 0 0 0 0 0 0 0 0 0 0 0
6550	sub_6550_0013600.log	DONE exit=20	200	True	50993	0 0 0 0 0 0 0 0 0 0 0 576 748 442 139 22 0 0 0 0 0 0 0 0 0 0 0 0 0
6550	sub_6550_0013800.log	DONE exit=20	200	True	2791708	0 0 0 0 0 0 0 0 0 0 0 942 2874 6578 12609 19218 25427 21181 10199 4841 721 0 0 0 0 0 0 0 0
6550	sub_6550_0014000.log	DONE exit=20	200	True	37764	0 0 0 0 0 0 0 0 0 0 0 534 540 328 83 7 0 0 0 0 0 0 0 0 0 0 0 0 0
6550	sub_6550_0014200.log	DONE exit=20	200	True	161182	0 0 0 0 0 0 0 0 0 0 0 877 1672 1408 552 183 4 1 0 0 0 0 0 0 0 0 0 0 0
6550	sub_6550_0014400.log	DONE exit=20	200	True	284238	0 0 0 0 0 0 0 0 0 0 0 1039 2468 3285 2668 1373 110 1 0 0 0 0 0 0 0 0 0 0 0
6550	sub_6550_0014600.log	DONE exit=20	200	True	3144573	0 0 0 0 0 0 0 0 0 0 0 1262 4944 11738 19198 24514 28858 22766 8440 4006 794 0 0 0 0 0 0 0 0
6550	sub_6550_0014800.log	DONE exit=20	200	True	118935	0 0 0 0 0 0 0 0 0 0 0 698 1394 1552 847 227 27 4 0 0 0 0 0 0 0 0 0 0 0
6550	sub_6550_0015000.log	DONE exit=20	200	True	865966	0 0 0 0 0 0 0 0 0 0 0 1057 3164 6326 8519 6592 1624 14 0 0 0 0 0 0 0 0 0 0 0
6550	sub_6550_0015200.log	DONE exit=20	200	True	5227120	0 0 0 0 0 0 0 0 0 0 0 701 1900 5289 13265 28628 52397 57600 18188 10568 2556 0 0 0 0 0 0 0 0
6550	sub_6550_0015400.log	DONE exit=20	200	True	1894549	0 0 0 0 0 0 0 0 0 0 0 1346 4721 9642 14396 16876 14507 2607 0 0 0 0 0 0 0 0 0 0 0
6550	sub_6550_0015600.log	DONE exit=20	200	True	266434	0 0 0 0 0 0 0 0 0 0 0 1201 3740 5328 2979 571 80 2 0 0 0 0 0 0 0 0 0 0 0
6550	sub_6550_0015800.log	DONE exit=20	200	True	846250	0 0 0 0 0 0 0 0 0 0 0 1150 4740 12686 18429 14990 6642 1666 225 13 0 0 0 0 0 0 0 0 0
6550	sub_6550_0016000.log	DONE exit=20	200	True	457998	0 0 0 0 0 0 0 0 0 0 0 1443 4784 8108 7798 4800 2116 747 200 49 11 1 0 0 0 0 0 0 0
6550	sub_6550_0016200.log	DONE exit=20	200	True	510707	0 0 0 0 0 0 0 0 0 0 0 1342 4648 8589 9472 6787 3206 980 195 23 2 0 0 0 0 0 0 0 0
6550	sub_6550_0016400.log	DONE exit=20	200	True	636532	0 0 0 0 0 0 0 0 0 0 0 1214 4184 8614 11352 10313 6464 2564 545 66 2 0 0 0 0 0 0 0 0
6550	sub_6550_0016600.log	DONE exit=20	200	True	105243	0 0 0 0 0 0 0 0 0 0 0 929 1990 1941 736 150 27 3 0 0 0 0 0 0 0 0 0 0 0
6550	sub_6550_0016800.log	DONE exit=20	200	True	802874	0 0 0 0 0 0 0 0 0 0 0 1665 7550 18020 21109 11445 3004 407 16 1 0 0 0 0 0 0 0 0 0
6550	sub_6550_0017000.log	DONE exit=20	200	True	906344	0 0 0 0 0 0 0 0 0 0 0 1636 7047 16261 19987 13803 6085 1500 83 3 0 0 0 0 0 0 0 0 0
6550	sub_6550_0017200.log	DONE exit=20	200	True	634170	0 0 0 0 0 0 0 0 0 0 0 1390 5334 11245 13017 8510 3560 746 26 0 0 0 0 0 0 0 0 0 0
6550	sub_6550_0017400.log	DONE exit=20	200	True	2755405	0 0 0 0 0 0 0 0 0 0 0 2060 11951 39286 74458 82405 49864 12465 1067 132 14 1 0 0 0 0 0 0 0
6550	sub_6550_0017600.log	DONE exit=20	200	True	1210277	0 0 0 0 0 0 0 0 0 0 0 1971 9677 25087 33569 24011 10573 2980 42 0 0 0 0 0 0 0 0 0 0
6550	sub_6550_0017800.log	DONE exit=20	200	True	1228180	0 0 0 0 0 0 0 0 0 0 0 1862 8996 22945 29949 20804 8836 2459 321 57 7 0 0 0 0 0 0 0 0
6550	sub_6550_0018000.log	DONE exit=20	200	True	833951	0 0 0 0 0 0 0 0 0 0 0 1602 6941 15880 18776 11452 3853 853 59 9 1 0 0 0 0 0 0 0 0
6550	sub_6550_0018200.log	DONE exit=20	200	True	927292	0 0 0 0 0 0 0 0 0 0 0 1542 6929 16851 21988 15523 6255 1560 225 17 0 0 0 0 0 0 0 0 0
6550	sub_6550_0018400.log	DONE exit=20	200	True	762993	0 0 0 0 0 0 0 0 0 0 0 1705 6754 14451 16278 9194 2961 659 80 2 0 0 0 0 0 0 0 0 0
6550	sub_6550_0018600.log	DONE exit=20	200	True	523486	0 0 0 0 0 0 0 0 0 0 0 1399 5241 10337 9840 4036 780 82 4 0 0 0 0 0 0 0 0 0 0
6550	sub_6550_0018800.log	DONE exit=20	200	True	464503	0 0 0 0 0 0 0 0 0 0 0 1450 5234 9259 7717 2705 495 62 4 0 0 0 0 0 0 0 0 0 0
6550	sub_6550_0019000.log	DONE exit=20	200	True	171908	0 0 0 0 0 0 0 0 0 0 0 1003 2460 3058 1795 346 38 3 0 0 0 0 0 0 0 0 0 0 0
6550	sub_6550_0019200.log	DONE exit=20	200	True	151159	0 0 0 0 0 0 0 0 0 0 0 1096 2697 3243 2228 909 229 31 2 0 0 0 0 0 0 0 0 0 0
6550	sub_6550_0019400.log	DONE exit=20	200	True	117461	0 0 0 0 0 0 0 0 0 0 0 934 2131 2274 1163 303 42 2 0 0 0 0 0 0 0 0 0 0 0
6550	sub_6550_0019600.log	DONE exit=20	200	True	248760	0 0 0 0 0 0 0 0 0 0 0 1148 3455 5478 4586 1899 405 37 4 0 0 0 0 0 0 0 0 0 0
6550	sub_6550_0019800.log	DONE exit=20	200	True	78142	0 0 0 0 0 0 0 0 0 0 0 984 1729 1160 371 59 3 0 0 0 0 0 0 0 0 0 0 0 0
6550	sub_6550_0020000.log	DONE exit=20	200	True	184466	0 0 0 0 0 0 0 0 0 0 0 1058 2956 4136 2474 612 67 4 0 0 0 0 0 0 0 0 0 0 0
6550	sub_6550_0020200.log	DONE exit=20	200	True	128232	0 0 0 0 0 0 0 0 0 0 0 978 2310 2557 1141 222 42 11 2 0 0 0 0 0 0 0 0 0 0
6550	sub_6550_0020400.log	DONE exit=20	200	True	260209	0 0 0 0 0 0 0 0 0 0 0 1094 3262 5322 4671 2164 528 53 0 0 0 0 0 0 0 0 0 0 0
6550	sub_6550_0020600.log	DONE exit=20	200	True	56346	0 0 0 0 0 0 0 0 0 0 0 630 899 618 162 15 0 0 0 0 0 0 0 0 0 0 0 0 0
6550	sub_6550_0020800.log	DONE exit=20	200	True	224231	0 0 0 0 0 0 0 0 0 0 0 1063 2845 4024 3019 1100 168 13 0 0 0 0 0 0 0 0 0 0 0
6550	sub_6550_0021000.log	DONE exit=20	200	True	351037	0 0 0 0 0 0 0 0 0 0 0 1135 3466 6017 5885 3238 1166 332 51 3 0 0 0 0 0 0 0 0 0
6550	sub_6550_0021200.log	DONE exit=20	200	True	814760	0 0 0 0 0 0 0 0 0 0 0 1265 4780 10994 15909 15567 10354 4510 1289 161 0 0 0 0 0 0 0 0 0
6550	sub_6550_0021400.log	DONE exit=20	200	True	811670	0 0 0 0 0 0 0 0 0 0 0 1489 5987 13424 18040 16107 9810 2883 158 12 0 0 0 0 0 0 0 0 0
6550	sub_6550_0021600.log	DONE exit=20	200	True	628303	0 0 0 0 0 0 0 0 0 0 0 1321 4772 9856 11808 9456 5576 2414 714 132 11 0 0 0 0 0 0 0 0
6550	sub_6550_0021800.log	DONE exit=20	200	True	454470	0 0 0 0 0 0 0 0 0 0 0 1284 4531 8602 9104 5333 1795 398 65 5 0 0 0 0 0 0 0 0 0
6550	sub_6550_0022000.log	DONE exit=20	200	True	157983	0 0 0 0 0 0 0 0 0 0 0 1092 2788 3239 1670 360 28 1 0 0 0 0 0 0 0 0 0 0 0
6550	sub_6550_0022200.log	DONE exit=20	200	True	242683	0 0 0 0 0 0 0 0 0 0 0 1119 3131 4313 3220 1220 264 54 10 1 0 0 0 0 0 0 0 0 0
6550	sub_6550_0022400.log	DONE exit=20	200	True	195020	0 0 0 0 0 0 0 0 0 0 0 972 2611 3626 2743 1149 316 42 2 0 0 0 0 0 0 0 0 0 0
6550	sub_6550_0022600.log	DONE exit=20	200	True	92730	0 0 0 0 0 0 0 0 0 0 0 722 1380 1321 654 159 12 0 0 0 0 0 0 0 0 0 0 0 0
6550	sub_6550_0022800.log	DONE exit=20	200	True	90464	0 0 0 0 0 0 0 0 0 0 0 724 1313 1292 661 168 11 0 0 0 0 0 0 0 0 0 0 0 0
6550	sub_6550_0023000.log	DONE exit=20	200	True	305822	0 0 0 0 0 0 0 0 0 0 0 1052 2956 4643 4607 2524 970 305 63 2 0 0 0 0 0 0 0 0 0
6550	sub_6550_0023200.log	DONE exit=20	200	True	531316	0 0 0 0 0 0 0 0 0 0 0 1267 4507 8876 10230 6670 2608 572 69 2 0 0 0 0 0 0 0 0 0
6550	sub_6550_0023400.log	DONE exit=20	200	True	666090	0 0 0 0 0 0 0 0 0 0 0 1221 4654 10574 13812 11066 5184 1490 266 20 0 0 0 0 0 0 0 0 0
6550	sub_6550_0023600.log	DONE exit=20	200	True	105104	0 0 0 0 0 0 0 0 0 0 0 851 1832 1820 732 120 7 0 0 0 0 0 0 0 0 0 0 0 0
6550	sub_6550_0023800.log	DONE exit=20	200	True	98415	0 0 0 0 0 0 0 0 0 0 0 798 1590 1222 502 56 3 0 0 0 0 0 0 0 0 0 0 0 0
6550	sub_6550_0024000.log	DONE exit=20	200	True	366673	0 0 0 0 0 0 0 0 0 0 0 1151 3795 7031 7607 4831 1708 326 20 0 0 0 0 0 0 0 0 0 0
6550	sub_6550_0024200.log	DONE exit=20	200	True	222933	0 0 0 0 0 0 0 0 0 0 0 956 2770 4565 4045 2200 857 202 31 4 0 0 0 0 0 0 0 0 0
6550	sub_6550_0024400.log	DONE exit=20	200	True	91542	0 0 0 0 0 0 0 0 0 0 0 818 1608 1693 778 150 10 0 0 0 0 0 0 0 0 0 0 0 0
6550	sub_6550_0024600.log	DONE exit=20	200	True	285727	0 0 0 0 0 0 0 0 0 0 0 1271 4093 6735 5307 1959 397 18 0 0 0 0 0 0 0 0 0 0 0
6550	sub_6550_0024800.log	DONE exit=20	200	True	153698	0 0 0 0 0 0 0 0 0 0 0 1041 2575 3163 1920 567 63 5 0 0 0 0 0 0 0 0 0 0 0
6550	sub_6550_0025000.log	DONE exit=20	200	True	359661	0 0 0 0 0 0 0 0 0 0 0 1326 4444 7797 7199 3637 990 111 2 0 0 0 0 0 0 0 0 0 0
6550	sub_6550_0025200.log	DONE exit=20	200	True	488448	0 0 0 0 0 0 0 0 0 0 0 1405 5067 9641 9349 4684 1608 271 0 0 0 0 0 0 0 0 0 0 0
6550	sub_6550_0025400.log	DONE exit=20	200	True	753857	0 0 0 0 0 0 0 0 0 0 0 1619 7101 15913 18184 10593 3154 464 32 3 0 0 0 0 0 0 0 0 0
6550	sub_6550_0025600.log	DONE exit=20	200	True	940558	0 0 0 0 0 0 0 0 0 0 0 1664 7361 17533 22257 14688 5127 758 45 2 0 0 0 0 0 0 0 0 0
6550	sub_6550_0025800.log	DONE exit=20	200	True	223399	0 0 0 0 0 0 0 0 0 0 0 1129 3321 4543 2898 698 76 2 0 0 0 0 0 0 0 0 0 0 0
6550	sub_6550_0026000.log	DONE exit=20	200	True	677106	0 0 0 0 0 0 0 0 0 0 0 1480 5917 13028 14700 8480 2948 357 24 0 0 0 0 0 0 0 0 0 0
6550	sub_6550_0026200.log	DONE exit=20	200	True	137195	0 0 0 0 0 0 0 0 0 0 0 824 1828 2374 1793 491 89 12 0 0 0 0 0 0 0 0 0 0 0
6550	sub_6550_0026400.log	DONE exit=20	200	True	258278	0 0 0 0 0 0 0 0 0 0 0 923 2501 4185 4322 2465 819 178 14 0 0 0 0 0 0 0 0 0 0
6550	sub_6550_0026600.log	DONE exit=20	200	True	163163	0 0 0 0 0 0 0 0 0 0 0 754 1881 2783 2296 1029 280 52 6 0 0 0 0 0 0 0 0 0 0
6550	sub_6550_0026800.log	DONE exit=20	200	True	139042	0 0 0 0 0 0 0 0 0 0 0 814 1847 2322 1757 671 182 56 9 0 0 0 0 0 0 0 0 0 0
6550	sub_6550_0027000.log	DONE exit=20	200	True	140120	0 0 0 0 0 0 0 0 0 0 0 804 1808 2279 1799 661 159 28 4 0 0 0 0 0 0 0 0 0 0
6550	sub_6550_0027200.log	DONE exit=20	200	True	161496	0 0 0 0 0 0 0 0 0 0 0 943 2298 2825 1826 627 107 6 0 0 0 0 0 0 0 0 0 0 0
6550	sub_6550_0027400.log	DONE exit=20	200	True	541856	0 0 0 0 0 0 0 0 0 0 0 1403 4904 9059 9364 5972 2750 1124 115 24 1 0 0 0 0 0 0 0 0
6550	sub_6550_0027600.log	DONE exit=20	200	True	390708	0 0 0 0 0 0 0 0 0 0 0 1120 3566 6623 7337 5418 2413 480 60 5 0 0 0 0 0 0 0 0 0
6550	sub_6550_0027800.log	DONE exit=20	200	True	205405	0 0 0 0 0 0 0 0 0 0 0 1029 2701 3627 2627 888 136 4 0 0 0 0 0 0 0 0 0 0 0
6550	sub_6550_0028000.log	DONE exit=20	200	True	236687	0 0 0 0 0 0 0 0 0 0 0 1072 3167 4623 3313 1342 359 66 6 0 0 0 0 0 0 0 0 0 0
6550	sub_6550_0028200.log	DONE exit=20	200	True	565635	0 0 0 0 0 0 0 0 0 0 0 1498 5810 11830 12696 7368 2440 496 65 5 0 0 0 0 0 0 0 0 0
6550	sub_6550_0028400.log	DONE exit=20	200	True	336236	0 0 0 0 0 0 0 0 0 0 0 1304 4751 7986 5864 1561 87 0 0 0 0 0 0 0 0 0 0 0 0
6550	sub_6550_0028600.log	DONE exit=20	200	True	192680	0 0 0 0 0 0 0 0 0 0 0 1227 3273 3890 2128 585 68 2 0 0 0 0 0 0 0 0 0 0 0
6550	sub_6550_0028800.log	DONE exit=20	200	True	113866	0 0 0 0 0 0 0 0 0 0 0 972 2165 2119 852 138 8 0 0 0 0 0 0 0 0 0 0 0 0
6550	sub_6550_0029000.log	DONE exit=20	200	True	304167	0 0 0 0 0 0 0 0 0 0 0 1373 4540 6840 4714 1364 82 0 0 0 0 0 0 0 0 0 0 0 0
6550	sub_6550_0029200.log	DONE exit=20	200	True	69327	0 0 0 0 0 0 0 0 0 0 0 757 1337 1048 243 16 0 0 0 0 0 0 0 0 0 0 0 0 0
6550	sub_6550_0029400.log	DONE exit=20	200	True	271041	0 0 0 0 0 0 0 0 0 0 0 1223 3513 5152 4249 1901 384 34 2 0 0 0 0 0 0 0 0 0 0
6550	sub_6550_0029600.log	DONE exit=20	200	True	101714	0 0 0 0 0 0 0 0 0 0 0 941 1826 1522 613 57 0 0 0 0 0 0 0 0 0 0 0 0 0
6550	sub_6550_0029800.log	DONE exit=20	200	True	194807	0 0 0 0 0 0 0 0 0 0 0 1096 2989 4125 2832 899 125 4 0 0 0 0 0 0 0 0 0 0 0
6550	sub_6550_0030000.log	DONE exit=20	200	True	85700	0 0 0 0 0 0 0 0 0 0 0 826 1532 1285 473 63 0 0 0 0 0 0 0 0 0 0 0 0 0
6550	sub_6550_0030200.log	DONE exit=20	200	True	178335	0 0 0 0 0 0 0 0 0 0 0 958 2421 3116 2147 568 29 0 0 0 0 0 0 0 0 0 0 0 0
6550	sub_6550_0030400.log	DONE exit=20	200	True	159229	0 0 0 0 0 0 0 0 0 0 0 1084 2925 3913 2532 737 103 8 0 0 0 0 0 0 0 0 0 0 0
6550	sub_6550_0030600.log	DONE exit=20	200	True	154003	0 0 0 0 0 0 0 0 0 0 0 1019 2568 3360 2254 726 172 29 2 0 0 0 0 0 0 0 0 0 0
6550	sub_6550_0030800.log	DONE exit=20	200	True	231384	0 0 0 0 0 0 0 0 0 0 0 1010 2829 4284 3553 1350 296 26 1 0 0 0 0 0 0 0 0 0 0
6550	sub_6550_0031000.log	DONE exit=20	200	True	236623	0 0 0 0 0 0 0 0 0 0 0 990 2715 4180 3586 1414 410 15 0 0 0 0 0 0 0 0 0 0 0
6550	sub_6550_0031200.log	DONE exit=20	200	True	84868	0 0 0 0 0 0 0 0 0 0 0 883 1688 1386 466 69 3 0 0 0 0 0 0 0 0 0 0 0 0
6550	sub_6550_0031400.log	DONE exit=20	200	True	140832	0 0 0 0 0 0 0 0 0 0 0 1122 2803 3139 1469 248 10 0 0 0 0 0 0 0 0 0 0 0 0
6550	sub_6550_0031600.log	DONE exit=20	200	True	77901	0 0 0 0 0 0 0 0 0 0 0 861 1527 1156 368 57 4 0 0 0 0 0 0 0 0 0 0 0 0
6550	sub_6550_0031800.log	DONE exit=20	200	True	167626	0 0 0 0 0 0 0 0 0 0 0 1033 2657 3513 2385 876 190 19 0 0 0 0 0 0 0 0 0 0 0
6550	sub_6550_0032000.log	DONE exit=20	200	True	84636	0 0 0 0 0 0 0 0 0 0 0 864 1623 1320 502 89 4 0 0 0 0 0 0 0 0 0 0 0 0
6550	sub_6550_0032200.log	DONE exit=20	200	True	241070	0 0 0 0 0 0 0 0 0 0 0 1198 3595 5523 4065 1433 243 20 0 0 0 0 0 0 0 0 0 0 0
6550	sub_6550_0032400.log	DONE exit=20	200	True	131579	0 0 0 0 0 0 0 0 0 0 0 912 2036 2263 1194 287 31 0 0 0 0 0 0 0 0 0 0 0 0
6550	sub_6550_0032600.log	DONE exit=20	200	True	287055	0 0 0 0 0 0 0 0 0 0 0 1144 3397 5257 4487 2237 663 109 21 2 0 0 0 0 0 0 0 0 0
6550	sub_6550_0032800.log	DONE exit=20	200	True	236309	0 0 0 0 0 0 0 0 0 0 0 1026 2676 3978 3362 1626 460 56 0 0 0 0 0 0 0 0 0 0 0
6550	sub_6550_0033000.log	DONE exit=20	200	True	58905	0 0 0 0 0 0 0 0 0 0 0 560 872 789 422 124 19 1 0 0 0 0 0 0 0 0 0 0 0
6550	sub_6550_0033200.log	DONE exit=20	200	True	187630	0 0 0 0 0 0 0 0 0 0 0 1158 2966 3737 2394 792 141 10 0 0 0 0 0 0 0 0 0 0 0
6550	sub_6550_0033400.log	DONE exit=20	200	True	296506	0 0 0 0 0 0 0 0 0 0 0 1091 3455 5942 5376 2518 700 143 11 0 0 0 0 0 0 0 0 0 0
6550	sub_6550_0033600.log	DONE exit=20	200	True	685954	0 0 0 0 0 0 0 0 0 0 0 1621 6442 13303 14605 8882 2954 416 27 0 0 0 0 0 0 0 0 0 0
6550	sub_6550_0033800.log	DONE exit=20	200	True	563877	0 0 0 0 0 0 0 0 0 0 0 1304 4913 10017 11223 7512 2816 408 36 2 0 0 0 0 0 0 0 0 0
6550	sub_6550_0034000.log	DONE exit=20	200	True	253042	0 0 0 0 0 0 0 0 0 0 0 1172 3178 4506 3149 1117 439 22 1 0 0 0 0 0 0 0 0 0 0
6550	sub_6550_0034200.log	DONE exit=20	200	True	121644	0 0 0 0 0 0 0 0 0 0 0 874 1911 2004 1175 340 46 3 0 0 0 0 0 0 0 0 0 0 0
6550	sub_6550_0034400.log	DONE exit=20	200	True	210563	0 0 0 0 0 0 0 0 0 0 0 1086 3203 4733 3060 908 150 7 0 0 0 0 0 0 0 0 0 0 0
6550	sub_6550_0034600.log	DONE exit=20	200	True	159735	0 0 0 0 0 0 0 0 0 0 0 900 2172 2834 1724 345 4 0 0 0 0 0 0 0 0 0 0 0 0
6550	sub_6550_0034800.log	DONE exit=20	200	True	329882	0 0 0 0 0 0 0 0 0 0 0 1218 3943 6542 5420 2209 490 88 8 0 0 0 0 0 0 0 0 0 0
6550	sub_6550_0035000.log	DONE exit=20	200	True	209910	0 0 0 0 0 0 0 0 0 0 0 930 2478 3854 2964 931 85 1 0 0 0 0 0 0 0 0 0 0 0
6550	sub_6550_0035200.log	DONE exit=20	200	True	90553	0 0 0 0 0 0 0 0 0 0 0 730 1393 1341 623 122 7 0 0 0 0 0 0 0 0 0 0 0 0
6550	sub_6550_0035400.log	DONE exit=20	200	True	116894	0 0 0 0 0 0 0 0 0 0 0 891 1992 1906 726 101 2 0 0 0 0 0 0 0 0 0 0 0 0
6550	sub_6550_0035600.log	DONE exit=20	200	True	187637	0 0 0 0 0 0 0 0 0 0 0 1089 2700 3390 2449 1085 305 29 0 0 0 0 0 0 0 0 0 0 0
6550	sub_6550_0035800.log	DONE exit=20	200	True	648695	0 0 0 0 0 0 0 0 0 0 0 1363 5297 11558 14468 10613 4161 540 37 2 0 0 0 0 0 0 0 0 0
6550	sub_6550_0036000.log	DONE exit=20	200	True	532149	0 0 0 0 0 0 0 0 0 0 0 1114 3958 8540 11545 9516 4894 1705 190 17 0 0 0 0 0 0 0 0 0
6550	sub_6550_0036200.log	DONE exit=20	200	True	94787	0 0 0 0 0 0 0 0 0 0 0 807 1622 1511 634 133 16 0 0 0 0 0 0 0 0 0 0 0 0
6550	sub_6550_0036400.log	DONE exit=20	200	True	258987	0 0 0 0 0 0 0 0 0 0 0 1144 3490 5539 4683 2134 429 32 1 0 0 0 0 0 0 0 0 0 0
6550	sub_6550_0036600.log	DONE exit=20	200	True	119538	0 0 0 0 0 0 0 0 0 0 0 644 1384 1910 1607 694 125 14 1 0 0 0 0 0 0 0 0 0 0
6550	sub_6550_0036800.log	DONE exit=20	200	True	304597	0 0 0 0 0 0 0 0 0 0 0 978 2976 5629 6675 5017 2080 297 6 1 0 0 0 0 0 0 0 0 0
6550	sub_6550_0037000.log	DONE exit=20	200	True	171559	0 0 0 0 0 0 0 0 0 0 0 953 2480 3277 2427 1047 266 38 2 0 0 0 0 0 0 0 0 0 0
6550	sub_6550_0037200.log	DONE exit=20	200	True	264252	0 0 0 0 0 0 0 0 0 0 0 1070 3058 4603 3711 1521 266 13 0 0 0 0 0 0 0 0 0 0 0
6550	sub_6550_0037400.log	DONE exit=20	200	True	457430	0 0 0 0 0 0 0 0 0 0 0 1283 4467 8310 8885 5725 2402 703 128 9 0 0 0 0 0 0 0 0 0
6550	sub_6550_0037600.log	DONE exit=20	200	True	410755	0 0 0 0 0 0 0 0 0 0 0 1350 4467 7964 8265 4881 1441 187 8 0 0 0 0 0 0 0 0 0 0
6550	sub_6550_0037800.log	DONE exit=20	200	True	236722	0 0 0 0 0 0 0 0 0 0 0 1219 3442 4841 3500 1292 232 23 1 0 0 0 0 0 0 0 0 0 0
6550	sub_6550_0038000.log	DONE exit=20	200	True	277867	0 0 0 0 0 0 0 0 0 0 0 1217 3519 5052 4002 1871 500 71 7 0 0 0 0 0 0 0 0 0 0
6550	sub_6550_0038200.log	DONE exit=20	200	True	99425	0 0 0 0 0 0 0 0 0 0 0 799 1648 1807 1058 292 49 6 0 0 0 0 0 0 0 0 0 0 0
6550	sub_6550_0038400.log	DONE exit=20	200	True	94467	0 0 0 0 0 0 0 0 0 0 0 727 1368 1565 1058 376 86 12 1 0 0 0 0 0 0 0 0 0 0
6550	sub_6550_0038600.log	DONE exit=20	200	True	143228	0 0 0 0 0 0 0 0 0 0 0 928 2248 2877 1885 585 92 5 0 0 0 0 0 0 0 0 0 0 0
6550	sub_6550_0038800.log	DONE exit=20	200	True	105973	0 0 0 0 0 0 0 0 0 0 0 780 1619 1781 971 269 32 3 0 0 0 0 0 0 0 0 0 0 0
6550	sub_6550_0039000.log	DONE exit=20	200	True	48416	0 0 0 0 0 0 0 0 0 0 0 484 633 537 313 98 19 1 0 0 0 0 0 0 0 0 0 0 0
6550	sub_6550_0039200.log	DONE exit=20	200	True	83499	0 0 0 0 0 0 0 0 0 0 0 608 1181 1370 900 320 51 4 0 0 0 0 0 0 0 0 0 0 0
6550	sub_6550_0039400.log	DONE exit=20	200	True	116162	0 0 0 0 0 0 0 0 0 0 0 720 1550 2060 1728 868 230 29 1 0 0 0 0 0 0 0 0 0 0
6550	sub_6550_0039600.log	DONE exit=20	200	True	144228	0 0 0 0 0 0 0 0 0 0 0 702 1463 2022 1921 1170 407 61 4 0 0 0 0 0 0 0 0 0 0
6550	sub_6550_0039800.log	DONE exit=20	200	True	111092	0 0 0 0 0 0 0 0 0 0 0 656 1252 1469 1108 570 206 38 3 0 0 0 0 0 0 0 0 0 0
6550	sub_6550_0040000.log	DONE exit=20	200	True	119208	0 0 0 0 0 0 0 0 0 0 0 803 1656 1865 1176 438 107 0 0 0 0 0 0 0 0 0 0 0 0
6550	sub_6550_0040200.log	DONE exit=20	200	True	69341	0 0 0 0 0 0 0 0 0 0 0 674 1131 877 323 54 0 0 0 0 0 0 0 0 0 0 0 0 0
6550	sub_6550_0040400.log	DONE exit=20	200	True	75166	0 0 0 0 0 0 0 0 0 0 0 580 956 959 607 232 47 1 0 0 0 0 0 0 0 0 0 0 0
6550	sub_6550_0040600.log	DONE exit=20	200	True	52791	0 0 0 0 0 0 0 0 0 0 0 615 862 524 122 10 0 0 0 0 0 0 0 0 0 0 0 0 0
6550	sub_6550_0040800.log	DONE exit=20	200	True	61149	0 0 0 0 0 0 0 0 0 0 0 565 836 732 372 92 10 1 0 0 0 0 0 0 0 0 0 0 0
6550	sub_6550_0041000.log	DONE exit=20	200	True	80446	0 0 0 0 0 0 0 0 0 0 0 621 1079 1078 629 191 39 9 1 0 0 0 0 0 0 0 0 0 0
6550	sub_6550_0041200.log	DONE exit=20	200	True	69936	0 0 0 0 0 0 0 0 0 0 0 683 1177 1067 519 168 31 4 0 0 0 0 0 0 0 0 0 0 0
6550	sub_6550_0041400.log	DONE exit=20	200	True	147364	0 0 0 0 0 0 0 0 0 0 0 777 1688 2256 1768 797 246 52 5 0 0 0 0 0 0 0 0 0 0
6550	sub_6550_0041600.log	DONE exit=20	200	True	256643	0 0 0 0 0 0 0 0 0 0 0 784 1860 3146 3847 3121 1575 600 194 35 2 0 0 0 0 0 0 0 0
6550	sub_6550_0041800.log	DONE exit=20	200	True	71520	0 0 0 0 0 0 0 0 0 0 0 510 877 980 650 257 52 6 0 0 0 0 0 0 0 0 0 0 0
6550	sub_6550_0042000.log	DONE exit=20	200	True	68379	0 0 0 0 0 0 0 0 0 0 0 575 946 946 580 252 51 3 0 0 0 0 0 0 0 0 0 0 0
6550	sub_6550_0042200.log	DONE exit=20	200	True	75260	0 0 0 0 0 0 0 0 0 0 0 904 1526 934 149 0 0 0 0 0 0 0 0 0 0 0 0 0 0
6550	sub_6550_0042400.log	DONE exit=20	200	True	65269	0 0 0 0 0 0 0 0 0 0 0 887 1347 674 111 2 0 0 0 0 0 0 0 0 0 0 0 0 0
6550	sub_6550_0042600.log	DONE exit=20	200	True	102894	0 0 0 0 0 0 0 0 0 0 0 1028 2083 1616 591 125 12 1 0 0 0 0 0 0 0 0 0 0 0
6550	sub_6550_0042800.log	DONE exit=20	200	True	100866	0 0 0 0 0 0 0 0 0 0 0 1029 2062 1647 476 63 5 0 0 0 0 0 0 0 0 0 0 0 0
6550	sub_6550_0043000.log	DONE exit=20	200	True	18042165	0 0 0 0 0 0 0 0 0 0 0 1607 7297 22865 59523 130871 194225 173994 128869 73590 22612 0 0 0 0 0 0 0 0
6550	sub_6550_0043200.log	DONE exit=20	200	True	794592	0 0 0 0 0 0 0 0 0 0 0 1287 4024 7079 7584 4559 1393 594 56 0 0 0 0 0 0 0 0 0 0
6550	sub_6550_0043400.log	DONE exit=20	200	True	1337046	0 0 0 0 0 0 0 0 0 0 0 1305 4603 9641 12849 10109 5294 1474 67 0 0 0 0 0 0 0 0 0 0
6550	sub_6550_0043600.log	DONE exit=20	200	True	44690587	0 0 0 0 0 0 0 0 0 0 0 1951 11254 43901 133934 320421 510649 487237 312432 213763 68261 0 0 0 0 0 0 0 0
6550	sub_6550_0043800.log	DONE exit=20	200	True	892575	0 0 0 0 0 0 0 0 0 0 0 1272 4041 7241 8070 5518 2372 828 58 0 0 0 0 0 0 0 0 0 0
6550	sub_6550_0044000.log	DONE exit=20	200	True	1471694	0 0 0 0 0 0 0 0 0 0 0 1331 4761 10286 14256 11613 6255 1788 132 4 1 0 0 0 0 0 0 0 0
6550	sub_6550_0044200.log	DONE exit=20	200	True	736033	0 0 0 0 0 0 0 0 0 0 0 1148 3593 7001 6057 2771 46 3 0 0 0 0 0 0 0 0 0 0 0
6550	sub_6550_0044400.log	DONE exit=20	200	True	1012430	0 0 0 0 0 0 0 0 0 0 0 1069 3408 6799 9381 6534 1956 316 0 0 0 0 0 0 0 0 0 0 0
6550	sub_6550_0044600.log	DONE exit=20	200	True	145249963	0 0 0 0 0 0 0 0 0 0 0 2034 13438 59301 194500 522245 1197525 2245705 3212414 3079583 1546744 55 0 0 0 0 0 0 0
6550	sub_6550_0044800.log	DONE exit=20	200	True	122189379	0 0 0 0 0 0 0 0 0 0 0 2624 16735 67139 203269 503162 1032756 1715855 2379004 2229045 1123352 0 0 0 0 0 0 0 0
6550	sub_6550_0045000.log	DONE exit=20	200	True	16775678	0 0 0 0 0 0 0 0 0 0 0 1903 8866 24399 50852 94936 155203 211941 241125 220297 103471 0 0 0 0 0 0 0 0
6550	sub_6550_0045200.log	DONE exit=20	200	True	29595135	0 0 0 0 0 0 0 0 0 0 0 1991 9505 27535 66173 146908 276680 411270 478315 392606 174137 0 0 0 0 0 0 0 0
6550	sub_6550_0045400.log	DONE exit=20	200	True	41942510	0 0 0 0 0 0 0 0 0 0 0 2047 11287 38308 96427 204798 374440 572947 710699 616125 273083 0 0 0 0 0 0 0 0
6550	sub_6550_0045600.log	DONE exit=20	200	True	22896101	0 0 0 0 0 0 0 0 0 0 0 1463 6483 19097 46504 105751 199307 297439 348561 282750 103033 0 0 0 0 0 0 0 0
6550	sub_6550_0045800.log	DONE exit=20	200	True	113072635	0 0 0 0 0 0 0 0 0 0 0 2350 15205 61393 180988 447000 949589 1644278 2245961 2111539 1003771 0 0 0 0 0 0 0 0
6550	sub_6550_0046000.log	DONE exit=20	200	True	18006117	0 0 0 0 0 0 0 0 0 0 0 2278 12476 36477 71642 121616 184566 232317 239036 223836 90732 0 0 0 0 0 0 0 0
6550	sub_6550_0046200.log	DONE exit=20	200	True	35691967	0 0 0 0 0 0 0 0 0 0 0 2395 13935 43965 100215 207163 371538 510693 527029 425179 196256 0 0 0 0 0 0 0 0
6550	sub_6550_0046400.log	DONE exit=20	200	True	115541689	0 0 0 0 0 0 0 0 0 0 0 1698 9937 40798 133877 370775 867672 1634783 2226321 1741795 741144 0 0 0 0 0 0 0 0
6550	sub_6550_0046600.log	DONE exit=20	200	True	270336662	0 0 0 0 0 0 0 0 0 0 0 3232 26717 131125 450069 1146409 2253424 3466667 4368064 3365975 1363656 0 0 0 0 0 0 0 0
6550	sub_6550_0046800.log	DONE exit=20	200	True	8298297	0 0 0 0 0 0 0 0 0 0 0 1989 8046 18359 34288 58821 88271 89692 47167 32613 10755 0 0 0 0 0 0 0 0
6550	sub_6550_0047000.log	DONE exit=20	200	True	25476991	0 0 0 0 0 0 0 0 0 0 0 1843 8698 27244 71893 167018 294398 305409 159990 93470 31674 0 0 0 0 0 0 0 0
6550	sub_6550_0047200.log	DONE exit=20	200	True	27749538	0 0 0 0 0 0 0 0 0 0 0 2166 10145 31344 82302 184644 308473 333603 218628 129258 41081 0 0 0 0 0 0 0 0
6550	sub_6550_0047400.log	DONE exit=20	200	True	33578065	0 0 0 0 0 0 0 0 0 0 0 1991 10498 34261 82767 172937 295208 405312 438770 320192 117218 0 0 0 0 0 0 0 0
6550	sub_6550_0047600.log	DONE exit=20	200	True	25857214	0 0 0 0 0 0 0 0 0 0 0 1437 6141 18096 48205 120841 232363 318366 325623 239057 82277 0 0 0 0 0 0 0 0
6550	sub_6550_0047800.log	DONE exit=20	200	True	3288583	0 0 0 0 0 0 0 0 0 0 0 1367 4752 11078 18907 29305 35712 24558 6948 2622 1054 0 0 0 0 0 0 0 0
6550	sub_6550_0048000.log	DONE exit=20	200	True	110458	0 0 0 0 0 0 0 0 0 0 0 914 1862 1711 783 173 8 0 0 0 0 0 0 0 0 0 0 0 0
6550	sub_6550_0048200.log	DONE exit=20	200	True	795401	0 0 0 0 0 0 0 0 0 0 0 977 2622 4997 6930 6693 1696 509 0 0 0 0 0 0 0 0 0 0 0
6550	sub_6550_0048400.log	DONE exit=20	200	True	12714702	0 0 0 0 0 0 0 0 0 0 0 1683 7633 22178 50658 97258 134599 117384 54484 33228 9770 0 0 0 0 0 0 0 0
6550	sub_6550_0048600.log	DONE exit=20	200	True	2200839	0 0 0 0 0 0 0 0 0 0 0 1155 3575 7468 14035 21426 19767 8967 1472 203 77 0 0 0 0 0 0 0 0
6550	sub_6550_0048800.log	DONE exit=20	200	True	611402	0 0 0 0 0 0 0 0 0 0 0 978 2635 4950 5565 4336 2036 745 190 0 0 0 0 0 0 0 0 0 0
6550	sub_6550_0049000.log	DONE exit=20	200	True	121813	0 0 0 0 0 0 0 0 0 0 0 1083 2416 2567 1203 223 10 1 0 0 0 0 0 0 0 0 0 0 0
6550	sub_6550_0049200.log	DONE exit=20	200	True	83371	0 0 0 0 0 0 0 0 0 0 0 847 1603 1424 490 109 6 0 0 0 0 0 0 0 0 0 0 0 0
6550	sub_6550_0049400.log	DONE exit=20	200	True	101184	0 0 0 0 0 0 0 0 0 0 0 841 1550 1429 676 23 1 0 0 0 0 0 0 0 0 0 0 0 0
6550	sub_6550_0049600.log	DONE exit=20	200	True	719056	0 0 0 0 0 0 0 0 0 0 0 1265 4066 8027 11614 12703 11520 4190 0 0 0 0 0 0 0 0 0 0 0
6550	sub_6550_0049800.log	DONE exit=20	200	True	192039	0 0 0 0 0 0 0 0 0 0 0 1103 2716 3349 2188 826 163 0 0 0 0 0 0 0 0 0 0 0 0
6550	sub_6550_0050000.log	DONE exit=20	200	True	234776	0 0 0 0 0 0 0 0 0 0 0 898 2087 2736 2462 1626 95 0 0 0 0 0 0 0 0 0 0 0 0
6550	sub_6550_0050200.log	DONE exit=20	200	True	169288	0 0 0 0 0 0 0 0 0 0 0 911 1732 1626 946 472 2 0 0 0 0 0 0 0 0 0 0 0 0
6550	sub_6550_0050400.log	DONE exit=20	200	True	162746	0 0 0 0 0 0 0 0 0 0 0 1006 2495 3556 2630 785 83 0 0 0 0 0 0 0 0 0 0 0 0
6550	sub_6550_0050600.log	DONE exit=20	200	True	324672	0 0 0 0 0 0 0 0 0 0 0 841 2134 3586 3783 2116 487 9 0 0 0 0 0 0 0 0 0 0 0
6550	sub_6550_0050800.log	DONE exit=20	200	True	5208910	0 0 0 0 0 0 0 0 0 0 0 908 2435 5801 14514 33425 57207 64540 39197 20195 6305 0 0 0 0 0 0 0 0
6550	sub_6550_0051000.log	DONE exit=20	200	True	971536	0 0 0 0 0 0 0 0 0 0 0 1022 3092 6157 9085 8955 2976 547 0 0 0 0 0 0 0 0 0 0 0
6550	sub_6550_0051200.log	DONE exit=20	200	True	482535	0 0 0 0 0 0 0 0 0 0 0 756 1817 3178 4269 3639 831 16 0 0 0 0 0 0 0 0 0 0 0
6550	sub_6550_0051400.log	DONE exit=20	200	True	109136	0 0 0 0 0 0 0 0 0 0 0 808 1556 1753 1254 565 95 7 0 0 0 0 0 0 0 0 0 0 0
6550	sub_6550_0051600.log	DONE exit=20	200	True	208988	0 0 0 0 0 0 0 0 0 0 0 1200 3132 4384 2940 1091 264 11 0 0 0 0 0 0 0 0 0 0 0
6550	sub_6550_0051800.log	DONE exit=20	200	True	207779	0 0 0 0 0 0 0 0 0 0 0 1189 3437 4493 2576 713 139 5 0 0 0 0 0 0 0 0 0 0 0
6550	sub_6550_0052000.log	DONE exit=20	200	True	182913	0 0 0 0 0 0 0 0 0 0 0 956 2166 2442 1529 658 128 24 2 0 0 0 0 0 0 0 0 0 0
6550	sub_6550_0052200.log	DONE exit=20	200	True	4697800	0 0 0 0 0 0 0 0 0 0 0 1432 5133 11561 21560 36370 50538 45062 26756 15648 5004 0 0 0 0 0 0 0 0
6550	sub_6550_0052400.log	DONE exit=20	200	True	442812	0 0 0 0 0 0 0 0 0 0 0 802 1814 3067 4234 2987 449 0 0 0 0 0 0 0 0 0 0 0 0
6550	sub_6550_0052600.log	DONE exit=20	200	True	60521	0 0 0 0 0 0 0 0 0 0 0 679 977 714 269 39 0 0 0 0 0 0 0 0 0 0 0 0 0
6550	sub_6550_0052800.log	DONE exit=20	200	True	647303	0 0 0 0 0 0 0 0 0 0 0 826 1921 3653 5634 5646 2398 25 0 0 0 0 0 0 0 0 0 0 0
6550	sub_6550_0053000.log	DONE exit=20	200	True	225005	0 0 0 0 0 0 0 0 0 0 0 604 1031 1362 1781 1889 971 5 0 0 0 0 0 0 0 0 0 0 0
6550	sub_6550_0053200.log	DONE exit=20	200	True	186455	0 0 0 0 0 0 0 0 0 0 0 1267 3274 3923 1677 299 23 0 0 0 0 0 0 0 0 0 0 0 0
6550	sub_6550_0053400.log	DONE exit=20	200	True	101236	0 0 0 0 0 0 0 0 0 0 0 803 1641 1778 919 149 14 0 0 0 0 0 0 0 0 0 0 0 0
6550	sub_6550_0053600.log	DONE exit=20	200	True	14979477	0 0 0 0 0 0 0 0 0 0 0 1430 6081 17613 43900 98094 159574 170071 113873 66769 21421 0 0 0 0 0 0 0 0
6550	sub_6550_0053800.log	DONE exit=20	200	True	1682567	0 0 0 0 0 0 0 0 0 0 0 1406 4703 9149 12921 14407 11362 7434 5013 3306 1249 0 0 0 0 0 0 0 0
6550	sub_6550_0054000.log	DONE exit=20	200	True	9609662	0 0 0 0 0 0 0 0 0 0 0 2195 10493 27086 50132 74926 88306 81557 70405 46849 17198 0 0 0 0 0 0 0 0
6550	sub_6550_0054200.log	DONE exit=20	200	True	964049	0 0 0 0 0 0 0 0 0 0 0 1215 4174 8758 11278 7836 3448 1569 1 0 0 0 0 0 0 0 0 0 0
6550	sub_6550_0054400.log	DONE exit=20	200	True	6204443	0 0 0 0 0 0 0 0 0 0 0 1448 5680 14742 31282 53656 64459 43390 22014 7028 2114 0 0 0 0 0 0 0 0
6550	sub_6550_0054600.log	DONE exit=20	200	True	235776	0 0 0 0 0 0 0 0 0 0 0 1360 3949 5158 2654 565 82 7 1 0 0 0 0 0 0 0 0 0 0
6550	sub_6550_0054800.log	DONE exit=20	200	True	99771	0 0 0 0 0 0 0 0 0 0 0 780 1597 1681 909 264 53 9 1 0 0 0 0 0 0 0 0 0 0
6550	sub_6550_0055000.log	DONE exit=20	200	True	245383	0 0 0 0 0 0 0 0 0 0 0 1397 4202 5608 2779 611 48 0 0 0 0 0 0 0 0 0 0 0 0
6550	sub_6550_0055200.log	DONE exit=20	200	True	110450	0 0 0 0 0 0 0 0 0 0 0 770 1599 2027 1348 519 120 12 0 0 0 0 0 0 0 0 0 0 0
6550	sub_6550_0055400.log	DONE exit=20	200	True	2657991	0 0 0 0 0 0 0 0 0 0 0 1559 5984 13328 20659 24659 20354 8002 1602 235 178 0 0 0 0 0 0 0 0
6550	sub_6550_0055600.log	DONE exit=20	200	True	2756679	0 0 0 0 0 0 0 0 0 0 0 1652 6492 13768 19253 23220 22290 14196 9015 5539 1896 0 0 0 0 0 0 0 0
6550	sub_6550_0055800.log	DONE exit=20	200	True	1050506	0 0 0 0 0 0 0 0 0 0 0 894 2408 5340 9636 10822 5830 1121 97 16 7 0 0 0 0 0 0 0 0
6550	sub_6550_0056000.log	DONE exit=20	200	True	1340645	0 0 0 0 0 0 0 0 0 0 0 824 2557 6450 11171 11296 5099 737 0 0 0 0 0 0 0 0 0 0 0
6550	sub_6550_0056200.log	DONE exit=20	200	True	890498	0 0 0 0 0 0 0 0 0 0 0 1034 3118 5971 8198 6690 2940 407 0 0 0 0 0 0 0 0 0 0 0
6550	sub_6550_0056400.log	DONE exit=20	200	True	1665667	0 0 0 0 0 0 0 0 0 0 0 952 2852 6173 11201 15481 14385 2407 0 0 0 0 0 0 0 0 0 0 0
6550	sub_6550_0056600.log	DONE exit=20	200	True	338508	0 0 0 0 0 0 0 0 0 0 0 1116 3257 4829 3363 1150 25 0 0 0 0 0 0 0 0 0 0 0 0
6550	sub_6550_0056800.log	DONE exit=20	200	True	87457	0 0 0 0 0 0 0 0 0 0 0 673 1298 1308 685 192 23 0 0 0 0 0 0 0 0 0 0 0 0
6550	sub_6550_0057000.log	DONE exit=20	200	True	178378	0 0 0 0 0 0 0 0 0 0 0 567 901 1219 1449 1358 314 0 0 0 0 0 0 0 0 0 0 0 0
6550	sub_6550_0057200.log	DONE exit=20	200	True	64839	0 0 0 0 0 0 0 0 0 0 0 696 997 595 129 7 0 0 0 0 0 0 0 0 0 0 0 0 0
6550	sub_6550_0057400.log	DONE exit=20	200	True	99051	0 0 0 0 0 0 0 0 0 0 0 833 1634 1464 616 119 9 0 0 0 0 0 0 0 0 0 0 0 0
6550	sub_6550_0057600.log	DONE exit=20	200	True	4498318	0 0 0 0 0 0 0 0 0 0 0 1415 5046 12581 25956 40618 42939 21762 6771 3926 993 0 0 0 0 0 0 0 0
6550	sub_6550_0057800.log	DONE exit=20	200	True	9805540	0 0 0 0 0 0 0 0 0 0 0 1624 7637 22527 45048 73501 98277 91242 67945 38414 11455 0 0 0 0 0 0 0 0
6550	sub_6550_0058000.log	DONE exit=20	200	True	10159340	0 0 0 0 0 0 0 0 0 0 0 1630 6999 17619 31836 51982 79869 113472 129229 70739 18901 0 0 0 0 0 0 0 0
6550	sub_6550_0058200.log	DONE exit=20	200	True	11931667	0 0 0 0 0 0 0 0 0 0 0 1665 8469 25814 55097 93206 113204 99571 89792 64826 24332 0 0 0 0 0 0 0 0
6550	sub_6550_0058400.log	DONE exit=20	200	True	136941	0 0 0 0 0 0 0 0 0 0 0 829 1727 1505 585 158 2 0 0 0 0 0 0 0 0 0 0 0 0
6550	sub_6550_0058600.log	DONE exit=20	200	True	88710	0 0 0 0 0 0 0 0 0 0 0 809 1590 1394 591 119 15 0 0 0 0 0 0 0 0 0 0 0 0
6550	sub_6550_0058800.log	DONE exit=20	200	True	348856	0 0 0 0 0 0 0 0 0 0 0 1458 4737 6822 5614 3229 1271 272 37 2 0 0 0 0 0 0 0 0 0
6550	sub_6550_0059000.log	DONE exit=20	200	True	176068	0 0 0 0 0 0 0 0 0 0 0 1067 2498 2960 2340 1197 383 72 6 0 0 0 0 0 0 0 0 0 0
6550	sub_6550_0059200.log	DONE exit=20	200	True	81311	0 0 0 0 0 0 0 0 0 0 0 718 1298 1041 282 38 1 0 0 0 0 0 0 0 0 0 0 0 0
6550	sub_6550_0059400.log	DONE exit=20	200	True	482017	0 0 0 0 0 0 0 0 0 0 0 710 1666 2690 3618 3742 793 7 0 0 0 0 0 0 0 0 0 0 0
6550	sub_6550_0059600.log	DONE exit=20	200	True	620179	0 0 0 0 0 0 0 0 0 0 0 833 2058 3414 4690 5034 2553 849 37 0 0 0 0 0 0 0 0 0 0
6550	sub_6550_0059800.log	DONE exit=20	200	True	407182	0 0 0 0 0 0 0 0 0 0 0 910 2000 2921 3346 2765 505 15 0 0 0 0 0 0 0 0 0 0 0
6550	sub_6550_0060000.log	DONE exit=20	200	True	895238	0 0 0 0 0 0 0 0 0 0 0 1199 3714 6531 8042 7158 3777 1262 105 0 0 0 0 0 0 0 0 0 0
6550	sub_6550_0060200.log	DONE exit=20	200	True	457366	0 0 0 0 0 0 0 0 0 0 0 795 1814 2829 3626 3330 981 20 0 0 0 0 0 0 0 0 0 0 0
6550	sub_6550_0060400.log	DONE exit=20	200	True	332294	0 0 0 0 0 0 0 0 0 0 0 895 2262 3106 2723 2214 1594 772 13 0 0 0 0 0 0 0 0 0 0
6550	sub_6550_0060600.log	DONE exit=20	200	True	74241	0 0 0 0 0 0 0 0 0 0 0 696 1296 1068 382 74 2 0 0 0 0 0 0 0 0 0 0 0 0
6550	sub_6550_0060800.log	DONE exit=20	200	True	75188	0 0 0 0 0 0 0 0 0 0 0 781 1476 1317 382 38 1 0 0 0 0 0 0 0 0 0 0 0 0
6550	sub_6550_0061000.log	DONE exit=20	200	True	722807	0 0 0 0 0 0 0 0 0 0 0 1902 8444 18146 17892 7842 1503 114 0 0 0 0 0 0 0 0 0 0 0
6550	sub_6550_0061200.log	DONE exit=20	200	True	576448	0 0 0 0 0 0 0 0 0 0 0 1454 5394 11048 12612 8745 4016 930 37 1 0 0 0 0 0 0 0 0 0
6550	sub_6550_0061400.log	DONE exit=20	200	True	504023	0 0 0 0 0 0 0 0 0 0 0 1324 5048 10188 10870 6131 1880 246 5 0 0 0 0 0 0 0 0 0 0
6550	sub_6550_0061600.log	DONE exit=20	200	True	703567	0 0 0 0 0 0 0 0 0 0 0 1729 6987 15095 17053 9673 2618 297 4 0 0 0 0 0 0 0 0 0 0
6550	sub_6550_0061800.log	DONE exit=20	200	True	265131	0 0 0 0 0 0 0 0 0 0 0 1266 3763 5478 3671 1093 180 9 0 0 0 0 0 0 0 0 0 0 0
6550	sub_6550_0062000.log	DONE exit=20	200	True	318865	0 0 0 0 0 0 0 0 0 0 0 1264 4107 6776 5328 1494 133 6 0 0 0 0 0 0 0 0 0 0 0
6550	sub_6550_0062200.log	DONE exit=20	200	True	1523321	0 0 0 0 0 0 0 0 0 0 0 2278 13023 36185 49160 33817 14596 4848 925 35 0 0 0 0 0 0 0 0 0
6550	sub_6550_0062400.log	DONE exit=20	200	True	805796	0 0 0 0 0 0 0 0 0 0 0 2199 9906 20326 21284 12458 4567 1206 245 17 0 0 0 0 0 0 0 0 0
6550	sub_6550_0062600.log	DONE exit=20	200	True	860793	0 0 0 0 0 0 0 0 0 0 0 2326 11290 23560 24336 14805 6064 1709 327 39 0 0 0 0 0 0 0 0 0
6550	sub_6550_0062800.log	DONE exit=20	200	True	537789	0 0 0 0 0 0 0 0 0 0 0 1794 7274 13441 13323 7924 3119 741 81 4 0 0 0 0 0 0 0 0 0
6550	sub_6550_0063000.log	DONE exit=20	200	True	301895	0 0 0 0 0 0 0 0 0 0 0 1348 4503 7251 6659 3580 1321 267 24 0 0 0 0 0 0 0 0 0 0
6550	sub_6550_0063200.log	DONE exit=20	200	True	419306	0 0 0 0 0 0 0 0 0 0 0 1481 5870 11491 10644 5179 1467 243 23 0 0 0 0 0 0 0 0 0 0
6550	sub_6550_0063400.log	DONE exit=20	200	True	187444	0 0 0 0 0 0 0 0 0 0 0 1140 2903 3862 2816 1082 256 27 0 0 0 0 0 0 0 0 0 0 0
6550	sub_6550_0063600.log	DONE exit=20	200	True	117808	0 0 0 0 0 0 0 0 0 0 0 1084 2358 2228 933 134 7 0 0 0 0 0 0 0 0 0 0 0 0
6550	sub_6550_0063800.log	DONE exit=20	200	True	205295	0 0 0 0 0 0 0 0 0 0 0 1095 2937 4464 3762 1484 233 7 0 0 0 0 0 0 0 0 0 0 0
6550	sub_6550_0064000.log	DONE exit=20	200	True	208347	0 0 0 0 0 0 0 0 0 0 0 1093 3040 4228 3090 1176 225 10 0 0 0 0 0 0 0 0 0 0 0
6550	sub_6550_0064200.log	DONE exit=20	200	True	85933	0 0 0 0 0 0 0 0 0 0 0 946 1822 1631 672 113 7 0 0 0 0 0 0 0 0 0 0 0 0
6550	sub_6550_0064400.log	DONE exit=20	200	True	126585	0 0 0 0 0 0 0 0 0 0 0 1016 2517 3091 1823 621 117 11 0 0 0 0 0 0 0 0 0 0 0
6550	sub_6550_0064600.log	DONE exit=20	200	True	84525	0 0 0 0 0 0 0 0 0 0 0 897 1646 1423 670 172 25 2 0 0 0 0 0 0 0 0 0 0 0
6550	sub_6550_0064800.log	DONE exit=20	200	True	197365	0 0 0 0 0 0 0 0 0 0 0 1035 2837 4213 3406 1612 477 74 4 0 0 0 0 0 0 0 0 0 0
6550	sub_6550_0065000.log	DONE exit=20	200	True	100806	0 0 0 0 0 0 0 0 0 0 0 838 1660 1614 955 333 49 6 0 0 0 0 0 0 0 0 0 0 0
6550	sub_6550_0065200.log	DONE exit=20	200	True	188658	0 0 0 0 0 0 0 0 0 0 0 1058 3100 4647 3392 1139 137 6 0 0 0 0 0 0 0 0 0 0 0
6550	sub_6550_0065400.log	DONE exit=20	200	True	236940	0 0 0 0 0 0 0 0 0 0 0 1263 4130 6569 5180 2098 387 40 3 0 0 0 0 0 0 0 0 0 0
6550	sub_6550_0065600.log	DONE exit=20	200	True	147748	0 0 0 0 0 0 0 0 0 0 0 966 2390 3347 2568 1157 314 42 1 0 0 0 0 0 0 0 0 0 0
6550	sub_6550_0065800.log	DONE exit=20	200	True	160755	0 0 0 0 0 0 0 0 0 0 0 973 2435 3055 1967 736 250 26 0 0 0 0 0 0 0 0 0 0 0
6550	sub_6550_0066000.log	DONE exit=20	200	True	450855	0 0 0 0 0 0 0 0 0 0 0 1145 4112 8813 10513 6975 3007 616 2 0 0 0 0 0 0 0 0 0 0
6550	sub_6550_0066200.log	DONE exit=20	200	True	111826	0 0 0 0 0 0 0 0 0 0 0 884 1912 2129 1272 407 77 8 0 0 0 0 0 0 0 0 0 0 0
6550	sub_6550_0066400.log	DONE exit=20	200	True	322857	0 0 0 0 0 0 0 0 0 0 0 1459 5062 8552 6701 2443 422 16 0 0 0 0 0 0 0 0 0 0 0
6550	sub_6550_0066600.log	DONE exit=20	200	True	107832	0 0 0 0 0 0 0 0 0 0 0 896 1896 1853 796 133 4 0 0 0 0 0 0 0 0 0 0 0 0
6550	sub_6550_0066800.log	DONE exit=20	200	True	438088	0 0 0 0 0 0 0 0 0 0 0 1339 4555 8297 8271 4939 2033 354 0 0 0 0 0 0 0 0 0 0 0
6550	sub_6550_0067000.log	DONE exit=20	200	True	128442	0 0 0 0 0 0 0 0 0 0 0 786 1824 2270 1624 705 213 34 0 0 0 0 0 0 0 0 0 0 0
6550	sub_6550_0067200.log	DONE exit=20	200	True	331606	0 0 0 0 0 0 0 0 0 0 0 1054 3195 5879 6350 4460 2360 538 0 0 0 0 0 0 0 0 0 0 0
6550	sub_6550_0067400.log	DONE exit=20	200	True	126465	0 0 0 0 0 0 0 0 0 0 0 825 1946 2501 1655 569 89 4 0 0 0 0 0 0 0 0 0 0 0
6550	sub_6550_0067600.log	DONE exit=20	200	True	165602	0 0 0 0 0 0 0 0 0 0 0 1002 2691 3745 2059 458 60 5 0 0 0 0 0 0 0 0 0 0 0
6550	sub_6550_0067800.log	DONE exit=20	200	True	234999	0 0 0 0 0 0 0 0 0 0 0 1010 2984 4894 4190 1925 543 65 3 0 0 0 0 0 0 0 0 0 0
6550	sub_6550_0068000.log	DONE exit=20	200	True	580594	0 0 0 0 0 0 0 0 0 0 0 1585 6260 12468 12794 7282 2725 521 3 0 0 0 0 0 0 0 0 0 0
6550	sub_6550_0068200.log	DONE exit=20	200	True	650607	0 0 0 0 0 0 0 0 0 0 0 1631 6779 14175 14648 7855 2542 355 8 0 0 0 0 0 0 0 0 0 0
6550	sub_6550_0068400.log	DONE exit=20	200	True	384422	0 0 0 0 0 0 0 0 0 0 0 1173 3913 7258 7442 4646 1688 404 44 2 0 0 0 0 0 0 0 0 0
6550	sub_6550_0068600.log	DONE exit=20	200	True	222736	0 0 0 0 0 0 0 0 0 0 0 1111 3352 5152 3623 1184 188 1 0 0 0 0 0 0 0 0 0 0 0
6550	sub_6550_0068800.log	DONE exit=20	200	True	550182	0 0 0 0 0 0 0 0 0 0 0 1502 5426 10249 10704 6231 2568 551 5 0 0 0 0 0 0 0 0 0 0
6550	sub_6550_0069000.log	DONE exit=20	200	True	576230	0 0 0 0 0 0 0 0 0 0 0 1492 5834 11882 11914 6028 2039 338 1 0 0 0 0 0 0 0 0 0 0
6550	sub_6550_0069200.log	DONE exit=20	200	True	174087	0 0 0 0 0 0 0 0 0 0 0 963 2369 3080 2152 454 31 0 0 0 0 0 0 0 0 0 0 0 0
6550	sub_6550_0069400.log	DONE exit=20	200	True	136840	0 0 0 0 0 0 0 0 0 0 0 865 2046 2579 1550 342 29 2 0 0 0 0 0 0 0 0 0 0 0
6550	sub_6550_0069600.log	DONE exit=20	200	True	358527	0 0 0 0 0 0 0 0 0 0 0 1300 4596 8357 7546 3453 816 74 2 0 0 0 0 0 0 0 0 0 0
6550	sub_6550_0069800.log	DONE exit=20	200	True	214115	0 0 0 0 0 0 0 0 0 0 0 1087 3259 4778 3470 1369 313 40 1 0 0 0 0 0 0 0 0 0 0
6550	sub_6550_0070000.log	DONE exit=20	200	True	150354	0 0 0 0 0 0 0 0 0 0 0 850 1968 2894 2259 464 25 1 0 0 0 0 0 0 0 0 0 0 0
6550	sub_6550_0070200.log	DONE exit=20	200	True	57350	0 0 0 0 0 0 0 0 0 0 0 638 948 463 97 12 1 0 0 0 0 0 0 0 0 0 0 0 0
6550	sub_6550_0070400.log	DONE exit=20	200	True	132203	0 0 0 0 0 0 0 0 0 0 0 959 2142 2237 1181 321 41 3 0 0 0 0 0 0 0 0 0 0 0
6550	sub_6550_0070600.log	DONE exit=20	200	True	432029	0 0 0 0 0 0 0 0 0 0 0 1244 4224 8051 8531 5222 2065 392 2 0 0 0 0 0 0 0 0 0 0
6550	sub_6550_0070800.log	DONE exit=20	200	True	388606	0 0 0 0 0 0 0 0 0 0 0 1172 4066 7814 8435 4695 1368 140 3 0 0 0 0 0 0 0 0 0 0
6550	sub_6550_0071000.log	DONE exit=20	200	True	112585	0 0 0 0 0 0 0 0 0 0 0 899 2058 2043 748 149 7 0 0 0 0 0 0 0 0 0 0 0 0
6550	sub_6550_0071200.log	DONE exit=20	200	True	108324	0 0 0 0 0 0 0 0 0 0 0 947 2154 2079 926 186 20 1 0 0 0 0 0 0 0 0 0 0 0
6550	sub_6550_0071400.log	DONE exit=20	200	True	166453	0 0 0 0 0 0 0 0 0 0 0 1023 2708 3583 2269 671 93 1 0 0 0 0 0 0 0 0 0 0 0
6550	sub_6550_0071600.log	DONE exit=20	200	True	117942	0 0 0 0 0 0 0 0 0 0 0 752 1671 1797 1213 434 72 7 0 0 0 0 0 0 0 0 0 0 0
6550	sub_6550_0071800.log	DONE exit=20	200	True	102942	0 0 0 0 0 0 0 0 0 0 0 835 1631 1575 759 208 29 1 0 0 0 0 0 0 0 0 0 0 0
6550	sub_6550_0072000.log	DONE exit=20	200	True	321939	0 0 0 0 0 0 0 0 0 0 0 1323 4195 6513 5330 2080 357 23 0 0 0 0 0 0 0 0 0 0 0
6550	sub_6550_0072200.log	DONE exit=20	200	True	359305	0 0 0 0 0 0 0 0 0 0 0 1114 3820 7558 8653 5520 1812 277 14 0 0 0 0 0 0 0 0 0 0
6550	sub_6550_0072400.log	DONE exit=20	200	True	107749	0 0 0 0 0 0 0 0 0 0 0 843 1753 1794 1129 483 125 16 0 0 0 0 0 0 0 0 0 0 0
6550	sub_6550_0072600.log	DONE exit=20	200	True	156094	0 0 0 0 0 0 0 0 0 0 0 1157 2626 2420 1070 268 35 2 0 0 0 0 0 0 0 0 0 0 0
6550	sub_6550_0072800.log	DONE exit=20	200	True	115978	0 0 0 0 0 0 0 0 0 0 0 925 1812 1814 944 225 32 3 0 0 0 0 0 0 0 0 0 0 0
6550	sub_6550_0073000.log	DONE exit=20	200	True	362726	0 0 0 0 0 0 0 0 0 0 0 1188 3871 7331 7354 3404 518 1 0 0 0 0 0 0 0 0 0 0 0
6550	sub_6550_0073200.log	DONE exit=20	200	True	66361	0 0 0 0 0 0 0 0 0 0 0 746 1093 798 224 6 0 0 0 0 0 0 0 0 0 0 0 0 0
6550	sub_6550_0073400.log	DONE exit=20	200	True	68801	0 0 0 0 0 0 0 0 0 0 0 815 1346 687 58 1 0 0 0 0 0 0 0 0 0 0 0 0 0
6550	sub_6550_0073600.log	DONE exit=20	200	True	73726	0 0 0 0 0 0 0 0 0 0 0 871 1384 896 178 7 0 0 0 0 0 0 0 0 0 0 0 0 0
6550	sub_6550_0073800.log	DONE exit=20	200	True	27927	0 0 0 0 0 0 0 0 0 0 0 448 443 145 9 0 0 0 0 0 0 0 0 0 0 0 0 0 0
6550	sub_6550_0074000.log	DONE exit=20	200	True	70862	0 0 0 0 0 0 0 0 0 0 0 748 1174 771 177 19 1 0 0 0 0 0 0 0 0 0 0 0 0
6550	sub_6550_0074200.log	DONE exit=20	200	True	39767	0 0 0 0 0 0 0 0 0 0 0 476 597 314 44 1 0 0 0 0 0 0 0 0 0 0 0 0 0
6550	sub_6550_0074400.log	DONE exit=20	200	True	27322	0 0 0 0 0 0 0 0 0 0 0 376 299 113 13 0 0 0 0 0 0 0 0 0 0 0 0 0 0
6550	sub_6550_0074600.log	DONE exit=20	200	True	38148	0 0 0 0 0 0 0 0 0 0 0 556 635 331 97 10 0 0 0 0 0 0 0 0 0 0 0 0 0
6550	sub_6550_0074800.log	DONE exit=20	200	True	44299	0 0 0 0 0 0 0 0 0 0 0 484 611 386 99 12 0 0 0 0 0 0 0 0 0 0 0 0 0
6550	sub_6550_0075000.log	DONE exit=20	200	True	31139	0 0 0 0 0 0 0 0 0 0 0 385 392 211 50 9 0 0 0 0 0 0 0 0 0 0 0 0 0
6550	sub_6550_0075200.log	DONE exit=20	200	True	40839	0 0 0 0 0 0 0 0 0 0 0 592 740 405 84 4 0 0 0 0 0 0 0 0 0 0 0 0 0
6550	sub_6550_0075400.log	DONE exit=20	200	True	49377	0 0 0 0 0 0 0 0 0 0 0 608 760 429 114 16 3 0 0 0 0 0 0 0 0 0 0 0 0
6550	sub_6550_0075600.log	DONE exit=20	200	True	28791	0 0 0 0 0 0 0 0 0 0 0 324 284 142 18 0 0 0 0 0 0 0 0 0 0 0 0 0 0
6550	sub_6550_0075800.log	DONE exit=20	200	True	23545	0 0 0 0 0 0 0 0 0 0 0 287 247 143 43 0 0 0 0 0 0 0 0 0 0 0 0 0 0
6550	sub_6550_0076000.log	DONE exit=20	200	True	54614	0 0 0 0 0 0 0 0 0 0 0 620 866 632 256 59 2 0 0 0 0 0 0 0 0 0 0 0 0
6550	sub_6550_0076200.log	DONE exit=20	200	True	59770	0 0 0 0 0 0 0 0 0 0 0 574 913 757 249 30 3 0 0 0 0 0 0 0 0 0 0 0 0
6550	sub_6550_0076400.log	DONE exit=20	200	True	60510	0 0 0 0 0 0 0 0 0 0 0 551 827 781 414 122 23 3 0 0 0 0 0 0 0 0 0 0 0
6550	sub_6550_0076600.log	DONE exit=20	200	True	37020	0 0 0 0 0 0 0 0 0 0 0 517 574 269 62 4 0 0 0 0 0 0 0 0 0 0 0 0 0
6550	sub_6550_0076800.log	DONE exit=20	200	True	23318	0 0 0 0 0 0 0 0 0 0 0 283 216 109 10 0 0 0 0 0 0 0 0 0 0 0 0 0 0
6550	sub_6550_0077000.log	DONE exit=20	200	True	179768	0 0 0 0 0 0 0 0 0 0 0 611 1111 1425 619 307 11 0 0 0 0 0 0 0 0 0 0 0 0
6550	sub_6550_0077200.log	DONE exit=20	200	True	322583	0 0 0 0 0 0 0 0 0 0 0 1271 2997 3088 1132 369 10 0 0 0 0 0 0 0 0 0 0 0 0
6550	sub_6550_0077400.log	DONE exit=20	200	True	180039	0 0 0 0 0 0 0 0 0 0 0 861 1897 1321 323 143 0 0 0 0 0 0 0 0 0 0 0 0 0
6550	sub_6550_0077600.log	DONE exit=20	200	True	267389	0 0 0 0 0 0 0 0 0 0 0 1244 3054 2490 649 108 0 0 0 0 0 0 0 0 0 0 0 0 0
6550	sub_6550_0077800.log	DONE exit=20	200	True	107815	0 0 0 0 0 0 0 0 0 0 0 553 1050 814 118 15 0 0 0 0 0 0 0 0 0 0 0 0 0
6550	sub_6550_0078000.log	DONE exit=20	200	True	1035912	0 0 0 0 0 0 0 0 0 0 0 690 2471 5594 10117 8857 1641 23 0 0 0 0 0 0 0 0 0 0 0
6550	sub_6550_0078200.log	DONE exit=20	200	True	49516	0 0 0 0 0 0 0 0 0 0 0 321 293 256 182 79 0 0 0 0 0 0 0 0 0 0 0 0 0
6550	sub_6550_0078400.log	DONE exit=20	200	True	46299	0 0 0 0 0 0 0 0 0 0 0 298 341 268 138 38 0 0 0 0 0 0 0 0 0 0 0 0 0
6550	sub_6550_0078600.log	DONE exit=20	200	True	338053	0 0 0 0 0 0 0 0 0 0 0 835 1782 2894 2704 1011 16 0 0 0 0 0 0 0 0 0 0 0 0
6550	sub_6550_0078800.log	DONE exit=20	200	True	167941	0 0 0 0 0 0 0 0 0 0 0 618 1113 1474 1117 411 1 0 0 0 0 0 0 0 0 0 0 0 0
6550	sub_6550_0079000.log	DONE exit=20	200	True	451437	0 0 0 0 0 0 0 0 0 0 0 937 2101 3926 3828 1446 22 0 0 0 0 0 0 0 0 0 0 0 0
6550	sub_6550_0079200.log	DONE exit=20	200	True	125568	0 0 0 0 0 0 0 0 0 0 0 479 635 935 771 251 1 0 0 0 0 0 0 0 0 0 0 0 0
6550	sub_6550_0079400.log	DONE exit=20	200	True	844911	0 0 0 0 0 0 0 0 0 0 0 985 2627 5517 8262 6880 1879 12 0 0 0 0 0 0 0 0 0 0 0
6550	sub_6550_0079600.log	DONE exit=20	200	True	16193202	0 0 0 0 0 0 0 0 0 0 0 1692 9530 36425 93504 167421 188159 104431 34335 21917 7805 0 0 0 0 0 0 0 0
6550	sub_6550_0079800.log	DONE exit=20	200	True	17171231	0 0 0 0 0 0 0 0 0 0 0 1921 9676 32063 82203 153097 174121 97831 54217 36862 14805 0 0 0 0 0 0 0 0
6550	sub_6550_0080000.log	DONE exit=20	200	True	13868655	0 0 0 0 0 0 0 0 0 0 0 1481 5308 12930 28084 59584 111004 170292 202216 145281 59244 0 0 0 0 0 0 0 0
6550	sub_6550_0080200.log	DONE exit=20	200	True	51908802	0 0 0 0 0 0 0 0 0 0 0 1836 8165 24979 65988 168661 381669 708670 891150 594267 224115 0 0 0 0 0 0 0 0
6550	sub_6550_0080400.log	DONE exit=20	200	True	480852	0 0 0 0 0 0 0 0 0 0 0 1248 3614 4965 2923 998 4 2 0 0 0 0 0 0 0 0 0 0 0
6550	sub_6550_0080600.log	DONE exit=20	200	True	288060	0 0 0 0 0 0 0 0 0 0 0 981 2412 2937 1753 610 1 0 0 0 0 0 0 0 0 0 0 0 0
6550	sub_6550_0080800.log	DONE exit=20	200	True	155618	0 0 0 0 0 0 0 0 0 0 0 686 1336 1214 736 150 0 0 0 0 0 0 0 0 0 0 0 0 0
6550	sub_6550_0081000.log	DONE exit=20	200	True	168309	0 0 0 0 0 0 0 0 0 0 0 812 1449 1424 905 423 0 0 0 0 0 0 0 0 0 0 0 0 0
6550	sub_6550_0081200.log	DONE exit=20	200	True	1008971	0 0 0 0 0 0 0 0 0 0 0 1046 2847 5050 7264 8564 5596 2335 576 291 77 0 0 0 0 0 0 0 0
6550	sub_6550_0081400.log	DONE exit=20	200	True	1055162	0 0 0 0 0 0 0 0 0 0 0 967 3147 6336 9858 9581 4546 1347 37 12 7 0 0 0 0 0 0 0 0
6550	sub_6550_0081600.log	DONE exit=20	200	True	286112	0 0 0 0 0 0 0 0 0 0 0 607 1362 2005 2229 1201 4 0 0 0 0 0 0 0 0 0 0 0 0
6550	sub_6550_0081800.log	DONE exit=20	200	True	22601	0 0 0 0 0 0 0 0 0 0 0 320 178 36 0 0 0 0 0 0 0 0 0 0 0 0 0 0 0
6550	sub_6550_0082000.log	DONE exit=20	200	True	343540	0 0 0 0 0 0 0 0 0 0 0 679 1682 2744 3188 1826 85 0 0 0 0 0 0 0 0 0 0 0 0
6550	sub_6550_0082200.log	DONE exit=20	200	True	314510	0 0 0 0 0 0 0 0 0 0 0 850 1753 2473 2673 1877 215 10 0 0 0 0 0 0 0 0 0 0 0
6550	sub_6550_0082400.log	DONE exit=20	200	True	69073	0 0 0 0 0 0 0 0 0 0 0 516 711 768 435 76 0 0 0 0 0 0 0 0 0 0 0 0 0
6550	sub_6550_0082600.log	DONE exit=20	200	True	68763	0 0 0 0 0 0 0 0 0 0 0 545 924 914 457 78 7 0 0 0 0 0 0 0 0 0 0 0 0
6550	sub_6550_0082800.log	DONE exit=20	200	True	29837	0 0 0 0 0 0 0 0 0 0 0 396 289 82 11 0 0 0 0 0 0 0 0 0 0 0 0 0 0
6550	sub_6550_0083000.log	DONE exit=20	200	True	91558	0 0 0 0 0 0 0 0 0 0 0 703 1228 1148 406 51 0 0 0 0 0 0 0 0 0 0 0 0 0
6550	sub_6550_0083200.log	DONE exit=20	200	True	76660	0 0 0 0 0 0 0 0 0 0 0 661 1054 1000 455 71 1 0 0 0 0 0 0 0 0 0 0 0 0
6550	sub_6550_0083400.log	DONE exit=20	200	True	221892	0 0 0 0 0 0 0 0 0 0 0 752 1540 1973 1659 905 98 0 0 0 0 0 0 0 0 0 0 0 0
6550	sub_6550_0083600.log	DONE exit=20	200	True	90304	0 0 0 0 0 0 0 0 0 0 0 600 1046 1252 539 69 0 0 0 0 0 0 0 0 0 0 0 0 0
6550	sub_6550_0083800.log	DONE exit=20	200	True	119006	0 0 0 0 0 0 0 0 0 0 0 863 1665 1773 761 131 5 0 0 0 0 0 0 0 0 0 0 0 0
6550	sub_6550_0084000.log	DONE exit=20	200	True	160446	0 0 0 0 0 0 0 0 0 0 0 800 1444 1311 859 368 4 2 0 0 0 0 0 0 0 0 0 0 0
6550	sub_6550_0084200.log	DONE exit=20	200	True	4423166	0 0 0 0 0 0 0 0 0 0 0 1398 5316 12730 21893 30505 37562 41546 44250 28324 12512 0 0 0 0 0 0 0 0
6550	sub_6550_0084400.log	DONE exit=20	200	True	2384010	0 0 0 0 0 0 0 0 0 0 0 1277 4699 10178 15544 19569 20653 11883 5124 2411 321 0 0 0 0 0 0 0 0
6550	sub_6550_0084600.log	DONE exit=20	200	True	213269	0 0 0 0 0 0 0 0 0 0 0 716 1748 3181 3220 1428 403 69 6 0 0 0 0 0 0 0 0 0 0
6550	sub_6550_0084800.log	DONE exit=20	200	True	600749	0 0 0 0 0 0 0 0 0 0 0 1158 3414 6245 6384 3651 960 5 0 0 0 0 0 0 0 0 0 0 0
6550	sub_6550_0085000.log	DONE exit=20	200	True	43623	0 0 0 0 0 0 0 0 0 0 0 394 456 341 127 15 1 0 0 0 0 0 0 0 0 0 0 0 0
6550	sub_6550_0085200.log	DONE exit=20	200	True	219506	0 0 0 0 0 0 0 0 0 0 0 797 1537 1909 1685 964 114 0 0 0 0 0 0 0 0 0 0 0 0
6550	sub_6550_0085400.log	DONE exit=20	200	True	208951	0 0 0 0 0 0 0 0 0 0 0 495 820 1466 1568 861 8 0 0 0 0 0 0 0 0 0 0 0 0
6550	sub_6550_0085600.log	DONE exit=20	200	True	212899	0 0 0 0 0 0 0 0 0 0 0 652 1160 1521 1685 1159 179 0 0 0 0 0 0 0 0 0 0 0 0
6550	sub_6550_0085800.log	DONE exit=20	200	True	80666	0 0 0 0 0 0 0 0 0 0 0 726 1106 946 184 18 0 0 0 0 0 0 0 0 0 0 0 0 0
6550	sub_6550_0086000.log	DONE exit=20	200	True	45339	0 0 0 0 0 0 0 0 0 0 0 680 905 524 122 6 0 0 0 0 0 0 0 0 0 0 0 0 0
6550	sub_6550_0086200.log	DONE exit=20	200	True	645456	0 0 0 0 0 0 0 0 0 0 0 1603 6974 15774 18358 10154 2184 185 0 0 0 0 0 0 0 0 0 0 0
6550	sub_6550_0086400.log	DONE exit=20	200	True	586451	0 0 0 0 0 0 0 0 0 0 0 1667 6912 14541 15228 7628 1905 292 32 0 0 0 0 0 0 0 0 0 0
6550	sub_6550_0086600.log	DONE exit=20	200	True	525579	0 0 0 0 0 0 0 0 0 0 0 1605 6759 14473 15213 7013 1334 83 0 0 0 0 0 0 0 0 0 0 0
6550	sub_6550_0086800.log	DONE exit=20	200	True	996788	0 0 0 0 0 0 0 0 0 0 0 1881 9557 25273 32871 18607 4487 583 36 1 0 0 0 0 0 0 0 0 0
6550	sub_6550_0087000.log	DONE exit=20	200	True	7085754	0 0 0 0 0 0 0 0 0 0 0 2623 17268 65327 161121 261514 235206 75666 5291 0 0 0 0 0 0 0 0 0 0
6550	sub_6550_0087200.log	DONE exit=20	200	True	10241360	0 0 0 0 0 0 0 0 0 0 0 3116 23349 95840 236986 367819 319958 100491 7516 12 0 0 0 0 0 0 0 0 0
6550	sub_6550_0087400.log	DONE exit=20	200	True	3484729	0 0 0 0 0 0 0 0 0 0 0 1922 11882 41299 85010 110255 93453 30010 2559 0 0 0 0 0 0 0 0 0 0
6550	sub_6550_0087600.log	DONE exit=20	200	True	7328091	0 0 0 0 0 0 0 0 0 0 0 2140 14932 62536 163050 273732 275903 92428 7420 6 0 0 0 0 0 0 0 0 0
6550	sub_6550_0087800.log	DONE exit=20	200	True	3701557	0 0 0 0 0 0 0 0 0 0 0 2301 13011 43344 91228 123195 103685 34978 2430 1 0 0 0 0 0 0 0 0 0
6550	sub_6550_0088000.log	DONE exit=20	200	True	699687	0 0 0 0 0 0 0 0 0 0 0 2112 9350 18778 17955 7967 1535 60 3 0 0 0 0 0 0 0 0 0 0
6550	sub_6550_0088200.log	DONE exit=20	200	True	823784	0 0 0 0 0 0 0 0 0 0 0 2134 10715 24215 25260 9581 1166 76 5 0 0 0 0 0 0 0 0 0 0
6550	sub_6550_0088400.log	DONE exit=20	200	True	852907	0 0 0 0 0 0 0 0 0 0 0 2044 10032 24081 28776 14883 2896 118 1 0 0 0 0 0 0 0 0 0 0
6550	sub_6550_0088600.log	DONE exit=20	200	True	531200	0 0 0 0 0 0 0 0 0 0 0 1599 7008 15007 14483 5535 582 34 2 0 0 0 0 0 0 0 0 0 0
6550	sub_6550_0088800.log	DONE exit=20	200	True	654923	0 0 0 0 0 0 0 0 0 0 0 1908 8970 20660 20776 9820 2432 120 0 0 0 0 0 0 0 0 0 0 0
6550	sub_6550_0089000.log	DONE exit=20	200	True	788719	0 0 0 0 0 0 0 0 0 0 0 1943 8843 20181 23374 13364 3961 674 54 1 0 0 0 0 0 0 0 0 0
6550	sub_6550_0089200.log	DONE exit=20	200	True	1022904	0 0 0 0 0 0 0 0 0 0 0 1830 8987 22807 30065 20424 8117 2287 455 47 2 0 0 0 0 0 0 0 0
6550	sub_6550_0089400.log	DONE exit=20	200	True	1409917	0 0 0 0 0 0 0 0 0 0 0 2226 12436 35077 48963 31818 9970 1755 152 4 0 0 0 0 0 0 0 0 0
6550	sub_6550_0089600.log	DONE exit=20	200	True	576307	0 0 0 0 0 0 0 0 0 0 0 1529 6610 15093 16582 8035 1684 192 13 0 0 0 0 0 0 0 0 0 0
6550	sub_6550_0089800.log	DONE exit=20	200	True	290038	0 0 0 0 0 0 0 0 0 0 0 1375 3968 6086 5247 2999 1047 178 10 0 0 0 0 0 0 0 0 0 0
6550	sub_6550_0090000.log	DONE exit=20	200	True	115317	0 0 0 0 0 0 0 0 0 0 0 960 2010 1727 578 56 0 0 0 0 0 0 0 0 0 0 0 0 0
6550	sub_6550_0090200.log	DONE exit=20	200	True	908201	0 0 0 0 0 0 0 0 0 0 0 1391 5751 14483 20526 7707 383 0 0 0 0 0 0 0 0 0 0 0 0
6550	sub_6550_0090400.log	DONE exit=20	200	True	270773	0 0 0 0 0 0 0 0 0 0 0 1259 3921 5801 3788 1194 169 11 0 0 0 0 0 0 0 0 0 0 0
6550	sub_6550_0090600.log	DONE exit=20	200	True	557947	0 0 0 0 0 0 0 0 0 0 0 1256 4666 10323 12296 5177 489 16 0 0 0 0 0 0 0 0 0 0 0
6550	sub_6550_0090800.log	DONE exit=20	200	True	507404	0 0 0 0 0 0 0 0 0 0 0 1127 4023 9077 11854 5988 1113 109 5 0 0 0 0 0 0 0 0 0 0
6550	sub_6550_0091000.log	DONE exit=20	200	True	152343	0 0 0 0 0 0 0 0 0 0 0 950 2259 2825 1655 494 69 2 0 0 0 0 0 0 0 0 0 0 0
6550	sub_6550_0091200.log	DONE exit=20	200	True	180034	0 0 0 0 0 0 0 0 0 0 0 990 2524 3392 2238 635 75 3 0 0 0 0 0 0 0 0 0 0 0
6550	sub_6550_0091400.log	DONE exit=20	200	True	217701	0 0 0 0 0 0 0 0 0 0 0 1021 2873 4442 3531 1360 270 35 0 0 0 0 0 0 0 0 0 0 0
6550	sub_6550_0091600.log	DONE exit=20	200	True	481017	0 0 0 0 0 0 0 0 0 0 0 1351 5137 10775 11237 6273 1612 204 9 0 0 0 0 0 0 0 0 0 0
6550	sub_6550_0091800.log	DONE exit=20	200	True	418590	0 0 0 0 0 0 0 0 0 0 0 1231 4013 6902 6605 3118 567 30 0 0 0 0 0 0 0 0 0 0 0
6550	sub_6550_0092000.log	DONE exit=20	200	True	189825	0 0 0 0 0 0 0 0 0 0 0 952 2448 3345 2151 724 114 15 1 0 0 0 0 0 0 0 0 0 0
6550	sub_6550_0092200.log	DONE exit=20	200	True	147398	0 0 0 0 0 0 0 0 0 0 0 945 2100 2374 1540 516 90 6 0 0 0 0 0 0 0 0 0 0 0
6550	sub_6550_0092400.log	DONE exit=20	200	True	723341	0 0 0 0 0 0 0 0 0 0 0 1542 6131 13080 14740 5112 201 0 0 0 0 0 0 0 0 0 0 0 0
6550	sub_6550_0092600.log	DONE exit=20	200	True	143864	0 0 0 0 0 0 0 0 0 0 0 992 2078 1829 650 84 2 0 0 0 0 0 0 0 0 0 0 0 0
6550	sub_6550_0092800.log	DONE exit=20	200	True	337434	0 0 0 0 0 0 0 0 0 0 0 1318 4125 6718 5624 2333 357 46 3 0 0 0 0 0 0 0 0 0 0
6550	sub_6550_0093000.log	DONE exit=20	200	True	887365	0 0 0 0 0 0 0 0 0 0 0 1500 6222 15239 20043 10712 2808 641 106 3 0 0 0 0 0 0 0 0 0
6550	sub_6550_0093200.log	DONE exit=20	200	True	289856	0 0 0 0 0 0 0 0 0 0 0 1281 4066 6043 4059 1289 195 12 0 0 0 0 0 0 0 0 0 0 0
6550	sub_6550_0093400.log	DONE exit=20	200	True	137350	0 0 0 0 0 0 0 0 0 0 0 918 2069 2268 1147 361 60 2 0 0 0 0 0 0 0 0 0 0 0
6550	sub_6550_0093600.log	DONE exit=20	200	True	179311	0 0 0 0 0 0 0 0 0 0 0 1024 2708 3408 1540 280 21 1 0 0 0 0 0 0 0 0 0 0 0
6550	sub_6550_0093800.log	DONE exit=20	200	True	535057	0 0 0 0 0 0 0 0 0 0 0 1334 5109 11058 12972 7148 2003 289 3 0 0 0 0 0 0 0 0 0 0
6550	sub_6550_0094000.log	DONE exit=20	200	True	225080	0 0 0 0 0 0 0 0 0 0 0 1043 2700 3600 2467 898 154 16 0 0 0 0 0 0 0 0 0 0 0
6550	sub_6550_0094200.log	DONE exit=20	200	True	76408	0 0 0 0 0 0 0 0 0 0 0 650 1102 926 360 56 2 0 0 0 0 0 0 0 0 0 0 0 0
6550	sub_6550_0094400.log	DONE exit=20	200	True	147739	0 0 0 0 0 0 0 0 0 0 0 942 2230 2546 1156 283 42 2 0 0 0 0 0 0 0 0 0 0 0
6550	sub_6550_0094600.log	DONE exit=20	200	True	825373	0 0 0 0 0 0 0 0 0 0 0 1614 6980 15864 19053 12367 4593 1057 133 7 0 0 0 0 0 0 0 0 0
6550	sub_6550_0094800.log	DONE exit=20	200	True	229621	0 0 0 0 0 0 0 0 0 0 0 1076 2996 4105 2654 825 135 10 0 0 0 0 0 0 0 0 0 0 0
6550	sub_6550_0095000.log	DONE exit=20	200	True	193013	0 0 0 0 0 0 0 0 0 0 0 1024 2559 3300 2196 728 68 1 0 0 0 0 0 0 0 0 0 0 0
6550	sub_6550_0095200.log	DONE exit=20	200	True	128786	0 0 0 0 0 0 0 0 0 0 0 868 2040 2177 1080 301 74 11 0 0 0 0 0 0 0 0 0 0 0
6550	sub_6550_0095400.log	DONE exit=20	200	True	202300	0 0 0 0 0 0 0 0 0 0 0 1003 3063 4215 1975 205 3 0 0 0 0 0 0 0 0 0 0 0 0
6550	sub_6550_0095600.log	DONE exit=20	200	True	252233	0 0 0 0 0 0 0 0 0 0 0 1351 4208 5788 2600 375 17 0 0 0 0 0 0 0 0 0 0 0 0
6550	sub_6550_0095800.log	DONE exit=20	200	True	433423	0 0 0 0 0 0 0 0 0 0 0 1371 5031 9474 8952 3874 698 59 2 0 0 0 0 0 0 0 0 0 0
6550	sub_6550_0096000.log	DONE exit=20	200	True	360494	0 0 0 0 0 0 0 0 0 0 0 1264 4334 8525 8651 4182 846 87 6 0 0 0 0 0 0 0 0 0 0
6550	sub_6550_0096200.log	DONE exit=20	200	True	303154	0 0 0 0 0 0 0 0 0 0 0 1251 4224 6915 4571 1071 113 7 0 0 0 0 0 0 0 0 0 0 0
6550	sub_6550_0096400.log	DONE exit=20	200	True	208822	0 0 0 0 0 0 0 0 0 0 0 998 2692 3499 1968 465 43 1 0 0 0 0 0 0 0 0 0 0 0
6550	sub_6550_0096600.log	DONE exit=20	200	True	92447	0 0 0 0 0 0 0 0 0 0 0 708 1375 1227 373 43 1 0 0 0 0 0 0 0 0 0 0 0 0
6550	sub_6550_0096800.log	DONE exit=20	200	True	259379	0 0 0 0 0 0 0 0 0 0 0 1126 3244 4530 3034 1129 201 18 0 0 0 0 0 0 0 0 0 0 0
6550	sub_6550_0097000.log	DONE exit=20	200	True	205226	0 0 0 0 0 0 0 0 0 0 0 1150 3100 3628 1502 242 9 0 0 0 0 0 0 0 0 0 0 0 0
6550	sub_6550_0097200.log	DONE exit=20	200	True	306624	0 0 0 0 0 0 0 0 0 0 0 1316 4410 7363 5689 1687 149 3 0 0 0 0 0 0 0 0 0 0 0
6550	sub_6550_0097400.log	DONE exit=20	200	True	739084	0 0 0 0 0 0 0 0 0 0 0 1549 6591 15410 18298 7822 1332 226 4 0 0 0 0 0 0 0 0 0 0
6550	sub_6550_0097600.log	DONE exit=20	200	True	329156	0 0 0 0 0 0 0 0 0 0 0 984 3344 7094 8027 4483 1277 111 0 0 0 0 0 0 0 0 0 0 0
6550	sub_6550_0097800.log	DONE exit=20	200	True	147108	0 0 0 0 0 0 0 0 0 0 0 759 1756 2145 1340 406 64 12 0 0 0 0 0 0 0 0 0 0 0
6550	sub_6550_0098000.log	DONE exit=20	200	True	199225	0 0 0 0 0 0 0 0 0 0 0 985 2541 3148 1878 636 63 1 0 0 0 0 0 0 0 0 0 0 0
6550	sub_6550_0098200.log	DONE exit=20	200	True	566766	0 0 0 0 0 0 0 0 0 0 0 1422 5422 11333 12238 3885 250 16 0 0 0 0 0 0 0 0 0 0 0
6550	sub_6550_0098400.log	DONE exit=20	200	True	343419	0 0 0 0 0 0 0 0 0 0 0 1379 4945 8730 6836 2454 355 21 0 0 0 0 0 0 0 0 0 0 0
6550	sub_6550_0098600.log	DONE exit=20	200	True	517635	0 0 0 0 0 0 0 0 0 0 0 1458 5924 12026 11332 4840 1154 151 7 0 0 0 0 0 0 0 0 0 0
6550	sub_6550_0098800.log	DONE exit=20	200	True	290056	0 0 0 0 0 0 0 0 0 0 0 1173 3623 5166 2763 731 120 17 1 0 0 0 0 0 0 0 0 0 0
6550	sub_6550_0099000.log	DONE exit=20	200	True	317022	0 0 0 0 0 0 0 0 0 0 0 1286 4266 7285 5792 1904 175 1 0 0 0 0 0 0 0 0 0 0 0
6550	sub_6550_0099200.log	DONE exit=20	200	True	901171	0 0 0 0 0 0 0 0 0 0 0 1540 6957 18505 26040 14361 3277 331 11 0 0 0 0 0 0 0 0 0 0
6550	sub_6550_0099400.log	DONE exit=20	200	True	550652	0 0 0 0 0 0 0 0 0 0 0 1180 4699 11672 15157 8670 2496 362 8 0 0 0 0 0 0 0 0 0 0
6550	sub_6550_0099600.log	DONE exit=20	200	True	97920	0 0 0 0 0 0 0 0 0 0 0 884 1755 1424 360 44 2 0 0 0 0 0 0 0 0 0 0 0 0
6550	sub_6550_0099800.log	DONE exit=20	200	True	325623	0 0 0 0 0 0 0 0 0 0 0 1230 4482 7582 4694 713 43 0 0 0 0 0 0 0 0 0 0 0 0
6550	sub_6550_0100000.log	DONE exit=20	200	True	440416	0 0 0 0 0 0 0 0 0 0 0 1328 4865 9756 10429 5646 1425 148 4 0 0 0 0 0 0 0 0 0 0
6550	sub_6550_0100200.log	DONE exit=20	200	True	364517	0 0 0 0 0 0 0 0 0 0 0 1418 5137 8790 5690 1097 59 0 0 0 0 0 0 0 0 0 0 0 0
6550	sub_6550_0100400.log	DONE exit=20	200	True	324773	0 0 0 0 0 0 0 0 0 0 0 1398 4472 6678 4431 1112 93 6 0 0 0 0 0 0 0 0 0 0 0
6550	sub_6550_0100600.log	DONE exit=20	200	True	441103	0 0 0 0 0 0 0 0 0 0 0 1438 5440 9909 7597 2000 152 5 0 0 0 0 0 0 0 0 0 0 0
6550	sub_6550_0100800.log	DONE exit=20	200	True	310525	0 0 0 0 0 0 0 0 0 0 0 1416 4600 6636 3981 963 116 2 0 0 0 0 0 0 0 0 0 0 0
6550	sub_6550_0101000.log	DONE exit=20	200	True	67184	0 0 0 0 0 0 0 0 0 0 0 782 1295 860 207 22 0 0 0 0 0 0 0 0 0 0 0 0 0
6550	sub_6550_0101200.log	DONE exit=20	200	True	99352	0 0 0 0 0 0 0 0 0 0 0 817 1724 1749 655 119 9 0 0 0 0 0 0 0 0 0 0 0 0
6550	sub_6550_0101400.log	DONE exit=20	200	True	143814	0 0 0 0 0 0 0 0 0 0 0 850 2032 2495 1569 182 6 0 0 0 0 0 0 0 0 0 0 0 0
6550	sub_6550_0101600.log	DONE exit=20	200	True	285102	0 0 0 0 0 0 0 0 0 0 0 1034 3049 5059 4413 1710 496 22 0 0 0 0 0 0 0 0 0 0 0
6550	sub_6550_0101800.log	DONE exit=20	200	True	118914	0 0 0 0 0 0 0 0 0 0 0 690 1528 2066 1353 378 83 0 0 0 0 0 0 0 0 0 0 0 0
6550	sub_6550_0102000.log	DONE exit=20	200	True	117183	0 0 0 0 0 0 0 0 0 0 0 838 1837 1746 637 69 1 0 0 0 0 0 0 0 0 0 0 0 0
6550	sub_6550_0102200.log	DONE exit=20	200	True	80314	0 0 0 0 0 0 0 0 0 0 0 590 1057 1082 583 143 10 0 0 0 0 0 0 0 0 0 0 0 0
6550	sub_6550_0102400.log	DONE exit=20	200	True	64897	0 0 0 0 0 0 0 0 0 0 0 669 1036 840 378 82 11 1 0 0 0 0 0 0 0 0 0 0 0
6550	sub_6550_0102600.log	DONE exit=20	200	True	153550	0 0 0 0 0 0 0 0 0 0 0 886 2139 2816 2202 922 182 11 1 0 0 0 0 0 0 0 0 0 0
6550	sub_6550_0102800.log	DONE exit=20	200	True	88683	0 0 0 0 0 0 0 0 0 0 0 668 1196 1078 579 109 15 2 0 0 0 0 0 0 0 0 0 0 0
6550	sub_6550_0103000.log	DONE exit=20	200	True	99760	0 0 0 0 0 0 0 0 0 0 0 759 1371 1409 898 187 11 0 0 0 0 0 0 0 0 0 0 0 0
6550	sub_6550_0103200.log	DONE exit=20	200	True	103461	0 0 0 0 0 0 0 0 0 0 0 837 1623 1470 646 105 4 0 0 0 0 0 0 0 0 0 0 0 0
6550	sub_6550_0103400.log	DONE exit=20	200	True	316228	0 0 0 0 0 0 0 0 0 0 0 928 2808 5246 6081 4302 1623 269 32 6 1 0 0 0 0 0 0 0 0
6550	sub_6550_0103600.log	DONE exit=20	200	True	57692	0 0 0 0 0 0 0 0 0 0 0 565 854 593 130 6 0 0 0 0 0 0 0 0 0 0 0 0 0
6550	sub_6550_0103800.log	DONE exit=20	200	True	154461	0 0 0 0 0 0 0 0 0 0 0 862 2104 2742 1758 394 32 3 0 0 0 0 0 0 0 0 0 0 0
6550	sub_6550_0104000.log	DONE exit=20	200	True	113526	0 0 0 0 0 0 0 0 0 0 0 746 1527 1756 944 121 4 0 0 0 0 0 0 0 0 0 0 0 0
6550	sub_6550_0104200.log	DONE exit=20	200	True	200870	0 0 0 0 0 0 0 0 0 0 0 870 2145 3390 2814 955 289 6 0 0 0 0 0 0 0 0 0 0 0
6550	sub_6550_0104400.log	DONE exit=20	200	True	183654	0 0 0 0 0 0 0 0 0 0 0 815 2158 3419 3030 1347 416 49 0 0 0 0 0 0 0 0 0 0 0
6550	sub_6550_0104600.log	DONE exit=20	200	True	93878	0 0 0 0 0 0 0 0 0 0 0 707 1315 1325 669 57 0 0 0 0 0 0 0 0 0 0 0 0 0
6550	sub_6550_0104800.log	DONE exit=20	200	True	349944	0 0 0 0 0 0 0 0 0 0 0 1172 3616 6099 5554 3370 1328 165 0 0 0 0 0 0 0 0 0 0 0
6550	sub_6550_0105000.log	DONE exit=20	200	True	202147	0 0 0 0 0 0 0 0 0 0 0 977 2648 3699 2371 475 33 3 0 0 0 0 0 0 0 0 0 0 0
6550	sub_6550_0105200.log	DONE exit=20	200	True	422027	0 0 0 0 0 0 0 0 0 0 0 1159 3881 7548 8117 4273 1366 112 1 0 0 0 0 0 0 0 0 0 0
6550	sub_6550_0105400.log	DONE exit=20	200	True	132094	0 0 0 0 0 0 0 0 0 0 0 750 1472 2141 1873 572 73 3 0 0 0 0 0 0 0 0 0 0 0
6550	sub_6550_0105600.log	DONE exit=20	200	True	306539	0 0 0 0 0 0 0 0 0 0 0 1079 3296 5505 4779 1706 387 13 0 0 0 0 0 0 0 0 0 0 0
6550	sub_6550_0105800.log	DONE exit=20	200	True	114536	0 0 0 0 0 0 0 0 0 0 0 810 1574 1691 959 178 19 2 0 0 0 0 0 0 0 0 0 0 0
6550	sub_6550_0106000.log	DONE exit=20	200	True	175815	0 0 0 0 0 0 0 0 0 0 0 995 2402 3357 2442 806 117 4 0 0 0 0 0 0 0 0 0 0 0
6550	sub_6550_0106200.log	DONE exit=20	200	True	182962	0 0 0 0 0 0 0 0 0 0 0 968 2618 3731 2536 823 155 19 1 0 0 0 0 0 0 0 0 0 0
6550	sub_6550_0106400.log	DONE exit=20	200	True	510060	0 0 0 0 0 0 0 0 0 0 0 1446 5160 9880 10187 5479 1991 410 58 1 0 0 0 0 0 0 0 0 0
6550	sub_6550_0106600.log	DONE exit=20	200	True	111970	0 0 0 0 0 0 0 0 0 0 0 987 2047 1995 965 209 18 0 0 0 0 0 0 0 0 0 0 0 0
6550	sub_6550_0106800.log	DONE exit=20	200	True	99678	0 0 0 0 0 0 0 0 0 0 0 954 1923 1729 748 175 17 0 0 0 0 0 0 0 0 0 0 0 0
6550	sub_6550_0107000.log	DONE exit=20	200	True	119736680	0 0 0 0 0 0 0 0 0 0 0 1912 11606 50312 170600 474757 1034125 1696408 1927828 1268408 453232 0 0 0 0 0 0 0 0
6550	sub_6550_0107200.log	DONE exit=20	200	True	3348004	0 0 0 0 0 0 0 0 0 0 0 1749 7350 16925 24439 27621 25949 20912 12328 5115 1410 0 0 0 0 0 0 0 0
6550	sub_6550_0107400.log	DONE exit=20	200	True	3964308	0 0 0 0 0 0 0 0 0 0 0 1465 5885 14200 23593 29349 31023 28557 20639 12430 4304 0 0 0 0 0 0 0 0
6550	sub_6550_0107600.log	DONE exit=20	200	True	9013755	0 0 0 0 0 0 0 0 0 0 0 1471 5686 13637 25186 42548 70815 105248 131826 109016 39730 0 0 0 0 0 0 0 0
6550	sub_6550_0107800.log	DONE exit=20	200	True	1884878	0 0 0 0 0 0 0 0 0 0 0 1744 7151 15410 19362 15990 9376 4454 734 173 124 0 0 0 0 0 0 0 0
6550	sub_6550_0108000.log	DONE exit=20	200	True	241816	0 0 0 0 0 0 0 0 0 0 0 1261 3427 4501 3175 1355 293 31 1 0 0 0 0 0 0 0 0 0 0
6550	sub_6550_0108200.log	DONE exit=20	200	True	153831	0 0 0 0 0 0 0 0 0 0 0 1042 2498 2790 1605 541 77 4 0 0 0 0 0 0 0 0 0 0 0
6550	sub_6550_0108400.log	DONE exit=20	200	True	44708488	0 0 0 0 0 0 0 0 0 0 0 1680 9823 43661 142293 334159 524024 503381 318260 192909 64988 0 0 0 0 0 0 0 0
6550	sub_6550_0108600.log	DONE exit=20	200	True	1158192	0 0 0 0 0 0 0 0 0 0 0 1551 5704 10787 11753 8299 3477 1137 29 0 0 0 0 0 0 0 0 0 0
6550	sub_6550_0108800.log	DONE exit=20	200	True	1001019	0 0 0 0 0 0 0 0 0 0 0 1338 4669 8977 9730 5605 2022 947 85 0 0 0 0 0 0 0 0 0 0
6550	sub_6550_0109000.log	DONE exit=20	200	True	28502679	0 0 0 0 0 0 0 0 0 0 0 1515 7038 24123 69068 164559 295382 371675 298944 181815 63238 0 0 0 0 0 0 0 0
6550	sub_6550_0109200.log	DONE exit=20	200	True	19532298	0 0 0 0 0 0 0 0 0 0 0 1910 9741 32727 86445 180195 241280 158464 64420 50282 17985 0 0 0 0 0 0 0 0
6550	sub_6550_0109400.log	DONE exit=20	200	True	1670329	0 0 0 0 0 0 0 0 0 0 0 1498 5852 13138 18083 14804 7824 2415 345 33 17 0 0 0 0 0 0 0 0
6550	sub_6550_0109600.log	DONE exit=20	200	True	602489	0 0 0 0 0 0 0 0 0 0 0 1176 3695 6368 6045 2844 211 18 1 0 0 0 0 0 0 0 0 0 0
6550	sub_6550_0109800.log	DONE exit=20	200	True	283362353	0 0 0 0 0 0 0 0 0 0 0 1955 12668 62685 252749 828664 2125219 4021196 4850828 2597989 779835 0 0 0 0 0 0 0 0
6550	sub_6550_0110000.log	DONE exit=20	200	True	1107505	0 0 0 0 0 0 0 0 0 0 0 1283 4427 8995 10494 5423 534 94 0 0 0 0 0 0 0 0 0 0 0
6550	sub_6550_0110200.log	DONE exit=20	200	True	625037	0 0 0 0 0 0 0 0 0 0 0 1091 3227 5529 5495 2097 0 0 0 0 0 0 0 0 0 0 0 0 0
6550	sub_6550_0110400.log	DONE exit=20	200	True	363897	0 0 0 0 0 0 0 0 0 0 0 920 1963 2565 2826 1887 720 270 8 0 0 0 0 0 0 0 0 0 0
6550	sub_6550_0110600.log	DONE exit=20	200	True	43993	0 0 0 0 0 0 0 0 0 0 0 603 796 569 168 43 0 0 0 0 0 0 0 0 0 0 0 0 0
6550	sub_6550_0110800.log	DONE exit=20	200	True	80971	0 0 0 0 0 0 0 0 0 0 0 901 1720 1256 363 80 3 0 0 0 0 0 0 0 0 0 0 0 0
6550	sub_6550_0111000.log	DONE exit=20	200	True	47528	0 0 0 0 0 0 0 0 0 0 0 651 809 464 221 34 1 0 0 0 0 0 0 0 0 0 0 0 0
6550	sub_6550_0111200.log	DONE exit=20	200	True	127920	0 0 0 0 0 0 0 0 0 0 0 628 1086 1090 656 336 18 0 0 0 0 0 0 0 0 0 0 0 0
6550	sub_6550_0111400.log	DONE exit=20	200	True	320482	0 0 0 0 0 0 0 0 0 0 0 881 1742 2325 2442 1691 79 2 0 0 0 0 0 0 0 0 0 0 0
6550	sub_6550_0111600.log	DONE exit=20	200	True	473512	0 0 0 0 0 0 0 0 0 0 0 895 2117 3150 4455 3967 563 1 0 0 0 0 0 0 0 0 0 0 0
6550	sub_6550_0111800.log	DONE exit=20	200	True	181694	0 0 0 0 0 0 0 0 0 0 0 741 1236 1345 1275 845 81 0 0 0 0 0 0 0 0 0 0 0 0
6550	sub_6550_0112000.log	DONE exit=20	200	True	338302	0 0 0 0 0 0 0 0 0 0 0 931 2241 2849 2901 2302 542 13 0 0 0 0 0 0 0 0 0 0 0
6550	sub_6550_0112200.log	DONE exit=20	200	True	80669	0 0 0 0 0 0 0 0 0 0 0 763 1352 1344 623 178 17 0 0 0 0 0 0 0 0 0 0 0 0
6550	sub_6550_0112400.log	DONE exit=20	200	True	279429	0 0 0 0 0 0 0 0 0 0 0 1139 3303 5540 4909 2495 677 55 1 0 0 0 0 0 0 0 0 0 0
6550	sub_6550_0112600.log	DONE exit=20	200	True	421657	0 0 0 0 0 0 0 0 0 0 0 752 1558 2488 3693 3372 837 14 0 0 0 0 0 0 0 0 0 0 0
6550	sub_6550_0112800.log	DONE exit=20	200	True	63357	0 0 0 0 0 0 0 0 0 0 0 743 978 459 69 2 0 0 0 0 0 0 0 0 0 0 0 0 0
6550	sub_6550_0113000.log	DONE exit=20	200	True	54323	0 0 0 0 0 0 0 0 0 0 0 635 859 394 81 8 0 0 0 0 0 0 0 0 0 0 0 0 0
6550	sub_6550_0113200.log	DONE exit=20	200	True	95052	0 0 0 0 0 0 0 0 0 0 0 789 1380 965 361 47 1 0 0 0 0 0 0 0 0 0 0 0 0
6550	sub_6550_0113400.log	DONE exit=20	200	True	36199	0 0 0 0 0 0 0 0 0 0 0 482 481 179 51 11 0 0 0 0 0 0 0 0 0 0 0 0 0
6550	sub_6550_0113600.log	DONE exit=20	200	True	340459	0 0 0 0 0 0 0 0 0 0 0 1034 2676 4716 5765 4514 2176 457 20 1 0 0 0 0 0 0 0 0 0
6550	sub_6550_0113800.log	DONE exit=20	200	True	91564	0 0 0 0 0 0 0 0 0 0 0 861 1831 1884 867 210 27 1 0 0 0 0 0 0 0 0 0 0 0
6550	sub_6550_0114000.log	DONE exit=20	200	True	340131	0 0 0 0 0 0 0 0 0 0 0 669 1476 2046 2585 2060 38 0 0 0 0 0 0 0 0 0 0 0 0
6550	sub_6550_0114200.log	DONE exit=20	200	True	418178	0 0 0 0 0 0 0 0 0 0 0 856 1940 2908 3591 2349 163 0 0 0 0 0 0 0 0 0 0 0 0
6550	sub_6550_0114400.log	DONE exit=20	200	True	557903	0 0 0 0 0 0 0 0 0 0 0 935 2359 3994 4912 3841 486 15 0 0 0 0 0 0 0 0 0 0 0
6550	sub_6550_0114600.log	DONE exit=20	200	True	377831	0 0 0 0 0 0 0 0 0 0 0 717 1418 2201 2705 2212 1620 759 7 0 0 0 0 0 0 0 0 0 0
6550	sub_6550_0114800.log	DONE exit=20	200	True	336866	0 0 0 0 0 0 0 0 0 0 0 837 1749 1941 2396 2955 912 12 0 0 0 0 0 0 0 0 0 0 0
6550	sub_6550_0115000.log	DONE exit=20	200	True	25729	0 0 0 0 0 0 0 0 0 0 0 372 255 108 13 0 0 0 0 0 0 0 0 0 0 0 0 0 0
6550	sub_6550_0115200.log	DONE exit=20	200	True	72990	0 0 0 0 0 0 0 0 0 0 0 549 751 582 223 74 0 0 0 0 0 0 0 0 0 0 0 0 0
6550	sub_6550_0115400.log	DONE exit=20	200	True	218900	0 0 0 0 0 0 0 0 0 0 0 853 1803 2203 1491 782 71 11 0 0 0 0 0 0 0 0 0 0 0
6550	sub_6550_0115600.log	DONE exit=20	200	True	3145950	0 0 0 0 0 0 0 0 0 0 0 1216 4425 10339 17687 23882 28773 22919 8482 4293 874 0 0 0 0 0 0 0 0
6550	sub_6550_0115800.log	DONE exit=20	200	True	77952	0 0 0 0 0 0 0 0 0 0 0 661 1119 1005 424 77 1 0 0 0 0 0 0 0 0 0 0 0 0
6550	sub_6550_0116000.log	DONE exit=20	200	True	598826	0 0 0 0 0 0 0 0 0 0 0 850 2284 4320 5796 4756 1639 17 0 0 0 0 0 0 0 0 0 0 0
6550	sub_6550_0116200.log	DONE exit=20	200	True	51149	0 0 0 0 0 0 0 0 0 0 0 642 788 409 89 7 0 0 0 0 0 0 0 0 0 0 0 0 0
6550	sub_6550_0116400.log	DONE exit=20	200	True	139691	0 0 0 0 0 0 0 0 0 0 0 849 2014 2483 1591 583 143 16 0 0 0 0 0 0 0 0 0 0 0
6550	sub_6550_0116600.log	DONE exit=20	200	True	42735	0 0 0 0 0 0 0 0 0 0 0 522 615 447 135 25 0 0 0 0 0 0 0 0 0 0 0 0 0
6550	sub_6550_0116800.log	DONE exit=20	200	True	128435	0 0 0 0 0 0 0 0 0 0 0 917 2062 2361 1348 404 57 0 0 0 0 0 0 0 0 0 0 0 0
6550	sub_6550_0117000.log	DONE exit=20	200	True	123801	0 0 0 0 0 0 0 0 0 0 0 857 1866 2196 1314 299 20 0 0 0 0 0 0 0 0 0 0 0 0
6550	sub_6550_0117200.log	DONE exit=20	200	True	2193283	0 0 0 0 0 0 0 0 0 0 0 1187 3839 7511 11720 16544 19764 11934 5079 2542 417 0 0 0 0 0 0 0 0
6550	sub_6550_0117400.log	DONE exit=20	200	True	335917	0 0 0 0 0 0 0 0 0 0 0 619 1214 2196 3315 2698 384 0 0 0 0 0 0 0 0 0 0 0 0
6550	sub_6550_0117600.log	DONE exit=20	200	True	72817	0 0 0 0 0 0 0 0 0 0 0 793 1404 1185 475 81 8 0 0 0 0 0 0 0 0 0 0 0 0
6550	sub_6550_0117800.log	DONE exit=20	200	True	136209	0 0 0 0 0 0 0 0 0 0 0 1075 2426 2530 1174 198 14 1 0 0 0 0 0 0 0 0 0 0 0
6550	sub_6550_0118000.log	DONE exit=20	200	True	13050708	0 0 0 0 0 0 0 0 0 0 0 1768 7793 20797 43123 81761 123358 139215 114664 76718 24803 0 0 0 0 0 0 0 0
6550	sub_6550_0118200.log	DONE exit=20	200	True	1984220	0 0 0 0 0 0 0 0 0 0 0 1375 4741 9463 12940 16041 16548 9456 769 450 131 0 0 0 0 0 0 0 0
6550	sub_6550_0118400.log	DONE exit=20	200	True	4945630	0 0 0 0 0 0 0 0 0 0 0 1328 5064 13209 26610 40824 45103 30496 18062 6851 1923 0 0 0 0 0 0 0 0
6550	sub_6550_0118600.log	DONE exit=20	200	True	7758997	0 0 0 0 0 0 0 0 0 0 0 1637 6937 16970 30152 47835 70572 92531 102814 67105 28011 0 0 0 0 0 0 0 0
6550	sub_6550_0118800.log	DONE exit=20	200	True	20181371	0 0 0 0 0 0 0 0 0 0 0 2020 10419 30832 64402 114714 184840 238796 238348 145314 53035 0 0 0 0 0 0 0 0
6550	sub_6550_0119000.log	DONE exit=20	200	True	146148	0 0 0 0 0 0 0 0 0 0 0 890 2006 2447 1750 714 138 8 0 0 0 0 0 0 0 0 0 0 0
6550	sub_6550_0119200.log	DONE exit=20	200	True	400797	0 0 0 0 0 0 0 0 0 0 0 1501 5158 8428 6700 2756 791 117 1 0 0 0 0 0 0 0 0 0 0
6550	sub_6550_0119400.log	DONE exit=20	200	True	1823485	0 0 0 0 0 0 0 0 0 0 0 1392 4779 9824 14141 16798 16121 8580 1665 479 297 0 0 0 0 0 0 0 0
6550	sub_6550_0119600.log	DONE exit=20	200	True	6254220	0 0 0 0 0 0 0 0 0 0 0 916 2770 6381 13210 26340 52336 84641 87525 44099 13165 0 0 0 0 0 0 0 0
6550	sub_6550_0119800.log	DONE exit=20	200	True	6119623	0 0 0 0 0 0 0 0 0 0 0 1635 6927 17284 31072 44901 57848 51692 27283 8812 1475 0 0 0 0 0 0 0 0
6550	sub_6550_0120000.log	DONE exit=20	200	True	5876673	0 0 0 0 0 0 0 0 0 0 0 1122 4028 10684 20929 35807 58371 58977 17343 8264 1867 0 0 0 0 0 0 0 0
6550	sub_6550_0120200.log	DONE exit=20	200	True	741596	0 0 0 0 0 0 0 0 0 0 0 637 1601 4103 7400 6321 893 13 0 0 0 0 0 0 0 0 0 0 0
6550	sub_6550_0120400.log	DONE exit=20	200	True	1733298	0 0 0 0 0 0 0 0 0 0 0 1250 4167 8116 12167 15348 14074 2603 1 0 0 0 0 0 0 0 0 0 0
6550	sub_6550_0120600.log	DONE exit=20	200	True	189989	0 0 0 0 0 0 0 0 0 0 0 1056 2742 3322 1607 174 3 0 0 0 0 0 0 0 0 0 0 0 0
6550	sub_6550_0120800.log	DONE exit=20	200	True	104369	0 0 0 0 0 0 0 0 0 0 0 850 1682 1794 925 231 41 3 0 0 0 0 0 0 0 0 0 0 0
6550	sub_6550_0121000.log	DONE exit=20	200	True	254098	0 0 0 0 0 0 0 0 0 0 0 1281 3809 5375 3626 1152 174 10 0 0 0 0 0 0 0 0 0 0 0
6550	sub_6550_0121200.log	DONE exit=20	200	True	229841	0 0 0 0 0 0 0 0 0 0 0 1148 3371 4817 3417 1237 224 17 0 0 0 0 0 0 0 0 0 0 0
6550	sub_6550_0121400.log	DONE exit=20	200	True	1881317	0 0 0 0 0 0 0 0 0 0 0 2201 12030 34625 54138 50756 28940 6273 36 2 0 0 0 0 0 0 0 0 0
6550	sub_6550_0121600.log	DONE exit=20	200	True	1019351	0 0 0 0 0 0 0 0 0 0 0 1865 8634 20797 25723 18250 9940 4193 8 0 0 0 0 0 0 0 0 0 0
6550	sub_6550_0121800.log	DONE exit=20	200	True	638769	0 0 0 0 0 0 0 0 0 0 0 1506 5923 12267 13167 7565 2843 863 21 0 0 0 0 0 0 0 0 0 0
6550	sub_6550_0122000.log	DONE exit=20	200	True	422967	0 0 0 0 0 0 0 0 0 0 0 1325 4646 8278 7630 3610 867 133 5 0 0 0 0 0 0 0 0 0 0
6550	sub_6550_0122200.log	DONE exit=20	200	True	2719749	0 0 0 0 0 0 0 0 0 0 0 2125 11843 37093 69255 80976 59918 18484 200 6 0 0 0 0 0 0 0 0 0
6550	sub_6550_0122400.log	DONE exit=20	200	True	1332223	0 0 0 0 0 0 0 0 0 0 0 1952 9393 24119 35447 31909 18694 4777 41 1 0 0 0 0 0 0 0 0 0
6550	sub_6550_0122600.log	DONE exit=20	200	True	1263694	0 0 0 0 0 0 0 0 0 0 0 1666 7807 20484 31291 29424 17308 5176 142 8 0 0 0 0 0 0 0 0 0
6550	sub_6550_0122800.log	DONE exit=20	200	True	1044429	0 0 0 0 0 0 0 0 0 0 0 1543 6762 16535 24535 25107 18344 6968 27 0 0 0 0 0 0 0 0 0 0
6550	sub_6550_0123000.log	DONE exit=20	200	True	3314632	0 0 0 0 0 0 0 0 0 0 0 2431 14830 48248 89161 99210 68138 21020 585 15 0 0 0 0 0 0 0 0 0
6550	sub_6550_0123200.log	DONE exit=20	200	True	8300003	0 0 0 0 0 0 0 0 0 0 0 3054 22656 88891 197218 252662 168169 40527 984 21 0 0 0 0 0 0 0 0 0
6550	sub_6550_0123400.log	DONE exit=20	200	True	983571	0 0 0 0 0 0 0 0 0 0 0 2035 9044 19616 23636 15916 8324 2327 41 3 0 0 0 0 0 0 0 0 0
6550	sub_6550_0123600.log	DONE exit=20	200	True	1012189	0 0 0 0 0 0 0 0 0 0 0 1855 9157 21467 23863 13023 4298 713 26 0 0 0 0 0 0 0 0 0 0
6550	sub_6550_0123800.log	DONE exit=20	200	True	714075	0 0 0 0 0 0 0 0 0 0 0 1691 7060 14398 14695 8963 3672 491 0 0 0 0 0 0 0 0 0 0 0
6550	sub_6550_0124000.log	DONE exit=20	200	True	1928131	0 0 0 0 0 0 0 0 0 0 0 1857 9195 24931 40111 46482 40103 15083 64 1 0 0 0 0 0 0 0 0 0
6550	sub_6550_0124200.log	DONE exit=20	200	True	1935982	0 0 0 0 0 0 0 0 0 0 0 2180 11696 32806 49734 43511 25249 5503 61 1 0 0 0 0 0 0 0 0 0
6550	sub_6550_0124400.log	DONE exit=20	200	True	1055241	0 0 0 0 0 0 0 0 0 0 0 1839 8153 18738 23641 18991 11418 3158 30 2 0 0 0 0 0 0 0 0 0
6550	sub_6550_0124600.log	DONE exit=20	200	True	845350	0 0 0 0 0 0 0 0 0 0 0 1563 6658 15521 19717 14330 6427 1523 48 1 0 0 0 0 0 0 0 0 0
6550	sub_6550_0124800.log	DONE exit=20	200	True	411264	0 0 0 0 0 0 0 0 0 0 0 1272 4347 7979 7772 4209 1398 158 3 0 0 0 0 0 0 0 0 0 0
6550	sub_6550_0125000.log	DONE exit=20	200	True	1710739	0 0 0 0 0 0 0 0 0 0 0 2436 14444 42631 61305 41550 12859 1835 104 1 0 0 0 0 0 0 0 0 0
6550	sub_6550_0125200.log	DONE exit=20	200	True	779173	0 0 0 0 0 0 0 0 0 0 0 1952 8918 19854 21027 9704 2207 223 6 0 0 0 0 0 0 0 0 0 0
6550	sub_6550_0125400.log	DONE exit=20	200	True	547106	0 0 0 0 0 0 0 0 0 0 0 1593 6292 12599 12755 6000 1096 85 1 0 0 0 0 0 0 0 0 0 0
6550	sub_6550_0125600.log	DONE exit=20	200	True	320350	0 0 0 0 0 0 0 0 0 0 0 1352 4796 8409 6618 2117 263 13 0 0 0 0 0 0 0 0 0 0 0
6550	sub_6550_0125800.log	DONE exit=20	200	True	781057	0 0 0 0 0 0 0 0 0 0 0 1866 8539 19279 19799 8653 2062 232 8 0 0 0 0 0 0 0 0 0 0
6550	sub_6550_0126000.log	DONE exit=20	200	True	489717	0 0 0 0 0 0 0 0 0 0 0 1401 4615 8677 9244 4441 882 100 0 0 0 0 0 0 0 0 0 0 0
6550	sub_6550_0126200.log	DONE exit=20	200	True	504392	0 0 0 0 0 0 0 0 0 0 0 1416 5310 10272 8746 2877 601 114 6 0 0 0 0 0 0 0 0 0 0
6550	sub_6550_0126400.log	DONE exit=20	200	True	290703	0 0 0 0 0 0 0 0 0 0 0 1217 3769 5669 3727 1028 112 7 0 0 0 0 0 0 0 0 0 0 0
6550	sub_6550_0126600.log	DONE exit=20	200	True	115296	0 0 0 0 0 0 0 0 0 0 0 914 1874 1872 1005 159 11 0 0 0 0 0 0 0 0 0 0 0 0
6550	sub_6550_0126800.log	DONE exit=20	200	True	114950	0 0 0 0 0 0 0 0 0 0 0 921 2163 2675 1267 260 12 0 0 0 0 0 0 0 0 0 0 0 0
6550	sub_6550_0127000.log	DONE exit=20	200	True	96288	0 0 0 0 0 0 0 0 0 0 0 826 1625 1653 705 122 2 0 0 0 0 0 0 0 0 0 0 0 0
6550	sub_6550_0127200.log	DONE exit=20	200	True	413441	0 0 0 0 0 0 0 0 0 0 0 1298 4629 8930 9212 5351 1689 225 10 0 0 0 0 0 0 0 0 0 0
6550	sub_6550_0127400.log	DONE exit=20	200	True	248155	0 0 0 0 0 0 0 0 0 0 0 1325 4120 6179 4661 1571 169 1 0 0 0 0 0 0 0 0 0 0 0
6550	sub_6550_0127600.log	DONE exit=20	200	True	348459	0 0 0 0 0 0 0 0 0 0 0 1257 4383 8541 9036 4527 1009 105 3 0 0 0 0 0 0 0 0 0 0
6550	sub_6550_0127800.log	DONE exit=20	200	True	228120	0 0 0 0 0 0 0 0 0 0 0 1072 3142 5273 5120 2511 566 63 2 0 0 0 0 0 0 0 0 0 0
6550	sub_6550_0128000.log	DONE exit=20	200	True	113177	0 0 0 0 0 0 0 0 0 0 0 894 2003 2283 1388 441 54 0 0 0 0 0 0 0 0 0 0 0 0
6550	sub_6550_0128200.log	DONE exit=20	200	True	774235	0 0 0 0 0 0 0 0 0 0 0 1323 5099 11605 16742 17157 13091 3440 2 0 0 0 0 0 0 0 0 0 0
6550	sub_6550_0128400.log	DONE exit=20	200	True	782441	0 0 0 0 0 0 0 0 0 0 0 1222 4672 11419 17296 16332 9423 2915 20 0 0 0 0 0 0 0 0 0 0
6550	sub_6550_0128600.log	DONE exit=20	200	True	380538	0 0 0 0 0 0 0 0 0 0 0 918 2774 5702 7948 7101 3610 378 2 0 0 0 0 0 0 0 0 0 0
6550	sub_6550_0128800.log	DONE exit=20	200	True	348197	0 0 0 0 0 0 0 0 0 0 0 1209 3848 6785 6672 3635 1060 147 7 0 0 0 0 0 0 0 0 0 0
6550	sub_6550_0129000.log	DONE exit=20	200	True	407096	0 0 0 0 0 0 0 0 0 0 0 1231 4053 7568 7973 4792 1757 493 1 0 0 0 0 0 0 0 0 0 0
6550	sub_6550_0129200.log	DONE exit=20	200	True	282281	0 0 0 0 0 0 0 0 0 0 0 1033 3103 5245 5174 3146 1186 234 25 1 0 0 0 0 0 0 0 0 0
6550	sub_6550_0129400.log	DONE exit=20	200	True	237729	0 0 0 0 0 0 0 0 0 0 0 1082 3085 4551 3535 1497 386 81 2 0 0 0 0 0 0 0 0 0 0
6550	sub_6550_0129600.log	DONE exit=20	200	True	464350	0 0 0 0 0 0 0 0 0 0 0 1419 5545 11674 12237 6236 1493 234 34 1 0 0 0 0 0 0 0 0 0
6550	sub_6550_0129800.log	DONE exit=20	200	True	211202	0 0 0 0 0 0 0 0 0 0 0 1066 3067 4653 3501 1236 206 14 0 0 0 0 0 0 0 0 0 0 0
6550	sub_6550_0130000.log	DONE exit=20	200	True	386689	0 0 0 0 0 0 0 0 0 0 0 1198 3959 7653 8862 5428 1790 325 43 2 0 0 0 0 0 0 0 0 0
6550	sub_6550_0130200.log	DONE exit=20	200	True	270317	0 0 0 0 0 0 0 0 0 0 0 974 2694 4312 4360 2591 718 64 0 0 0 0 0 0 0 0 0 0 0
6550	sub_6550_0130400.log	DONE exit=20	200	True	789587	0 0 0 0 0 0 0 0 0 0 0 1321 4934 11129 16148 15106 8677 2448 7 0 0 0 0 0 0 0 0 0 0
6550	sub_6550_0130600.log	DONE exit=20	200	True	445783	0 0 0 0 0 0 0 0 0 0 0 1297 4520 8530 8807 4624 1046 67 0 0 0 0 0 0 0 0 0 0 0
6550	sub_6550_0130800.log	DONE exit=20	200	True	197525	0 0 0 0 0 0 0 0 0 0 0 957 2473 3309 2355 1005 184 10 0 0 0 0 0 0 0 0 0 0 0
6550	sub_6550_0131000.log	DONE exit=20	200	True	172081	0 0 0 0 0 0 0 0 0 0 0 879 2355 3470 2525 563 39 0 0 0 0 0 0 0 0 0 0 0 0
6550	sub_6550_0131200.log	DONE exit=20	200	True	280789	0 0 0 0 0 0 0 0 0 0 0 1094 3304 5363 5204 2794 849 118 3 0 0 0 0 0 0 0 0 0 0
6550	sub_6550_0131400.log	DONE exit=20	200	True	529688	0 0 0 0 0 0 0 0 0 0 0 1377 5181 10798 12301 7422 2132 327 28 1 0 0 0 0 0 0 0 0 0
6550	sub_6550_0131600.log	DONE exit=20	200	True	508802	0 0 0 0 0 0 0 0 0 0 0 1412 5315 10835 12028 7094 2267 297 22 2 0 0 0 0 0 0 0 0 0
6550	sub_6550_0131800.log	DONE exit=20	200	True	98047	0 0 0 0 0 0 0 0 0 0 0 742 1400 1116 562 228 24 2 0 0 0 0 0 0 0 0 0 0 0
6550	sub_6550_0132000.log	DONE exit=20	200	True	212454	0 0 0 0 0 0 0 0 0 0 0 935 2421 3387 2820 1019 226 29 1 0 0 0 0 0 0 0 0 0 0
6550	sub_6550_0132200.log	DONE exit=20	200	True	218415	0 0 0 0 0 0 0 0 0 0 0 1031 2812 3975 3151 1442 334 35 0 0 0 0 0 0 0 0 0 0 0
6550	sub_6550_0132400.log	DONE exit=20	200	True	342418	0 0 0 0 0 0 0 0 0 0 0 977 3170 6170 6869 4070 1369 212 11 0 0 0 0 0 0 0 0 0 0
6550	sub_6550_0132600.log	DONE exit=20	200	True	46619	0 0 0 0 0 0 0 0 0 0 0 548 732 537 238 45 1 0 0 0 0 0 0 0 0 0 0 0 0
6550	sub_6550_0132800.log	DONE exit=20	200	True	157185	0 0 0 0 0 0 0 0 0 0 0 1008 2443 3117 2006 736 126 4 0 0 0 0 0 0 0 0 0 0 0
6550	sub_6550_0133000.log	DONE exit=20	200	True	269157	0 0 0 0 0 0 0 0 0 0 0 1091 3344 5414 4678 2413 640 25 0 0 0 0 0 0 0 0 0 0 0
6550	sub_6550_0133200.log	DONE exit=20	200	True	307550	0 0 0 0 0 0 0 0 0 0 0 998 2928 5260 5550 3413 892 14 0 0 0 0 0 0 0 0 0 0 0
6550	sub_6550_0133400.log	DONE exit=20	200	True	254699	0 0 0 0 0 0 0 0 0 0 0 920 2390 4187 4874 3564 1300 51 1 0 0 0 0 0 0 0 0 0 0
6550	sub_6550_0133600.log	DONE exit=20	200	True	109029	0 0 0 0 0 0 0 0 0 0 0 744 1543 1961 1547 637 136 14 1 0 0 0 0 0 0 0 0 0 0
6550	sub_6550_0133800.log	DONE exit=20	200	True	48125	0 0 0 0 0 0 0 0 0 0 0 488 657 534 275 84 9 0 0 0 0 0 0 0 0 0 0 0 0
6550	sub_6550_0134000.log	DONE exit=20	200	True	317953	0 0 0 0 0 0 0 0 0 0 0 1280 3916 6358 5696 2715 636 41 2 0 0 0 0 0 0 0 0 0 0
6550	sub_6550_0134200.log	DONE exit=20	200	True	137053	0 0 0 0 0 0 0 0 0 0 0 772 1764 2371 1728 552 96 11 2 0 0 0 0 0 0 0 0 0 0
6550	sub_6550_0134400.log	DONE exit=20	200	True	113222	0 0 0 0 0 0 0 0 0 0 0 767 1541 1886 1419 323 16 0 0 0 0 0 0 0 0 0 0 0 0
6550	sub_6550_0134600.log	DONE exit=20	200	True	419422	0 0 0 0 0 0 0 0 0 0 0 1458 5025 8826 7579 2533 373 14 1 0 0 0 0 0 0 0 0 0 0
6550	sub_6550_0134800.log	DONE exit=20	200	True	507133	0 0 0 0 0 0 0 0 0 0 0 1276 4543 8705 8813 5240 2272 511 1 0 0 0 0 0 0 0 0 0 0
6550	sub_6550_0135000.log	DONE exit=20	200	True	808432	0 0 0 0 0 0 0 0 0 0 0 1503 6364 14697 18106 11935 3940 540 40 3 0 0 0 0 0 0 0 0 0
6550	sub_6550_0135200.log	DONE exit=20	200	True	642214	0 0 0 0 0 0 0 0 0 0 0 1705 6863 13553 12962 5482 1130 85 1 0 0 0 0 0 0 0 0 0 0
6550	sub_6550_0135400.log	DONE exit=20	200	True	476199	0 0 0 0 0 0 0 0 0 0 0 1231 4502 9232 10077 5322 1412 87 0 0 0 0 0 0 0 0 0 0 0
6550	sub_6550_0135600.log	DONE exit=20	200	True	608997	0 0 0 0 0 0 0 0 0 0 0 1487 5886 12599 13613 6155 1502 100 0 0 0 0 0 0 0 0 0 0 0
6550	sub_6550_0135800.log	DONE exit=20	200	True	132844	0 0 0 0 0 0 0 0 0 0 0 853 1897 1936 978 180 9 0 0 0 0 0 0 0 0 0 0 0 0
6550	sub_6550_0136000.log	DONE exit=20	200	True	357963	0 0 0 0 0 0 0 0 0 0 0 1303 4397 7492 6322 2763 608 62 3 0 0 0 0 0 0 0 0 0 0
6550	sub_6550_0136200.log	DONE exit=20	200	True	133260	0 0 0 0 0 0 0 0 0 0 0 933 1837 2243 1625 314 8 0 0 0 0 0 0 0 0 0 0 0 0
6550	sub_6550_0136400.log	DONE exit=20	200	True	85801	0 0 0 0 0 0 0 0 0 0 0 957 1659 1246 416 70 7 0 0 0 0 0 0 0 0 0 0 0 0
6550	sub_6550_0136600.log	DONE exit=20	200	True	146994	0 0 0 0 0 0 0 0 0 0 0 1034 2265 2482 1499 558 98 1 0 0 0 0 0 0 0 0 0 0 0
6550	sub_6550_0136800.log	DONE exit=20	200	True	205799	0 0 0 0 0 0 0 0 0 0 0 1156 2821 3171 2012 917 198 9 0 0 0 0 0 0 0 0 0 0 0
6550	sub_6550_0137000.log	DONE exit=20	200	True	171065	0 0 0 0 0 0 0 0 0 0 0 1068 2407 2718 1580 446 66 5 0 0 0 0 0 0 0 0 0 0 0
6550	sub_6550_0137200.log	DONE exit=20	200	True	3517368	0 0 0 0 0 0 0 0 0 0 0 2074 12181 41398 83419 94259 47955 5303 20 0 0 0 0 0 0 0 0 0 0
6550	sub_6550_0137400.log	DONE exit=20	200	True	918008	0 0 0 0 0 0 0 0 0 0 0 2093 9237 19369 20564 12924 5701 941 11 0 0 0 0 0 0 0 0 0 0
6550	sub_6550_0137600.log	DONE exit=20	200	True	665899	0 0 0 0 0 0 0 0 0 0 0 1673 6558 12108 10413 5324 3306 853 0 0 0 0 0 0 0 0 0 0 0
6550	sub_6550_0137800.log	DONE exit=20	200	True	794709	0 0 0 0 0 0 0 0 0 0 0 1603 6346 12713 14662 15252 14302 6185 4 0 0 0 0 0 0 0 0 0 0
6550	sub_6550_0138000.log	DONE exit=20	200	True	1819599	0 0 0 0 0 0 0 0 0 0 0 1878 9094 23107 35504 42333 40045 16407 94 14 1 0 0 0 0 0 0 0 0
6550	sub_6550_0138200.log	DONE exit=20	200	True	2410123	0 0 0 0 0 0 0 0 0 0 0 2222 12378 37279 62352 60688 43502 15975 492 81 7 0 0 0 0 0 0 0 0
6550	sub_6550_0138400.log	DONE exit=20	200	True	4344655	0 0 0 0 0 0 0 0 0 0 0 2720 16880 54908 103312 113273 65793 10485 4 0 0 0 0 0 0 0 0 0 0
6550	sub_6550_0138600.log	DONE exit=20	200	True	2056791	0 0 0 0 0 0 0 0 0 0 0 2061 10340 27755 45236 50652 36366 7007 18 0 0 0 0 0 0 0 0 0 0
6550	sub_6550_0138800.log	DONE exit=20	200	True	796599	0 0 0 0 0 0 0 0 0 0 0 1794 7586 15722 16115 7952 3166 820 0 0 0 0 0 0 0 0 0 0 0
6550	sub_6550_0139000.log	DONE exit=20	200	True	849941	0 0 0 0 0 0 0 0 0 0 0 1522 6050 12411 14928 15105 12971 4388 0 0 0 0 0 0 0 0 0 0 0
6550	sub_6550_0139200.log	DONE exit=20	200	True	1960958	0 0 0 0 0 0 0 0 0 0 0 1898 8718 22542 37234 46834 45449 18289 18 0 0 0 0 0 0 0 0 0 0
6550	sub_6550_0139400.log	DONE exit=20	200	True	2424178	0 0 0 0 0 0 0 0 0 0 0 2429 14211 40239 60374 52556 30647 8564 8 0 0 0 0 0 0 0 0 0 0
6550	sub_6550_0139600.log	DONE exit=20	200	True	892039	0 0 0 0 0 0 0 0 0 0 0 2035 8462 16153 14632 9863 5246 827 1 0 0 0 0 0 0 0 0 0 0
6550	sub_6550_0139800.log	DONE exit=20	200	True	473236	0 0 0 0 0 0 0 0 0 0 0 1731 5995 9488 6913 1408 26 0 0 0 0 0 0 0 0 0 0 0 0
6550	sub_6550_0140000.log	DONE exit=20	200	True	401573	0 0 0 0 0 0 0 0 0 0 0 1560 5440 9153 6793 2139 166 2 0 0 0 0 0 0 0 0 0 0 0
6550	sub_6550_0140200.log	DONE exit=20	200	True	845021	0 0 0 0 0 0 0 0 0 0 0 1628 6778 14565 16954 11533 5921 754 0 0 0 0 0 0 0 0 0 0 0
6550	sub_6550_0140400.log	DONE exit=20	200	True	1684344	0 0 0 0 0 0 0 0 0 0 0 2452 12494 31551 40425 26022 9838 1678 3 0 0 0 0 0 0 0 0 0 0
6550	sub_6550_0140600.log	DONE exit=20	200	True	2783554	0 0 0 0 0 0 0 0 0 0 0 2211 12850 38311 65032 71392 52250 13989 50 0 0 0 0 0 0 0 0 0 0
6550	sub_6550_0140800.log	DONE exit=20	200	True	4675949	0 0 0 0 0 0 0 0 0 0 0 2790 17302 57147 112197 128687 73405 12682 2 0 0 0 0 0 0 0 0 0 0
6550	sub_6550_0141000.log	DONE exit=20	200	True	1749609	0 0 0 0 0 0 0 0 0 0 0 1984 9985 26794 41466 40235 23481 2888 14 0 0 0 0 0 0 0 0 0 0
6550	sub_6550_0141200.log	DONE exit=20	200	True	1438624	0 0 0 0 0 0 0 0 0 0 0 1995 9664 23908 32751 28876 17370 4725 21 2 0 0 0 0 0 0 0 0 0
6550	sub_6550_0141400.log	DONE exit=20	200	True	2150174	0 0 0 0 0 0 0 0 0 0 0 2172 11282 31139 49838 50445 39195 13797 9 0 0 0 0 0 0 0 0 0 0
6550	sub_6550_0141600.log	DONE exit=20	200	True	861332	0 0 0 0 0 0 0 0 0 0 0 1537 6336 14095 17494 13074 7516 1541 4 0 0 0 0 0 0 0 0 0 0
6550	sub_6550_0141800.log	DONE exit=20	200	True	815874	0 0 0 0 0 0 0 0 0 0 0 1934 8973 19386 19126 8672 2501 213 8 0 0 0 0 0 0 0 0 0 0
6550	sub_6550_0142000.log	DONE exit=20	200	True	8747473	0 0 0 0 0 0 0 0 0 0 0 3146 24013 95117 209460 258923 170251 45637 5801 748 64 2 0 0 0 0 0 0 0
6550	sub_6550_0142200.log	DONE exit=20	200	True	1895922	0 0 0 0 0 0 0 0 0 0 0 2429 12591 32694 49030 46853 28371 5174 238 7 0 0 0 0 0 0 0 0 0
6550	sub_6550_0142400.log	DONE exit=20	200	True	1836818	0 0 0 0 0 0 0 0 0 0 0 1915 9200 23193 34988 39929 31887 10076 6 0 0 0 0 0 0 0 0 0 0
6550	sub_6550_0142600.log	DONE exit=20	200	True	1792166	0 0 0 0 0 0 0 0 0 0 0 1879 8553 21321 33382 41872 42795 17163 21 0 0 0 0 0 0 0 0 0 0
6550	sub_6550_0142800.log	DONE exit=20	200	True	2466927	0 0 0 0 0 0 0 0 0 0 0 2135 11906 35471 58910 57461 38247 12099 275 5 0 0 0 0 0 0 0 0 0
6550	sub_6550_0143000.log	DONE exit=20	200	True	911432	0 0 0 0 0 0 0 0 0 0 0 1823 8047 17227 17685 8090 3086 768 1 0 0 0 0 0 0 0 0 0 0
6550	sub_6550_0143200.log	DONE exit=20	200	True	8848617	0 0 0 0 0 0 0 0 0 0 0 2904 22507 90214 202031 240991 125780 18487 359 0 0 0 0 0 0 0 0 0 0
6550	sub_6550_0143400.log	DONE exit=20	200	True	3445120	0 0 0 0 0 0 0 0 0 0 0 2355 12109 35572 71306 95656 66553 14286 167 0 0 0 0 0 0 0 0 0 0
6550	sub_6550_0143600.log	DONE exit=20	200	True	1176794	0 0 0 0 0 0 0 0 0 0 0 1752 7576 16800 20522 19606 11628 1813 0 0 0 0 0 0 0 0 0 0 0
6550	sub_6550_0143800.log	DONE exit=20	200	True	1043792	0 0 0 0 0 0 0 0 0 0 0 1877 7742 16888 21114 17430 9817 1394 0 0 0 0 0 0 0 0 0 0 0
6550	sub_6550_0144000.log	DONE exit=20	200	True	1937716	0 0 0 0 0 0 0 0 0 0 0 2299 12108 31641 44147 33007 18037 3316 27 0 0 0 0 0 0 0 0 0 0
6550	sub_6550_0144200.log	DONE exit=20	200	True	804118	0 0 0 0 0 0 0 0 0 0 0 1396 5457 12265 15562 13376 9316 1324 1 0 0 0 0 0 0 0 0 0 0
6550	sub_6550_0144400.log	DONE exit=20	200	True	692740	0 0 0 0 0 0 0 0 0 0 0 2015 8394 15467 14415 4792 470 7 0 0 0 0 0 0 0 0 0 0 0
6550	sub_6550_0144600.log	DONE exit=20	200	True	134398	0 0 0 0 0 0 0 0 0 0 0 1087 1746 1228 399 57 0 0 0 0 0 0 0 0 0 0 0 0 0
6550	sub_6550_0144800.log	DONE exit=20	200	True	219459	0 0 0 0 0 0 0 0 0 0 0 1442 3446 4332 2316 657 97 1 0 0 0 0 0 0 0 0 0 0 0
6550	sub_6550_0145000.log	DONE exit=20	200	True	218698	0 0 0 0 0 0 0 0 0 0 0 1022 3053 3542 1222 120 3 0 0 0 0 0 0 0 0 0 0 0 0
6550	sub_6550_0145200.log	DONE exit=20	200	True	1263434	0 0 0 0 0 0 0 0 0 0 0 2138 10715 21450 21778 8204 865 1 0 0 0 0 0 0 0 0 0 0 0
6550	sub_6550_0145400.log	DONE exit=20	200	True	1136829	0 0 0 0 0 0 0 0 0 0 0 1479 7013 17948 28631 19764 7888 831 0 0 0 0 0 0 0 0 0 0 0
6550	sub_6550_0145600.log	DONE exit=20	200	True	475390	0 0 0 0 0 0 0 0 0 0 0 1582 5280 9247 7469 3236 517 6 0 0 0 0 0 0 0 0 0 0 0
6550	sub_6550_0145800.log	DONE exit=20	200	True	1166308	0 0 0 0 0 0 0 0 0 0 0 1293 5629 15444 25946 25638 17321 2545 139 0 0 0 0 0 0 0 0 0 0
6550	sub_6550_0146000.log	DONE exit=20	200	True	2824905	0 0 0 0 0 0 0 0 0 0 0 1841 9920 33620 67262 69177 50836 7881 241 0 0 0 0 0 0 0 0 0 0
6550	sub_6550_0146200.log	DONE exit=20	200	True	797368	0 0 0 0 0 0 0 0 0 0 0 1217 5043 15012 24845 13122 1956 56 0 0 0 0 0 0 0 0 0 0 0
6550	sub_6550_0146400.log	DONE exit=20	200	True	628988	0 0 0 0 0 0 0 0 0 0 0 1550 6123 9446 7812 2943 893 318 0 0 0 0 0 0 0 0 0 0 0
6550	sub_6550_0146600.log	DONE exit=20	200	True	1014239	0 0 0 0 0 0 0 0 0 0 0 1567 7807 16809 18565 7446 1427 186 0 0 0 0 0 0 0 0 0 0 0
6550	sub_6550_0146800.log	DONE exit=20	200	True	107759	0 0 0 0 0 0 0 0 0 0 0 902 1446 926 334 52 0 0 0 0 0 0 0 0 0 0 0 0 0
6550	sub_6550_0147000.log	DONE exit=20	200	True	801818	0 0 0 0 0 0 0 0 0 0 0 1916 6978 15128 18966 16699 8008 724 1 0 0 0 0 0 0 0 0 0 0
6550	sub_6550_0147200.log	DONE exit=20	200	True	968682	0 0 0 0 0 0 0 0 0 0 0 1804 8278 18983 21722 13564 5493 854 7 0 0 0 0 0 0 0 0 0 0
6550	sub_6550_0147400.log	DONE exit=20	200	True	955191	0 0 0 0 0 0 0 0 0 0 0 1553 6578 15349 18730 12146 6427 1128 2 0 0 0 0 0 0 0 0 0 0
6550	sub_6550_0147600.log	DONE exit=20	200	True	1671452	0 0 0 0 0 0 0 0 0 0 0 1659 8707 26393 43769 34483 17829 3124 143 2 0 0 0 0 0 0 0 0 0
6550	sub_6550_0147800.log	DONE exit=20	200	True	1413402	0 0 0 0 0 0 0 0 0 0 0 1859 9232 25563 40120 33527 11972 2219 199 4 0 0 0 0 0 0 0 0 0
6550	sub_6550_0148000.log	DONE exit=20	200	True	272331	0 0 0 0 0 0 0 0 0 0 0 966 3061 4440 3425 1393 194 14 0 0 0 0 0 0 0 0 0 0 0
6550	sub_6550_0148200.log	DONE exit=20	200	True	407234	0 0 0 0 0 0 0 0 0 0 0 997 2779 4976 5854 4723 2482 291 0 0 0 0 0 0 0 0 0 0 0
6550	sub_6550_0148400.log	DONE exit=20	200	True	193008	0 0 0 0 0 0 0 0 0 0 0 861 2213 3145 2295 524 66 4 0 0 0 0 0 0 0 0 0 0 0
6550	sub_6550_0148600.log	DONE exit=20	200	True	311728	0 0 0 0 0 0 0 0 0 0 0 899 2307 3557 4131 3744 2196 280 0 0 0 0 0 0 0 0 0 0 0
6550	sub_6550_0148800.log	DONE exit=20	200	True	399161	0 0 0 0 0 0 0 0 0 0 0 1068 3440 6506 6562 3239 718 66 0 0 0 0 0 0 0 0 0 0 0
6550	sub_6550_0149000.log	DONE exit=20	200	True	144517	0 0 0 0 0 0 0 0 0 0 0 804 1749 1949 967 134 1 0 0 0 0 0 0 0 0 0 0 0 0
6550	sub_6550_0149200.log	DONE exit=20	200	True	180447	0 0 0 0 0 0 0 0 0 0 0 1089 2591 3048 1884 498 27 0 0 0 0 0 0 0 0 0 0 0 0
6550	sub_6550_0149400.log	DONE exit=20	200	True	520229	0 0 0 0 0 0 0 0 0 0 0 1349 5329 8944 6874 2998 571 6 2 0 0 0 0 0 0 0 0 0 0
6550	sub_6550_0149600.log	DONE exit=20	200	True	341475	0 0 0 0 0 0 0 0 0 0 0 1201 3508 5333 5100 2819 558 32 0 0 0 0 0 0 0 0 0 0 0
6550	sub_6550_0149800.log	DONE exit=20	200	True	3139101	0 0 0 0 0 0 0 0 0 0 0 1924 12059 41198 75173 70624 47702 15596 461 7 0 0 0 0 0 0 0 0 0
6550	sub_6550_0150000.log	DONE exit=20	200	True	250199	0 0 0 0 0 0 0 0 0 0 0 1326 3422 4084 2265 538 39 1 0 0 0 0 0 0 0 0 0 0 0
6550	sub_6550_0150200.log	DONE exit=20	200	True	282491	0 0 0 0 0 0 0 0 0 0 0 1238 3626 5610 4304 1316 95 2 0 0 0 0 0 0 0 0 0 0 0
6550	sub_6550_0150400.log	DONE exit=20	200	True	155263	0 0 0 0 0 0 0 0 0 0 0 838 1972 2325 1252 213 0 0 0 0 0 0 0 0 0 0 0 0 0
6550	sub_6550_0150600.log	DONE exit=20	200	True	195894	0 0 0 0 0 0 0 0 0 0 0 833 2080 2904 1980 510 3 0 0 0 0 0 0 0 0 0 0 0 0
6550	sub_6550_0150800.log	DONE exit=20	200	True	83602	0 0 0 0 0 0 0 0 0 0 0 709 1104 800 267 59 2 0 0 0 0 0 0 0 0 0 0 0 0
6550	sub_6550_0151000.log	DONE exit=20	200	True	432587	0 0 0 0 0 0 0 0 0 0 0 1378 4529 7412 6397 2992 584 1 0 0 0 0 0 0 0 0 0 0 0
6550	sub_6550_0151200.log	DONE exit=20	200	True	412075	0 0 0 0 0 0 0 0 0 0 0 1340 4689 7061 4636 1591 258 43 1 0 0 0 0 0 0 0 0 0 0
6550	sub_6550_0151400.log	DONE exit=20	200	True	2582917	0 0 0 0 0 0 0 0 0 0 0 2241 12305 35867 59171 55920 36535 9243 495 13 0 0 0 0 0 0 0 0 0
6550	sub_6550_0151600.log	DONE exit=20	200	True	554050	0 0 0 0 0 0 0 0 0 0 0 1328 5007 10272 11400 8058 2806 274 7 0 0 0 0 0 0 0 0 0 0
6550	sub_6550_0151800.log	DONE exit=20	200	True	365483	0 0 0 0 0 0 0 0 0 0 0 1397 4509 7603 6556 2582 417 41 1 0 0 0 0 0 0 0 0 0 0
6550	sub_6550_0152000.log	DONE exit=20	200	True	155558	0 0 0 0 0 0 0 0 0 0 0 926 2090 2200 1208 301 28 0 0 0 0 0 0 0 0 0 0 0 0
6550	sub_6550_0152200.log	DONE exit=20	200	True	253304	0 0 0 0 0 0 0 0 0 0 0 1058 3066 4296 2577 569 7 0 0 0 0 0 0 0 0 0 0 0 0
6550	sub_6550_0152400.log	DONE exit=20	200	True	148376	0 0 0 0 0 0 0 0 0 0 0 869 1838 2115 1322 323 2 0 0 0 0 0 0 0 0 0 0 0 0
6550	sub_6550_0152600.log	DONE exit=20	200	True	557175	0 0 0 0 0 0 0 0 0 0 0 1234 4215 8263 8868 5939 4786 259 0 0 0 0 0 0 0 0 0 0 0
6550	sub_6550_0152800.log	DONE exit=20	200	True	639185	0 0 0 0 0 0 0 0 0 0 0 1153 5922 12786 12104 6373 1941 59 0 0 0 0 0 0 0 0 0 0 0
6550	sub_6550_0153000.log	DONE exit=20	200	True	86664	0 0 0 0 0 0 0 0 0 0 0 847 1162 693 200 11 0 0 0 0 0 0 0 0 0 0 0 0 0
6550	sub_6550_0153200.log	DONE exit=20	200	True	1050802	0 0 0 0 0 0 0 0 0 0 0 1615 7346 17225 21246 18039 13778 3714 0 0 0 0 0 0 0 0 0 0 0
6550	sub_6550_0153400.log	DONE exit=20	200	True	916833	0 0 0 0 0 0 0 0 0 0 0 1282 5447 14257 20587 17628 12486 3701 52 0 0 0 0 0 0 0 0 0 0
6550	sub_6550_0153600.log	DONE exit=20	200	True	701718	0 0 0 0 0 0 0 0 0 0 0 1385 4961 10078 12701 11342 6477 2017 2 0 0 0 0 0 0 0 0 0 0
6550	sub_6550_0153800.log	DONE exit=20	200	True	910126	0 0 0 0 0 0 0 0 0 0 0 1397 5105 11050 15770 16211 16220 5617 1 0 0 0 0 0 0 0 0 0 0
6550	sub_6550_0154000.log	DONE exit=20	200	True	1027860	0 0 0 0 0 0 0 0 0 0 0 1493 7108 17876 22335 16078 6863 1885 2 0 0 0 0 0 0 0 0 0 0
6550	sub_6550_0154200.log	DONE exit=20	200	True	316689	0 0 0 0 0 0 0 0 0 0 0 1397 4084 5791 4315 1693 431 73 7 1 0 0 0 0 0 0 0 0 0
6550	sub_6550_0154400.log	DONE exit=20	200	True	227997	0 0 0 0 0 0 0 0 0 0 0 1274 3990 4900 2115 331 9 0 0 0 0 0 0 0 0 0 0 0 0
6550	sub_6550_0154600.log	DONE exit=20	200	True	869312	0 0 0 0 0 0 0 0 0 0 0 1647 8275 19905 21542 9566 1622 27 1 0 0 0 0 0 0 0 0 0 0
6550	sub_6550_0154800.log	DONE exit=20	200	True	287019	0 0 0 0 0 0 0 0 0 0 0 1457 4190 5977 4196 922 76 2 0 0 0 0 0 0 0 0 0 0 0
6550	sub_6550_0155000.log	DONE exit=20	200	True	174896	0 0 0 0 0 0 0 0 0 0 0 951 2411 3236 2049 514 59 1 0 0 0 0 0 0 0 0 0 0 0
6550	sub_6550_0155200.log	DONE exit=20	200	True	151769	0 0 0 0 0 0 0 0 0 0 0 702 1414 2098 1436 361 1 0 0 0 0 0 0 0 0 0 0 0 0
6550	sub_6550_0155400.log	DONE exit=20	200	True	116856	0 0 0 0 0 0 0 0 0 0 0 766 1360 1291 594 126 1 0 0 0 0 0 0 0 0 0 0 0 0
6550	sub_6550_0155600.log	DONE exit=20	200	True	98045	0 0 0 0 0 0 0 0 0 0 0 730 1350 1134 458 70 0 0 0 0 0 0 0 0 0 0 0 0 0
6550	sub_6550_0155800.log	DONE exit=20	200	True	148753	0 0 0 0 0 0 0 0 0 0 0 1106 2368 2033 695 109 2 0 0 0 0 0 0 0 0 0 0 0 0
6550	sub_6550_0156000.log	DONE exit=20	200	True	738301	0 0 0 0 0 0 0 0 0 0 0 1735 6724 11576 10109 6124 2234 48 0 0 0 0 0 0 0 0 0 0 0
6550	sub_6550_0156200.log	DONE exit=20	200	True	461229	0 0 0 0 0 0 0 0 0 0 0 1614 5717 9798 7564 2323 175 4 0 0 0 0 0 0 0 0 0 0 0
6550	sub_6550_0156400.log	DONE exit=20	200	True	914422	0 0 0 0 0 0 0 0 0 0 0 1460 5265 11597 17981 19634 16082 5495 1 0 0 0 0 0 0 0 0 0 0
6550	sub_6550_0156600.log	DONE exit=20	200	True	3418928	0 0 0 0 0 0 0 0 0 0 0 2274 14654 47999 80362 76864 50976 19554 116 0 0 0 0 0 0 0 0 0 0
6550	sub_6550_0156800.log	DONE exit=20	200	True	1150983	0 0 0 0 0 0 0 0 0 0 0 1469 7297 20789 30673 19479 7111 3122 13 0 0 0 0 0 0 0 0 0 0
6550	sub_6550_0157000.log	DONE exit=20	200	True	290555	0 0 0 0 0 0 0 0 0 0 0 1099 3210 4572 3055 849 29 5 0 0 0 0 0 0 0 0 0 0 0
6550	sub_6550_0157200.log	DONE exit=20	200	True	96066	0 0 0 0 0 0 0 0 0 0 0 687 1220 1250 781 180 5 0 0 0 0 0 0 0 0 0 0 0 0
6550	sub_6550_0157400.log	DONE exit=20	200	True	63579	0 0 0 0 0 0 0 0 0 0 0 592 843 560 148 18 0 0 0 0 0 0 0 0 0 0 0 0 0
6550	sub_6550_0157600.log	DONE exit=20	200	True	169094	0 0 0 0 0 0 0 0 0 0 0 1071 2358 2422 1136 165 5 0 0 0 0 0 0 0 0 0 0 0 0
6550	sub_6550_0157800.log	DONE exit=20	200	True	128241	0 0 0 0 0 0 0 0 0 0 0 1025 2021 1761 613 69 0 0 0 0 0 0 0 0 0 0 0 0 0
6550	sub_6550_0158000.log	DONE exit=20	200	True	1000718	0 0 0 0 0 0 0 0 0 0 0 1357 5382 12339 16738 17615 19555 6966 0 0 0 0 0 0 0 0 0 0 0
6550	sub_6550_0158200.log	DONE exit=20	200	True	2400475	0 0 0 0 0 0 0 0 0 0 0 2109 13225 40377 60740 49072 30316 8886 61 0 0 0 0 0 0 0 0 0 0
6550	sub_6550_0158400.log	DONE exit=20	200	True	139855	0 0 0 0 0 0 0 0 0 0 0 794 1583 1837 1016 193 2 0 0 0 0 0 0 0 0 0 0 0 0
6550	sub_6550_0158600.log	DONE exit=20	200	True	747214	0 0 0 0 0 0 0 0 0 0 0 1643 6692 12287 10968 6529 2122 87 0 0 0 0 0 0 0 0 0 0 0
6550	sub_6550_0158800.log	DONE exit=20	200	True	415513	0 0 0 0 0 0 0 0 0 0 0 1472 4583 7357 5879 2374 501 10 0 0 0 0 0 0 0 0 0 0 0
6550	sub_6550_0159000.log	DONE exit=20	200	True	602813	0 0 0 0 0 0 0 0 0 0 0 1326 4602 8952 11477 11463 9444 3824 30 1 0 0 0 0 0 0 0 0 0
6550	sub_6550_0159200.log	DONE exit=20	200	True	2655655	0 0 0 0 0 0 0 0 0 0 0 2159 12421 37388 59303 57685 40875 15535 24 0 0 0 0 0 0 0 0 0 0
6550	sub_6550_0159400.log	DONE exit=20	200	True	2640737	0 0 0 0 0 0 0 0 0 0 0 1861 11775 40014 69648 57102 30478 11166 241 4 0 0 0 0 0 0 0 0 0
6550	sub_6550_0159600.log	DONE exit=20	200	True	224619	0 0 0 0 0 0 0 0 0 0 0 1008 2612 3486 2395 724 24 1 0 0 0 0 0 0 0 0 0 0 0
6550	sub_6550_0159800.log	DONE exit=20	200	True	201492	0 0 0 0 0 0 0 0 0 0 0 943 2124 2925 2019 549 8 0 0 0 0 0 0 0 0 0 0 0 0
6550	sub_6550_0160000.log	DONE exit=20	200	True	378586	0 0 0 0 0 0 0 0 0 0 0 1385 4215 6857 5553 2245 765 269 0 0 0 0 0 0 0 0 0 0 0
6550	sub_6550_0160200.log	DONE exit=20	200	True	183635	0 0 0 0 0 0 0 0 0 0 0 971 2274 2809 1697 333 16 0 0 0 0 0 0 0 0 0 0 0 0
6550	sub_6550_0160400.log	DONE exit=20	200	True	1546711	0 0 0 0 0 0 0 0 0 0 0 1651 9182 24126 31464 23999 12770 3788 0 0 0 0 0 0 0 0 0 0 0
6550	sub_6550_0160600.log	DONE exit=20	200	True	754172	0 0 0 0 0 0 0 0 0 0 0 1173 4076 9445 14753 14395 7227 1932 95 1 0 0 0 0 0 0 0 0 0
6550	sub_6550_0160800.log	DONE exit=20	200	True	729912	0 0 0 0 0 0 0 0 0 0 0 1497 5398 10661 13310 11674 7946 3632 92 0 0 0 0 0 0 0 0 0 0
6550	sub_6550_0161000.log	DONE exit=20	200	True	2006563	0 0 0 0 0 0 0 0 0 0 0 1922 10748 31320 46430 35754 21335 6575 19 0 0 0 0 0 0 0 0 0 0
6550	sub_6550_0161200.log	DONE exit=20	200	True	545504	0 0 0 0 0 0 0 0 0 0 0 1411 5626 11705 10461 3981 1014 183 15 0 0 0 0 0 0 0 0 0 0
6550	sub_6550_0161400.log	DONE exit=20	200	True	276530	0 0 0 0 0 0 0 0 0 0 0 1447 4110 5722 3565 575 13 0 0 0 0 0 0 0 0 0 0 0 0
6550	sub_6550_0161600.log	DONE exit=20	200	True	235870	0 0 0 0 0 0 0 0 0 0 0 1149 3566 4764 2669 840 156 16 0 0 0 0 0 0 0 0 0 0 0
6550	sub_6550_0161800.log	DONE exit=20	200	True	648026	0 0 0 0 0 0 0 0 0 0 0 1627 7621 15951 13264 4987 963 22 0 0 0 0 0 0 0 0 0 0 0
6550	sub_6550_0162000.log	DONE exit=20	200	True	314682	0 0 0 0 0 0 0 0 0 0 0 1118 3557 6228 5529 2547 622 77 3 0 0 0 0 0 0 0 0 0 0
6550	sub_6550_0162200.log	DONE exit=20	200	True	503999	0 0 0 0 0 0 0 0 0 0 0 1456 5217 9851 10294 6133 2083 400 43 4 0 0 0 0 0 0 0 0 0
6550	sub_6550_0162400.log	DONE exit=20	200	True	441507	0 0 0 0 0 0 0 0 0 0 0 1293 4366 8029 8624 5468 2004 376 18 0 0 0 0 0 0 0 0 0 0
6550	sub_6550_0162600.log	DONE exit=20	200	True	216782	0 0 0 0 0 0 0 0 0 0 0 1304 3449 4410 3076 1345 413 108 17 0 0 0 0 0 0 0 0 0 0
6550	sub_6550_0162800.log	DONE exit=20	200	True	150994	0 0 0 0 0 0 0 0 0 0 0 1149 2858 3165 1649 424 67 6 0 0 0 0 0 0 0 0 0 0 0
6550	sub_6550_0163000.log	DONE exit=20	200	True	146666	0 0 0 0 0 0 0 0 0 0 0 1097 2612 2944 1727 522 53 1 0 0 0 0 0 0 0 0 0 0 0
6550	sub_6550_0163200.log	DONE exit=20	200	True	2556152	0 0 0 0 0 0 0 0 0 0 0 1901 10933 37495 75245 90538 69917 22203 2098 2 0 0 0 0 0 0 0 0 0
6550	sub_6550_0163400.log	DONE exit=20	200	True	3671077	0 0 0 0 0 0 0 0 0 0 0 1909 11373 40877 90939 130684 115033 39125 5035 478 78 5 0 0 0 0 0 0 0
6550	sub_6550_0163600.log	DONE exit=20	200	True	1276537	0 0 0 0 0 0 0 0 0 0 0 1942 9936 26736 38811 29386 11915 2932 324 27 1 0 0 0 0 0 0 0 0
6550	sub_6550_0163800.log	DONE exit=20	200	True	431045	0 0 0 0 0 0 0 0 0 0 0 1405 5457 10947 11099 5200 1178 167 8 0 0 0 0 0 0 0 0 0 0
6550	sub_6550_0164000.log	DONE exit=20	200	True	4624190	0 0 0 0 0 0 0 0 0 0 0 2696 17801 61152 122924 156205 116635 36109 2487 11 1 0 0 0 0 0 0 0 0
6550	sub_6550_0164200.log	DONE exit=20	200	True	12646398	0 0 0 0 0 0 0 0 0 0 0 3213 24921 107676 284638 474521 444660 145111 10661 2 0 0 0 0 0 0 0 0 0
6550	sub_6550_0164400.log	DONE exit=20	200	True	10579425	0 0 0 0 0 0 0 0 0 0 0 3263 24498 100179 248113 387533 339154 104471 8644 46 1 0 0 0 0 0 0 0 0
6550	sub_6550_0164600.log	DONE exit=20	200	True	3498392	0 0 0 0 0 0 0 0 0 0 0 1991 12519 45042 90923 109553 85646 26141 2364 0 0 0 0 0 0 0 0 0 0
6550	sub_6550_0164800.log	DONE exit=20	200	True	1169180	0 0 0 0 0 0 0 0 0 0 0 1565 7494 20038 29029 19025 6092 629 10 0 0 0 0 0 0 0 0 0 0
6550	sub_6550_0165000.log	DONE exit=20	200	True	835996	0 0 0 0 0 0 0 0 0 0 0 2185 10171 22231 23837 11229 2389 69 1 0 0 0 0 0 0 0 0 0 0
6550	sub_6550_0165200.log	DONE exit=20	200	True	552681	0 0 0 0 0 0 0 0 0 0 0 1816 7725 15463 13888 5005 471 3 0 0 0 0 0 0 0 0 0 0 0
6550	sub_6550_0165400.log	DONE exit=20	200	True	691045	0 0 0 0 0 0 0 0 0 0 0 1711 7860 18743 21932 11929 3296 498 3 0 0 0 0 0 0 0 0 0 0
6550	sub_6550_0165600.log	DONE exit=20	200	True	546222	0 0 0 0 0 0 0 0 0 0 0 1758 7644 15822 15597 7389 1733 92 7 0 0 0 0 0 0 0 0 0 0
6550	sub_6550_0165800.log	DONE exit=20	200	True	1454794	0 0 0 0 0 0 0 0 0 0 0 2352 13447 37391 50128 33010 9603 1214 62 0 0 0 0 0 0 0 0 0 0
6550	sub_6550_0166000.log	DONE exit=20	200	True	1625104	0 0 0 0 0 0 0 0 0 0 0 2460 14068 37942 50099 34183 12005 1979 59 0 0 0 0 0 0 0 0 0 0
6550	sub_6550_0166200.log	DONE exit=20	200	True	1043945	0 0 0 0 0 0 0 0 0 0 0 2257 10795 24674 30125 20364 7318 1119 13 0 0 0 0 0 0 0 0 0 0
6550	sub_6550_0166400.log	DONE exit=20	200	True	1038605	0 0 0 0 0 0 0 0 0 0 0 2389 12546 29791 33111 16861 3673 298 7 0 0 0 0 0 0 0 0 0 0
6550	sub_6550_0166600.log	DONE exit=20	200	True	381235	0 0 0 0 0 0 0 0 0 0 0 1558 5683 9897 8973 4372 1093 90 10 1 0 0 0 0 0 0 0 0 0
6550	sub_6550_0166800.log	DONE exit=20	200	True	588438	0 0 0 0 0 0 0 0 0 0 0 1738 7608 15836 15978 7942 2149 276 20 0 0 0 0 0 0 0 0 0 0
6550	sub_6550_0167000.log	DONE exit=20	200	True	631097	0 0 0 0 0 0 0 0 0 0 0 1636 7143 16146 18019 9665 2611 366 37 5 0 0 0 0 0 0 0 0 0
6550	sub_6550_0167200.log	DONE exit=20	200	True	343803	0 0 0 0 0 0 0 0 0 0 0 1459 4774 8326 6923 2302 243 14 0 0 0 0 0 0 0 0 0 0 0
6550	sub_6550_0167400.log	DONE exit=20	200	True	204023	0 0 0 0 0 0 0 0 0 0 0 1278 3437 4038 1568 210 4 0 0 0 0 0 0 0 0 0 0 0 0
6550	sub_6550_0167600.log	DONE exit=20	200	True	347797	0 0 0 0 0 0 0 0 0 0 0 1096 3282 5862 6319 2294 117 1 0 0 0 0 0 0 0 0 0 0 0
6550	sub_6550_0167800.log	DONE exit=20	200	True	765547	0 0 0 0 0 0 0 0 0 0 0 1416 5610 12948 16492 5932 390 11 0 0 0 0 0 0 0 0 0 0 0
6550	sub_6550_0168000.log	DONE exit=20	200	True	418492	0 0 0 0 0 0 0 0 0 0 0 1289 4591 8548 7950 3131 479 52 1 0 0 0 0 0 0 0 0 0 0
6550	sub_6550_0168200.log	DONE exit=20	200	True	1027333	0 0 0 0 0 0 0 0 0 0 0 1566 6841 17633 24088 14272 4541 986 114 6 0 0 0 0 0 0 0 0 0
6550	sub_6550_0168400.log	DONE exit=20	200	True	431214	0 0 0 0 0 0 0 0 0 0 0 1468 5145 8714 7860 4466 1461 269 26 0 0 0 0 0 0 0 0 0 0
6550	sub_6550_0168600.log	DONE exit=20	200	True	622919	0 0 0 0 0 0 0 0 0 0 0 1289 4836 10537 13092 7339 1847 283 3 0 0 0 0 0 0 0 0 0 0
6550	sub_6550_0168800.log	DONE exit=20	200	True	1531279	0 0 0 0 0 0 0 0 0 0 0 1591 7115 19936 36023 41181 32628 10073 792 2 0 0 0 0 0 0 0 0 0
6550	sub_6550_0169000.log	DONE exit=20	200	True	614036	0 0 0 0 0 0 0 0 0 0 0 1273 4438 9693 13331 5046 367 1 0 0 0 0 0 0 0 0 0 0 0
6550	sub_6550_0169200.log	DONE exit=20	200	True	421169	0 0 0 0 0 0 0 0 0 0 0 1178 3823 7334 8356 3016 96 0 0 0 0 0 0 0 0 0 0 0 0
6550	sub_6550_0169400.log	DONE exit=20	200	True	341781	0 0 0 0 0 0 0 0 0 0 0 1341 4176 6992 5903 2131 274 13 0 0 0 0 0 0 0 0 0 0 0
6550	sub_6550_0169600.log	DONE exit=20	200	True	972534	0 0 0 0 0 0 0 0 0 0 0 1463 6368 16729 23486 14627 5619 1692 285 21 0 0 0 0 0 0 0 0 0
6550	sub_6550_0169800.log	DONE exit=20	200	True	343058	0 0 0 0 0 0 0 0 0 0 0 1269 4226 7111 6383 3409 1076 181 9 0 0 0 0 0 0 0 0 0 0
6550	sub_6550_0170000.log	DONE exit=20	200	True	1242569	0 0 0 0 0 0 0 0 0 0 0 2076 10308 27149 38803 28180 9331 1214 74 6 0 0 0 0 0 0 0 0 0
6550	sub_6550_0170200.log	DONE exit=20	200	True	1302002	0 0 0 0 0 0 0 0 0 0 0 1636 7791 21250 31723 23590 10297 3238 744 98 4 0 0 0 0 0 0 0 0
6550	sub_6550_0170400.log	DONE exit=20	200	True	2452696	0 0 0 0 0 0 0 0 0 0 0 1783 9410 30399 60204 69667 42855 13035 2056 135 4 0 0 0 0 0 0 0 0
6550	sub_6550_0170600.log	DONE exit=20	200	True	541010	0 0 0 0 0 0 0 0 0 0 0 1250 4782 10198 11492 6581 1720 235 23 2 0 0 0 0 0 0 0 0 0
6550	sub_6550_0170800.log	DONE exit=20	200	True	129054	0 0 0 0 0 0 0 0 0 0 0 988 2502 2965 1578 320 17 0 0 0 0 0 0 0 0 0 0 0 0
6550	sub_6550_0171000.log	DONE exit=20	200	True	209043	0 0 0 0 0 0 0 0 0 0 0 1163 3341 4839 3541 1317 224 11 0 0 0 0 0 0 0 0 0 0 0
6550	sub_6550_0171200.log	DONE exit=20	200	True	173294	0 0 0 0 0 0 0 0 0 0 0 928 2430 3602 2858 1193 263 19 1 0 0 0 0 0 0 0 0 0 0
6550	sub_6550_0171400.log	DONE exit=20	200	True	203869	0 0 0 0 0 0 0 0 0 0 0 1066 3015 4645 3651 1370 286 24 1 0 0 0 0 0 0 0 0 0 0
6550	sub_6550_0171600.log	DONE exit=20	200	True	481107	0 0 0 0 0 0 0 0 0 0 0 1138 4063 8694 10992 8575 4919 2193 644 85 1 0 0 0 0 0 0 0 0
6550	sub_6550_0171800.log	DONE exit=20	200	True	432531	0 0 0 0 0 0 0 0 0 0 0 1170 4144 8669 10321 7199 3339 1071 234 26 0 0 0 0 0 0 0 0 0
6550	sub_6550_0172000.log	DONE exit=20	200	True	241078	0 0 0 0 0 0 0 0 0 0 0 1104 3106 4518 3281 1113 214 26 0 0 0 0 0 0 0 0 0 0 0
6550	sub_6550_0172200.log	DONE exit=20	200	True	303762	0 0 0 0 0 0 0 0 0 0 0 1209 3980 6654 5351 2224 300 6 0 0 0 0 0 0 0 0 0 0 0
6550	sub_6550_0172400.log	DONE exit=20	200	True	761465	0 0 0 0 0 0 0 0 0 0 0 1526 6546 16276 20851 9298 1169 85 6 0 0 0 0 0 0 0 0 0 0
6550	sub_6550_0172600.log	DONE exit=20	200	True	250287	0 0 0 0 0 0 0 0 0 0 0 1072 3064 4596 3212 939 134 18 0 0 0 0 0 0 0 0 0 0 0
6550	sub_6550_0172800.log	DONE exit=20	200	True	405221	0 0 0 0 0 0 0 0 0 0 0 1315 4565 8059 7146 3328 846 79 0 0 0 0 0 0 0 0 0 0 0
6550	sub_6550_0173000.log	DONE exit=20	200	True	113928	0 0 0 0 0 0 0 0 0 0 0 758 1633 1845 1054 352 53 2 0 0 0 0 0 0 0 0 0 0 0
6550	sub_6550_0173200.log	DONE exit=20	200	True	150433	0 0 0 0 0 0 0 0 0 0 0 831 2011 2523 1360 280 40 2 0 0 0 0 0 0 0 0 0 0 0
6550	sub_6550_0173400.log	DONE exit=20	200	True	394079	0 0 0 0 0 0 0 0 0 0 0 1130 3515 6685 7722 2926 324 21 2 0 0 0 0 0 0 0 0 0 0
6550	sub_6550_0173600.log	DONE exit=20	200	True	722255	0 0 0 0 0 0 0 0 0 0 0 1705 7244 15523 16572 7979 1926 389 31 0 0 0 0 0 0 0 0 0 0
6550	sub_6550_0173800.log	DONE exit=20	200	True	382102	0 0 0 0 0 0 0 0 0 0 0 1144 3748 6929 7338 4676 1843 411 46 4 0 0 0 0 0 0 0 0 0
6550	sub_6550_0174000.log	DONE exit=20	200	True	296087	0 0 0 0 0 0 0 0 0 0 0 1069 3416 5839 5040 2077 339 17 0 0 0 0 0 0 0 0 0 0 0
6550	sub_6550_0174200.log	DONE exit=20	200	True	231187	0 0 0 0 0 0 0 0 0 0 0 1002 2817 4300 3579 1377 249 19 0 0 0 0 0 0 0 0 0 0 0
6550	sub_6550_0174400.log	DONE exit=20	200	True	241566	0 0 0 0 0 0 0 0 0 0 0 1123 3769 5886 3444 653 7 0 0 0 0 0 0 0 0 0 0 0 0
6550	sub_6550_0174600.log	DONE exit=20	200	True	162688	0 0 0 0 0 0 0 0 0 0 0 1132 2860 3293 1624 403 64 5 0 0 0 0 0 0 0 0 0 0 0
6550	sub_6550_0174800.log	DONE exit=20	200	True	221236	0 0 0 0 0 0 0 0 0 0 0 1088 3319 5062 3152 666 25 0 0 0 0 0 0 0 0 0 0 0 0
6550	sub_6550_0175000.log	DONE exit=20	200	True	608797	0 0 0 0 0 0 0 0 0 0 0 1647 6718 13337 12752 6091 1466 179 11 0 0 0 0 0 0 0 0 0 0
6550	sub_6550_0175200.log	DONE exit=20	200	True	1143086	0 0 0 0 0 0 0 0 0 0 0 1862 9276 23954 30593 16819 4709 821 60 2 0 0 0 0 0 0 0 0 0
6550	sub_6550_0175400.log	DONE exit=20	200	True	565262	0 0 0 0 0 0 0 0 0 0 0 1496 6126 13347 14736 8356 2202 198 4 0 0 0 0 0 0 0 0 0 0
6550	sub_6550_0175600.log	DONE exit=20	200	True	408149	0 0 0 0 0 0 0 0 0 0 0 1220 4470 8880 8513 4245 1133 121 6 0 0 0 0 0 0 0 0 0 0
6550	sub_6550_0175800.log	DONE exit=20	200	True	221841	0 0 0 0 0 0 0 0 0 0 0 835 2298 3648 3136 1097 136 4 0 0 0 0 0 0 0 0 0 0 0
6550	sub_6550_0176000.log	DONE exit=20	200	True	99347	0 0 0 0 0 0 0 0 0 0 0 702 1379 1403 646 93 4 0 0 0 0 0 0 0 0 0 0 0 0
6550	sub_6550_0176200.log	DONE exit=20	200	True	310442	0 0 0 0 0 0 0 0 0 0 0 1344 4181 6079 3944 1287 222 35 5 1 0 0 0 0 0 0 0 0 0
6550	sub_6550_0176400.log	DONE exit=20	200	True	255435	0 0 0 0 0 0 0 0 0 0 0 1185 3489 5013 3383 1130 257 35 1 0 0 0 0 0 0 0 0 0 0
6550	sub_6550_0176600.log	DONE exit=20	200	True	845235	0 0 0 0 0 0 0 0 0 0 0 1561 6931 17371 22883 12616 3498 617 52 4 0 0 0 0 0 0 0 0 0
6550	sub_6550_0176800.log	DONE exit=20	200	True	279038	0 0 0 0 0 0 0 0 0 0 0 1115 3604 6129 4632 1443 181 14 0 0 0 0 0 0 0 0 0 0 0
6550	sub_6550_0177000.log	DONE exit=20	200	True	176124	0 0 0 0 0 0 0 0 0 0 0 848 2058 2904 2205 701 63 0 0 0 0 0 0 0 0 0 0 0 0
6550	sub_6550_0177200.log	DONE exit=20	200	True	116622	0 0 0 0 0 0 0 0 0 0 0 729 1573 1787 951 242 53 12 0 0 0 0 0 0 0 0 0 0 0
6550	sub_6550_0177400.log	DONE exit=20	200	True	205463	0 0 0 0 0 0 0 0 0 0 0 1016 2868 4531 3517 1308 231 30 3 0 0 0 0 0 0 0 0 0 0
6550	sub_6550_0177600.log	DONE exit=20	200	True	247673	0 0 0 0 0 0 0 0 0 0 0 1120 3667 5682 3406 792 106 5 0 0 0 0 0 0 0 0 0 0 0
6550	sub_6550_0177800.log	DONE exit=20	200	True	210558	0 0 0 0 0 0 0 0 0 0 0 1026 2765 3553 1853 412 24 0 0 0 0 0 0 0 0 0 0 0 0
6550	sub_6550_0178000.log	DONE exit=20	200	True	353721	0 0 0 0 0 0 0 0 0 0 0 1326 4503 7250 5084 1773 317 22 1 0 0 0 0 0 0 0 0 0 0
6550	sub_6550_0178200.log	DONE exit=20	200	True	591160	0 0 0 0 0 0 0 0 0 0 0 1384 5523 12569 15462 9100 2640 393 17 0 0 0 0 0 0 0 0 0 0
6550	sub_6550_0178400.log	DONE exit=20	200	True	617630	0 0 0 0 0 0 0 0 0 0 0 1347 5418 11876 12931 5137 1057 253 35 2 0 0 0 0 0 0 0 0 0
6550	sub_6550_0178600.log	DONE exit=20	200	True	439828	0 0 0 0 0 0 0 0 0 0 0 1451 4947 8424 7220 2946 590 70 3 0 0 0 0 0 0 0 0 0 0
6550	sub_6550_0178800.log	DONE exit=20	200	True	111907	0 0 0 0 0 0 0 0 0 0 0 826 1745 1803 910 218 6 0 0 0 0 0 0 0 0 0 0 0 0
6550	sub_6550_0179000.log	DONE exit=20	200	True	730845	0 0 0 0 0 0 0 0 0 0 0 1684 7325 15399 15521 5162 416 20 0 0 0 0 0 0 0 0 0 0 0
6550	sub_6550_0179200.log	DONE exit=20	200	True	679509	0 0 0 0 0 0 0 0 0 0 0 1624 7004 15628 17669 10246 3258 615 50 0 0 0 0 0 0 0 0 0 0
6550	sub_6550_0179400.log	DONE exit=20	200	True	612017	0 0 0 0 0 0 0 0 0 0 0 1629 6970 15026 15234 7269 1607 128 7 0 0 0 0 0 0 0 0 0 0
6550	sub_6550_0179600.log	DONE exit=20	200	True	772604	0 0 0 0 0 0 0 0 0 0 0 1723 7865 18008 19221 9593 2501 374 27 1 0 0 0 0 0 0 0 0 0
6550	sub_6550_0179800.log	DONE exit=20	200	True	1003872	0 0 0 0 0 0 0 0 0 0 0 2001 10358 24289 26061 13632 3242 341 14 1 0 0 0 0 0 0 0 0 0
6550	sub_6550_0180000.log	DONE exit=20	200	True	551067	0 0 0 0 0 0 0 0 0 0 0 1792 6732 11660 9953 4586 1019 165 12 0 0 0 0 0 0 0 0 0 0
6550	sub_6550_0180200.log	DONE exit=20	200	True	304256	0 0 0 0 0 0 0 0 0 0 0 1494 4501 6044 3934 1321 222 9 0 0 0 0 0 0 0 0 0 0 0
6550	sub_6550_0180400.log	DONE exit=20	200	True	260604	0 0 0 0 0 0 0 0 0 0 0 1311 3900 5301 3260 1032 125 10 0 0 0 0 0 0 0 0 0 0 0
6550	sub_6550_0180600.log	DONE exit=20	200	True	50511689	0 0 0 0 0 0 0 0 0 0 0 1442 6165 18987 54409 152289 379457 768319 1142063 1059991 525119 0 0 0 0 0 0 0 0
6550	sub_6550_0180800.log	DONE exit=20	200	True	239749539	0 0 0 0 0 0 0 0 0 0 0 2410 17076 79466 272719 759031 1796145 3520825 5247946 4813974 2345581 0 0 0 0 0 0 0 0
6550	sub_6550_0181000.log	DONE exit=20	200	True	8448636	0 0 0 0 0 0 0 0 0 0 0 1496 6073 15236 29020 50231 72092 92118 104220 71705 24931 0 0 0 0 0 0 0 0
6550	sub_6550_0181200.log	DONE exit=20	200	True	93206389	0 0 0 0 0 0 0 0 0 0 0 2058 11693 44718 133886 335778 710302 1299915 1899932 1647396 782447 0 0 0 0 0 0 0 0
6550	sub_6550_0181400.log	DONE exit=20	200	True	174917928	0 0 0 0 0 0 0 0 0 0 0 3150 24096 108539 338052 787527 1412402 2031910 2758187 2437178 1118787 0 0 0 0 0 0 0 0
6550	sub_6550_0181600.log	DONE exit=20	200	True	11478091	0 0 0 0 0 0 0 0 0 0 0 1808 7961 22743 51573 90775 113967 82583 48400 45122 14221 0 0 0 0 0 0 0 0
6550	sub_6550_0181800.log	DONE exit=20	200	True	6006768	0 0 0 0 0 0 0 0 0 0 0 1761 7494 18758 35086 56731 64280 30033 286 3 3 0 0 0 0 0 0 0 0
6550	sub_6550_0182000.log	DONE exit=20	200	True	15076623	0 0 0 0 0 0 0 0 0 0 0 1669 6307 15263 32233 71791 128615 176907 197858 150484 56007 0 0 0 0 0 0 0 0
6550	sub_6550_0182200.log	DONE exit=20	200	True	47943054	0 0 0 0 0 0 0 0 0 0 0 1630 6477 18535 51673 143988 338793 641882 862306 638213 248972 0 0 0 0 0 0 0 0
6550	sub_6550_0182400.log	DONE exit=20	200	True	55896808	0 0 0 0 0 0 0 0 0 0 0 2285 11994 39196 99218 227831 455682 734129 896408 685071 277650 0 0 0 0 0 0 0 0
6550	sub_6550_0182600.log	DONE exit=20	200	True	48338429	0 0 0 0 0 0 0 0 0 0 0 1949 9312 29455 77972 188971 381144 628610 774096 568110 232152 0 0 0 0 0 0 0 0
6550	sub_6550_0182800.log	DONE exit=20	200	True	724203	0 0 0 0 0 0 0 0 0 0 0 1384 4233 6414 5735 3633 1633 340 0 0 0 0 0 0 0 0 0 0 0
6550	sub_6550_0183000.log	DONE exit=20	200	True	579617	0 0 0 0 0 0 0 0 0 0 0 1154 3433 5438 4909 2960 1306 260 0 0 0 0 0 0 0 0 0 0 0
6550	sub_6550_0183200.log	DONE exit=20	200	True	668377	0 0 0 0 0 0 0 0 0 0 0 1216 3707 5927 5595 3576 1815 489 15 0 0 0 0 0 0 0 0 0 0
6550	sub_6550_0183400.log	DONE exit=20	200	True	486602	0 0 0 0 0 0 0 0 0 0 0 1269 3659 5010 2948 932 4 4 0 0 0 0 0 0 0 0 0 0 0
6550	sub_6550_0183600.log	DONE exit=20	200	True	388536	0 0 0 0 0 0 0 0 0 0 0 1056 2887 3828 2620 873 1 0 0 0 0 0 0 0 0 0 0 0 0
6550	sub_6550_0183800.log	DONE exit=20	200	True	58339	0 0 0 0 0 0 0 0 0 0 0 459 596 315 137 80 0 0 0 0 0 0 0 0 0 0 0 0 0
6550	sub_6550_0184000.log	DONE exit=20	200	True	466768	0 0 0 0 0 0 0 0 0 0 0 969 2278 3336 3511 2975 936 18 0 0 0 0 0 0 0 0 0 0 0
6550	sub_6550_0184200.log	DONE exit=20	200	True	901107	0 0 0 0 0 0 0 0 0 0 0 897 2427 5044 8144 8740 2463 54 0 0 0 0 0 0 0 0 0 0 0
6550	sub_6550_0184400.log	DONE exit=20	200	True	6232902	0 0 0 0 0 0 0 0 0 0 0 1122 5330 16587 36354 55533 57682 39655 24218 14015 3937 0 0 0 0 0 0 0 0
6550	sub_6550_0184600.log	DONE exit=20	200	True	268702	0 0 0 0 0 0 0 0 0 0 0 633 1199 1805 2234 1210 4 0 0 0 0 0 0 0 0 0 0 0 0
6550	sub_6550_0184800.log	DONE exit=20	200	True	32084	0 0 0 0 0 0 0 0 0 0 0 420 341 89 7 0 0 0 0 0 0 0 0 0 0 0 0 0 0
6550	sub_6550_0185000.log	DONE exit=20	200	True	36033	0 0 0 0 0 0 0 0 0 0 0 602 518 136 8 0 0 0 0 0 0 0 0 0 0 0 0 0 0
6550	sub_6550_0185200.log	DONE exit=20	200	True	47208	0 0 0 0 0 0 0 0 0 0 0 562 731 321 64 5 0 0 0 0 0 0 0 0 0 0 0 0 0
6550	sub_6550_0185400.log	DONE exit=20	200	True	146509	0 0 0 0 0 0 0 0 0 0 0 624 1084 1270 1038 240 0 0 0 0 0 0 0 0 0 0 0 0 0
6550	sub_6550_0185600.log	DONE exit=20	200	True	691479	0 0 0 0 0 0 0 0 0 0 0 921 2597 4733 6153 5581 2557 785 7 0 0 0 0 0 0 0 0 0 0
6550	sub_6550_0185800.log	DONE exit=20	200	True	300397	0 0 0 0 0 0 0 0 0 0 0 929 2034 2705 2441 1746 269 3 0 0 0 0 0 0 0 0 0 0 0
6550	sub_6550_0186000.log	DONE exit=20	200	True	25826	0 0 0 0 0 0 0 0 0 0 0 332 216 46 5 0 0 0 0 0 0 0 0 0 0 0 0 0 0
6550	sub_6550_0186200.log	DONE exit=20	200	True	28665	0 0 0 0 0 0 0 0 0 0 0 380 254 71 5 0 0 0 0 0 0 0 0 0 0 0 0 0 0
6550	sub_6550_0186400.log	DONE exit=20	200	True	32515	0 0 0 0 0 0 0 0 0 0 0 434 385 167 41 7 0 0 0 0 0 0 0 0 0 0 0 0 0
6550	sub_6550_0186600.log	DONE exit=20	200	True	344709	0 0 0 0 0 0 0 0 0 0 0 1259 3865 6522 5781 1287 62 0 0 0 0 0 0 0 0 0 0 0 0
6550	sub_6550_0186800.log	DONE exit=20	200	True	494000	0 0 0 0 0 0 0 0 0 0 0 915 2345 3802 4412 3257 1097 15 0 0 0 0 0 0 0 0 0 0 0
6550	sub_6550_0187000.log	DONE exit=20	200	True	393755	0 0 0 0 0 0 0 0 0 0 0 477 941 1994 3534 4105 2409 31 0 0 0 0 0 0 0 0 0 0 0
6550	sub_6550_0187200.log	DONE exit=20	200	True	233754	0 0 0 0 0 0 0 0 0 0 0 601 1089 1554 1909 1348 189 0 0 0 0 0 0 0 0 0 0 0 0
6550	sub_6550_0187400.log	DONE exit=20	200	True	112743	0 0 0 0 0 0 0 0 0 0 0 671 1335 1745 1278 135 4 0 0 0 0 0 0 0 0 0 0 0 0
6550	sub_6550_0187600.log	DONE exit=20	200	True	36887	0 0 0 0 0 0 0 0 0 0 0 477 453 206 41 2 0 0 0 0 0 0 0 0 0 0 0 0 0
6550	sub_6550_0187800.log	DONE exit=20	200	True	194250	0 0 0 0 0 0 0 0 0 0 0 1057 2568 3487 2693 908 123 9 0 0 0 0 0 0 0 0 0 0 0
6550	sub_6550_0188000.log	DONE exit=20	200	True	513287	0 0 0 0 0 0 0 0 0 0 0 1108 3786 7834 9437 4694 830 30 0 0 0 0 0 0 0 0 0 0 0
6550	sub_6550_0188200.log	DONE exit=20	200	True	783078	0 0 0 0 0 0 0 0 0 0 0 993 2609 4977 7108 7152 4397 279 60 1 1 0 0 0 0 0 0 0 0
6550	sub_6550_0188400.log	DONE exit=20	200	True	272427	0 0 0 0 0 0 0 0 0 0 0 845 1716 2163 1850 1040 30 3 0 0 0 0 0 0 0 0 0 0 0
6550	sub_6550_0188600.log	DONE exit=20	200	True	376904	0 0 0 0 0 0 0 0 0 0 0 986 2546 3858 4073 2873 898 30 0 0 0 0 0 0 0 0 0 0 0
6550	sub_6550_0188800.log	DONE exit=20	200	True	13932648	0 0 0 0 0 0 0 0 0 0 0 1706 7882 22820 49612 88744 131963 154015 154170 93965 37640 0 0 0 0 0 0 0 0
6550	sub_6550_0189000.log	DONE exit=20	200	True	296795	0 0 0 0 0 0 0 0 0 0 0 1012 2913 5259 4583 1332 141 6 0 0 0 0 0 0 0 0 0 0 0
6550	sub_6550_0189200.log	DONE exit=20	200	True	283970	0 0 0 0 0 0 0 0 0 0 0 800 2134 3668 3246 1163 465 10 0 0 0 0 0 0 0 0 0 0 0
6550	sub_6550_0189400.log	DONE exit=20	200	True	816496	0 0 0 0 0 0 0 0 0 0 0 1349 4436 8909 10937 6391 1774 21 0 0 0 0 0 0 0 0 0 0 0
6550	sub_6550_0189600.log	DONE exit=20	200	True	240333	0 0 0 0 0 0 0 0 0 0 0 1301 3679 4860 3015 909 180 17 0 0 0 0 0 0 0 0 0 0 0
6550	sub_6550_0189800.log	DONE exit=20	200	True	171519	0 0 0 0 0 0 0 0 0 0 0 1186 3053 3336 1603 443 90 11 1 0 0 0 0 0 0 0 0 0 0
6550	sub_6550_0190000.log	DONE exit=20	200	True	293649	0 0 0 0 0 0 0 0 0 0 0 1378 4844 8147 6280 2153 287 1 0 0 0 0 0 0 0 0 0 0 0
6550	sub_6550_0190200.log	DONE exit=20	200	True	624781	0 0 0 0 0 0 0 0 0 0 0 1961 8520 17529 17178 8337 1969 210 8 0 0 0 0 0 0 0 0 0 0
6550	sub_6550_0190400.log	DONE exit=20	200	True	666335	0 0 0 0 0 0 0 0 0 0 0 1827 8324 18530 20687 11739 3585 674 63 2 0 0 0 0 0 0 0 0 0
6550	sub_6550_0190600.log	DONE exit=20	200	True	635431	0 0 0 0 0 0 0 0 0 0 0 1638 7046 15606 18419 11478 3758 622 41 0 0 0 0 0 0 0 0 0 0
6550	sub_6550_0190800.log	DONE exit=20	200	True	417648	0 0 0 0 0 0 0 0 0 0 0 1317 4939 10397 11385 6172 1535 168 9 0 0 0 0 0 0 0 0 0 0
6550	sub_6550_0191000.log	DONE exit=20	200	True	88441	0 0 0 0 0 0 0 0 0 0 0 776 1360 1275 716 277 56 2 0 0 0 0 0 0 0 0 0 0 0
6550	sub_6550_0191200.log	DONE exit=20	200	True	1235086	0 0 0 0 0 0 0 0 0 0 0 1785 8634 20811 27732 21947 10630 3132 506 38 1 0 0 0 0 0 0 0 0
6550	sub_6550_0191400.log	DONE exit=20	200	True	284502	0 0 0 0 0 0 0 0 0 0 0 1616 5027 7130 5740 2824 901 182 15 1 0 0 0 0 0 0 0 0 0
6550	sub_6550_0191600.log	DONE exit=20	200	True	541894	0 0 0 0 0 0 0 0 0 0 0 1540 5674 10780 12079 8326 3713 1079 186 15 1 0 0 0 0 0 0 0 0
6550	sub_6550_0191800.log	DONE exit=20	200	True	250110	0 0 0 0 0 0 0 0 0 0 0 1187 3401 5016 4433 2626 1240 380 60 5 0 0 0 0 0 0 0 0 0
6550	sub_6550_0192000.log	DONE exit=20	200	True	289358	0 0 0 0 0 0 0 0 0 0 0 1071 2987 4718 4893 3369 1729 585 128 14 0 0 0 0 0 0 0 0 0
6550	sub_6550_0192200.log	DONE exit=20	200	True	106017	0 0 0 0 0 0 0 0 0 0 0 855 1743 1738 871 183 15 0 0 0 0 0 0 0 0 0 0 0 0
6550	sub_6550_0192400.log	DONE exit=20	200	True	301186	0 0 0 0 0 0 0 0 0 0 0 1124 3348 5464 5448 3076 1018 192 29 3 0 0 0 0 0 0 0 0 0
6550	sub_6550_0192600.log	DONE exit=20	200	True	194151	0 0 0 0 0 0 0 0 0 0 0 1082 2881 3899 2952 1291 439 88 8 0 0 0 0 0 0 0 0 0 0
6550	sub_6550_0192800.log	DONE exit=20	200	True	216116	0 0 0 0 0 0 0 0 0 0 0 1054 3087 5131 4427 2134 644 112 8 0 0 0 0 0 0 0 0 0 0
6550	sub_6550_0193000.log	DONE exit=20	200	True	368521	0 0 0 0 0 0 0 0 0 0 0 1170 3751 6648 6694 3780 1354 208 23 1 0 0 0 0 0 0 0 0 0
6550	sub_6550_0193200.log	DONE exit=20	200	True	171540	0 0 0 0 0 0 0 0 0 0 0 1053 2604 3281 2145 679 120 10 0 0 0 0 0 0 0 0 0 0 0
6550	sub_6550_0193400.log	DONE exit=20	200	True	96626	0 0 0 0 0 0 0 0 0 0 0 813 1631 1624 892 324 71 8 0 0 0 0 0 0 0 0 0 0 0
6550	sub_6550_0193600.log	DONE exit=20	200	True	250458	0 0 0 0 0 0 0 0 0 0 0 1075 3058 4776 4326 2369 743 153 9 0 0 0 0 0 0 0 0 0 0
6550	sub_6550_0193800.log	DONE exit=20	200	True	118001	0 0 0 0 0 0 0 0 0 0 0 984 2227 2313 1194 317 29 0 0 0 0 0 0 0 0 0 0 0 0
6550	sub_6550_0194000.log	DONE exit=20	200	True	146967	0 0 0 0 0 0 0 0 0 0 0 1089 2666 2993 1612 464 94 16 1 0 0 0 0 0 0 0 0 0 0
6550	sub_6550_0194200.log	DONE exit=20	200	True	74457	0 0 0 0 0 0 0 0 0 0 0 851 1437 1048 333 67 11 2 0 0 0 0 0 0 0 0 0 0 0
6550	sub_6550_0194400.log	DONE exit=20	200	True	295439	0 0 0 0 0 0 0 0 0 0 0 1137 3377 5461 5059 2822 975 219 29 2 0 0 0 0 0 0 0 0 0
6550	sub_6550_0194600.log	DONE exit=20	200	True	141054	0 0 0 0 0 0 0 0 0 0 0 1043 2457 2661 1407 256 37 2 0 0 0 0 0 0 0 0 0 0 0
6550	sub_6550_0194800.log	DONE exit=20	200	True	70815	0 0 0 0 0 0 0 0 0 0 0 757 1369 1186 517 120 19 2 0 0 0 0 0 0 0 0 0 0 0
6550	sub_6550_0195000.log	DONE exit=20	200	True	400808	0 0 0 0 0 0 0 0 0 0 0 1512 5197 9265 9546 5583 1813 313 37 1 0 0 0 0 0 0 0 0 0
6550	sub_6550_0195200.log	DONE exit=20	200	True	247341	0 0 0 0 0 0 0 0 0 0 0 1140 3383 5176 4138 1809 449 49 2 0 0 0 0 0 0 0 0 0 0
6550	sub_6550_0195400.log	DONE exit=20	200	True	367975	0 0 0 0 0 0 0 0 0 0 0 1464 4914 8183 7283 3588 1096 208 22 0 0 0 0 0 0 0 0 0 0
6550	sub_6550_0195600.log	DONE exit=20	200	True	548725	0 0 0 0 0 0 0 0 0 0 0 1509 5760 11547 12669 8227 3256 646 81 5 0 0 0 0 0 0 0 0 0
6550	sub_6550_0195800.log	DONE exit=20	200	True	338754	0 0 0 0 0 0 0 0 0 0 0 1177 3884 6794 6196 3268 1012 88 4 0 0 0 0 0 0 0 0 0 0
6550	sub_6550_0196000.log	DONE exit=20	200	True	360510	0 0 0 0 0 0 0 0 0 0 0 1306 3978 6396 5764 2934 1019 87 5 0 0 0 0 0 0 0 0 0 0
6550	sub_6550_0196200.log	DONE exit=20	200	True	241015	0 0 0 0 0 0 0 0 0 0 0 1058 3027 4551 3998 1847 421 34 0 0 0 0 0 0 0 0 0 0 0
6550	sub_6550_0196400.log	DONE exit=20	200	True	185079	0 0 0 0 0 0 0 0 0 0 0 1179 3192 4306 2824 912 138 6 0 0 0 0 0 0 0 0 0 0 0
6550	sub_6550_0196600.log	DONE exit=20	200	True	89521	0 0 0 0 0 0 0 0 0 0 0 664 1329 1623 1205 511 118 14 0 0 0 0 0 0 0 0 0 0 0
6550	sub_6550_0196800.log	DONE exit=20	200	True	215489	0 0 0 0 0 0 0 0 0 0 0 843 2251 3611 3337 1697 386 51 3 0 0 0 0 0 0 0 0 0 0
6550	sub_6550_0197000.log	DONE exit=20	200	True	172698	0 0 0 0 0 0 0 0 0 0 0 957 2321 2981 2067 843 307 77 11 1 0 0 0 0 0 0 0 0 0
6550	sub_6550_0197200.log	DONE exit=20	200	True	432040	0 0 0 0 0 0 0 0 0 0 0 1124 3545 6274 6788 4846 2593 1132 354 63 4 0 0 0 0 0 0 0 0
6550	sub_6550_0197400.log	DONE exit=20	200	True	409013	0 0 0 0 0 0 0 0 0 0 0 1161 3598 6565 7753 6010 2946 869 124 10 0 0 0 0 0 0 0 0 0
6550	sub_6550_0197600.log	DONE exit=20	200	True	203935	0 0 0 0 0 0 0 0 0 0 0 827 2181 3365 2862 1386 554 131 16 1 0 0 0 0 0 0 0 0 0
6550	sub_6550_0197800.log	DONE exit=20	200	True	295997	0 0 0 0 0 0 0 0 0 0 0 1010 2916 5255 5846 4206 2063 688 150 21 3 0 0 0 0 0 0 0 0
6550	sub_6550_0198000.log	DONE exit=20	200	True	172959	0 0 0 0 0 0 0 0 0 0 0 916 2259 2799 1726 512 76 5 0 0 0 0 0 0 0 0 0 0 0
6550	sub_6550_0198200.log	DONE exit=20	200	True	196954	0 0 0 0 0 0 0 0 0 0 0 867 2164 3292 2851 1531 367 11 0 0 0 0 0 0 0 0 0 0 0
6550	sub_6550_0198400.log	DONE exit=20	200	True	106929	0 0 0 0 0 0 0 0 0 0 0 650 1319 1665 1145 242 22 1 0 0 0 0 0 0 0 0 0 0 0
6550	sub_6550_0198600.log	DONE exit=20	200	True	143512	0 0 0 0 0 0 0 0 0 0 0 927 1931 2134 1619 873 334 71 6 0 0 0 0 0 0 0 0 0 0
6550	sub_6550_0198800.log	DONE exit=20	200	True	386519	0 0 0 0 0 0 0 0 0 0 0 1244 4143 7548 7869 4209 1246 220 28 2 0 0 0 0 0 0 0 0 0
6550	sub_6550_0199000.log	DONE exit=20	200	True	79635	0 0 0 0 0 0 0 0 0 0 0 771 1531 1449 611 101 8 0 0 0 0 0 0 0 0 0 0 0 0
6550	sub_6550_0199200.log	DONE exit=20	200	True	666269	0 0 0 0 0 0 0 0 0 0 0 1476 5647 11532 13756 10324 5079 1700 361 38 1 0 0 0 0 0 0 0 0
6550	sub_6550_0199400.log	DONE exit=20	200	True	913385	0 0 0 0 0 0 0 0 0 0 0 1432 5897 13795 18992 16345 9412 3458 886 134 1 0 0 0 0 0 0 0 0
6550	sub_6550_0199600.log	DONE exit=20	200	True	216862	0 0 0 0 0 0 0 0 0 0 0 832 2144 3367 3268 1901 624 132 15 0 0 0 0 0 0 0 0 0 0
6550	sub_6550_0199800.log	DONE exit=20	200	True	133553	0 0 0 0 0 0 0 0 0 0 0 890 2031 2272 1292 374 65 0 0 0 0 0 0 0 0 0 0 0 0
6550	sub_6550_0200000.log	DONE exit=20	200	True	321639	0 0 0 0 0 0 0 0 0 0 0 1031 3294 6327 6953 4264 1634 427 73 7 0 0 0 0 0 0 0 0 0
6550	sub_6550_0200200.log	DONE exit=20	200	True	269233	0 0 0 0 0 0 0 0 0 0 0 1206 3556 5204 4387 2197 641 112 9 0 0 0 0 0 0 0 0 0 0
6550	sub_6550_0200400.log	DONE exit=20	200	True	804830	0 0 0 0 0 0 0 0 0 0 0 1474 6030 13696 17801 13872 6856 2055 175 12 1 0 0 0 0 0 0 0 0
6550	sub_6550_0200600.log	DONE exit=20	200	True	440478	0 0 0 0 0 0 0 0 0 0 0 1159 3929 7490 8343 5483 2287 682 136 11 0 0 0 0 0 0 0 0 0
6550	sub_6550_0200800.log	DONE exit=20	200	True	154565	0 0 0 0 0 0 0 0 0 0 0 904 2175 2278 1245 408 90 12 1 0 0 0 0 0 0 0 0 0 0
6550	sub_6550_0201000.log	DONE exit=20	200	True	182936	0 0 0 0 0 0 0 0 0 0 0 1235 2945 2835 1398 398 71 5 0 0 0 0 0 0 0 0 0 0 0
6550	sub_6550_0201200.log	DONE exit=20	200	True	132425	0 0 0 0 0 0 0 0 0 0 0 1021 2138 1988 950 259 46 7 0 0 0 0 0 0 0 0 0 0 0
6550	sub_6550_0201400.log	DONE exit=20	200	True	399373	0 0 0 0 0 0 0 0 0 0 0 1054 3143 6555 8685 6562 2447 436 46 3 0 0 0 0 0 0 0 0 0
6550	sub_6550_0201600.log	DONE exit=20	200	True	221109532	0 0 0 0 0 0 0 0 0 0 0 2489 16270 68870 230986 674968 1646440 3165594 4249435 3178025 1284171 0 0 0 0 0 0 0 0
6550	sub_6550_0201800.log	DONE exit=20	200	True	2078377	0 0 0 0 0 0 0 0 0 0 0 1854 8123 18607 22184 16419 8776 4065 485 217 114 0 0 0 0 0 0 0 0
6550	sub_6550_0202000.log	DONE exit=20	200	True	4859670	0 0 0 0 0 0 0 0 0 0 0 1629 7635 21078 34145 37175 34989 34371 30116 19584 7877 0 0 0 0 0 0 0 0
6550	sub_6550_0202200.log	DONE exit=20	200	True	14308789	0 0 0 0 0 0 0 0 0 0 0 1576 7516 22597 46121 78102 120952 169097 191301 142744 54780 0 0 0 0 0 0 0 0
6550	sub_6550_0202400.log	DONE exit=20	200	True	2428621	0 0 0 0 0 0 0 0 0 0 0 1620 7562 20657 31254 26285 12825 4194 160 28 10 0 0 0 0 0 0 0 0
6550	sub_6550_0202600.log	DONE exit=20	200	True	297571	0 0 0 0 0 0 0 0 0 0 0 1052 2580 2908 1427 419 0 0 0 0 0 0 0 0 0 0 0 0 0
6550	sub_6550_0202800.log	DONE exit=20	200	True	450179	0 0 0 0 0 0 0 0 0 0 0 1145 3289 4489 3269 1047 0 0 0 0 0 0 0 0 0 0 0 0 0
6550	sub_6550_0203000.log	DONE exit=20	200	True	253358777	0 0 0 0 0 0 0 0 0 0 0 3092 23970 104060 323232 825743 1785176 3246757 4792623 4163749 1957820 0 0 0 0 0 0 0 0
6550	sub_6550_0203200.log	DONE exit=20	200	True	28377924	0 0 0 0 0 0 0 0 0 0 0 2224 11952 44331 125874 259470 345622 228356 99534 65696 25898 0 0 0 0 0 0 0 0
6550	sub_6550_0203400.log	DONE exit=20	200	True	18194829	0 0 0 0 0 0 0 0 0 0 0 1870 8122 22921 52806 106584 169142 198522 177039 121511 48369 0 0 0 0 0 0 0 0
6550	sub_6550_0203600.log	DONE exit=20	200	True	37044155	0 0 0 0 0 0 0 0 0 0 0 1873 8160 24805 67293 165711 324241 475916 535053 365684 139245 0 0 0 0 0 0 0 0
6550	sub_6550_0203800.log	DONE exit=20	200	True	57845875	0 0 0 0 0 0 0 0 0 0 0 2121 10813 36036 92982 212449 427616 750795 997722 704791 272020 0 0 0 0 0 0 0 0
6550	sub_6550_0204000.log	DONE exit=20	200	True	50803411	0 0 0 0 0 0 0 0 0 0 0 1886 8623 26567 71100 178134 372418 658551 884383 627494 250469 0 0 0 0 0 0 0 0
6550	sub_6550_0204200.log	DONE exit=20	200	True	7338849	0 0 0 0 0 0 0 0 0 0 0 1545 6167 15271 30031 53751 73004 58193 36802 29144 8693 0 0 0 0 0 0 0 0
6550	sub_6550_0204400.log	DONE exit=20	200	True	757861	0 0 0 0 0 0 0 0 0 0 0 1043 2867 4893 6199 7745 5343 1953 0 0 0 0 0 0 0 0 0 0 0
6550	sub_6550_0204600.log	DONE exit=20	200	True	411418	0 0 0 0 0 0 0 0 0 0 0 963 2557 3821 3648 2381 525 9 0 0 0 0 0 0 0 0 0 0 0
6550	sub_6550_0204800.log	DONE exit=20	200	True	3087764	0 0 0 0 0 0 0 0 0 0 0 1499 5926 13305 21977 28999 24726 9766 1848 753 209 0 0 0 0 0 0 0 0
6550	sub_6550_0205000.log	DONE exit=20	200	True	591011	0 0 0 0 0 0 0 0 0 0 0 925 2218 3707 4841 4893 1362 32 0 0 0 0 0 0 0 0 0 0 0
6550	sub_6550_0205200.log	DONE exit=20	200	True	260949	0 0 0 0 0 0 0 0 0 0 0 599 1257 1858 2016 1069 2 0 0 0 0 0 0 0 0 0 0 0 0
6550	sub_6550_0205400.log	DONE exit=20	200	True	79757	0 0 0 0 0 0 0 0 0 0 0 526 741 655 430 209 0 0 0 0 0 0 0 0 0 0 0 0 0
6550	sub_6550_0205600.log	DONE exit=20	200	True	182799	0 0 0 0 0 0 0 0 0 0 0 968 2219 2877 1816 576 50 2 0 0 0 0 0 0 0 0 0 0 0
6550	sub_6550_0205800.log	DONE exit=20	200	True	106955	0 0 0 0 0 0 0 0 0 0 0 473 656 816 684 319 5 0 0 0 0 0 0 0 0 0 0 0 0
6550	sub_6550_0206000.log	DONE exit=20	200	True	606696	0 0 0 0 0 0 0 0 0 0 0 825 2204 3998 5662 5510 2630 43 0 0 0 0 0 0 0 0 0 0 0
6550	sub_6550_0206200.log	DONE exit=20	200	True	79332	0 0 0 0 0 0 0 0 0 0 0 746 1226 1041 477 129 17 0 0 0 0 0 0 0 0 0 0 0 0
6550	sub_6550_0206400.log	DONE exit=20	200	True	219839	0 0 0 0 0 0 0 0 0 0 0 938 2457 3596 2635 1061 226 44 7 1 0 0 0 0 0 0 0 0 0
6550	sub_6550_0206600.log	DONE exit=20	200	True	285489	0 0 0 0 0 0 0 0 0 0 0 644 1365 2176 2419 1740 650 4 0 0 0 0 0 0 0 0 0 0 0
6550	sub_6550_0206800.log	DONE exit=20	200	True	630595	0 0 0 0 0 0 0 0 0 0 0 921 2509 4506 5958 5571 2617 49 0 0 0 0 0 0 0 0 0 0 0
6550	sub_6550_0207000.log	DONE exit=20	200	True	543763	0 0 0 0 0 0 0 0 0 0 0 752 1748 3373 4643 3711 1011 14 0 0 0 0 0 0 0 0 0 0 0
6550	sub_6550_0207200.log	DONE exit=20	200	True	9765357	0 0 0 0 0 0 0 0 0 0 0 1640 6818 17577 33813 55356 83471 113615 123255 76169 30630 0 0 0 0 0 0 0 0
6550	sub_6550_0207400.log	DONE exit=20	200	True	227027	0 0 0 0 0 0 0 0 0 0 0 741 1464 1766 1741 1141 190 1 0 0 0 0 0 0 0 0 0 0 0
6550	sub_6550_0207600.log	DONE exit=20	200	True	124814	0 0 0 0 0 0 0 0 0 0 0 657 1064 1082 621 294 5 0 0 0 0 0 0 0 0 0 0 0 0
6550	sub_6550_0207800.log	DONE exit=20	200	True	247690	0 0 0 0 0 0 0 0 0 0 0 1141 3243 4464 2379 454 14 0 0 0 0 0 0 0 0 0 0 0 0
6550	sub_6550_0208000.log	DONE exit=20	200	True	174275	0 0 0 0 0 0 0 0 0 0 0 714 1430 2015 1452 620 57 0 0 0 0 0 0 0 0 0 0 0 0
6550	sub_6550_0208200.log	DONE exit=20	200	True	694735	0 0 0 0 0 0 0 0 0 0 0 1147 3497 6650 7690 4899 1533 6 0 0 0 0 0 0 0 0 0 0 0
6550	sub_6550_0208400.log	DONE exit=20	200	True	31408	0 0 0 0 0 0 0 0 0 0 0 387 321 141 30 2 0 0 0 0 0 0 0 0 0 0 0 0 0
6550	sub_6550_0208600.log	DONE exit=20	200	True	108915	0 0 0 0 0 0 0 0 0 0 0 460 749 937 782 131 0 0 0 0 0 0 0 0 0 0 0 0 0
6550	sub_6550_0208800.log	DONE exit=20	200	True	303052	0 0 0 0 0 0 0 0 0 0 0 961 2074 2904 2556 1753 251 7 0 0 0 0 0 0 0 0 0 0 0
6550	sub_6550_0209000.log	DONE exit=20	200	True	682974	0 0 0 0 0 0 0 0 0 0 0 875 2566 4697 6082 5722 2708 906 65 18 11 0 0 0 0 0 0 0 0
6550	sub_6550_0209200.log	DONE exit=20	200	True	41126	0 0 0 0 0 0 0 0 0 0 0 359 344 192 83 29 0 0 0 0 0 0 0 0 0 0 0 0 0
6550	sub_6550_0209400.log	DONE exit=20	200	True	30037	0 0 0 0 0 0 0 0 0 0 0 409 311 75 11 1 0 0 0 0 0 0 0 0 0 0 0 0 0
6550	sub_6550_0209600.log	DONE exit=20	200	True	85599	0 0 0 0 0 0 0 0 0 0 0 822 1595 1307 465 73 5 0 0 0 0 0 0 0 0 0 0 0 0
6550	sub_6550_0209800.log	DONE exit=20	200	True	123043	0 0 0 0 0 0 0 0 0 0 0 1102 2482 2463 1107 280 46 5 0 0 0 0 0 0 0 0 0 0 0
6550	sub_6550_0210000.log	DONE exit=20	200	True	142010	0 0 0 0 0 0 0 0 0 0 0 1077 2454 2537 1367 436 89 15 2 0 0 0 0 0 0 0 0 0 0
6550	sub_6550_0210200.log	DONE exit=20	200	True	830301	0 0 0 0 0 0 0 0 0 0 0 1628 6837 15861 20647 15249 5579 1586 13 0 0 0 0 0 0 0 0 0 0
6550	sub_6550_0210400.log	DONE exit=20	200	True	1033788	0 0 0 0 0 0 0 0 0 0 0 1963 9087 21261 25178 16339 5683 1433 20 1 0 0 0 0 0 0 0 0 0
6550	sub_6550_0210600.log	DONE exit=20	200	True	1432109	0 0 0 0 0 0 0 0 0 0 0 1641 7626 20695 32886 31638 19537 7371 106 0 0 0 0 0 0 0 0 0 0
6550	sub_6550_0210800.log	DONE exit=20	200	True	1054877	0 0 0 0 0 0 0 0 0 0 0 1471 6351 16020 23510 20789 12991 4711 38 0 0 0 0 0 0 0 0 0 0
6550	sub_6550_0211000.log	DONE exit=20	200	True	705485	0 0 0 0 0 0 0 0 0 0 0 1547 5655 11432 14327 12318 8200 3877 109 9 0 0 0 0 0 0 0 0 0
6550	sub_6550_0211200.log	DONE exit=20	200	True	310071	0 0 0 0 0 0 0 0 0 0 0 1401 4479 6598 4196 1111 196 19 1 0 0 0 0 0 0 0 0 0 0
6550	sub_6550_0211400.log	DONE exit=20	200	True	319867	0 0 0 0 0 0 0 0 0 0 0 1206 3900 6398 4712 1081 48 1 0 0 0 0 0 0 0 0 0 0 0
6550	sub_6550_0211600.log	DONE exit=20	200	True	302055	0 0 0 0 0 0 0 0 0 0 0 1253 4176 6446 4453 1034 119 6 1 0 0 0 0 0 0 0 0 0 0
6550	sub_6550_0211800.log	DONE exit=20	200	True	108116	0 0 0 0 0 0 0 0 0 0 0 748 1341 1408 1062 830 445 71 0 0 0 0 0 0 0 0 0 0 0
6550	sub_6550_0212000.log	DONE exit=20	200	True	228334	0 0 0 0 0 0 0 0 0 0 0 998 2756 4101 3185 1199 461 50 0 0 0 0 0 0 0 0 0 0 0
6550	sub_6550_0212200.log	DONE exit=20	200	True	97916	0 0 0 0 0 0 0 0 0 0 0 879 1888 1792 752 136 17 0 0 0 0 0 0 0 0 0 0 0 0
6550	sub_6550_0212400.log	DONE exit=20	200	True	114268	0 0 0 0 0 0 0 0 0 0 0 932 2183 2437 1289 345 76 11 0 0 0 0 0 0 0 0 0 0 0
6550	sub_6550_0212600.log	DONE exit=20	200	True	63559	0 0 0 0 0 0 0 0 0 0 0 618 930 843 489 134 3 0 0 0 0 0 0 0 0 0 0 0 0
6550	sub_6550_0212800.log	DONE exit=20	200	True	88089	0 0 0 0 0 0 0 0 0 0 0 618 1203 1441 944 290 23 0 0 0 0 0 0 0 0 0 0 0 0
6550	sub_6550_0213000.log	DONE exit=20	200	True	311107	0 0 0 0 0 0 0 0 0 0 0 975 2704 4943 5451 3318 1202 109 0 0 0 0 0 0 0 0 0 0 0
6550	sub_6550_0213200.log	DONE exit=20	200	True	140469	0 0 0 0 0 0 0 0 0 0 0 914 2153 2596 1612 463 56 0 0 0 0 0 0 0 0 0 0 0 0
6550	sub_6550_0213400.log	DONE exit=20	200	True	172131	0 0 0 0 0 0 0 0 0 0 0 872 2073 2864 2231 955 221 0 0 0 0 0 0 0 0 0 0 0 0
6550	sub_6550_0213600.log	DONE exit=20	200	True	181878	0 0 0 0 0 0 0 0 0 0 0 877 2425 3687 3044 1379 462 54 0 0 0 0 0 0 0 0 0 0 0
6550	sub_6550_0213800.log	DONE exit=20	200	True	60802	0 0 0 0 0 0 0 0 0 0 0 512 763 727 469 227 85 20 2 0 0 0 0 0 0 0 0 0 0
6550	sub_6550_0214000.log	DONE exit=20	200	True	204688	0 0 0 0 0 0 0 0 0 0 0 832 2032 3279 2929 1097 267 35 0 0 0 0 0 0 0 0 0 0 0
6550	sub_6550_0214200.log	DONE exit=20	200	True	305811	0 0 0 0 0 0 0 0 0 0 0 966 2735 4729 5190 3449 1520 302 30 0 0 0 0 0 0 0 0 0 0
6550	sub_6550_0214400.log	DONE exit=20	200	True	313145	0 0 0 0 0 0 0 0 0 0 0 1118 3581 6319 5713 2817 1130 302 1 0 0 0 0 0 0 0 0 0 0
6550	sub_6550_0214600.log	DONE exit=20	200	True	194942	0 0 0 0 0 0 0 0 0 0 0 983 2835 4487 3273 821 90 11 2 0 0 0 0 0 0 0 0 0 0
6550	sub_6550_0214800.log	DONE exit=20	200	True	119777	0 0 0 0 0 0 0 0 0 0 0 859 1779 2056 1032 259 33 3 0 0 0 0 0 0 0 0 0 0 0
6550	sub_6550_0215000.log	DONE exit=20	200	True	483407	0 0 0 0 0 0 0 0 0 0 0 1072 3705 7981 10074 7387 3253 500 9 1 0 0 0 0 0 0 0 0 0
6550	sub_6550_0215200.log	DONE exit=20	200	True	406406	0 0 0 0 0 0 0 0 0 0 0 1263 4375 7997 8129 5225 2283 590 76 1 0 0 0 0 0 0 0 0 0
6550	sub_6550_0215400.log	DONE exit=20	200	True	494081	0 0 0 0 0 0 0 0 0 0 0 1203 4155 8451 10090 7222 2887 548 49 2 0 0 0 0 0 0 0 0 0
6550	sub_6550_0215600.log	DONE exit=20	200	True	480610	0 0 0 0 0 0 0 0 0 0 0 1261 4506 9087 9373 4375 1310 196 10 0 0 0 0 0 0 0 0 0 0
6550	sub_6550_0215800.log	DONE exit=20	200	True	98521	0 0 0 0 0 0 0 0 0 0 0 639 1243 1591 1103 209 22 0 0 0 0 0 0 0 0 0 0 0 0
6550	sub_6550_0216000.log	DONE exit=20	200	True	61942	0 0 0 0 0 0 0 0 0 0 0 565 868 671 338 52 3 0 0 0 0 0 0 0 0 0 0 0 0
6550	sub_6550_0216200.log	DONE exit=20	200	True	64054	0 0 0 0 0 0 0 0 0 0 0 526 816 809 456 130 21 0 0 0 0 0 0 0 0 0 0 0 0
6550	sub_6550_0216400.log	DONE exit=20	200	True	119092	0 0 0 0 0 0 0 0 0 0 0 752 1456 1756 1455 747 310 27 0 0 0 0 0 0 0 0 0 0 0
6550	sub_6550_0216600.log	DONE exit=20	200	True	100339	0 0 0 0 0 0 0 0 0 0 0 832 1738 1433 485 89 12 1 0 0 0 0 0 0 0 0 0 0 0
6550	sub_6550_0216800.log	DONE exit=20	200	True	96419	0 0 0 0 0 0 0 0 0 0 0 730 1386 1347 622 91 6 0 0 0 0 0 0 0 0 0 0 0 0
6550	sub_6550_0217000.log	DONE exit=20	200	True	173942	0 0 0 0 0 0 0 0 0 0 0 1011 2505 2929 1889 767 239 23 0 0 0 0 0 0 0 0 0 0 0
6550	sub_6550_0217200.log	DONE exit=20	200	True	131710	0 0 0 0 0 0 0 0 0 0 0 865 1992 2242 1257 309 34 3 0 0 0 0 0 0 0 0 0 0 0
6550	sub_6550_0217400.log	DONE exit=20	200	True	123364	0 0 0 0 0 0 0 0 0 0 0 1042 2224 2102 928 207 12 1 0 0 0 0 0 0 0 0 0 0 0
6550	sub_6550_0217600.log	DONE exit=20	200	True	134614	0 0 0 0 0 0 0 0 0 0 0 1022 2197 2273 1214 348 54 2 0 0 0 0 0 0 0 0 0 0 0
6550	sub_6550_0217800.log	DONE exit=20	200	True	1405684	0 0 0 0 0 0 0 0 0 0 0 1576 7399 20558 33718 33215 19230 5883 695 8 0 0 0 0 0 0 0 0 0
6550	sub_6550_0218000.log	DONE exit=20	200	True	251460	0 0 0 0 0 0 0 0 0 0 0 1335 3698 4711 3017 924 122 5 0 0 0 0 0 0 0 0 0 0 0
6550	sub_6550_0218200.log	DONE exit=20	200	True	208653	0 0 0 0 0 0 0 0 0 0 0 1177 2978 3584 2199 748 159 15 0 0 0 0 0 0 0 0 0 0 0
6550	sub_6550_0218400.log	DONE exit=20	200	True	35225922	0 0 0 0 0 0 0 0 0 0 0 1547 8661 36158 114376 263242 393243 357336 265603 148485 46148 0 0 0 0 0 0 0 0
6550	sub_6550_0218600.log	DONE exit=20	200	True	1046515	0 0 0 0 0 0 0 0 0 0 0 1530 5475 10100 10062 6609 2671 1149 29 0 0 0 0 0 0 0 0 0 0
6550	sub_6550_0218800.log	DONE exit=20	200	True	840789	0 0 0 0 0 0 0 0 0 0 0 1281 4042 7222 7869 5096 2095 760 59 0 0 0 0 0 0 0 0 0 0
6550	sub_6550_0219000.log	DONE exit=20	200	True	7515982	0 0 0 0 0 0 0 0 0 0 0 1525 6700 17716 33002 51839 72585 88981 75340 49301 16314 0 0 0 0 0 0 0 0
6550	sub_6550_0219200.log	DONE exit=20	200	True	42072188	0 0 0 0 0 0 0 0 0 0 0 2091 11998 45802 134591 309028 483648 461096 305035 188683 65793 0 0 0 0 0 0 0 0
6550	sub_6550_0219400.log	DONE exit=20	200	True	1046563	0 0 0 0 0 0 0 0 0 0 0 1389 4614 8819 10593 7905 3839 1573 355 39 16 0 0 0 0 0 0 0 0
6550	sub_6550_0219600.log	DONE exit=20	200	True	988467	0 0 0 0 0 0 0 0 0 0 0 1248 4312 8499 10388 7986 3581 555 0 0 0 0 0 0 0 0 0 0 0
6550	sub_6550_0219800.log	DONE exit=20	200	True	1338853	0 0 0 0 0 0 0 0 0 0 0 1408 5388 11882 12584 7257 2723 1115 163 14 4 0 0 0 0 0 0 0 0
6550	sub_6550_0220000.log	DONE exit=20	200	True	374650	0 0 0 0 0 0 0 0 0 0 0 947 2176 2895 2674 1505 384 89 0 0 0 0 0 0 0 0 0 0 0
6550	sub_6550_0220200.log	DONE exit=20	200	True	1109182	0 0 0 0 0 0 0 0 0 0 0 1329 4680 9029 10879 6402 1627 210 0 0 0 0 0 0 0 0 0 0 0
6550	sub_6550_0220400.log	DONE exit=20	200	True	1657213	0 0 0 0 0 0 0 0 0 0 0 2228 11605 28830 37845 26172 9724 1965 196 3 0 0 0 0 0 0 0 0 0
6550	sub_6550_0220600.log	DONE exit=20	200	True	466584	0 0 0 0 0 0 0 0 0 0 0 1831 6319 10278 10344 7056 3475 1139 244 37 0 0 0 0 0 0 0 0 0
6550	sub_6550_0220800.log	DONE exit=20	200	True	409094	0 0 0 0 0 0 0 0 0 0 0 1663 5933 9895 9421 5039 1431 186 12 0 0 0 0 0 0 0 0 0 0
6550	sub_6550_0221000.log	DONE exit=20	200	True	342640	0 0 0 0 0 0 0 0 0 0 0 1495 4978 7638 7057 4270 1890 503 28 0 0 0 0 0 0 0 0 0 0
6550	sub_6550_0221200.log	DONE exit=20	200	True	404943	0 0 0 0 0 0 0 0 0 0 0 1418 5130 8952 7847 4179 1408 245 15 0 0 0 0 0 0 0 0 0 0
6550	sub_6550_0221400.log	DONE exit=20	200	True	398702797	0 0 0 0 0 0 0 0 0 0 0 3054 24761 120578 419440 1207547 2997553 6049350 8981490 8285958 3894619 27 0 0 0 0 0 0 0
6550	sub_6550_0221600.log	DONE exit=20	200	True	21415059	0 0 0 0 0 0 0 0 0 0 0 2120 10787 33846 81536 162104 242739 220884 163484 120976 50980 0 0 0 0 0 0 0 0
6550	sub_6550_0221800.log	DONE exit=20	200	True	21235040	0 0 0 0 0 0 0 0 0 0 0 2130 10586 29999 63701 122311 207004 288429 315072 239245 106905 0 0 0 0 0 0 0 0
6550	sub_6550_0222000.log	DONE exit=20	200	True	36511443	0 0 0 0 0 0 0 0 0 0 0 2002 10154 31467 77683 172214 329389 509843 618978 530025 242698 0 0 0 0 0 0 0 0
6550	sub_6550_0222200.log	DONE exit=20	200	True	32002029	0 0 0 0 0 0 0 0 0 0 0 1790 9126 29074 69751 144732 267622 427689 560827 482220 208628 0 0 0 0 0 0 0 0
6550	sub_6550_0222400.log	DONE exit=20	200	True	23409030	0 0 0 0 0 0 0 0 0 0 0 1643 7909 24039 56162 118739 211176 301724 349251 324480 126374 0 0 0 0 0 0 0 0
6550	sub_6550_0222600.log	DONE exit=20	200	True	1505020	0 0 0 0 0 0 0 0 0 0 0 2469 13685 33438 39083 24377 8135 1256 252 31 0 0 0 0 0 0 0 0 0
6550	sub_6550_0222800.log	DONE exit=20	200	True	185347	0 0 0 0 0 0 0 0 0 0 0 1718 4349 4165 2335 736 150 6 0 0 0 0 0 0 0 0 0 0 0
6550	sub_6550_0223000.log	DONE exit=20	200	True	347946	0 0 0 0 0 0 0 0 0 0 0 1719 5901 9025 7659 3544 822 93 0 0 0 0 0 0 0 0 0 0 0
6550	sub_6550_0223200.log	DONE exit=20	200	True	396860	0 0 0 0 0 0 0 0 0 0 0 1855 6495 9560 8107 4174 1365 268 7 0 0 0 0 0 0 0 0 0 0
6550	sub_6550_0223400.log	DONE exit=20	200	True	245160	0 0 0 0 0 0 0 0 0 0 0 1522 4620 5862 4480 2105 626 118 8 0 0 0 0 0 0 0 0 0 0
6550	sub_6550_0223600.log	DONE exit=20	200	True	380652	0 0 0 0 0 0 0 0 0 0 0 1296 4468 8463 8745 4882 1147 49 0 0 0 0 0 0 0 0 0 0 0
6550	sub_6550_0223800.log	DONE exit=20	200	True	274976672	0 0 0 0 0 0 0 0 0 0 0 3360 28563 139809 471787 1186864 2293343 3474286 4364985 3358449 1357038 0 0 0 0 0 0 0 0
6550	sub_6550_0224000.log	DONE exit=20	200	True	15425820	0 0 0 0 0 0 0 0 0 0 0 2079 9295 25622 60531 121251 185647 168235 74114 36584 12750 0 0 0 0 0 0 0 0
6550	sub_6550_0224200.log	DONE exit=20	200	True	19010202	0 0 0 0 0 0 0 0 0 0 0 2013 9111 27763 70070 143538 216930 202468 98465 54821 17019 0 0 0 0 0 0 0 0
6550	sub_6550_0224400.log	DONE exit=20	200	True	31767978	0 0 0 0 0 0 0 0 0 0 0 2098 10325 31894 85289 207338 374639 398123 222302 125944 44330 0 0 0 0 0 0 0 0
6550	sub_6550_0224600.log	DONE exit=20	200	True	27583824	0 0 0 0 0 0 0 0 0 0 0 1953 9759 29700 68216 137263 233677 336090 363232 251143 86513 0 0 0 0 0 0 0 0
6550	sub_6550_0224800.log	DONE exit=20	200	True	29139722	0 0 0 0 0 0 0 0 0 0 0 1489 6597 20832 57966 146399 270855 350498 357999 266918 103226 0 0 0 0 0 0 0 0
6550	sub_6550_0225000.log	DONE exit=20	200	True	5723488	0 0 0 0 0 0 0 0 0 0 0 1553 6219 15044 26744 44528 58664 48481 28625 22342 7252 0 0 0 0 0 0 0 0
6550	sub_6550_0225200.log	DONE exit=20	200	True	45350	0 0 0 0 0 0 0 0 0 0 0 638 822 457 208 39 1 0 0 0 0 0 0 0 0 0 0 0 0
6550	sub_6550_0225400.log	DONE exit=20	200	True	11897327	0 0 0 0 0 0 0 0 0 0 0 1568 7051 21142 48300 92401 126380 106505 47130 28097 8344 0 0 0 0 0 0 0 0
6550	sub_6550_0225600.log	DONE exit=20	200	True	3055315	0 0 0 0 0 0 0 0 0 0 0 1121 4009 9349 16465 22159 21341 22713 21190 10220 2847 0 0 0 0 0 0 0 0
6550	sub_6550_0225800.log	DONE exit=20	200	True	2098107	0 0 0 0 0 0 0 0 0 0 0 1240 3663 7650 13236 19393 19853 9078 1658 350 133 0 0 0 0 0 0 0 0
6550	sub_6550_0226000.log	DONE exit=20	200	True	124678	0 0 0 0 0 0 0 0 0 0 0 984 2347 2895 1824 489 26 1 0 0 0 0 0 0 0 0 0 0 0
6550	sub_6550_0226200.log	DONE exit=20	200	True	74884	0 0 0 0 0 0 0 0 0 0 0 800 1458 1235 440 104 6 0 0 0 0 0 0 0 0 0 0 0 0
6550	sub_6550_0226400.log	DONE exit=20	200	True	105769	0 0 0 0 0 0 0 0 0 0 0 980 1944 1993 1288 359 86 7 0 0 0 0 0 0 0 0 0 0 0
6550	sub_6550_0226600.log	DONE exit=20	200	True	1058496	0 0 0 0 0 0 0 0 0 0 0 1637 6278 13911 19859 20150 16433 5947 23 0 0 0 0 0 0 0 0 0 0
6550	sub_6550_0226800.log	DONE exit=20	200	True	192160	0 0 0 0 0 0 0 0 0 0 0 1131 3065 3757 1991 435 29 1 0 0 0 0 0 0 0 0 0 0 0
6550	sub_6550_0227000.log	DONE exit=20	200	True	124801	0 0 0 0 0 0 0 0 0 0 0 1012 2343 2331 1019 265 37 1 0 0 0 0 0 0 0 0 0 0 0
6550	sub_6550_0227200.log	DONE exit=20	200	True	360067	0 0 0 0 0 0 0 0 0 0 0 944 2563 4132 4385 3724 1042 166 4 0 0 0 0 0 0 0 0 0 0
6550	sub_6550_0227400.log	DONE exit=20	200	True	6697566	0 0 0 0 0 0 0 0 0 0 0 1286 4657 11479 23295 44253 70810 81095 43193 21278 6911 0 0 0 0 0 0 0 0
6550	sub_6550_0227600.log	DONE exit=20	200	True	517671	0 0 0 0 0 0 0 0 0 0 0 960 2413 3922 4905 4180 486 1 0 0 0 0 0 0 0 0 0 0 0
6550	sub_6550_0227800.log	DONE exit=20	200	True	145856	0 0 0 0 0 0 0 0 0 0 0 1101 2400 2452 898 128 10 0 0 0 0 0 0 0 0 0 0 0 0
6550	sub_6550_0228000.log	DONE exit=20	200	True	164822	0 0 0 0 0 0 0 0 0 0 0 969 2451 4182 3829 980 89 0 0 0 0 0 0 0 0 0 0 0 0
6550	sub_6550_0228200.log	DONE exit=20	200	True	386831	0 0 0 0 0 0 0 0 0 0 0 795 1913 2957 3560 2710 512 14 0 0 0 0 0 0 0 0 0 0 0
6550	sub_6550_0228400.log	DONE exit=20	200	True	124619	0 0 0 0 0 0 0 0 0 0 0 808 1359 1406 951 379 25 1 0 0 0 0 0 0 0 0 0 0 0
6550	sub_6550_0228600.log	DONE exit=20	200	True	463920	0 0 0 0 0 0 0 0 0 0 0 785 1821 2999 4002 3501 835 18 0 0 0 0 0 0 0 0 0 0 0
6550	sub_6550_0228800.log	DONE exit=20	200	True	161325	0 0 0 0 0 0 0 0 0 0 0 1172 2765 3084 1643 239 15 0 0 0 0 0 0 0 0 0 0 0 0
6550	sub_6550_0229000.log	DONE exit=20	200	True	139411	0 0 0 0 0 0 0 0 0 0 0 1080 2385 2523 1329 279 23 0 0 0 0 0 0 0 0 0 0 0 0
6550	sub_6550_0229200.log	DONE exit=20	200	True	103214	0 0 0 0 0 0 0 0 0 0 0 779 1681 1880 1123 290 19 0 0 0 0 0 0 0 0 0 0 0 0
6550	sub_6550_0229400.log	DONE exit=20	200	True	387374	0 0 0 0 0 0 0 0 0 0 0 1710 6058 10011 8335 2540 344 11 0 0 0 0 0 0 0 0 0 0 0
6550	sub_6550_0229600.log	DONE exit=20	200	True	303311	0 0 0 0 0 0 0 0 0 0 0 1474 4555 6762 5273 2171 509 36 1 0 0 0 0 0 0 0 0 0 0
6550	sub_6550_0229800.log	DONE exit=20	200	True	277946	0 0 0 0 0 0 0 0 0 0 0 1148 3451 5150 3869 1449 317 41 2 0 0 0 0 0 0 0 0 0 0
6550	sub_6550_0230000.log	DONE exit=20	200	True	1356819	0 0 0 0 0 0 0 0 0 0 0 1500 5584 11217 13844 12270 6552 3108 1598 1414 438 0 0 0 0 0 0 0 0
6550	sub_6550_0230200.log	DONE exit=20	200	True	15889623	0 0 0 0 0 0 0 0 0 0 0 1861 8180 22011 48767 102694 168471 183665 127151 73980 24601 0 0 0 0 0 0 0 0
6550	sub_6550_0230400.log	DONE exit=20	200	True	1107382	0 0 0 0 0 0 0 0 0 0 0 1527 5696 10922 12702 10475 7447 5672 5226 3360 1252 0 0 0 0 0 0 0 0
6550	sub_6550_0230600.log	DONE exit=20	200	True	14947865	0 0 0 0 0 0 0 0 0 0 0 2034 10323 29607 58161 91237 126706 162084 188019 137384 60254 0 0 0 0 0 0 0 0
6550	sub_6550_0230800.log	DONE exit=20	200	True	4507661	0 0 0 0 0 0 0 0 0 0 0 1312 5161 13551 26712 40297 44301 26848 10057 2054 482 0 0 0 0 0 0 0 0
6550	sub_6550_0231000.log	DONE exit=20	200	True	2705285	0 0 0 0 0 0 0 0 0 0 0 1506 5048 9187 13402 20064 25239 20487 13916 7055 2422 0 0 0 0 0 0 0 0
6550	sub_6550_0231200.log	DONE exit=20	200	True	212198	0 0 0 0 0 0 0 0 0 0 0 1185 3078 3951 2738 1069 232 30 2 0 0 0 0 0 0 0 0 0 0
6550	sub_6550_0231400.log	DONE exit=20	200	True	183647	0 0 0 0 0 0 0 0 0 0 0 1002 2822 3903 2510 743 349 127 15 0 0 0 0 0 0 0 0 0 0
6550	sub_6550_0231600.log	DONE exit=20	200	True	179778	0 0 0 0 0 0 0 0 0 0 0 1208 3186 3898 2279 670 106 8 0 0 0 0 0 0 0 0 0 0 0
6550	sub_6550_0231800.log	DONE exit=20	200	True	181369	0 0 0 0 0 0 0 0 0 0 0 1017 2627 3641 2724 1082 212 11 0 0 0 0 0 0 0 0 0 0 0
6550	sub_6550_0232000.log	DONE exit=20	200	True	1785541	0 0 0 0 0 0 0 0 0 0 0 1492 5439 10888 13564 14045 12048 6257 500 7 2 0 0 0 0 0 0 0 0
6550	sub_6550_0232200.log	DONE exit=20	200	True	3245257	0 0 0 0 0 0 0 0 0 0 0 1573 6382 15404 25952 31019 26431 11703 7049 2204 575 0 0 0 0 0 0 0 0
6550	sub_6550_0232400.log	DONE exit=20	200	True	2784865	0 0 0 0 0 0 0 0 0 0 0 1154 4213 10142 16553 20026 20429 23068 22781 15747 5844 0 0 0 0 0 0 0 0
6550	sub_6550_0232600.log	DONE exit=20	200	True	116004	0 0 0 0 0 0 0 0 0 0 0 570 959 1062 857 446 6 0 0 0 0 0 0 0 0 0 0 0 0
6550	sub_6550_0232800.log	DONE exit=20	200	True	72663	0 0 0 0 0 0 0 0 0 0 0 604 925 910 597 262 61 3 0 0 0 0 0 0 0 0 0 0 0
6550	sub_6550_0233000.log	DONE exit=20	200	True	36354	0 0 0 0 0 0 0 0 0 0 0 476 532 379 131 15 0 0 0 0 0 0 0 0 0 0 0 0 0
6550	sub_6550_0233200.log	DONE exit=20	200	True	4556598	0 0 0 0 0 0 0 0 0 0 0 1325 4309 9331 18522 33957 49903 45058 26955 15784 4967 0 0 0 0 0 0 0 0
6550	sub_6550_0233400.log	DONE exit=20	200	True	719410	0 0 0 0 0 0 0 0 0 0 0 990 3295 7204 9870 7355 2037 304 0 0 0 0 0 0 0 0 0 0 0
6550	sub_6550_0233600.log	DONE exit=20	200	True	143159	0 0 0 0 0 0 0 0 0 0 0 863 1652 1649 897 246 6 0 0 0 0 0 0 0 0 0 0 0 0
6550	sub_6550_0233800.log	DONE exit=20	200	True	75658	0 0 0 0 0 0 0 0 0 0 0 752 1290 1182 551 94 3 0 0 0 0 0 0 0 0 0 0 0 0
6550	sub_6550_0234000.log	DONE exit=20	200	True	873996	0 0 0 0 0 0 0 0 0 0 0 1052 2983 5674 8113 7819 3367 51 0 0 0 0 0 0 0 0 0 0 0
6550	sub_6550_0234200.log	DONE exit=20	200	True	1877064	0 0 0 0 0 0 0 0 0 0 0 757 2051 4677 8249 10696 13566 16222 7126 3562 837 0 0 0 0 0 0 0 0
6550	sub_6550_0234400.log	DONE exit=20	200	True	958700	0 0 0 0 0 0 0 0 0 0 0 999 3143 6360 8970 7168 2609 493 0 0 0 0 0 0 0 0 0 0 0
6550	sub_6550_0234600.log	DONE exit=20	200	True	510207	0 0 0 0 0 0 0 0 0 0 0 717 1679 3285 5246 4297 1065 32 0 0 0 0 0 0 0 0 0 0 0
6550	sub_6550_0234800.log	DONE exit=20	200	True	1731365	0 0 0 0 0 0 0 0 0 0 0 1173 3852 7902 12393 15715 14338 2654 0 0 0 0 0 0 0 0 0 0 0
6550	sub_6550_0235000.log	DONE exit=20	200	True	186287	0 0 0 0 0 0 0 0 0 0 0 1009 2548 3078 1494 145 12 0 0 0 0 0 0 0 0 0 0 0 0
6550	sub_6550_0235200.log	DONE exit=20	200	True	49068	0 0 0 0 0 0 0 0 0 0 0 516 711 489 169 11 0 0 0 0 0 0 0 0 0 0 0 0 0
6550	sub_6550_0235400.log	DONE exit=20	200	True	194201	0 0 0 0 0 0 0 0 0 0 0 665 1134 1499 1519 1369 316 0 0 0 0 0 0 0 0 0 0 0 0
6550	sub_6550_0235600.log	DONE exit=20	200	True	99824	0 0 0 0 0 0 0 0 0 0 0 874 1732 1561 642 119 11 0 0 0 0 0 0 0 0 0 0 0 0
6550	sub_6550_0235800.log	DONE exit=20	200	True	342596	0 0 0 0 0 0 0 0 0 0 0 772 1495 2284 2808 2385 487 20 0 0 0 0 0 0 0 0 0 0 0
6550	sub_6550_0236000.log	DONE exit=20	200	True	901659	0 0 0 0 0 0 0 0 0 0 0 1132 3335 6071 7838 6751 3322 1078 92 0 0 0 0 0 0 0 0 0 0
6550	sub_6550_0236200.log	DONE exit=20	200	True	72854	0 0 0 0 0 0 0 0 0 0 0 678 1153 1036 630 241 57 0 0 0 0 0 0 0 0 0 0 0 0
6550	sub_6550_0236400.log	DONE exit=20	200	True	414940	0 0 0 0 0 0 0 0 0 0 0 1579 5600 8703 6944 3394 970 169 11 0 0 0 0 0 0 0 0 0 0
6550	sub_6550_0236600.log	DONE exit=20	200	True	596812	0 0 0 0 0 0 0 0 0 0 0 1568 6165 11699 12225 8228 3674 988 161 16 1 0 0 0 0 0 0 0 0
6550	sub_6550_0236800.log	DONE exit=20	200	True	347397	0 0 0 0 0 0 0 0 0 0 0 1228 3612 5750 6231 4299 1604 226 4 0 0 0 0 0 0 0 0 0 0
6550	sub_6550_0237000.log	DONE exit=20	200	True	263577	0 0 0 0 0 0 0 0 0 0 0 1061 2877 4385 4203 2656 1069 226 18 0 0 0 0 0 0 0 0 0 0
6550	sub_6550_0237200.log	DONE exit=20	200	True	96661	0 0 0 0 0 0 0 0 0 0 0 763 1580 1468 513 112 19 3 0 0 0 0 0 0 0 0 0 0 0
6550	sub_6550_0237400.log	DONE exit=20	200	True	638158	0 0 0 0 0 0 0 0 0 0 0 974 2740 4603 5960 5541 3108 390 8 0 0 0 0 0 0 0 0 0 0
6550	sub_6550_0237600.log	DONE exit=20	200	True	6617542	0 0 0 0 0 0 0 0 0 0 0 1903 8778 22647 39588 56514 64937 42491 15713 8690 2480 0 0 0 0 0 0 0 0
6550	sub_6550_0237800.log	DONE exit=20	200	True	9400897	0 0 0 0 0 0 0 0 0 0 0 1651 7383 20420 40675 66386 89320 93370 83999 54153 17026 0 0 0 0 0 0 0 0
6550	sub_6550_0238000.log	DONE exit=20	200	True	10070430	0 0 0 0 0 0 0 0 0 0 0 1474 5752 14348 27785 49350 78842 114721 135155 75066 21282 0 0 0 0 0 0 0 0
6550	sub_6550_0238200.log	DONE exit=20	200	True	9247768	0 0 0 0 0 0 0 0 0 0 0 1964 9586 27621 55867 86854 93530 61213 32790 17823 5798 0 0 0 0 0 0 0 0
6550	sub_6550_0238400.log	DONE exit=20	200	True	899810	0 0 0 0 0 0 0 0 0 0 0 1098 3875 7716 9561 9835 7217 3159 1250 274 98 0 0 0 0 0 0 0 0
6550	sub_6550_0238600.log	DONE exit=20	200	True	140472	0 0 0 0 0 0 0 0 0 0 0 782 1482 1350 545 164 2 0 0 0 0 0 0 0 0 0 0 0 0
6550	sub_6550_0238800.log	DONE exit=20	200	True	487272	0 0 0 0 0 0 0 0 0 0 0 742 1589 2591 3659 3812 786 8 0 0 0 0 0 0 0 0 0 0 0
6550	sub_6550_0239000.log	DONE exit=20	200	True	618240	0 0 0 0 0 0 0 0 0 0 0 849 2120 3569 4732 4987 2533 856 37 0 0 0 0 0 0 0 0 0 0
6550	sub_6550_0239200.log	DONE exit=20	200	True	614921	0 0 0 0 0 0 0 0 0 0 0 802 1815 3193 4667 5049 2512 748 7 0 0 0 0 0 0 0 0 0 0
6550	sub_6550_0239400.log	DONE exit=20	200	True	132101	0 0 0 0 0 0 0 0 0 0 0 898 2022 2142 1104 276 55 0 0 0 0 0 0 0 0 0 0 0 0
6550	sub_6550_0239600.log	DONE exit=20	200	True	466521	0 0 0 0 0 0 0 0 0 0 0 1556 6330 11912 10607 4630 1116 179 14 0 0 0 0 0 0 0 0 0 0
6550	sub_6550_0239800.log	DONE exit=20	200	True	1036779	0 0 0 0 0 0 0 0 0 0 0 2126 10390 24471 28529 17480 6033 1096 94 2 0 0 0 0 0 0 0 0 0
6550	sub_6550_0240000.log	DONE exit=20	200	True	900330	0 0 0 0 0 0 0 0 0 0 0 1752 7880 18346 23282 16898 7533 2109 276 7 0 0 0 0 0 0 0 0 0
6550	sub_6550_0240200.log	DONE exit=20	200	True	533441	0 0 0 0 0 0 0 0 0 0 0 1324 5105 10945 13214 8922 3657 990 150 6 0 0 0 0 0 0 0 0 0
6550	sub_6550_0240400.log	DONE exit=20	200	True	498185	0 0 0 0 0 0 0 0 0 0 0 1587 6071 11800 11627 5863 1643 281 38 4 0 0 0 0 0 0 0 0 0
6550	sub_6550_0240600.log	DONE exit=20	200	True	308869	0 0 0 0 0 0 0 0 0 0 0 1315 4392 7637 6783 3109 672 55 3 0 0 0 0 0 0 0 0 0 0
6550	sub_6550_0240800.log	DONE exit=20	200	True	283153	0 0 0 0 0 0 0 0 0 0 0 1250 4142 6971 5584 2113 358 26 1 0 0 0 0 0 0 0 0 0 0
6550	sub_6550_0241000.log	DONE exit=20	200	True	1683132	0 0 0 0 0 0 0 0 0 0 0 2549 14570 36435 39200 30077 16067 5616 1159 30 0 0 0 0 0 0 0 0 0
6550	sub_6550_0241200.log	DONE exit=20	200	True	594779	0 0 0 0 0 0 0 0 0 0 0 1969 8331 15270 12929 5984 1750 298 37 0 0 0 0 0 0 0 0 0 0
6550	sub_6550_0241400.log	DONE exit=20	200	True	695924	0 0 0 0 0 0 0 0 0 0 0 1977 8613 16861 16516 9148 3295 835 176 28 4 0 0 0 0 0 0 0 0
6550	sub_6550_0241600.log	DONE exit=20	200	True	295901	0 0 0 0 0 0 0 0 0 0 0 1358 4408 6354 5260 2460 797 198 39 0 0 0 0 0 0 0 0 0 0
6550	sub_6550_0241800.log	DONE exit=20	200	True	384574	0 0 0 0 0 0 0 0 0 0 0 1447 5450 9396 7683 4062 1568 395 80 4 0 0 0 0 0 0 0 0 0
6550	sub_6550_0242000.log	DONE exit=20	200	True	157631	0 0 0 0 0 0 0 0 0 0 0 1235 3155 3783 1945 427 35 1 0 0 0 0 0 0 0 0 0 0 0
6550	sub_6550_0242200.log	DONE exit=20	200	True	169423	0 0 0 0 0 0 0 0 0 0 0 1194 3255 4036 2268 644 74 2 0 0 0 0 0 0 0 0 0 0 0
6550	sub_6550_0242400.log	DONE exit=20	200	True	3454790	0 0 0 0 0 0 0 0 0 0 0 1498 8189 32535 81760 120613 93081 25593 519 19 0 0 0 0 0 0 0 0 0
6550	sub_6550_0242600.log	DONE exit=20	200	True	716600	0 0 0 0 0 0 0 0 0 0 0 1752 7266 15080 15053 7832 2546 581 6 0 0 0 0 0 0 0 0 0 0
6550	sub_6550_0242800.log	DONE exit=20	200	True	455532	0 0 0 0 0 0 0 0 0 0 0 1321 4725 9125 8967 5001 2041 503 2 0 0 0 0 0 0 0 0 0 0
6550	sub_6550_0243000.log	DONE exit=20	200	True	814695	0 0 0 0 0 0 0 0 0 0 0 1621 7469 18029 21162 11700 3495 476 29 0 0 0 0 0 0 0 0 0 0
6550	sub_6550_0243200.log	DONE exit=20	200	True	3132733	0 0 0 0 0 0 0 0 0 0 0 2732 17048 52714 85418 75801 40464 14063 2619 248 2 0 0 0 0 0 0 0 0
6550	sub_6550_0243400.log	DONE exit=20	200	True	811167	0 0 0 0 0 0 0 0 0 0 0 1896 8154 17479 19867 12003 3924 685 48 0 0 0 0 0 0 0 0 0 0
6550	sub_6550_0243600.log	DONE exit=20	200	True	945177	0 0 0 0 0 0 0 0 0 0 0 1951 9157 21041 23412 12876 4222 925 119 1 0 0 0 0 0 0 0 0 0
6550	sub_6550_0243800.log	DONE exit=20	200	True	468612	0 0 0 0 0 0 0 0 0 0 0 1460 5864 12094 11319 4359 755 63 3 0 0 0 0 0 0 0 0 0 0
6550	sub_6550_0244000.log	DONE exit=20	200	True	785691	0 0 0 0 0 0 0 0 0 0 0 1615 6982 16460 19907 12567 5296 1539 232 13 0 0 0 0 0 0 0 0 0
6550	sub_6550_0244200.log	DONE exit=20	200	True	1050835	0 0 0 0 0 0 0 0 0 0 0 1960 9794 24043 29302 16350 4218 409 6 0 0 0 0 0 0 0 0 0 0
6550	sub_6550_0244400.log	DONE exit=20	200	True	1688792	0 0 0 0 0 0 0 0 0 0 0 2751 16637 44483 49008 28305 7130 671 16 0 0 0 0 0 0 0 0 0 0
6550	sub_6550_0244600.log	DONE exit=20	200	True	862486	0 0 0 0 0 0 0 0 0 0 0 2077 9777 20922 20102 8879 1375 160 4 0 0 0 0 0 0 0 0 0 0
6550	sub_6550_0244800.log	DONE exit=20	200	True	634115	0 0 0 0 0 0 0 0 0 0 0 1728 7348 15633 15640 6412 1036 117 5 0 0 0 0 0 0 0 0 0 0
6550	sub_6550_0245000.log	DONE exit=20	200	True	656270	0 0 0 0 0 0 0 0 0 0 0 1699 7560 16304 16179 6299 802 70 4 0 0 0 0 0 0 0 0 0 0
6550	sub_6550_0245200.log	DONE exit=20	200	True	554108	0 0 0 0 0 0 0 0 0 0 0 1642 6918 14158 13141 5352 719 36 0 0 0 0 0 0 0 0 0 0 0
6550	sub_6550_0245400.log	DONE exit=20	200	True	1003977	0 0 0 0 0 0 0 0 0 0 0 1897 8971 22343 27647 17311 4755 513 37 0 0 0 0 0 0 0 0 0 0
6550	sub_6550_0245600.log	DONE exit=20	200	True	487272	0 0 0 0 0 0 0 0 0 0 0 1333 4609 8464 8202 4985 1609 163 4 0 0 0 0 0 0 0 0 0 0
6550	sub_6550_0245800.log	DONE exit=20	200	True	420643	0 0 0 0 0 0 0 0 0 0 0 1261 4322 8024 6840 1716 115 1 0 0 0 0 0 0 0 0 0 0 0
6550	sub_6550_0246000.log	DONE exit=20	200	True	867251	0 0 0 0 0 0 0 0 0 0 0 1863 8438 18336 18773 8910 2137 214 15 1 0 0 0 0 0 0 0 0 0
6550	sub_6550_0246200.log	DONE exit=20	200	True	217894	0 0 0 0 0 0 0 0 0 0 0 1440 3898 4518 2985 1275 344 40 0 0 0 0 0 0 0 0 0 0 0
6550	sub_6550_0246400.log	DONE exit=20	200	True	361667	0 0 0 0 0 0 0 0 0 0 0 1536 5131 7960 6928 3467 987 104 3 0 0 0 0 0 0 0 0 0 0
6550	sub_6550_0246600.log	DONE exit=20	200	True	157397	0 0 0 0 0 0 0 0 0 0 0 1009 2404 2871 2098 1120 410 75 0 0 0 0 0 0 0 0 0 0 0
6550	sub_6550_0246800.log	DONE exit=20	200	True	137232	0 0 0 0 0 0 0 0 0 0 0 1130 2480 2217 1296 496 110 7 0 0 0 0 0 0 0 0 0 0 0
6550	sub_6550_0247000.log	DONE exit=20	200	True	223149	0 0 0 0 0 0 0 0 0 0 0 1085 2971 4385 3628 1819 604 121 0 0 0 0 0 0 0 0 0 0 0
6550	sub_6550_0247200.log	DONE exit=20	200	True	110447	0 0 0 0 0 0 0 0 0 0 0 920 1995 1949 911 203 27 3 0 0 0 0 0 0 0 0 0 0 0
6550	sub_6550_0247400.log	DONE exit=20	200	True	198428	0 0 0 0 0 0 0 0 0 0 0 1062 3024 4447 3321 1171 170 3 0 0 0 0 0 0 0 0 0 0 0
6550	sub_6550_0247600.log	DONE exit=20	200	True	133661	0 0 0 0 0 0 0 0 0 0 0 1180 2702 2641 1357 343 20 0 0 0 0 0 0 0 0 0 0 0 0
6550	sub_6550_0247800.log	DONE exit=20	200	True	157328	0 0 0 0 0 0 0 0 0 0 0 1063 2851 3776 2591 917 154 9 0 0 0 0 0 0 0 0 0 0 0
6550	sub_6550_0248000.log	DONE exit=20	200	True	116562	0 0 0 0 0 0 0 0 0 0 0 958 2061 2430 1671 551 70 7 1 0 0 0 0 0 0 0 0 0 0
6550	sub_6550_0248200.log	DONE exit=20	200	True	206647	0 0 0 0 0 0 0 0 0 0 0 1121 3208 4799 3682 1422 276 14 0 0 0 0 0 0 0 0 0 0 0
6550	sub_6550_0248400.log	DONE exit=20	200	True	76712	0 0 0 0 0 0 0 0 0 0 0 747 1389 1236 477 80 6 0 0 0 0 0 0 0 0 0 0 0 0
6550	sub_6550_0248600.log	DONE exit=20	200	True	294226	0 0 0 0 0 0 0 0 0 0 0 1068 3255 5458 5362 3072 1155 217 10 0 0 0 0 0 0 0 0 0 0
6550	sub_6550_0248800.log	DONE exit=20	200	True	567113	0 0 0 0 0 0 0 0 0 0 0 1330 5018 10519 12256 8405 3784 906 57 4 0 0 0 0 0 0 0 0 0
6550	sub_6550_0249000.log	DONE exit=20	200	True	210723	0 0 0 0 0 0 0 0 0 0 0 1241 3591 4896 2971 948 215 21 0 0 0 0 0 0 0 0 0 0 0
6550	sub_6550_0249200.log	DONE exit=20	200	True	594006	0 0 0 0 0 0 0 0 0 0 0 1619 7130 15634 16367 8155 1996 223 24 0 0 0 0 0 0 0 0 0 0
6550	sub_6550_0249400.log	DONE exit=20	200	True	256055	0 0 0 0 0 0 0 0 0 0 0 1128 3530 6224 5609 2394 434 41 2 0 0 0 0 0 0 0 0 0 0
6550	sub_6550_0249600.log	DONE exit=20	200	True	254128	0 0 0 0 0 0 0 0 0 0 0 1056 3150 4955 4061 1918 672 140 3 0 0 0 0 0 0 0 0 0 0
6550	sub_6550_0249800.log	DONE exit=20	200	True	232578	0 0 0 0 0 0 0 0 0 0 0 1216 3549 4980 3478 1047 346 77 1 0 0 0 0 0 0 0 0 0 0
6550	sub_6550_0250000.log	DONE exit=20	200	True	111519	0 0 0 0 0 0 0 0 0 0 0 952 2194 2327 1196 318 38 2 0 0 0 0 0 0 0 0 0 0 0
6550	sub_6550_0250200.log	DONE exit=20	200	True	674120	0 0 0 0 0 0 0 0 0 0 0 1789 7580 15849 16817 8819 2218 176 2 0 0 0 0 0 0 0 0 0 0
6550	sub_6550_0250400.log	DONE exit=20	200	True	431445	0 0 0 0 0 0 0 0 0 0 0 1401 5389 10600 10175 4918 1082 70 3 0 0 0 0 0 0 0 0 0 0
6550	sub_6550_0250600.log	DONE exit=20	200	True	501969	0 0 0 0 0 0 0 0 0 0 0 1448 5240 9906 9888 5417 1742 259 20 0 0 0 0 0 0 0 0 0 0
6550	sub_6550_0250800.log	DONE exit=20	200	True	893978	0 0 0 0 0 0 0 0 0 0 0 1827 8309 18883 22254 14588 6271 1785 148 7 0 0 0 0 0 0 0 0 0
6550	sub_6550_0251000.log	DONE exit=20	200	True	1040185	0 0 0 0 0 0 0 0 0 0 0 1606 7335 18458 25369 20117 9510 2262 124 2 0 0 0 0 0 0 0 0 0
6550	sub_6550_0251200.log	DONE exit=20	200	True	399103	0 0 0 0 0 0 0 0 0 0 0 1368 4739 8502 7744 3509 650 46 3 0 0 0 0 0 0 0 0 0 0
6550	sub_6550_0251400.log	DONE exit=20	200	True	173615	0 0 0 0 0 0 0 0 0 0 0 901 2353 3652 3183 1301 210 9 0 0 0 0 0 0 0 0 0 0 0
6550	sub_6550_0251600.log	DONE exit=20	200	True	492223	0 0 0 0 0 0 0 0 0 0 0 1676 5771 9577 8751 4399 1297 163 5 0 0 0 0 0 0 0 0 0 0
6550	sub_6550_0251800.log	DONE exit=20	200	True	1208355	0 0 0 0 0 0 0 0 0 0 0 1814 8804 22883 30390 20162 7869 1463 33 0 0 0 0 0 0 0 0 0 0
6550	sub_6550_0252000.log	DONE exit=20	200	True	702813	0 0 0 0 0 0 0 0 0 0 0 1300 5206 12025 16022 11748 5009 995 41 3 0 0 0 0 0 0 0 0 0
6550	sub_6550_0252200.log	DONE exit=20	200	True	188203	0 0 0 0 0 0 0 0 0 0 0 942 2560 4053 3473 1591 320 22 0 0 0 0 0 0 0 0 0 0 0
6550	sub_6550_0252400.log	DONE exit=20	200	True	199114	0 0 0 0 0 0 0 0 0 0 0 1076 3107 4756 3714 1224 143 5 0 0 0 0 0 0 0 0 0 0 0
6550	sub_6550_0252600.log	DONE exit=20	200	True	217453	0 0 0 0 0 0 0 0 0 0 0 957 2852 4506 3405 1321 245 14 0 0 0 0 0 0 0 0 0 0 0
6550	sub_6550_0252800.log	DONE exit=20	200	True	115837	0 0 0 0 0 0 0 0 0 0 0 800 1827 2076 1428 581 148 27 0 0 0 0 0 0 0 0 0 0 0
6550	sub_6550_0253000.log	DONE exit=20	200	True	598079	0 0 0 0 0 0 0 0 0 0 0 1318 5117 10967 12884 8980 4262 1224 240 51 1 0 0 0 0 0 0 0 0
6550	sub_6550_0253200.log	DONE exit=20	200	True	180582	0 0 0 0 0 0 0 0 0 0 0 974 2600 3607 2824 1264 339 43 0 0 0 0 0 0 0 0 0 0 0
6550	sub_6550_0253400.log	DONE exit=20	200	True	397305	0 0 0 0 0 0 0 0 0 0 0 1049 3596 7391 9075 6684 3351 768 5 0 0 0 0 0 0 0 0 0 0
6550	sub_6550_0253600.log	DONE exit=20	200	True	296910	0 0 0 0 0 0 0 0 0 0 0 976 2727 4280 4936 4688 2606 356 4 0 0 0 0 0 0 0 0 0 0
6550	sub_6550_0253800.log	DONE exit=20	200	True	620963	0 0 0 0 0 0 0 0 0 0 0 1498 6508 14680 16096 9082 2935 625 109 3 0 0 0 0 0 0 0 0 0
6550	sub_6550_0254000.log	DONE exit=20	200	True	367474	0 0 0 0 0 0 0 0 0 0 0 1186 4403 8311 8201 4807 2068 663 100 0 0 0 0 0 0 0 0 0 0
6550	sub_6550_0254200.log	DONE exit=20	200	True	249991	0 0 0 0 0 0 0 0 0 0 0 836 2243 3756 4479 3901 2249 325 3 0 0 0 0 0 0 0 0 0 0
6550	sub_6550_0254400.log	DONE exit=20	200	True	140795	0 0 0 0 0 0 0 0 0 0 0 1027 2400 2483 1102 190 11 1 0 0 0 0 0 0 0 0 0 0 0
6550	sub_6550_0254600.log	DONE exit=20	200	True	316821	0 0 0 0 0 0 0 0 0 0 0 1151 3737 6167 5245 2141 383 57 2 0 0 0 0 0 0 0 0 0 0
6550	sub_6550_0254800.log	DONE exit=20	200	True	119614	0 0 0 0 0 0 0 0 0 0 0 942 2189 2182 1056 278 40 3 0 0 0 0 0 0 0 0 0 0 0
6550	sub_6550_0255000.log	DONE exit=20	200	True	301943	0 0 0 0 0 0 0 0 0 0 0 1224 4158 7191 6361 3118 958 191 20 0 0 0 0 0 0 0 0 0 0
6550	sub_6550_0255200.log	DONE exit=20	200	True	284024	0 0 0 0 0 0 0 0 0 0 0 1199 3791 6551 5872 2689 654 71 2 0 0 0 0 0 0 0 0 0 0
6550	sub_6550_0255400.log	DONE exit=20	200	True	84689	0 0 0 0 0 0 0 0 0 0 0 754 1470 1043 240 17 1 0 0 0 0 0 0 0 0 0 0 0 0
6550	sub_6550_0255600.log	DONE exit=20	200	True	350873	0 0 0 0 0 0 0 0 0 0 0 1262 3959 6278 5765 2414 438 21 0 0 0 0 0 0 0 0 0 0 0
6550	sub_6550_0255800.log	DONE exit=20	200	True	697100	0 0 0 0 0 0 0 0 0 0 0 1442 5873 13169 15476 10275 4021 717 63 0 0 0 0 0 0 0 0 0 0
6550	sub_6550_0256000.log	DONE exit=20	200	True	308888	0 0 0 0 0 0 0 0 0 0 0 1204 3654 5638 4774 2619 803 166 28 3 0 0 0 0 0 0 0 0 0
6550	sub_6550_0256200.log	DONE exit=20	200	True	110950	0 0 0 0 0 0 0 0 0 0 0 713 1564 1534 820 150 7 0 0 0 0 0 0 0 0 0 0 0 0
6550	sub_6550_0256400.log	DONE exit=20	200	True	447621	0 0 0 0 0 0 0 0 0 0 0 1231 4382 8714 9928 6224 2103 319 19 0 0 0 0 0 0 0 0 0 0
6550	sub_6550_0256600.log	DONE exit=20	200	True	494683	0 0 0 0 0 0 0 0 0 0 0 1105 3323 5330 3626 1123 85 13 0 0 0 0 0 0 0 0 0 0 0
6550	sub_6550_0256800.log	DONE exit=20	200	True	2865381	0 0 0 0 0 0 0 0 0 0 0 1780 7826 17933 23103 19049 9644 4502 209 177 58 0 0 0 0 0 0 0 0
6550	sub_6550_0257000.log	DONE exit=20	200	True	2394412	0 0 0 0 0 0 0 0 0 0 0 1563 6672 15168 21050 15269 6533 2990 145 0 0 0 0 0 0 0 0 0 0
6550	sub_6550_0257200.log	DONE exit=20	200	True	195972522	0 0 0 0 0 0 0 0 0 0 0 2896 22809 105586 342404 833627 1528283 2271349 2854850 1993018 773556 0 0 0 0 0 0 0 0
6550	sub_6550_0257400.log	DONE exit=20	200	True	529534147	0 0 0 0 0 0 0 0 0 0 0 3046 25347 135261 521265 1510903 3519947 6689802 9214013 6348957 2325708 0 0 0 0 0 0 0 0
6550	sub_6550_0257600.log	DONE exit=20	200	True	7157821	0 0 0 0 0 0 0 0 0 0 0 1765 7129 18241 38927 62859 69215 32222 49 0 0 0 0 0 0 0 0 0 0
6550	sub_6550_0257800.log	DONE exit=20	200	True	21041759	0 0 0 0 0 0 0 0 0 0 0 1916 7754 23138 63592 153114 255626 209794 55308 24712 7194 0 0 0 0 0 0 0 0
6550	sub_6550_0258000.log	DONE exit=20	200	True	30881896	0 0 0 0 0 0 0 0 0 0 0 2127 9655 31109 89182 215385 364175 332771 108841 51881 13770 0 0 0 0 0 0 0 0
6550	sub_6550_0258200.log	DONE exit=20	200	True	28662283	0 0 0 0 0 0 0 0 0 0 0 2214 12078 41285 99282 186441 252541 305362 271282 187008 62692 0 0 0 0 0 0 0 0
6550	sub_6550_0258400.log	DONE exit=20	200	True	26708159	0 0 0 0 0 0 0 0 0 0 0 1891 7858 23221 60900 152012 266571 288021 175083 106352 31968 0 0 0 0 0 0 0 0
6550	sub_6550_0258600.log	DONE exit=20	200	True	3258833	0 0 0 0 0 0 0 0 0 0 0 1664 7006 14741 19215 25981 29541 14727 6 0 0 0 0 0 0 0 0 0 0
6550	sub_6550_0258800.log	DONE exit=20	200	True	461340	0 0 0 0 0 0 0 0 0 0 0 683 1935 3085 3773 2353 95 0 0 0 0 0 0 0 0 0 0 0 0
6550	sub_6550_0259000.log	DONE exit=20	200	True	974009	0 0 0 0 0 0 0 0 0 0 0 803 2311 5446 8624 8522 2514 19 0 0 0 0 0 0 0 0 0 0 0
6550	sub_6550_0259200.log	DONE exit=20	200	True	339781	0 0 0 0 0 0 0 0 0 0 0 703 1507 2595 2867 1857 402 0 0 0 0 0 0 0 0 0 0 0 0
6550	sub_6550_0259400.log	DONE exit=20	200	True	502736	0 0 0 0 0 0 0 0 0 0 0 972 2378 4017 4244 2454 422 0 0 0 0 0 0 0 0 0 0 0 0
6550	sub_6550_0259600.log	DONE exit=20	200	True	226992	0 0 0 0 0 0 0 0 0 0 0 489 781 1745 1730 680 5 0 0 0 0 0 0 0 0 0 0 0 0
6550	sub_6550_0259800.log	DONE exit=20	200	True	861807	0 0 0 0 0 0 0 0 0 0 0 766 2124 4973 8454 7702 2349 8 0 0 0 0 0 0 0 0 0 0 0
6550	sub_6550_0260000.log	DONE exit=20	200	True	375503	0 0 0 0 0 0 0 0 0 0 0 828 1800 3078 3148 2030 226 0 0 0 0 0 0 0 0 0 0 0 0
6550	sub_6550_0260200.log	DONE exit=20	200	True	52243	0 0 0 0 0 0 0 0 0 0 0 481 549 455 279 49 0 0 0 0 0 0 0 0 0 0 0 0 0
6550	sub_6550_0260400.log	DONE exit=20	200	True	53780	0 0 0 0 0 0 0 0 0 0 0 395 359 292 185 86 0 0 0 0 0 0 0 0 0 0 0 0 0
6550	sub_6550_0260600.log	DONE exit=20	200	True	80605	0 0 0 0 0 0 0 0 0 0 0 603 1563 2345 1429 280 7 0 0 0 0 0 0 0 0 0 0 0 0
6550	sub_6550_0260800.log	DONE exit=20	200	True	81019	0 0 0 0 0 0 0 0 0 0 0 1087 2005 1387 421 78 1 0 0 0 0 0 0 0 0 0 0 0 0
6550	sub_6550_0261000.log	DONE exit=20	200	True	107513	0 0 0 0 0 0 0 0 0 0 0 1195 2566 2148 692 65 0 0 0 0 0 0 0 0 0 0 0 0 0
6550	sub_6550_0261200.log	DONE exit=20	200	True	125469	0 0 0 0 0 0 0 0 0 0 0 1148 2523 2281 984 213 10 0 0 0 0 0 0 0 0 0 0 0 0
6550	sub_6550_0261400.log	DONE exit=20	200	True	2876928	0 0 0 0 0 0 0 0 0 0 0 1941 10907 34216 60997 63306 38627 13904 2593 177 7 1 0 0 0 0 0 0 0
6550	sub_6550_0261600.log	DONE exit=20	200	True	842108	0 0 0 0 0 0 0 0 0 0 0 1909 7990 16101 16894 10091 2772 382 24 1 0 0 0 0 0 0 0 0 0
6550	sub_6550_0261800.log	DONE exit=20	200	True	570080	0 0 0 0 0 0 0 0 0 0 0 1618 5930 10274 9533 5501 1762 220 11 0 0 0 0 0 0 0 0 0 0
6550	sub_6550_0262000.log	DONE exit=20	200	True	615432	0 0 0 0 0 0 0 0 0 0 0 1621 6209 11359 10593 5887 1914 358 44 1 0 0 0 0 0 0 0 0 0
6550	sub_6550_0262200.log	DONE exit=20	200	True	796445	0 0 0 0 0 0 0 0 0 0 0 1527 5681 11246 12902 9779 5009 1742 435 32 0 0 0 0 0 0 0 0 0
6550	sub_6550_0262400.log	DONE exit=20	200	True	687177	0 0 0 0 0 0 0 0 0 0 0 1387 4490 7230 6716 4378 1880 373 0 0 0 0 0 0 0 0 0 0 0
6550	sub_6550_0262600.log	DONE exit=20	200	True	722997	0 0 0 0 0 0 0 0 0 0 0 1426 4584 6968 5928 3402 1757 476 15 0 0 0 0 0 0 0 0 0 0
6550	sub_6550_0262800.log	DONE exit=20	200	True	350725	0 0 0 0 0 0 0 0 0 0 0 1071 2879 3988 2863 946 19 0 0 0 0 0 0 0 0 0 0 0 0
6550	sub_6550_0263000.log	DONE exit=20	200	True	551418	0 0 0 0 0 0 0 0 0 0 0 1341 3893 5699 4932 2844 1346 249 0 0 0 0 0 0 0 0 0 0 0
6550	sub_6550_0263200.log	DONE exit=20	200	True	269503	0 0 0 0 0 0 0 0 0 0 0 1461 3966 4526 2548 618 89 2 0 0 0 0 0 0 0 0 0 0 0
6550	sub_6550_0263400.log	DONE exit=20	200	True	325158	0 0 0 0 0 0 0 0 0 0 0 1476 4568 6629 4116 1172 242 28 0 0 0 0 0 0 0 0 0 0 0
6550	sub_6550_0263600.log	DONE exit=20	200	True	298423	0 0 0 0 0 0 0 0 0 0 0 1279 3827 5503 3597 480 11 0 0 0 0 0 0 0 0 0 0 0 0
6550	sub_6550_0263800.log	DONE exit=20	200	True	370065	0 0 0 0 0 0 0 0 0 0 0 1622 5422 7606 4491 995 118 11 0 0 0 0 0 0 0 0 0 0 0
6550	sub_6550_0264000.log	DONE exit=20	200	True	92164124	0 0 0 0 0 0 0 0 0 0 0 2508 18399 86046 283766 674254 1068072 1051006 706601 447830 152162 0 0 0 0 0 0 0 0
6550	sub_6550_0264200.log	DONE exit=20	200	True	19166175	0 0 0 0 0 0 0 0 0 0 0 2132 11023 32168 63020 106952 162375 214395 248633 247289 94978 0 0 0 0 0 0 0 0
6550	sub_6550_0264400.log	DONE exit=20	200	True	1960024	0 0 0 0 0 0 0 0 0 0 0 1671 7164 16862 21604 17705 10126 4350 991 332 214 0 0 0 0 0 0 0 0
6550	sub_6550_0264600.log	DONE exit=20	200	True	10826458	0 0 0 0 0 0 0 0 0 0 0 2017 10794 32669 60378 84273 100320 98752 79160 57191 23355 0 0 0 0 0 0 0 0
6550	sub_6550_0264800.log	DONE exit=20	200	True	9722496	0 0 0 0 0 0 0 0 0 0 0 1813 9658 29406 54090 75168 89609 86502 66993 46299 18009 0 0 0 0 0 0 0 0
6550	sub_6550_0265000.log	DONE exit=20	200	True	1467159	0 0 0 0 0 0 0 0 0 0 0 1554 6293 13991 16588 12099 5815 1293 54 0 0 0 0 0 0 0 0 0 0
6550	sub_6550_0265200.log	DONE exit=20	200	True	215816	0 0 0 0 0 0 0 0 0 0 0 930 2055 2156 1036 198 1 0 0 0 0 0 0 0 0 0 0 0 0
6550	sub_6550_0265400.log	DONE exit=20	200	True	415536	0 0 0 0 0 0 0 0 0 0 0 1211 3462 4396 2793 867 0 0 0 0 0 0 0 0 0 0 0 0 0
6550	sub_6550_0265600.log	DONE exit=20	200	True	285912667	0 0 0 0 0 0 0 0 0 0 0 2611 19472 93286 324317 906556 2156046 4241180 6295907 5743747 2786858 0 0 0 0 0 0 0 0
6550	sub_6550_0265800.log	DONE exit=20	200	True	13793843	0 0 0 0 0 0 0 0 0 0 0 1750 7748 20636 40307 71397 112961 167920 210382 155361 61858 0 0 0 0 0 0 0 0
6550	sub_6550_0266000.log	DONE exit=20	200	True	29597097	0 0 0 0 0 0 0 0 0 0 0 1663 7831 24020 58361 125475 237990 395920 523001 389114 148134 0 0 0 0 0 0 0 0
6550	sub_6550_0266200.log	DONE exit=20	200	True	475464128	0 0 0 0 0 0 0 0 0 0 0 3132 24970 117540 412251 1211526 3065210 6406954 9983944 8819543 4090541 0 0 0 0 0 0 0 0
6550	sub_6550_0266400.log	DONE exit=20	200	True	23592096	0 0 0 0 0 0 0 0 0 0 0 2145 11207 40239 110327 221196 287031 177318 65147 45212 15417 0 0 0 0 0 0 0 0
6550	sub_6550_0266600.log	DONE exit=20	200	True	16368067	0 0 0 0 0 0 0 0 0 0 0 1959 8379 22428 48591 92414 138513 166583 193440 156339 63023 0 0 0 0 0 0 0 0
6550	sub_6550_0266800.log	DONE exit=20	200	True	37996340	0 0 0 0 0 0 0 0 0 0 0 1844 7915 22794 59880 153309 320563 499744 579469 410884 160444 0 0 0 0 0 0 0 0
6550	sub_6550_0267000.log	DONE exit=20	200	True	54201811	0 0 0 0 0 0 0 0 0 0 0 2227 11574 38010 97326 219032 428444 702736 880003 637968 248394 0 0 0 0 0 0 0 0
6550	sub_6550_0267200.log	DONE exit=20	200	True	35356920	0 0 0 0 0 0 0 0 0 0 0 1772 7708 22455 57378 138219 278834 453244 513390 352060 132564 0 0 0 0 0 0 0 0
6550	sub_6550_0267400.log	DONE exit=20	200	True	21014793	0 0 0 0 0 0 0 0 0 0 0 1657 7256 20443 47078 99662 170435 235449 299389 217643 89730 0 0 0 0 0 0 0 0
6550	sub_6550_0267600.log	DONE exit=20	200	True	762247	0 0 0 0 0 0 0 0 0 0 0 1040 3120 5598 6386 7104 4999 1877 0 0 0 0 0 0 0 0 0 0 0
6550	sub_6550_0267800.log	DONE exit=20	200	True	493075	0 0 0 0 0 0 0 0 0 0 0 815 2087 3874 4996 4099 1072 47 0 0 0 0 0 0 0 0 0 0 0
6550	sub_6550_0268000.log	DONE exit=20	200	True	7401207	0 0 0 0 0 0 0 0 0 0 0 1379 5793 16112 33586 54510 65598 59886 46017 20629 5074 0 0 0 0 0 0 0 0
6550	sub_6550_0268200.log	DONE exit=20	200	True	627631	0 0 0 0 0 0 0 0 0 0 0 733 2050 3822 5204 5163 1396 36 0 0 0 0 0 0 0 0 0 0 0
6550	sub_6550_0268400.log	DONE exit=20	200	True	235279	0 0 0 0 0 0 0 0 0 0 0 737 1402 1825 1854 914 2 0 0 0 0 0 0 0 0 0 0 0 0
6550	sub_6550_0268600.log	DONE exit=20	200	True	41152	0 0 0 0 0 0 0 0 0 0 0 410 445 378 206 37 0 0 0 0 0 0 0 0 0 0 0 0 0
6550	sub_6550_0268800.log	DONE exit=20	200	True	118754	0 0 0 0 0 0 0 0 0 0 0 858 1720 2100 1402 337 17 0 0 0 0 0 0 0 0 0 0 0 0
6550	sub_6550_0269000.log	DONE exit=20	200	True	345198	0 0 0 0 0 0 0 0 0 0 0 1056 3352 6279 6478 2446 434 57 1 0 0 0 0 0 0 0 0 0 0
6550	sub_6550_0269200.log	DONE exit=20	200	True	745307	0 0 0 0 0 0 0 0 0 0 0 889 2548 5246 7795 6955 2905 64 1 0 0 0 0 0 0 0 0 0 0
6550	sub_6550_0269400.log	DONE exit=20	200	True	28461	0 0 0 0 0 0 0 0 0 0 0 331 331 176 32 5 0 0 0 0 0 0 0 0 0 0 0 0 0
6550	sub_6550_0269600.log	DONE exit=20	200	True	37159	0 0 0 0 0 0 0 0 0 0 0 442 471 299 99 19 0 0 0 0 0 0 0 0 0 0 0 0 0
6550	sub_6550_0269800.log	DONE exit=20	200	True	87845	0 0 0 0 0 0 0 0 0 0 0 815 1383 1353 636 90 4 0 0 0 0 0 0 0 0 0 0 0 0
6550	sub_6550_0270000.log	DONE exit=20	200	True	366443	0 0 0 0 0 0 0 0 0 0 0 1154 3798 7119 7033 2285 250 11 0 0 0 0 0 0 0 0 0 0 0
6550	sub_6550_0270200.log	DONE exit=20	200	True	868566	0 0 0 0 0 0 0 0 0 0 0 1129 3418 6543 8652 7402 3290 51 0 0 0 0 0 0 0 0 0 0 0
6550	sub_6550_0270400.log	DONE exit=20	200	True	276765	0 0 0 0 0 0 0 0 0 0 0 552 1094 2031 2251 1533 271 0 0 0 0 0 0 0 0 0 0 0 0
6550	sub_6550_0270600.log	DONE exit=20	200	True	269906	0 0 0 0 0 0 0 0 0 0 0 707 1430 1943 2090 1390 181 4 0 0 0 0 0 0 0 0 0 0 0
6550	sub_6550_0270800.log	DONE exit=20	200	True	1838064	0 0 0 0 0 0 0 0 0 0 0 1132 3721 8328 14518 19288 16954 3014 1 0 0 0 0 0 0 0 0 0 0
6550	sub_6550_0271000.log	DONE exit=20	200	True	12158930	0 0 0 0 0 0 0 0 0 0 0 1718 7854 22138 45633 77630 115876 138994 127694 80680 28656 0 0 0 0 0 0 0 0
6550	sub_6550_0271200.log	DONE exit=20	200	True	131459	0 0 0 0 0 0 0 0 0 0 0 848 1612 1484 591 167 10 0 0 0 0 0 0 0 0 0 0 0 0
6550	sub_6550_0271400.log	DONE exit=20	200	True	243556	0 0 0 0 0 0 0 0 0 0 0 743 2149 4436 4286 1200 151 6 0 0 0 0 0 0 0 0 0 0 0
6550	sub_6550_0271600.log	DONE exit=20	200	True	310587	0 0 0 0 0 0 0 0 0 0 0 1118 3465 6090 5394 1477 153 3 0 0 0 0 0 0 0 0 0 0 0
6550	sub_6550_0271800.log	DONE exit=20	200	True	296057	0 0 0 0 0 0 0 0 0 0 0 885 2335 4021 3587 1362 475 11 0 0 0 0 0 0 0 0 0 0 0
6550	sub_6550_0272000.log	DONE exit=20	200	True	705560	0 0 0 0 0 0 0 0 0 0 0 1259 3778 6811 7973 5308 1599 1 0 0 0 0 0 0 0 0 0 0 0
6550	sub_6550_0272200.log	DONE exit=20	200	True	27858	0 0 0 0 0 0 0 0 0 0 0 336 206 106 10 0 0 0 0 0 0 0 0 0 0 0 0 0 0
6550	sub_6550_0272400.log	DONE exit=20	200	True	30045	0 0 0 0 0 0 0 0 0 0 0 264 148 67 57 28 0 0 0 0 0 0 0 0 0 0 0 0 0
6550	sub_6550_0272600.log	DONE exit=20	200	True	141311	0 0 0 0 0 0 0 0 0 0 0 682 1204 1404 1023 178 4 0 0 0 0 0 0 0 0 0 0 0 0
6550	sub_6550_0272800.log	DONE exit=20	200	True	347281	0 0 0 0 0 0 0 0 0 0 0 1017 2411 3493 3184 1976 282 5 0 0 0 0 0 0 0 0 0 0 0
6550	sub_6550_0273000.log	DONE exit=20	200	True	731297	0 0 0 0 0 0 0 0 0 0 0 1099 3383 5990 6917 5984 2664 777 7 0 0 0 0 0 0 0 0 0 0
6550	sub_6550_0273200.log	DONE exit=20	200	True	46392	0 0 0 0 0 0 0 0 0 0 0 515 631 325 114 17 0 0 0 0 0 0 0 0 0 0 0 0 0
6550	sub_6550_0273400.log	DONE exit=20	200	True	29484	0 0 0 0 0 0 0 0 0 0 0 381 257 89 15 0 0 0 0 0 0 0 0 0 0 0 0 0 0
6550	sub_6550_0273600.log	DONE exit=20	200	True	2084896	0 0 0 0 0 0 0 0 0 0 0 1103 3441 7495 11324 14591 18621 7858 110 0 0 0 0 0 0 0 0 0 0
6550	sub_6550_0273800.log	DONE exit=20	200	True	985504	0 0 0 0 0 0 0 0 0 0 0 1327 4521 9986 8814 694 107 17 0 0 0 0 0 0 0 0 0 0 0
6550	sub_6550_0274000.log	DONE exit=20	200	True	5458443	0 0 0 0 0 0 0 0 0 0 0 1541 6195 16451 27753 38210 49573 24316 156 0 0 0 0 0 0 0 0 0 0
6550	sub_6550_0274200.log	DONE exit=20	200	True	6079162	0 0 0 0 0 0 0 0 0 0 0 1566 6686 18261 30519 41777 54696 24188 156 0 0 0 0 0 0 0 0 0 0
6550	sub_6550_0274400.log	DONE exit=20	200	True	5826362	0 0 0 0 0 0 0 0 0 0 0 1667 6705 15311 27036 42271 53730 22482 46 0 0 0 0 0 0 0 0 0 0
6550	sub_6550_0274600.log	DONE exit=20	200	True	256708	0 0 0 0 0 0 0 0 0 0 0 858 1705 2023 1734 928 62 0 0 0 0 0 0 0 0 0 0 0 0
6550	sub_6550_0274800.log	DONE exit=20	200	True	282741	0 0 0 0 0 0 0 0 0 0 0 691 1368 1753 2121 1442 71 0 0 0 0 0 0 0 0 0 0 0 0
6550	sub_6550_0275000.log	DONE exit=20	200	True	208525	0 0 0 0 0 0 0 0 0 0 0 968 2002 2137 1400 374 16 0 0 0 0 0 0 0 0 0 0 0 0
6550	sub_6550_0275200.log	DONE exit=20	200	True	646334	0 0 0 0 0 0 0 0 0 0 0 1157 2920 4983 6237 3752 156 0 0 0 0 0 0 0 0 0 0 0 0
6550	sub_6550_0275400.log	DONE exit=20	200	True	1023403	0 0 0 0 0 0 0 0 0 0 0 1257 3711 6718 9074 6798 1826 6 0 0 0 0 0 0 0 0 0 0 0
6550	sub_6550_0275600.log	DONE exit=20	200	True	960376	0 0 0 0 0 0 0 0 0 0 0 1239 3406 6281 8822 6358 1367 10 0 0 0 0 0 0 0 0 0 0 0
6550	sub_6550_0275800.log	DONE exit=20	200	True	755401	0 0 0 0 0 0 0 0 0 0 0 871 2403 4673 6790 4840 434 0 0 0 0 0 0 0 0 0 0 0 0
6550	sub_6550_0276000.log	DONE exit=20	200	True	1278660	0 0 0 0 0 0 0 0 0 0 0 1322 4152 7966 11691 8849 1786 77 0 0 0 0 0 0 0 0 0 0 0
6550	sub_6550_0276200.log	DONE exit=20	200	True	344462	0 0 0 0 0 0 0 0 0 0 0 711 1477 2436 3451 2503 128 0 0 0 0 0 0 0 0 0 0 0 0
6550	sub_6550_0276400.log	DONE exit=20	200	True	138671	0 0 0 0 0 0 0 0 0 0 0 1000 2305 2385 1201 363 55 3 0 0 0 0 0 0 0 0 0 0 0
6550	sub_6550_0276600.log	DONE exit=20	200	True	103086	0 0 0 0 0 0 0 0 0 0 0 833 1661 1734 936 264 50 3 0 0 0 0 0 0 0 0 0 0 0
6550	sub_6550_0276800.log	DONE exit=20	200	True	226071	0 0 0 0 0 0 0 0 0 0 0 575 1159 1445 1365 1027 65 0 0 0 0 0 0 0 0 0 0 0 0
6550	sub_6550_0277000.log	DONE exit=20	200	True	408746	0 0 0 0 0 0 0 0 0 0 0 727 1773 2793 3292 2675 700 14 0 0 0 0 0 0 0 0 0 0 0
6550	sub_6550_0277200.log	DONE exit=20	200	True	602544	0 0 0 0 0 0 0 0 0 0 0 887 2282 3828 5021 4542 1312 20 0 0 0 0 0 0 0 0 0 0 0
6550	sub_6550_0277400.log	DONE exit=20	200	True	368786	0 0 0 0 0 0 0 0 0 0 0 688 1650 2425 2652 2056 392 9 0 0 0 0 0 0 0 0 0 0 0
6550	sub_6550_0277600.log	DONE exit=20	200	True	505027	0 0 0 0 0 0 0 0 0 0 0 836 2173 3599 4388 3705 1049 21 0 0 0 0 0 0 0 0 0 0 0
6550	sub_6550_0277800.log	DONE exit=20	200	True	112248	0 0 0 0 0 0 0 0 0 0 0 845 1714 1754 910 304 31 0 0 0 0 0 0 0 0 0 0 0 0
6550	sub_6550_0278000.log	DONE exit=20	200	True	149469	0 0 0 0 0 0 0 0 0 0 0 978 2362 3154 2335 942 155 0 0 0 0 0 0 0 0 0 0 0 0
6550	sub_6550_0278200.log	DONE exit=20	200	True	179159	0 0 0 0 0 0 0 0 0 0 0 1243 3518 4518 2628 715 69 1 0 0 0 0 0 0 0 0 0 0 0
6550	sub_6550_0278400.log	DONE exit=20	200	True	224257	0 0 0 0 0 0 0 0 0 0 0 1104 3179 4889 4081 1895 450 72 5 0 0 0 0 0 0 0 0 0 0
6550	sub_6550_0278600.log	DONE exit=20	200	True	295013	0 0 0 0 0 0 0 0 0 0 0 1308 4118 6823 6258 3337 1019 189 23 0 0 0 0 0 0 0 0 0 0
6550	sub_6550_0278800.log	DONE exit=20	200	True	8089259	0 0 0 0 0 0 0 0 0 0 0 1523 6188 15382 29247 51762 78386 86186 83596 71904 24404 0 0 0 0 0 0 0 0
6550	sub_6550_0279000.log	DONE exit=20	200	True	24519547	0 0 0 0 0 0 0 0 0 0 0 1585 7904 27531 74548 160934 252225 270386 246507 231155 80963 0 0 0 0 0 0 0 0
6550	sub_6550_0279200.log	DONE exit=20	200	True	5345889	0 0 0 0 0 0 0 0 0 0 0 990 3284 8222 18700 36425 51369 51380 52141 41096 13218 0 0 0 0 0 0 0 0
6550	sub_6550_0279400.log	DONE exit=20	200	True	459275	0 0 0 0 0 0 0 0 0 0 0 827 1906 3153 4043 3430 1073 9 0 0 0 0 0 0 0 0 0 0 0
6550	sub_6550_0279600.log	DONE exit=20	200	True	181955	0 0 0 0 0 0 0 0 0 0 0 813 1742 2191 1634 740 109 0 0 0 0 0 0 0 0 0 0 0 0
6550	sub_6550_0279800.log	DONE exit=20	200	True	503102	0 0 0 0 0 0 0 0 0 0 0 681 1360 2656 4766 4910 2536 50 0 0 0 0 0 0 0 0 0 0 0
6550	sub_6550_0280000.log	DONE exit=20	200	True	4796057	0 0 0 0 0 0 0 0 0 0 0 1188 4130 10626 23019 42611 51831 26922 7094 3619 814 0 0 0 0 0 0 0 0
6550	sub_6550_0280200.log	DONE exit=20	200	True	570961	0 0 0 0 0 0 0 0 0 0 0 969 2522 4184 5155 4145 1846 102 0 0 0 0 0 0 0 0 0 0 0
6550	sub_6550_0280400.log	DONE exit=20	200	True	273688	0 0 0 0 0 0 0 0 0 0 0 610 1170 1844 2167 1397 124 0 0 0 0 0 0 0 0 0 0 0 0
6550	sub_6550_0280600.log	DONE exit=20	200	True	763161	0 0 0 0 0 0 0 0 0 0 0 962 2778 5283 7183 5669 1705 6 0 0 0 0 0 0 0 0 0 0 0
6550	sub_6550_0280800.log	DONE exit=20	200	True	292870	0 0 0 0 0 0 0 0 0 0 0 776 1680 2500 2666 1721 243 0 0 0 0 0 0 0 0 0 0 0 0
6550	sub_6550_0281000.log	DONE exit=20	200	True	99249	0 0 0 0 0 0 0 0 0 0 0 823 1572 1613 857 181 23 0 0 0 0 0 0 0 0 0 0 0 0
6550	sub_6550_0281200.log	DONE exit=20	200	True	124884	0 0 0 0 0 0 0 0 0 0 0 924 1970 1993 959 173 11 0 0 0 0 0 0 0 0 0 0 0 0
6550	sub_6550_0281400.log	DONE exit=20	200	True	5194834	0 0 0 0 0 0 0 0 0 0 0 1435 5738 14077 26164 41339 45254 30434 10256 5524 1210 0 0 0 0 0 0 0 0
6550	sub_6550_0281600.log	DONE exit=20	200	True	5379320	0 0 0 0 0 0 0 0 0 0 0 1320 5010 13464 28721 46113 49142 31461 22360 7241 1081 0 0 0 0 0 0 0 0
6550	sub_6550_0281800.log	DONE exit=20	200	True	5462425	0 0 0 0 0 0 0 0 0 0 0 1053 4065 12087 26146 41656 48854 39004 31208 22764 8370 0 0 0 0 0 0 0 0
6550	sub_6550_0282000.log	DONE exit=20	200	True	1631710	0 0 0 0 0 0 0 0 0 0 0 1173 3612 6539 8821 12771 14218 8713 5991 3300 503 0 0 0 0 0 0 0 0
6550	sub_6550_0282200.log	DONE exit=20	200	True	2699366	0 0 0 0 0 0 0 0 0 0 0 1076 3800 9418 17340 22076 21288 15309 6466 1838 237 0 0 0 0 0 0 0 0
6550	sub_6550_0282400.log	DONE exit=20	200	True	214281	0 0 0 0 0 0 0 0 0 0 0 444 566 920 1820 2157 1063 70 0 0 0 0 0 0 0 0 0 0 0
6550	sub_6550_0282600.log	DONE exit=20	200	True	117330	0 0 0 0 0 0 0 0 0 0 0 966 2043 1884 858 189 14 0 0 0 0 0 0 0 0 0 0 0 0
6550	sub_6550_0282800.log	DONE exit=20	200	True	263228	0 0 0 0 0 0 0 0 0 0 0 1218 3617 5314 4285 2259 961 263 26 0 0 0 0 0 0 0 0 0 0
6550	sub_6550_0283000.log	DONE exit=20	200	True	184609	0 0 0 0 0 0 0 0 0 0 0 903 2249 3311 2845 1444 441 84 14 1 0 0 0 0 0 0 0 0 0
6550	sub_6550_0283200.log	DONE exit=20	200	True	158877	0 0 0 0 0 0 0 0 0 0 0 884 1954 2568 2121 1203 561 221 47 1 0 0 0 0 0 0 0 0 0
6550	sub_6550_0283400.log	DONE exit=20	200	True	235215	0 0 0 0 0 0 0 0 0 0 0 878 2302 3806 3910 2529 818 137 5 0 0 0 0 0 0 0 0 0 0
6550	sub_6550_0283600.log	DONE exit=20	200	True	1602312	0 0 0 0 0 0 0 0 0 0 0 996 3191 7936 13358 13894 9194 2442 32 2 1 0 0 0 0 0 0 0 0
6550	sub_6550_0283800.log	DONE exit=20	200	True	274999	0 0 0 0 0 0 0 0 0 0 0 851 1773 2211 2070 1298 274 5 0 0 0 0 0 0 0 0 0 0 0
6550	sub_6550_0284000.log	DONE exit=20	200	True	5183945	0 0 0 0 0 0 0 0 0 0 0 1534 6506 16969 31917 48028 56559 27855 1955 987 246 0 0 0 0 0 0 0 0
6550	sub_6550_0284200.log	DONE exit=20	200	True	171792	0 0 0 0 0 0 0 0 0 0 0 820 2030 2790 1889 658 111 6 0 0 0 0 0 0 0 0 0 0 0
6550	sub_6550_0284400.log	DONE exit=20	200	True	1900218	0 0 0 0 0 0 0 0 0 0 0 1311 4913 11886 19170 14932 4244 93 0 0 0 0 0 0 0 0 0 0 0
6550	sub_6550_0284600.log	DONE exit=20	200	True	1546719	0 0 0 0 0 0 0 0 0 0 0 1000 3389 8060 13241 13805 9565 2396 5 0 0 0 0 0 0 0 0 0 0
6550	sub_6550_0284800.log	DONE exit=20	200	True	264436	0 0 0 0 0 0 0 0 0 0 0 926 2042 2510 2099 1119 45 0 0 0 0 0 0 0 0 0 0 0 0
6550	sub_6550_0285000.log	DONE exit=20	200	True	86327	0 0 0 0 0 0 0 0 0 0 0 823 1547 1660 1070 365 80 11 0 0 0 0 0 0 0 0 0 0 0
6550	sub_6550_0285200.log	DONE exit=20	200	True	75096	0 0 0 0 0 0 0 0 0 0 0 809 1410 1034 359 76 5 0 0 0 0 0 0 0 0 0 0 0 0
6550	sub_6550_0285400.log	DONE exit=20	200	True	60686	0 0 0 0 0 0 0 0 0 0 0 733 1038 739 345 96 3 0 0 0 0 0 0 0 0 0 0 0 0
6550	sub_6550_0285600.log	DONE exit=20	200	True	89996	0 0 0 0 0 0 0 0 0 0 0 911 2013 2138 1033 229 15 0 0 0 0 0 0 0 0 0 0 0 0
6550	sub_6550_0285800.log	DONE exit=20	200	True	34233	0 0 0 0 0 0 0 0 0 0 0 481 548 205 24 1 0 0 0 0 0 0 0 0 0 0 0 0 0
6550	sub_6550_0286000.log	DONE exit=20	200	True	102467	0 0 0 0 0 0 0 0 0 0 0 746 1550 1642 760 175 15 0 0 0 0 0 0 0 0 0 0 0 0
6550	sub_6550_0286200.log	DONE exit=20	200	True	136811	0 0 0 0 0 0 0 0 0 0 0 874 2100 2565 1456 432 163 26 0 0 0 0 0 0 0 0 0 0 0
6550	sub_6550_0286400.log	DONE exit=20	200	True	53776	0 0 0 0 0 0 0 0 0 0 0 568 805 756 418 72 3 0 0 0 0 0 0 0 0 0 0 0 0
6550	sub_6550_0286600.log	DONE exit=20	200	True	150197	0 0 0 0 0 0 0 0 0 0 0 1053 2706 3466 2315 862 161 18 0 0 0 0 0 0 0 0 0 0 0
6550	sub_6550_0286800.log	DONE exit=20	200	True	163064	0 0 0 0 0 0 0 0 0 0 0 977 2625 3775 2730 1034 195 19 1 0 0 0 0 0 0 0 0 0 0
6550	sub_6550_0287000.log	DONE exit=20	200	True	170495	0 0 0 0 0 0 0 0 0 0 0 941 2467 3483 2721 1121 299 26 0 0 0 0 0 0 0 0 0 0 0
6550	sub_6550_0287200.log	DONE exit=20	200	True	155458	0 0 0 0 0 0 0 0 0 0 0 891 2110 2827 2051 720 158 16 0 0 0 0 0 0 0 0 0 0 0
6550	sub_6550_0287400.log	DONE exit=20	200	True	94832	0 0 0 0 0 0 0 0 0 0 0 792 1560 1666 1077 466 122 17 1 0 0 0 0 0 0 0 0 0 0
6550	sub_6550_0287600.log	DONE exit=20	200	True	172749	0 0 0 0 0 0 0 0 0 0 0 944 2351 3241 2654 1314 383 38 0 0 0 0 0 0 0 0 0 0 0
6550	sub_6550_0287800.log	DONE exit=20	200	True	326981	0 0 0 0 0 0 0 0 0 0 0 1175 3641 6236 5743 3304 1185 255 30 0 0 0 0 0 0 0 0 0 0
6550	sub_6550_0288000.log	DONE exit=20	200	True	219386	0 0 0 0 0 0 0 0 0 0 0 947 2639 4257 3654 1483 347 27 1 0 0 0 0 0 0 0 0 0 0
6550	sub_6550_0288200.log	DONE exit=20	200	True	99371	0 0 0 0 0 0 0 0 0 0 0 806 1648 1478 614 211 77 18 0 0 0 0 0 0 0 0 0 0 0
6550	sub_6550_0288400.log	DONE exit=20	200	True	174614	0 0 0 0 0 0 0 0 0 0 0 891 2433 3594 2815 1190 289 72 15 1 0 0 0 0 0 0 0 0 0
6550	sub_6550_0288600.log	DONE exit=20	200	True	99641	0 0 0 0 0 0 0 0 0 0 0 789 1650 1758 849 153 9 0 0 0 0 0 0 0 0 0 0 0 0
6550	sub_6550_0288800.log	DONE exit=20	200	True	272554	0 0 0 0 0 0 0 0 0 0 0 1146 3602 6010 5188 2273 433 18 0 0 0 0 0 0 0 0 0 0 0
6550	sub_6550_0289000.log	DONE exit=20	200	True	232707	0 0 0 0 0 0 0 0 0 0 0 1034 2920 4512 3750 2003 695 38 2 0 0 0 0 0 0 0 0 0 0
6550	sub_6550_0289200.log	DONE exit=20	200	True	163940	0 0 0 0 0 0 0 0 0 0 0 963 2355 3034 1868 400 37 21 0 0 0 0 0 0 0 0 0 0 0
6550	sub_6550_0289400.log	DONE exit=20	200	True	189673	0 0 0 0 0 0 0 0 0 0 0 779 2173 3631 3452 2037 859 310 3 0 0 0 0 0 0 0 0 0 0
6550	sub_6550_0289600.log	DONE exit=20	200	True	137714	0 0 0 0 0 0 0 0 0 0 0 966 2475 3332 2209 721 125 9 0 0 0 0 0 0 0 0 0 0 0
6550	sub_6550_0289800.log	DONE exit=20	200	True	86612	0 0 0 0 0 0 0 0 0 0 0 810 1595 1603 762 213 35 4 0 0 0 0 0 0 0 0 0 0 0
6550	sub_6550_0290000.log	DONE exit=20	200	True	129591	0 0 0 0 0 0 0 0 0 0 0 788 1824 2401 1787 834 220 18 1 0 0 0 0 0 0 0 0 0 0
6550	sub_6550_0290200.log	DONE exit=20	200	True	169552	0 0 0 0 0 0 0 0 0 0 0 1017 2547 3203 2203 748 141 22 3 0 0 0 0 0 0 0 0 0 0
6550	sub_6550_0290400.log	DONE exit=20	200	True	121048	0 0 0 0 0 0 0 0 0 0 0 911 2102 2017 1000 321 99 15 2 0 0 0 0 0 0 0 0 0 0
6550	sub_6550_0290600.log	DONE exit=20	200	True	44337	0 0 0 0 0 0 0 0 0 0 0 566 678 482 42 0 0 0 0 0 0 0 0 0 0 0 0 0 0
6550	sub_6550_0290800.log	DONE exit=20	200	True	87185	0 0 0 0 0 0 0 0 0 0 0 800 1515 1277 251 18 0 0 0 0 0 0 0 0 0 0 0 0 0
6550	sub_6550_0291000.log	DONE exit=20	200	True	84228	0 0 0 0 0 0 0 0 0 0 0 707 1266 1136 370 18 0 0 0 0 0 0 0 0 0 0 0 0 0
6550	sub_6550_0291200.log	DONE exit=20	200	True	51056	0 0 0 0 0 0 0 0 0 0 0 584 773 598 91 7 0 0 0 0 0 0 0 0 0 0 0 0 0
6550	sub_6550_0291400.log	DONE exit=20	200	True	129968	0 0 0 0 0 0 0 0 0 0 0 957 2132 2297 623 66 2 0 0 0 0 0 0 0 0 0 0 0 0
6550	sub_6550_0291600.log	DONE exit=20	200	True	96246	0 0 0 0 0 0 0 0 0 0 0 734 1197 1178 1257 1146 146 2 0 0 0 0 0 0 0 0 0 0 0
6550	sub_6550_0291800.log	DONE exit=20	200	True	223954	0 0 0 0 0 0 0 0 0 0 0 1139 3240 4440 2224 447 61 8 0 0 0 0 0 0 0 0 0 0 0
6550	sub_6550_0292000.log	DONE exit=20	200	True	197397	0 0 0 0 0 0 0 0 0 0 0 1291 3151 3295 1255 166 19 1 0 0 0 0 0 0 0 0 0 0 0
6550	sub_6550_0292200.log	DONE exit=20	200	True	66085	0 0 0 0 0 0 0 0 0 0 0 613 924 728 142 4 0 0 0 0 0 0 0 0 0 0 0 0 0
6550	sub_6550_0292400.log	DONE exit=20	200	True	57651	0 0 0 0 0 0 0 0 0 0 0 580 836 763 328 70 0 0 0 0 0 0 0 0 0 0 0 0 0
6550	sub_6550_0292600.log	DONE exit=20	200	True	63203	0 0 0 0 0 0 0 0 0 0 0 574 987 1007 421 45 0 0 0 0 0 0 0 0 0 0 0 0 0
6550	sub_6550_0292800.log	DONE exit=20	200	True	63496	0 0 0 0 0 0 0 0 0 0 0 548 972 1067 512 130 0 0 0 0 0 0 0 0 0 0 0 0 0
6550	sub_6550_0293000.log	DONE exit=20	200	True	82132	0 0 0 0 0 0 0 0 0 0 0 700 1306 1404 770 129 6 0 0 0 0 0 0 0 0 0 0 0 0
6550	sub_6550_0293200.log	DONE exit=20	200	True	59811	0 0 0 0 0 0 0 0 0 0 0 673 964 640 174 31 0 0 0 0 0 0 0 0 0 0 0 0 0
6550	sub_6550_0293400.log	DONE exit=20	200	True	106070	0 0 0 0 0 0 0 0 0 0 0 962 1841 1520 635 146 13 0 0 0 0 0 0 0 0 0 0 0 0
6550	sub_6550_0293600.log	DONE exit=20	200	True	157463	0 0 0 0 0 0 0 0 0 0 0 915 2304 2682 1554 398 11 0 0 0 0 0 0 0 0 0 0 0 0
6550	sub_6550_0293800.log	DONE exit=20	200	True	90427	0 0 0 0 0 0 0 0 0 0 0 940 1731 1142 282 41 0 0 0 0 0 0 0 0 0 0 0 0 0
6550	sub_6550_0294000.log	DONE exit=20	200	True	78176	0 0 0 0 0 0 0 0 0 0 0 872 1521 937 225 21 0 0 0 0 0 0 0 0 0 0 0 0 0
6550	sub_6550_0294200.log	DONE exit=20	200	True	133672	0 0 0 0 0 0 0 0 0 0 0 942 2097 2095 1029 238 2 0 0 0 0 0 0 0 0 0 0 0 0
6550	sub_6550_0294400.log	DONE exit=20	200	True	363238	0 0 0 0 0 0 0 0 0 0 0 1179 4124 8631 9959 5009 967 45 0 0 0 0 0 0 0 0 0 0 0
6550	sub_6550_0294600.log	DONE exit=20	200	True	114975	0 0 0 0 0 0 0 0 0 0 0 938 2206 2090 861 138 7 0 0 0 0 0 0 0 0 0 0 0 0
6550	sub_6550_0294800.log	DONE exit=20	200	True	142001	0 0 0 0 0 0 0 0 0 0 0 1053 2578 2655 964 153 13 0 0 0 0 0 0 0 0 0 0 0 0
6550	sub_6550_0295000.log	DONE exit=20	200	True	136261	0 0 0 0 0 0 0 0 0 0 0 939 2258 2087 864 213 1 0 0 0 0 0 0 0 0 0 0 0 0
6550	sub_6550_0295200.log	DONE exit=20	200	True	73008	0 0 0 0 0 0 0 0 0 0 0 844 1627 1194 240 23 0 0 0 0 0 0 0 0 0 0 0 0 0
6550	sub_6550_0295400.log	DONE exit=20	200	True	59310	0 0 0 0 0 0 0 0 0 0 0 689 1102 747 197 14 0 0 0 0 0 0 0 0 0 0 0 0 0
6550	sub_6550_0295600.log	DONE exit=20	200	True	237857	0 0 0 0 0 0 0 0 0 0 0 1164 3013 4016 2677 473 45 0 0 0 0 0 0 0 0 0 0 0 0
6550	sub_6550_0295800.log	DONE exit=20	200	True	268754	0 0 0 0 0 0 0 0 0 0 0 1396 4421 5658 2978 634 36 0 0 0 0 0 0 0 0 0 0 0 0
6550	sub_6550_0296000.log	DONE exit=20	200	True	2283972	0 0 0 0 0 0 0 0 0 0 0 1677 9164 30309 53247 46861 29478 6147 0 0 0 0 0 0 0 0 0 0 0
6550	sub_6550_0296200.log	DONE exit=20	200	True	94578	0 0 0 0 0 0 0 0 0 0 0 1010 2250 1787 448 48 1 0 0 0 0 0 0 0 0 0 0 0 0
6550	sub_6550_0296400.log	DONE exit=20	200	True	69554	0 0 0 0 0 0 0 0 0 0 0 649 1117 871 318 32 1 0 0 0 0 0 0 0 0 0 0 0 0
6550	sub_6550_0296600.log	DONE exit=20	200	True	62288	0 0 0 0 0 0 0 0 0 0 0 879 1323 681 195 41 4 0 0 0 0 0 0 0 0 0 0 0 0
6550	sub_6550_0296800.log	DONE exit=20	200	True	94727	0 0 0 0 0 0 0 0 0 0 0 895 1878 1960 851 149 23 2 0 0 0 0 0 0 0 0 0 0 0
6550	sub_6550_0297000.log	DONE exit=20	200	True	34501	0 0 0 0 0 0 0 0 0 0 0 509 573 316 18 0 0 0 0 0 0 0 0 0 0 0 0 0 0
6550	sub_6550_0297200.log	DONE exit=20	200	True	104516	0 0 0 0 0 0 0 0 0 0 0 985 1947 1654 601 80 4 0 0 0 0 0 0 0 0 0 0 0 0
6550	sub_6550_0297400.log	DONE exit=20	200	True	140127	0 0 0 0 0 0 0 0 0 0 0 997 2410 2596 1338 238 5 0 0 0 0 0 0 0 0 0 0 0 0
6550	sub_6550_0297600.log	DONE exit=20	200	True	1970311	0 0 0 0 0 0 0 0 0 0 0 1655 9101 27754 43802 36208 25323 7150 0 0 0 0 0 0 0 0 0 0 0
6550	sub_6550_0297800.log	DONE exit=20	200	True	64841	0 0 0 0 0 0 0 0 0 0 0 765 1338 949 244 25 0 0 0 0 0 0 0 0 0 0 0 0 0
6550	sub_6550_0298000.log	DONE exit=20	200	True	94321	0 0 0 0 0 0 0 0 0 0 0 912 1986 1714 588 84 0 0 0 0 0 0 0 0 0 0 0 0 0
6550	sub_6550_0298200.log	DONE exit=20	200	True	152581	0 0 0 0 0 0 0 0 0 0 0 1143 2434 2299 981 207 29 0 0 0 0 0 0 0 0 0 0 0 0
6550	sub_6550_0298400.log	DONE exit=20	200	True	328354	0 0 0 0 0 0 0 0 0 0 0 1345 4591 6585 4017 825 46 0 0 0 0 0 0 0 0 0 0 0 0
6550	sub_6550_0298600.log	DONE exit=20	200	True	1065951	0 0 0 0 0 0 0 0 0 0 0 1737 6966 15899 23944 13356 4827 1130 0 0 0 0 0 0 0 0 0 0 0
6550	sub_6550_0298800.log	DONE exit=20	200	True	1554980	0 0 0 0 0 0 0 0 0 0 0 1318 7025 21866 35317 36217 25547 4751 2 0 0 0 0 0 0 0 0 0 0
6550	sub_6550_0299000.log	DONE exit=20	200	True	194559	0 0 0 0 0 0 0 0 0 0 0 1410 3806 4341 2170 557 56 1 0 0 0 0 0 0 0 0 0 0 0
6550	sub_6550_0299200.log	DONE exit=20	200	True	50106	0 0 0 0 0 0 0 0 0 0 0 542 727 525 128 2 0 0 0 0 0 0 0 0 0 0 0 0 0
6550	sub_6550_0299400.log	DONE exit=20	200	True	154428	0 0 0 0 0 0 0 0 0 0 0 1182 2984 3292 1516 332 65 2 0 0 0 0 0 0 0 0 0 0 0
6550	sub_6550_0299600.log	DONE exit=20	200	True	146273	0 0 0 0 0 0 0 0 0 0 0 816 2198 2303 1137 478 66 0 0 0 0 0 0 0 0 0 0 0 0
6550	sub_6550_0299800.log	DONE exit=20	200	True	2430423	0 0 0 0 0 0 0 0 0 0 0 1999 10575 32333 52314 43417 27102 2834 0 0 0 0 0 0 0 0 0 0 0
6550	sub_6550_0300000.log	DONE exit=20	200	True	170101	0 0 0 0 0 0 0 0 0 0 0 886 2121 3133 2747 1249 300 16 0 0 0 0 0 0 0 0 0 0 0
6550	sub_6550_0300200.log	DONE exit=20	200	True	339893	0 0 0 0 0 0 0 0 0 0 0 1559 5640 8354 4901 1165 82 1 0 0 0 0 0 0 0 0 0 0 0
6550	sub_6550_0300400.log	DONE exit=20	200	True	2208371	0 0 0 0 0 0 0 0 0 0 0 2024 10975 32706 50186 40856 28993 9438 15 0 0 0 0 0 0 0 0 0 0
6550	sub_6550_0300600.log	DONE exit=20	200	True	190149	0 0 0 0 0 0 0 0 0 0 0 1029 3045 5608 5217 774 74 0 0 0 0 0 0 0 0 0 0 0 0
6550	sub_6550_0300800.log	DONE exit=20	200	True	456683	0 0 0 0 0 0 0 0 0 0 0 1630 6464 11790 7931 1703 119 0 0 0 0 0 0 0 0 0 0 0 0
6550	sub_6550_0301000.log	DONE exit=20	200	True	190892	0 0 0 0 0 0 0 0 0 0 0 983 2638 4755 4668 2466 528 3 0 0 0 0 0 0 0 0 0 0 0
6550	sub_6550_0301200.log	DONE exit=20	200	True	106182	0 0 0 0 0 0 0 0 0 0 0 964 2010 2048 1177 315 10 0 0 0 0 0 0 0 0 0 0 0 0
6550	sub_6550_0301400.log	DONE exit=20	200	True	129971	0 0 0 0 0 0 0 0 0 0 0 1021 2325 2786 1988 663 148 11 0 0 0 0 0 0 0 0 0 0 0
6550	sub_6550_0301600.log	DONE exit=20	200	True	74144	0 0 0 0 0 0 0 0 0 0 0 766 1399 1312 624 118 2 0 0 0 0 0 0 0 0 0 0 0 0
6550	sub_6550_0301800.log	DONE exit=20	200	True	77390	0 0 0 0 0 0 0 0 0 0 0 766 1440 1339 692 117 3 0 0 0 0 0 0 0 0 0 0 0 0
6550	sub_6550_0302000.log	DONE exit=20	200	True	67399	0 0 0 0 0 0 0 0 0 0 0 702 1187 943 333 41 0 0 0 0 0 0 0 0 0 0 0 0 0
6550	sub_6550_0302200.log	DONE exit=20	200	True	185385	0 0 0 0 0 0 0 0 0 0 0 1222 3282 4330 3092 996 115 0 0 0 0 0 0 0 0 0 0 0 0
6550	sub_6550_0302400.log	DONE exit=20	200	True	64892	0 0 0 0 0 0 0 0 0 0 0 780 1316 1024 420 89 5 0 0 0 0 0 0 0 0 0 0 0 0
6550	sub_6550_0302600.log	DONE exit=20	200	True	204339	0 0 0 0 0 0 0 0 0 0 0 1159 3357 4996 3574 1285 172 3 0 0 0 0 0 0 0 0 0 0 0
6550	sub_6550_0302800.log	DONE exit=20	200	True	174230	0 0 0 0 0 0 0 0 0 0 0 1178 2546 2496 1034 152 5 0 0 0 0 0 0 0 0 0 0 0 0
6550	sub_6550_0303000.log	DONE exit=20	200	True	355612	0 0 0 0 0 0 0 0 0 0 0 1010 3090 5577 6091 2098 135 1 0 0 0 0 0 0 0 0 0 0 0
6550	sub_6550_0303200.log	DONE exit=20	200	True	550108	0 0 0 0 0 0 0 0 0 0 0 1560 5754 10719 10895 3951 345 7 0 0 0 0 0 0 0 0 0 0 0
6550	sub_6550_0303400.log	DONE exit=20	200	True	179942	0 0 0 0 0 0 0 0 0 0 0 962 2609 4110 3367 1198 45 0 0 0 0 0 0 0 0 0 0 0 0
6550	sub_6550_0303600.log	DONE exit=20	200	True	140787	0 0 0 0 0 0 0 0 0 0 0 978 2189 2478 1583 640 160 2 0 0 0 0 0 0 0 0 0 0 0
6550	sub_6550_0303800.log	DONE exit=20	200	True	40268	0 0 0 0 0 0 0 0 0 0 0 533 753 521 147 17 2 0 0 0 0 0 0 0 0 0 0 0 0
6550	sub_6550_0304000.log	DONE exit=20	200	True	87634	0 0 0 0 0 0 0 0 0 0 0 817 1684 1592 671 106 6 0 0 0 0 0 0 0 0 0 0 0 0
6550	sub_6550_0304200.log	DONE exit=20	200	True	102973	0 0 0 0 0 0 0 0 0 0 0 878 2126 2501 1169 249 19 0 0 0 0 0 0 0 0 0 0 0 0
6550	sub_6550_0304400.log	DONE exit=20	200	True	116117	0 0 0 0 0 0 0 0 0 0 0 984 2524 3096 1707 323 5 0 0 0 0 0 0 0 0 0 0 0 0
6550	sub_6550_0304600.log	DONE exit=20	200	True	126620	0 0 0 0 0 0 0 0 0 0 0 860 1882 2072 1295 426 54 2 0 0 0 0 0 0 0 0 0 0 0
6550	sub_6550_0304800.log	DONE exit=20	200	True	243798	0 0 0 0 0 0 0 0 0 0 0 1052 3205 5011 3813 1525 382 53 0 0 0 0 0 0 0 0 0 0 0
6550	sub_6550_0305000.log	DONE exit=20	200	True	260235	0 0 0 0 0 0 0 0 0 0 0 1194 3604 5399 4069 1599 298 21 0 0 0 0 0 0 0 0 0 0 0
6550	sub_6550_0305200.log	DONE exit=20	200	True	81878	0 0 0 0 0 0 0 0 0 0 0 894 1662 1239 373 38 0 0 0 0 0 0 0 0 0 0 0 0 0
6550	sub_6550_0305400.log	DONE exit=20	200	True	132457	0 0 0 0 0 0 0 0 0 0 0 950 2269 2695 1655 545 64 0 0 0 0 0 0 0 0 0 0 0 0
6550	sub_6550_0305600.log	DONE exit=20	200	True	284805	0 0 0 0 0 0 0 0 0 0 0 1332 4386 7128 6103 2415 405 42 4 0 0 0 0 0 0 0 0 0 0
6550	sub_6550_0305800.log	DONE exit=20	200	True	115892	0 0 0 0 0 0 0 0 0 0 0 965 2249 2260 894 147 2 0 0 0 0 0 0 0 0 0 0 0 0
6550	sub_6550_0306000.log	DONE exit=20	200	True	390044	0 0 0 0 0 0 0 0 0 0 0 1355 4802 9301 9601 5426 1519 162 2 0 0 0 0 0 0 0 0 0 0
6550	sub_6550_0306200.log	DONE exit=20	200	True	276945	0 0 0 0 0 0 0 0 0 0 0 1225 4017 6461 5684 2489 378 4 0 0 0 0 0 0 0 0 0 0 0
6550	sub_6550_0306400.log	DONE exit=20	200	True	428313	0 0 0 0 0 0 0 0 0 0 0 1451 5877 12474 12959 6428 1427 19 0 0 0 0 0 0 0 0 0 0 0
6550	sub_6550_0306600.log	DONE exit=20	200	True	144828	0 0 0 0 0 0 0 0 0 0 0 940 2254 2563 1383 315 4 0 0 0 0 0 0 0 0 0 0 0 0
6550	sub_6550_0306800.log	DONE exit=20	200	True	113668	0 0 0 0 0 0 0 0 0 0 0 981 2284 2418 1187 255 12 0 0 0 0 0 0 0 0 0 0 0 0
6550	sub_6550_0307000.log	DONE exit=20	200	True	77970	0 0 0 0 0 0 0 0 0 0 0 808 1554 1487 703 141 11 0 0 0 0 0 0 0 0 0 0 0 0
6550	sub_6550_0307200.log	DONE exit=20	200	True	271746	0 0 0 0 0 0 0 0 0 0 0 1329 4245 6732 5098 1763 321 30 0 0 0 0 0 0 0 0 0 0 0
6550	sub_6550_0307400.log	DONE exit=20	200	True	274823	0 0 0 0 0 0 0 0 0 0 0 1113 3491 5507 3710 1022 71 0 0 0 0 0 0 0 0 0 0 0 0
6550	sub_6550_0307600.log	DONE exit=20	200	True	487139	0 0 0 0 0 0 0 0 0 0 0 1421 5119 10294 11101 3889 354 1 0 0 0 0 0 0 0 0 0 0 0
6550	sub_6550_0307800.log	DONE exit=20	200	True	98620	0 0 0 0 0 0 0 0 0 0 0 959 2058 2027 1021 253 27 0 0 0 0 0 0 0 0 0 0 0 0
6550	sub_6550_0308000.log	DONE exit=20	200	True	77714	0 0 0 0 0 0 0 0 0 0 0 794 1591 1485 752 257 39 0 0 0 0 0 0 0 0 0 0 0 0
6550	sub_6550_0308200.log	DONE exit=20	200	True	83374	0 0 0 0 0 0 0 0 0 0 0 778 1585 1532 598 117 11 0 0 0 0 0 0 0 0 0 0 0 0
6550	sub_6550_0308400.log	DONE exit=20	200	True	116465	0 0 0 0 0 0 0 0 0 0 0 876 1985 2206 1128 203 8 0 0 0 0 0 0 0 0 0 0 0 0
6550	sub_6550_0308600.log	DONE exit=20	200	True	219593	0 0 0 0 0 0 0 0 0 0 0 1030 3221 5254 3843 1028 130 0 0 0 0 0 0 0 0 0 0 0 0
6550	sub_6550_0308800.log	DONE exit=20	200	True	131524	0 0 0 0 0 0 0 0 0 0 0 1031 2484 2598 1269 291 77 16 0 0 0 0 0 0 0 0 0 0 0
6550	sub_6550_0309000.log	DONE exit=20	200	True	328013	0 0 0 0 0 0 0 0 0 0 0 1328 4461 7273 4969 1392 123 2 0 0 0 0 0 0 0 0 0 0 0
6550	sub_6550_0309200.log	DONE exit=20	200	True	568261	0 0 0 0 0 0 0 0 0 0 0 1458 5855 12892 15294 6849 1054 50 0 0 0 0 0 0 0 0 0 0 0
6550	sub_6550_0309400.log	DONE exit=20	200	True	260074	0 0 0 0 0 0 0 0 0 0 0 1274 3962 6276 4580 1306 164 0 0 0 0 0 0 0 0 0 0 0 0
6550	sub_6550_0309600.log	DONE exit=20	200	True	205905	0 0 0 0 0 0 0 0 0 0 0 1158 3311 4727 3784 1724 251 6 0 0 0 0 0 0 0 0 0 0 0
6550	sub_6550_0309800.log	DONE exit=20	200	True	482515	0 0 0 0 0 0 0 0 0 0 0 1147 4319 8856 9845 3128 245 0 0 0 0 0 0 0 0 0 0 0 0
6550	sub_6550_0310000.log	DONE exit=20	200	True	657170	0 0 0 0 0 0 0 0 0 0 0 1566 6242 13944 17313 10119 2721 232 2 0 0 0 0 0 0 0 0 0 0
6550	sub_6550_0310200.log	DONE exit=20	200	True	347628	0 0 0 0 0 0 0 0 0 0 0 1289 4585 8233 6916 2627 455 55 4 0 0 0 0 0 0 0 0 0 0
6550	sub_6550_0310400.log	DONE exit=20	200	True	608028	0 0 0 0 0 0 0 0 0 0 0 1283 5427 13113 15948 7914 1733 169 2 0 0 0 0 0 0 0 0 0 0
6550	sub_6550_0310600.log	DONE exit=20	200	True	121469	0 0 0 0 0 0 0 0 0 0 0 1022 2439 2538 1213 194 15 0 0 0 0 0 0 0 0 0 0 0 0
6550	sub_6550_0310800.log	DONE exit=20	200	True	1340168	0 0 0 0 0 0 0 0 0 0 0 889 3074 6697 8534 8662 8628 3618 0 0 0 0 0 0 0 0 0 0 0
6550	sub_6550_0311000.log	DONE exit=20	200	True	3174686	0 0 0 0 0 0 0 0 0 0 0 1338 4387 9801 17191 25912 30356 12826 86 0 0 0 0 0 0 0 0 0 0
6550	sub_6550_0311200.log	DONE exit=20	200	True	2526196	0 0 0 0 0 0 0 0 0 0 0 1298 4443 10257 15667 19353 21125 8174 86 0 0 0 0 0 0 0 0 0 0
6550	sub_6550_0311400.log	DONE exit=20	200	True	4724114	0 0 0 0 0 0 0 0 0 0 0 1458 5609 13876 23871 36966 45310 21844 108 0 0 0 0 0 0 0 0 0 0
6550	sub_6550_0311600.log	DONE exit=20	200	True	7136297	0 0 0 0 0 0 0 0 0 0 0 1492 6342 16872 35250 59609 70694 31795 112 0 0 0 0 0 0 0 0 0 0
6550	sub_6550_0311800.log	DONE exit=20	200	True	267051	0 0 0 0 0 0 0 0 0 0 0 689 1432 2126 2320 1503 252 0 0 0 0 0 0 0 0 0 0 0 0
6550	sub_6550_0312000.log	DONE exit=20	200	True	47274	0 0 0 0 0 0 0 0 0 0 0 532 670 396 92 8 0 0 0 0 0 0 0 0 0 0 0 0 0
6550	sub_6550_0312200.log	DONE exit=20	200	True	278318	0 0 0 0 0 0 0 0 0 0 0 753 1601 2350 2512 1628 285 2 0 0 0 0 0 0 0 0 0 0 0
6550	sub_6550_0312400.log	DONE exit=20	200	True	362413	0 0 0 0 0 0 0 0 0 0 0 596 1228 2090 3047 2692 710 0 0 0 0 0 0 0 0 0 0 0 0
6550	sub_6550_0312600.log	DONE exit=20	200	True	639326	0 0 0 0 0 0 0 0 0 0 0 931 2566 5116 6925 4333 713 16 0 0 0 0 0 0 0 0 0 0 0
6550	sub_6550_0312800.log	DONE exit=20	200	True	85552	0 0 0 0 0 0 0 0 0 0 0 682 1073 973 566 63 0 0 0 0 0 0 0 0 0 0 0 0 0
6550	sub_6550_0313000.log	DONE exit=20	200	True	438310	0 0 0 0 0 0 0 0 0 0 0 1019 2748 4004 3965 2591 1062 8 0 0 0 0 0 0 0 0 0 0 0
6550	sub_6550_0313200.log	DONE exit=20	200	True	90022	0 0 0 0 0 0 0 0 0 0 0 509 667 634 475 203 0 0 0 0 0 0 0 0 0 0 0 0 0
6550	sub_6550_0313400.log	DONE exit=20	200	True	150410	0 0 0 0 0 0 0 0 0 0 0 961 2156 2203 1030 147 7 0 0 0 0 0 0 0 0 0 0 0 0
6550	sub_6550_0313600.log	DONE exit=20	200	True	265332	0 0 0 0 0 0 0 0 0 0 0 512 920 1755 2581 1718 250 0 0 0 0 0 0 0 0 0 0 0 0
6550	sub_6550_0313800.log	DONE exit=20	200	True	97762	0 0 0 0 0 0 0 0 0 0 0 661 1335 1402 723 37 0 0 0 0 0 0 0 0 0 0 0 0 0
6550	sub_6550_0314000.log	DONE exit=20	200	True	151123	0 0 0 0 0 0 0 0 0 0 0 962 2160 2208 1119 189 16 0 0 0 0 0 0 0 0 0 0 0 0
6550	sub_6550_0314200.log	DONE exit=20	200	True	476689	0 0 0 0 0 0 0 0 0 0 0 1053 2710 4028 4129 2995 942 10 0 0 0 0 0 0 0 0 0 0 0
6550	sub_6550_0314400.log	DONE exit=20	200	True	819527	0 0 0 0 0 0 0 0 0 0 0 956 3043 5686 7620 6190 1955 7 0 0 0 0 0 0 0 0 0 0 0
6550	sub_6550_0314600.log	DONE exit=20	200	True	451229	0 0 0 0 0 0 0 0 0 0 0 929 2271 3519 4196 2934 1111 6 0 0 0 0 0 0 0 0 0 0 0
6550	sub_6550_0314800.log	DONE exit=20	200	True	336024	0 0 0 0 0 0 0 0 0 0 0 805 1775 2675 3029 1876 256 0 0 0 0 0 0 0 0 0 0 0 0
6550	sub_6550_0315000.log	DONE exit=20	200	True	636216	0 0 0 0 0 0 0 0 0 0 0 828 2059 4367 6538 4080 328 0 0 0 0 0 0 0 0 0 0 0 0
6550	sub_6550_0315200.log	DONE exit=20	200	True	367706	0 0 0 0 0 0 0 0 0 0 0 870 2039 3099 3597 2025 216 3 0 0 0 0 0 0 0 0 0 0 0
6550	sub_6550_0315400.log	DONE exit=20	200	True	123290	0 0 0 0 0 0 0 0 0 0 0 800 1799 2249 1507 506 72 3 0 0 0 0 0 0 0 0 0 0 0
6550	sub_6550_0315600.log	DONE exit=20	200	True	90388	0 0 0 0 0 0 0 0 0 0 0 813 1812 2052 1009 186 1 0 0 0 0 0 0 0 0 0 0 0 0
6550	sub_6550_0315800.log	DONE exit=20	200	True	96888	0 0 0 0 0 0 0 0 0 0 0 850 1876 2038 976 246 23 0 0 0 0 0 0 0 0 0 0 0 0
6550	sub_6550_0316000.log	DONE exit=20	200	True	216752	0 0 0 0 0 0 0 0 0 0 0 1247 3725 5629 4201 1262 69 3 0 0 0 0 0 0 0 0 0 0 0
6550	sub_6550_0316200.log	DONE exit=20	200	True	70771	0 0 0 0 0 0 0 0 0 0 0 731 1257 1137 492 23 0 0 0 0 0 0 0 0 0 0 0 0 0
6550	sub_6550_0316400.log	DONE exit=20	200	True	67682	0 0 0 0 0 0 0 0 0 0 0 750 1310 1140 451 58 2 0 0 0 0 0 0 0 0 0 0 0 0
6550	sub_6550_0316600.log	DONE exit=20	200	True	80151	0 0 0 0 0 0 0 0 0 0 0 856 1556 1408 712 138 0 0 0 0 0 0 0 0 0 0 0 0 0
6550	sub_6550_0316800.log	DONE exit=20	200	True	141591	0 0 0 0 0 0 0 0 0 0 0 1087 2634 3119 1879 424 19 0 0 0 0 0 0 0 0 0 0 0 0
6550	sub_6550_0317000.log	DONE exit=20	200	True	57330	0 0 0 0 0 0 0 0 0 0 0 744 1084 583 110 15 1 0 0 0 0 0 0 0 0 0 0 0 0
6550	sub_6550_0317200.log	DONE exit=20	200	True	436963	0 0 0 0 0 0 0 0 0 0 0 1316 4505 7795 7210 2585 252 6 0 0 0 0 0 0 0 0 0 0 0
6550	sub_6550_0317400.log	DONE exit=20	200	True	314718	0 0 0 0 0 0 0 0 0 0 0 1023 2755 4718 5125 1542 42 0 0 0 0 0 0 0 0 0 0 0 0
6550	sub_6550_0317600.log	DONE exit=20	200	True	208531	0 0 0 0 0 0 0 0 0 0 0 1417 3629 4101 2291 487 37 1 0 0 0 0 0 0 0 0 0 0 0
6550	sub_6550_0317800.log	DONE exit=20	200	True	102836	0 0 0 0 0 0 0 0 0 0 0 897 1818 2069 1268 368 41 4 0 0 0 0 0 0 0 0 0 0 0
6550	sub_6550_0318000.log	DONE exit=20	200	True	72264	0 0 0 0 0 0 0 0 0 0 0 816 1450 1063 364 43 1 0 0 0 0 0 0 0 0 0 0 0 0
6550	sub_6550_0318200.log	DONE exit=20	200	True	71699	0 0 0 0 0 0 0 0 0 0 0 680 1208 1266 750 197 14 0 0 0 0 0 0 0 0 0 0 0 0
6550	sub_6550_0318400.log	DONE exit=20	200	True	64343	0 0 0 0 0 0 0 0 0 0 0 693 1200 1057 454 105 7 0 0 0 0 0 0 0 0 0 0 0 0
6550	sub_6550_0318600.log	DONE exit=20	200	True	105577	0 0 0 0 0 0 0 0 0 0 0 838 1809 1927 1098 390 80 10 1 0 0 0 0 0 0 0 0 0 0
6550	sub_6550_0318800.log	DONE exit=20	200	True	373826	0 0 0 0 0 0 0 0 0 0 0 1219 3804 6814 7028 2214 166 14 0 0 0 0 0 0 0 0 0 0 0
6550	sub_6550_0319000.log	DONE exit=20	200	True	202099	0 0 0 0 0 0 0 0 0 0 0 1150 3236 4193 2598 885 184 21 1 0 0 0 0 0 0 0 0 0 0
6550	sub_6550_0319200.log	DONE exit=20	200	True	172692	0 0 0 0 0 0 0 0 0 0 0 976 2389 3052 2405 1175 346 60 6 0 0 0 0 0 0 0 0 0 0
6550	sub_6550_0319400.log	DONE exit=20	200	True	79959	0 0 0 0 0 0 0 0 0 0 0 724 1481 1483 640 126 9 0 0 0 0 0 0 0 0 0 0 0 0
6550	sub_6550_0319600.log	DONE exit=20	200	True	64934	0 0 0 0 0 0 0 0 0 0 0 658 1140 987 364 95 17 0 0 0 0 0 0 0 0 0 0 0 0
6550	sub_6550_0319800.log	DONE exit=20	200	True	405712	0 0 0 0 0 0 0 0 0 0 0 1218 4024 7462 7332 2275 162 23 3 0 0 0 0 0 0 0 0 0 0
6550	sub_6550_0320000.log	DONE exit=20	200	True	262987	0 0 0 0 0 0 0 0 0 0 0 1137 3466 5193 3689 1339 272 35 3 0 0 0 0 0 0 0 0 0 0
6550	sub_6550_0320200.log	DONE exit=20	200	True	122242	0 0 0 0 0 0 0 0 0 0 0 1108 2596 2586 1311 412 76 5 0 0 0 0 0 0 0 0 0 0 0
6550	sub_6550_0320400.log	DONE exit=20	200	True	156496	0 0 0 0 0 0 0 0 0 0 0 1012 2553 3310 2418 969 216 54 14 2 0 0 0 0 0 0 0 0 0
6550	sub_6550_0320600.log	DONE exit=20	200	True	75252	0 0 0 0 0 0 0 0 0 0 0 645 1227 1366 725 131 5 0 0 0 0 0 0 0 0 0 0 0 0
6550	sub_6550_0320800.log	DONE exit=20	200	True	561318	0 0 0 0 0 0 0 0 0 0 0 1491 5723 12037 13538 6010 1047 120 0 0 0 0 0 0 0 0 0 0 0
6550	sub_6550_0321000.log	DONE exit=20	200	True	207157	0 0 0 0 0 0 0 0 0 0 0 1111 3345 4924 3252 992 176 17 1 0 0 0 0 0 0 0 0 0 0
6550	sub_6550_0321200.log	DONE exit=20	200	True	396692	0 0 0 0 0 0 0 0 0 0 0 1419 5182 9380 7860 3387 902 141 21 1 0 0 0 0 0 0 0 0 0
6550	sub_6550_0321400.log	DONE exit=20	200	True	97212	0 0 0 0 0 0 0 0 0 0 0 846 1767 1687 717 140 9 0 0 0 0 0 0 0 0 0 0 0 0
6550	sub_6550_0321600.log	DONE exit=20	200	True	85651	0 0 0 0 0 0 0 0 0 0 0 882 1789 1406 452 56 0 0 0 0 0 0 0 0 0 0 0 0 0
6550	sub_6550_0321800.log	DONE exit=20	200	True	97777	0 0 0 0 0 0 0 0 0 0 0 864 1871 1749 611 93 4 0 0 0 0 0 0 0 0 0 0 0 0
6550	sub_6550_0322000.log	DONE exit=20	200	True	119383	0 0 0 0 0 0 0 0 0 0 0 809 1842 2026 975 209 2 0 0 0 0 0 0 0 0 0 0 0 0
6550	sub_6550_0322200.log	DONE exit=20	200	True	165543	0 0 0 0 0 0 0 0 0 0 0 1120 2767 2999 1365 256 9 0 0 0 0 0 0 0 0 0 0 0 0
6550	sub_6550_0322400.log	DONE exit=20	200	True	74346	0 0 0 0 0 0 0 0 0 0 0 694 1242 1051 401 81 10 1 0 0 0 0 0 0 0 0 0 0 0
6550	sub_6550_0322600.log	DONE exit=20	200	True	109905	0 0 0 0 0 0 0 0 0 0 0 870 1935 1721 545 72 1 0 0 0 0 0 0 0 0 0 0 0 0
6550	sub_6550_0322800.log	DONE exit=20	200	True	546010	0 0 0 0 0 0 0 0 0 0 0 1682 6733 14331 15288 7836 1851 260 22 0 0 0 0 0 0 0 0 0 0
6550	sub_6550_0323000.log	DONE exit=20	200	True	535925	0 0 0 0 0 0 0 0 0 0 0 1426 5537 11763 13147 8432 3371 871 176 45 8 0 0 0 0 0 0 0 0
6550	sub_6550_0323200.log	DONE exit=20	200	True	169356	0 0 0 0 0 0 0 0 0 0 0 1018 2783 3422 2008 492 65 4 1 0 0 0 0 0 0 0 0 0 0
6550	sub_6550_0323400.log	DONE exit=20	200	True	93990	0 0 0 0 0 0 0 0 0 0 0 771 1610 1422 476 54 2 0 0 0 0 0 0 0 0 0 0 0 0
6550	sub_6550_0323600.log	DONE exit=20	200	True	126455	0 0 0 0 0 0 0 0 0 0 0 727 1749 2101 1374 261 38 4 0 0 0 0 0 0 0 0 0 0 0
6550	sub_6550_0323800.log	DONE exit=20	200	True	63363	0 0 0 0 0 0 0 0 0 0 0 507 815 871 517 115 4 0 0 0 0 0 0 0 0 0 0 0 0
6550	sub_6550_0324000.log	DONE exit=20	200	True	154004	0 0 0 0 0 0 0 0 0 0 0 811 1863 2702 2155 656 61 2 0 0 0 0 0 0 0 0 0 0 0
6550	sub_6550_0324200.log	DONE exit=20	200	True	260802	0 0 0 0 0 0 0 0 0 0 0 1020 2852 4508 3999 1688 626 93 1 0 0 0 0 0 0 0 0 0 0
6550	sub_6550_0324400.log	DONE exit=20	200	True	195244	0 0 0 0 0 0 0 0 0 0 0 1022 2708 3779 2635 759 97 7 0 0 0 0 0 0 0 0 0 0 0
6550	sub_6550_0324600.log	DONE exit=20	200	True	57341	0 0 0 0 0 0 0 0 0 0 0 660 1014 683 207 26 2 1 0 0 0 0 0 0 0 0 0 0 0
6550	sub_6550_0324800.log	DONE exit=20	200	True	72180	0 0 0 0 0 0 0 0 0 0 0 665 1150 1045 528 138 28 3 0 0 0 0 0 0 0 0 0 0 0
6550	sub_6550_0325000.log	DONE exit=20	200	True	114962	0 0 0 0 0 0 0 0 0 0 0 784 1558 1688 1105 269 29 2 0 0 0 0 0 0 0 0 0 0 0
6550	sub_6550_0325200.log	DONE exit=20	200	True	90722	0 0 0 0 0 0 0 0 0 0 0 754 1415 1335 684 147 14 1 0 0 0 0 0 0 0 0 0 0 0
6550	sub_6550_0325400.log	DONE exit=20	200	True	93359	0 0 0 0 0 0 0 0 0 0 0 772 1528 1510 660 117 11 0 0 0 0 0 0 0 0 0 0 0 0
6550	sub_6550_0325600.log	DONE exit=20	200	True	306518	0 0 0 0 0 0 0 0 0 0 0 1070 3188 5232 4829 2306 747 137 3 0 0 0 0 0 0 0 0 0 0
6550	sub_6550_0325800.log	DONE exit=20	200	True	123194	0 0 0 0 0 0 0 0 0 0 0 801 1701 1767 1098 159 0 0 0 0 0 0 0 0 0 0 0 0 0
6550	sub_6550_0326000.log	DONE exit=20	200	True	127149	0 0 0 0 0 0 0 0 0 0 0 807 1689 1814 1271 250 11 0 0 0 0 0 0 0 0 0 0 0 0
6550	sub_6550_0326200.log	DONE exit=20	200	True	110703	0 0 0 0 0 0 0 0 0 0 0 788 1653 1867 1123 287 31 1 0 0 0 0 0 0 0 0 0 0 0
6550	sub_6550_0326400.log	DONE exit=20	200	True	82613	0 0 0 0 0 0 0 0 0 0 0 673 1105 1055 662 167 16 2 0 0 0 0 0 0 0 0 0 0 0
6550	sub_6550_0326600.log	DONE exit=20	200	True	92743	0 0 0 0 0 0 0 0 0 0 0 651 1252 1315 802 102 10 2 0 0 0 0 0 0 0 0 0 0 0
6550	sub_6550_0326800.log	DONE exit=20	200	True	112445	0 0 0 0 0 0 0 0 0 0 0 776 1546 1630 1107 242 30 3 0 0 0 0 0 0 0 0 0 0 0
6550	sub_6550_0327000.log	DONE exit=20	200	True	152536	0 0 0 0 0 0 0 0 0 0 0 990 2320 2587 1356 400 166 5 0 0 0 0 0 0 0 0 0 0 0
6550	sub_6550_0327200.log	DONE exit=20	200	True	133335	0 0 0 0 0 0 0 0 0 0 0 783 1714 2066 1394 354 44 1 0 0 0 0 0 0 0 0 0 0 0
6550	sub_6550_0327400.log	DONE exit=20	200	True	57417	0 0 0 0 0 0 0 0 0 0 0 643 910 596 188 24 1 0 0 0 0 0 0 0 0 0 0 0 0
6550	sub_6550_0327600.log	DONE exit=20	200	True	122178	0 0 0 0 0 0 0 0 0 0 0 900 1869 1840 1003 272 52 5 1 0 0 0 0 0 0 0 0 0 0
6550	sub_6550_0327800.log	DONE exit=20	200	True	180175	0 0 0 0 0 0 0 0 0 0 0 583 1263 1600 1184 568 3 0 0 0 0 0 0 0 0 0 0 0 0
6550	sub_6550_0328000.log	DONE exit=20	200	True	471520	0 0 0 0 0 0 0 0 0 0 0 816 2045 3410 4179 3304 821 21 0 0 0 0 0 0 0 0 0 0 0
6550	sub_6550_0328200.log	DONE exit=20	200	True	540738	0 0 0 0 0 0 0 0 0 0 0 812 2131 3829 4955 4000 1161 77 0 0 0 0 0 0 0 0 0 0 0
6550	sub_6550_0328400.log	DONE exit=20	200	True	425424	0 0 0 0 0 0 0 0 0 0 0 788 1948 2969 3392 2759 703 19 0 0 0 0 0 0 0 0 0 0 0
6550	sub_6550_0328600.log	DONE exit=20	200	True	577191	0 0 0 0 0 0 0 0 0 0 0 863 2411 4060 5045 4268 1193 34 0 0 0 0 0 0 0 0 0 0 0
6550	sub_6550_0328800.log	DONE exit=20	200	True	1859933	0 0 0 0 0 0 0 0 0 0 0 976 2758 5471 7084 9865 17065 19196 4365 4 1 0 0 0 0 0 0 0 0
6550	sub_6550_0329000.log	DONE exit=20	200	True	13324341	0 0 0 0 0 0 0 0 0 0 0 1403 6657 21456 54153 108575 154659 107037 25059 8133 2709 0 0 0 0 0 0 0 0
6550	sub_6550_0329200.log	DONE exit=20	200	True	5053261	0 0 0 0 0 0 0 0 0 0 0 1187 4069 10648 23733 44246 53079 26744 7180 3709 948 0 0 0 0 0 0 0 0
6550	sub_6550_0329400.log	DONE exit=20	200	True	127528	0 0 0 0 0 0 0 0 0 0 0 700 1430 1975 1685 745 104 6 0 0 0 0 0 0 0 0 0 0 0
6550	sub_6550_0329600.log	DONE exit=20	200	True	144623	0 0 0 0 0 0 0 0 0 0 0 765 1725 2336 1743 735 130 16 0 0 0 0 0 0 0 0 0 0 0
6550	sub_6550_0329800.log	DONE exit=20	200	True	506824	0 0 0 0 0 0 0 0 0 0 0 872 2265 3773 4493 3691 1176 10 0 0 0 0 0 0 0 0 0 0 0
6550	sub_6550_0330000.log	DONE exit=20	200	True	191117	0 0 0 0 0 0 0 0 0 0 0 744 1661 2433 2019 845 154 4 0 0 0 0 0 0 0 0 0 0 0
6550	sub_6550_0330200.log	DONE exit=20	200	True	678493	0 0 0 0 0 0 0 0 0 0 0 806 1941 3916 6063 5703 2602 60 0 0 0 0 0 0 0 0 0 0 0
6550	sub_6550_0330400.log	DONE exit=20	200	True	1576030	0 0 0 0 0 0 0 0 0 0 0 904 2967 7420 13137 14987 11039 2770 9 0 0 0 0 0 0 0 0 0 0
6550	sub_6550_0330600.log	DONE exit=20	200	True	386507	0 0 0 0 0 0 0 0 0 0 0 1016 2654 4128 4021 2101 275 0 0 0 0 0 0 0 0 0 0 0 0
6550	sub_6550_0330800.log	DONE exit=20	200	True	278991	0 0 0 0 0 0 0 0 0 0 0 881 1820 2271 2116 1285 272 2 0 0 0 0 0 0 0 0 0 0 0
6550	sub_6550_0331000.log	DONE exit=20	200	True	4491828	0 0 0 0 0 0 0 0 0 0 0 1521 6505 16692 30390 43754 48183 19448 987 460 123 0 0 0 0 0 0 0 0
6550	sub_6550_0331200.log	DONE exit=20	200	True	672205	0 0 0 0 0 0 0 0 0 0 0 1057 3158 5962 7708 5701 1883 35 0 0 0 0 0 0 0 0 0 0 0
6550	sub_6550_0331400.log	DONE exit=20	200	True	549090	0 0 0 0 0 0 0 0 0 0 0 1180 3357 5601 6197 4720 2416 76 0 0 0 0 0 0 0 0 0 0 0
6550	sub_6550_0331600.log	DONE exit=20	200	True	225727	0 0 0 0 0 0 0 0 0 0 0 958 2610 3913 3257 1705 625 171 31 2 0 0 0 0 0 0 0 0 0
6550	sub_6550_0331800.log	DONE exit=20	200	True	92174	0 0 0 0 0 0 0 0 0 0 0 781 1477 1444 610 156 27 0 0 0 0 0 0 0 0 0 0 0 0
6550	sub_6550_0332000.log	DONE exit=20	200	True	1460954	0 0 0 0 0 0 0 0 0 0 0 991 3167 7344 11827 12468 8995 2482 32 2 1 0 0 0 0 0 0 0 0
6550	sub_6550_0332200.log	DONE exit=20	200	True	6534645	0 0 0 0 0 0 0 0 0 0 0 1519 6542 17494 34736 55811 60122 37125 12038 6604 1635 0 0 0 0 0 0 0 0
6550	sub_6550_0332400.log	DONE exit=20	200	True	6850327	0 0 0 0 0 0 0 0 0 0 0 1366 5058 12848 26240 42886 56038 60952 71115 47137 17004 0 0 0 0 0 0 0 0
6550	sub_6550_0332600.log	DONE exit=20	200	True	6261053	0 0 0 0 0 0 0 0 0 0 0 1305 5611 15856 32117 51299 57693 38151 20605 10536 2606 0 0 0 0 0 0 0 0
6550	sub_6550_0332800.log	DONE exit=20	200	True	2632287	0 0 0 0 0 0 0 0 0 0 0 1205 4288 10163 17626 21286 20968 15348 6458 1518 179 0 0 0 0 0 0 0 0
6550	sub_6550_0333000.log	DONE exit=20	200	True	1500754	0 0 0 0 0 0 0 0 0 0 0 1058 3824 9397 15289 11342 2643 343 68 1 1 0 0 0 0 0 0 0 0
6550	sub_6550_0333200.log	DONE exit=20	200	True	1434674	0 0 0 0 0 0 0 0 0 0 0 1187 3904 8005 11673 11809 8627 2419 5 0 0 0 0 0 0 0 0 0 0
6550	sub_6550_0333400.log	DONE exit=20	200	True	281600	0 0 0 0 0 0 0 0 0 0 0 938 2078 2833 2647 1602 223 0 0 0 0 0 0 0 0 0 0 0 0
6550	sub_6550_0333600.log	DONE exit=20	200	True	69750	0 0 0 0 0 0 0 0 0 0 0 818 1357 1040 448 106 8 0 0 0 0 0 0 0 0 0 0 0 0
6550	sub_6550_0333800.log	DONE exit=20	200	True	134448	0 0 0 0 0 0 0 0 0 0 0 940 2154 2410 1515 614 169 42 7 0 0 0 0 0 0 0 0 0 0
6550	sub_6550_0334000.log	DONE exit=20	200	True	97476	0 0 0 0 0 0 0 0 0 0 0 626 1150 1426 1263 746 209 20 0 0 0 0 0 0 0 0 0 0 0
6550	sub_6550_0334200.log	DONE exit=20	200	True	72454	0 0 0 0 0 0 0 0 0 0 0 656 1129 964 447 155 39 1 0 0 0 0 0 0 0 0 0 0 0
6550	sub_6550_0334400.log	DONE exit=20	200	True	102794	0 0 0 0 0 0 0 0 0 0 0 751 1506 1761 1057 334 51 4 0 0 0 0 0 0 0 0 0 0 0
6550	sub_6550_0334600.log	DONE exit=20	200	True	212633	0 0 0 0 0 0 0 0 0 0 0 955 2547 3751 3197 1705 703 149 6 0 0 0 0 0 0 0 0 0 0
6550	sub_6550_0334800.log	DONE exit=20	200	True	192211	0 0 0 0 0 0 0 0 0 0 0 857 2206 3496 3146 1658 554 113 1 0 0 0 0 0 0 0 0 0 0
6550	sub_6550_0335000.log	DONE exit=20	200	True	487403	0 0 0 0 0 0 0 0 0 0 0 1210 4250 8365 9275 7474 4287 993 7 0 0 0 0 0 0 0 0 0 0
6550	sub_6550_0335200.log	DONE exit=20	200	True	564843	0 0 0 0 0 0 0 0 0 0 0 1167 4268 9590 13624 11599 6124 1204 7 0 0 0 0 0 0 0 0 0 0
6550	sub_6550_0335400.log	DONE exit=20	200	True	154214	0 0 0 0 0 0 0 0 0 0 0 866 2245 3269 2622 1086 203 15 0 0 0 0 0 0 0 0 0 0 0
6550	sub_6550_0335600.log	DONE exit=20	200	True	216484	0 0 0 0 0 0 0 0 0 0 0 1001 2816 4420 3691 1719 490 71 5 0 0 0 0 0 0 0 0 0 0
6550	sub_6550_0335800.log	DONE exit=20	200	True	239815	0 0 0 0 0 0 0 0 0 0 0 971 2836 4573 3858 1869 569 116 13 0 0 0 0 0 0 0 0 0 0
6550	sub_6550_0336000.log	DONE exit=20	200	True	281313	0 0 0 0 0 0 0 0 0 0 0 1048 3146 5060 4599 2583 963 201 29 2 0 0 0 0 0 0 0 0 0
6550	sub_6550_0336200.log	DONE exit=20	200	True	217966	0 0 0 0 0 0 0 0 0 0 0 1090 3262 4613 2904 803 153 24 0 0 0 0 0 0 0 0 0 0 0
6550	sub_6550_0336400.log	DONE exit=20	200	True	265354	0 0 0 0 0 0 0 0 0 0 0 1104 3355 5284 4159 2147 968 370 99 16 0 0 0 0 0 0 0 0 0
6550	sub_6550_0336600.log	DONE exit=20	200	True	301490	0 0 0 0 0 0 0 0 0 0 0 1077 3455 5791 4901 1940 542 91 5 0 0 0 0 0 0 0 0 0 0
6550	sub_6550_0336800.log	DONE exit=20	200	True	94936	0 0 0 0 0 0 0 0 0 0 0 837 1874 1901 747 119 17 2 0 0 0 0 0 0 0 0 0 0 0
6550	sub_6550_0337000.log	DONE exit=20	200	True	223496	0 0 0 0 0 0 0 0 0 0 0 1051 2754 3786 3083 1497 694 351 114 0 0 0 0 0 0 0 0 0 0
6550	sub_6550_0337200.log	DONE exit=20	200	True	333251	0 0 0 0 0 0 0 0 0 0 0 984 2804 5056 5790 4198 2111 820 213 2 0 0 0 0 0 0 0 0 0
6550	sub_6550_0337400.log	DONE exit=20	200	True	178060	0 0 0 0 0 0 0 0 0 0 0 850 2129 3119 2797 1547 507 67 1 0 0 0 0 0 0 0 0 0 0
6550	sub_6550_0337600.log	DONE exit=20	200	True	359391	0 0 0 0 0 0 0 0 0 0 0 1107 3487 6158 6278 4244 1944 230 1 0 0 0 0 0 0 0 0 0 0
6550	sub_6550_0337800.log	DONE exit=20	200	True	625687	0 0 0 0 0 0 0 0 0 0 0 1337 4515 8811 11926 13289 12226 3716 2 0 0 0 0 0 0 0 0 0 0
6550	sub_6550_0338000.log	DONE exit=20	200	True	270124	0 0 0 0 0 0 0 0 0 0 0 1048 3297 5879 5650 3091 1125 355 2 0 0 0 0 0 0 0 0 0 0
6550	sub_6550_0338200.log	DONE exit=20	200	True	406800	0 0 0 0 0 0 0 0 0 0 0 1270 4510 8127 8252 5179 1939 404 24 0 0 0 0 0 0 0 0 0 0
6550	sub_6550_0338400.log	DONE exit=20	200	True	57607	0 0 0 0 0 0 0 0 0 0 0 670 994 734 131 3 0 0 0 0 0 0 0 0 0 0 0 0 0
6550	sub_6550_0338600.log	DONE exit=20	200	True	55203	0 0 0 0 0 0 0 0 0 0 0 608 994 749 142 15 1 0 0 0 0 0 0 0 0 0 0 0 0
6550	sub_6550_0338800.log	DONE exit=20	200	True	104498	0 0 0 0 0 0 0 0 0 0 0 876 1685 1449 393 35 1 0 0 0 0 0 0 0 0 0 0 0 0
6550	sub_6550_0339000.log	DONE exit=20	200	True	180080	0 0 0 0 0 0 0 0 0 0 0 936 2272 3011 2426 1373 150 2 0 0 0 0 0 0 0 0 0 0 0
6550	sub_6550_0339200.log	DONE exit=20	200	True	68121	0 0 0 0 0 0 0 0 0 0 0 748 1308 1030 213 16 0 0 0 0 0 0 0 0 0 0 0 0 0
6550	sub_6550_0339400.log	DONE exit=20	200	True	106259	0 0 0 0 0 0 0 0 0 0 0 797 1733 2026 763 71 3 0 0 0 0 0 0 0 0 0 0 0 0
6550	sub_6550_0339600.log	DONE exit=20	200	True	145549	0 0 0 0 0 0 0 0 0 0 0 904 2088 2603 1509 407 42 0 0 0 0 0 0 0 0 0 0 0 0
6550	sub_6550_0339800.log	DONE exit=20	200	True	301247	0 0 0 0 0 0 0 0 0 0 0 1151 3125 4914 5184 3640 1846 550 33 1 0 0 0 0 0 0 0 0 0
6550	sub_6550_0340000.log	DONE exit=20	200	True	205763	0 0 0 0 0 0 0 0 0 0 0 1242 3113 3599 1507 248 33 1 0 0 0 0 0 0 0 0 0 0 0
6550	sub_6550_0340200.log	DONE exit=20	200	True	92410	0 0 0 0 0 0 0 0 0 0 0 693 1262 1332 446 63 0 0 0 0 0 0 0 0 0 0 0 0 0
6550	sub_6550_0340400.log	DONE exit=20	200	True	44886	0 0 0 0 0 0 0 0 0 0 0 537 554 372 198 28 0 0 0 0 0 0 0 0 0 0 0 0 0
6550	sub_6550_0340600.log	DONE exit=20	200	True	58808	0 0 0 0 0 0 0 0 0 0 0 473 845 1010 559 165 5 0 0 0 0 0 0 0 0 0 0 0 0
6550	sub_6550_0340800.log	DONE exit=20	200	True	78377	0 0 0 0 0 0 0 0 0 0 0 638 1189 1322 658 130 18 0 0 0 0 0 0 0 0 0 0 0 0
6550	sub_6550_0341000.log	DONE exit=20	200	True	80012	0 0 0 0 0 0 0 0 0 0 0 674 1247 1328 615 78 2 0 0 0 0 0 0 0 0 0 0 0 0
6550	sub_6550_0341200.log	DONE exit=20	200	True	305186	0 0 0 0 0 0 0 0 0 0 0 1177 3142 5006 4577 3013 1255 93 0 0 0 0 0 0 0 0 0 0 0
6550	sub_6550_0341400.log	DONE exit=20	200	True	446472	0 0 0 0 0 0 0 0 0 0 0 1348 4389 8107 7935 2783 873 11 0 0 0 0 0 0 0 0 0 0 0
6550	sub_6550_0341600.log	DONE exit=20	200	True	358797	0 0 0 0 0 0 0 0 0 0 0 1373 4396 7967 6124 2405 440 17 0 0 0 0 0 0 0 0 0 0 0
6550	sub_6550_0341800.log	DONE exit=20	200	True	575708	0 0 0 0 0 0 0 0 0 0 0 1453 5723 11074 11504 5283 1251 63 5 0 0 0 0 0 0 0 0 0 0
6550	sub_6550_0342000.log	DONE exit=20	200	True	479714	0 0 0 0 0 0 0 0 0 0 0 1358 4548 8598 10228 5469 1199 30 1 0 0 0 0 0 0 0 0 0 0
6550	sub_6550_0342200.log	DONE exit=20	200	True	40573	0 0 0 0 0 0 0 0 0 0 0 594 706 384 90 2 0 0 0 0 0 0 0 0 0 0 0 0 0
6550	sub_6550_0342400.log	DONE exit=20	200	True	79522	0 0 0 0 0 0 0 0 0 0 0 825 1514 1257 364 61 7 0 0 0 0 0 0 0 0 0 0 0 0
6550	sub_6550_0342600.log	DONE exit=20	200	True	118895	0 0 0 0 0 0 0 0 0 0 0 997 1987 1853 660 116 3 0 0 0 0 0 0 0 0 0 0 0 0
6550	sub_6550_0342800.log	DONE exit=20	200	True	312554	0 0 0 0 0 0 0 0 0 0 0 1390 4064 5861 3902 902 156 6 0 0 0 0 0 0 0 0 0 0 0
6550	sub_6550_0343000.log	DONE exit=20	200	True	347636	0 0 0 0 0 0 0 0 0 0 0 1393 4983 7223 4729 1568 241 4 0 0 0 0 0 0 0 0 0 0 0
6550	sub_6550_0343200.log	DONE exit=20	200	True	85209	0 0 0 0 0 0 0 0 0 0 0 833 1623 1386 607 134 17 1 0 0 0 0 0 0 0 0 0 0 0
6550	sub_6550_0343400.log	DONE exit=20	200	True	137206	0 0 0 0 0 0 0 0 0 0 0 1068 2647 3022 1697 556 66 0 0 0 0 0 0 0 0 0 0 0 0
6550	sub_6550_0343600.log	DONE exit=20	200	True	92753	0 0 0 0 0 0 0 0 0 0 0 816 1795 1828 738 74 0 0 0 0 0 0 0 0 0 0 0 0 0
6550	sub_6550_0343800.log	DONE exit=20	200	True	148495	0 0 0 0 0 0 0 0 0 0 0 1089 2546 2643 1648 557 102 4 0 0 0 0 0 0 0 0 0 0 0
6550	sub_6550_0344000.log	DONE exit=20	200	True	70392	0 0 0 0 0 0 0 0 0 0 0 681 1338 1154 363 41 6 0 0 0 0 0 0 0 0 0 0 0 0
6550	sub_6550_0344200.log	DONE exit=20	200	True	103905	0 0 0 0 0 0 0 0 0 0 0 1010 2274 2075 562 50 0 0 0 0 0 0 0 0 0 0 0 0 0
6550	sub_6550_0344400.log	DONE exit=20	200	True	68674	0 0 0 0 0 0 0 0 0 0 0 738 1275 1069 405 78 1 0 0 0 0 0 0 0 0 0 0 0 0
6550	sub_6550_0344600.log	DONE exit=20	200	True	232668	0 0 0 0 0 0 0 0 0 0 0 1214 3209 4205 2458 488 42 0 0 0 0 0 0 0 0 0 0 0 0
6550	sub_6550_0344800.log	DONE exit=20	200	True	328316	0 0 0 0 0 0 0 0 0 0 0 1487 4768 6606 3678 952 129 4 0 0 0 0 0 0 0 0 0 0 0
6550	sub_6550_0345000.log	DONE exit=20	200	True	310918	0 0 0 0 0 0 0 0 0 0 0 1239 4242 6677 5055 1783 257 25 1 0 0 0 0 0 0 0 0 0 0
6550	sub_6550_0345200.log	DONE exit=20	200	True	92455	0 0 0 0 0 0 0 0 0 0 0 855 1708 1617 850 312 83 10 0 0 0 0 0 0 0 0 0 0 0
6550	sub_6550_0345400.log	DONE exit=20	200	True	133874	0 0 0 0 0 0 0 0 0 0 0 1087 2793 3241 2014 632 68 1 0 0 0 0 0 0 0 0 0 0 0
6550	sub_6550_0345600.log	DONE exit=20	200	True	91267	0 0 0 0 0 0 0 0 0 0 0 839 1873 1865 817 148 15 1 0 0 0 0 0 0 0 0 0 0 0
6550	sub_6550_0345800.log	DONE exit=20	200	True	93403	0 0 0 0 0 0 0 0 0 0 0 975 1919 1457 545 90 5 0 0 0 0 0 0 0 0 0 0 0 0
6550	sub_6550_0346000.log	DONE exit=20	200	True	97401	0 0 0 0 0 0 0 0 0 0 0 815 1503 1665 924 146 11 1 0 0 0 0 0 0 0 0 0 0 0
6550	sub_6550_0346200.log	DONE exit=20	200	True	191010	0 0 0 0 0 0 0 0 0 0 0 952 2206 2612 2391 1400 208 0 0 0 0 0 0 0 0 0 0 0 0
6550	sub_6550_0346400.log	DONE exit=20	200	True	144471	0 0 0 0 0 0 0 0 0 0 0 942 2296 2483 1546 523 74 3 0 0 0 0 0 0 0 0 0 0 0
6550	sub_6550_0346600.log	DONE exit=20	200	True	228526	0 0 0 0 0 0 0 0 0 0 0 1221 3466 4509 2647 505 21 0 0 0 0 0 0 0 0 0 0 0 0
6550	sub_6550_0346800.log	DONE exit=20	200	True	206979	0 0 0 0 0 0 0 0 0 0 0 1030 2767 4106 3492 1616 380 15 0 0 0 0 0 0 0 0 0 0 0
6550	sub_6550_0347000.log	DONE exit=20	200	True	2296390	0 0 0 0 0 0 0 0 0 0 0 2120 11537 33119 50795 43571 32543 10934 83 0 0 0 0 0 0 0 0 0 0
6550	sub_6550_0347200.log	DONE exit=20	200	True	396521	0 0 0 0 0 0 0 0 0 0 0 1186 3723 6787 6740 3385 1116 209 0 0 0 0 0 0 0 0 0 0 0
6550	sub_6550_0347400.log	DONE exit=20	200	True	260602	0 0 0 0 0 0 0 0 0 0 0 1275 4132 6717 5018 1092 142 10 0 0 0 0 0 0 0 0 0 0 0
6550	sub_6550_0347600.log	DONE exit=20	200	True	185843	0 0 0 0 0 0 0 0 0 0 0 1166 3326 4851 3378 772 40 1 0 0 0 0 0 0 0 0 0 0 0
6550	sub_6550_0347800.log	DONE exit=20	200	True	572507	0 0 0 0 0 0 0 0 0 0 0 1403 5782 12793 15586 9392 2822 501 0 0 0 0 0 0 0 0 0 0 0
6550	sub_6550_0348000.log	DONE exit=20	200	True	70772	0 0 0 0 0 0 0 0 0 0 0 832 1548 1135 340 47 1 0 0 0 0 0 0 0 0 0 0 0 0
6550	sub_6550_0348200.log	DONE exit=20	200	True	71278	0 0 0 0 0 0 0 0 0 0 0 792 1434 1187 332 36 2 0 0 0 0 0 0 0 0 0 0 0 0
6550	sub_6550_0348400.log	DONE exit=20	200	True	92525	0 0 0 0 0 0 0 0 0 0 0 974 1797 1426 507 77 6 1 0 0 0 0 0 0 0 0 0 0 0
6550	sub_6550_0348600.log	DONE exit=20	200	True	134592	0 0 0 0 0 0 0 0 0 0 0 1202 2463 1957 679 126 9 0 0 0 0 0 0 0 0 0 0 0 0
6550	sub_6550_0348800.log	DONE exit=20	200	True	85213	0 0 0 0 0 0 0 0 0 0 0 847 1456 1030 358 42 0 0 0 0 0 0 0 0 0 0 0 0 0
6550	sub_6550_0349000.log	DONE exit=20	200	True	225414	0 0 0 0 0 0 0 0 0 0 0 1415 3645 4150 2113 509 41 1 0 0 0 0 0 0 0 0 0 0 0
6550	sub_6550_0349200.log	DONE exit=20	200	True	152336	0 0 0 0 0 0 0 0 0 0 0 1143 2490 2332 1040 205 5 0 0 0 0 0 0 0 0 0 0 0 0
6550	sub_6550_0349400.log	DONE exit=20	200	True	231410	0 0 0 0 0 0 0 0 0 0 0 1162 3256 4195 2605 921 42 0 0 0 0 0 0 0 0 0 0 0 0
6550	sub_6550_0349600.log	DONE exit=20	200	True	55321	0 0 0 0 0 0 0 0 0 0 0 634 910 569 139 17 0 0 0 0 0 0 0 0 0 0 0 0 0
6550	sub_6550_0349800.log	DONE exit=20	200	True	130105	0 0 0 0 0 0 0 0 0 0 0 1109 2338 1939 582 63 0 0 0 0 0 0 0 0 0 0 0 0 0
6550	sub_6550_0350000.log	DONE exit=20	200	True	133289	0 0 0 0 0 0 0 0 0 0 0 1042 2260 2023 747 130 3 0 0 0 0 0 0 0 0 0 0 0 0
6550	sub_6550_0350200.log	DONE exit=20	200	True	157499	0 0 0 0 0 0 0 0 0 0 0 1056 2328 2406 1230 326 13 0 0 0 0 0 0 0 0 0 0 0 0
6550	sub_6550_0350400.log	DONE exit=20	200	True	403263	0 0 0 0 0 0 0 0 0 0 0 1364 4282 7853 8814 5478 1275 103 0 0 0 0 0 0 0 0 0 0 0
6550	sub_6550_0350600.log	DONE exit=20	200	True	307569	0 0 0 0 0 0 0 0 0 0 0 1218 4002 7426 7453 3759 892 90 1 0 0 0 0 0 0 0 0 0 0
6550	sub_6550_0350800.log	DONE exit=20	200	True	161122	0 0 0 0 0 0 0 0 0 0 0 1080 3104 3462 1773 381 32 0 0 0 0 0 0 0 0 0 0 0 0
6550	sub_6550_0351000.log	DONE exit=20	200	True	151486	0 0 0 0 0 0 0 0 0 0 0 948 2520 2632 1327 339 3 0 0 0 0 0 0 0 0 0 0 0 0
6550	sub_6550_0351200.log	DONE exit=20	200	True	143222	0 0 0 0 0 0 0 0 0 0 0 1087 2616 3046 1983 538 32 0 0 0 0 0 0 0 0 0 0 0 0
6550	sub_6550_0351400.log	DONE exit=20	200	True	121063	0 0 0 0 0 0 0 0 0 0 0 922 2027 2404 1536 504 62 4 0 0 0 0 0 0 0 0 0 0 0
6550	sub_6550_0351600.log	DONE exit=20	200	True	135666	0 0 0 0 0 0 0 0 0 0 0 1017 2335 2939 1674 404 27 2 0 0 0 0 0 0 0 0 0 0 0
6550	sub_6550_0351800.log	DONE exit=20	200	True	668255	0 0 0 0 0 0 0 0 0 0 0 1323 5023 10963 14104 5582 425 12 1 0 0 0 0 0 0 0 0 0 0
6550	sub_6550_0352000.log	DONE exit=20	200	True	163621	0 0 0 0 0 0 0 0 0 0 0 959 2224 2411 1279 314 24 0 0 0 0 0 0 0 0 0 0 0 0
6550	sub_6550_0352200.log	DONE exit=20	200	True	163017	0 0 0 0 0 0 0 0 0 0 0 1060 2499 2903 1584 299 25 0 0 0 0 0 0 0 0 0 0 0 0
6550	sub_6550_0352400.log	DONE exit=20	200	True	91769	0 0 0 0 0 0 0 0 0 0 0 796 1636 1697 768 125 3 0 0 0 0 0 0 0 0 0 0 0 0
6550	sub_6550_0352600.log	DONE exit=20	200	True	230929	0 0 0 0 0 0 0 0 0 0 0 1046 3009 4650 3723 1563 374 49 3 0 0 0 0 0 0 0 0 0 0
6550	sub_6550_0352800.log	DONE exit=20	200	True	164271	0 0 0 0 0 0 0 0 0 0 0 1164 2910 3334 1848 401 29 0 0 0 0 0 0 0 0 0 0 0 0
6550	sub_6550_0353000.log	DONE exit=20	200	True	137095	0 0 0 0 0 0 0 0 0 0 0 1003 2265 2671 1677 607 130 4 0 0 0 0 0 0 0 0 0 0 0
6550	sub_6550_0353200.log	DONE exit=20	200	True	68268	0 0 0 0 0 0 0 0 0 0 0 769 1276 919 306 46 4 0 0 0 0 0 0 0 0 0 0 0 0
6550	sub_6550_0353400.log	DONE exit=20	200	True	388724	0 0 0 0 0 0 0 0 0 0 0 1739 5677 8759 6784 2671 590 93 3 0 0 0 0 0 0 0 0 0 0
6550	sub_6550_0353600.log	DONE exit=20	200	True	284563	0 0 0 0 0 0 0 0 0 0 0 1148 3676 6538 6019 2404 233 8 0 0 0 0 0 0 0 0 0 0 0
6550	sub_6550_0353800.log	DONE exit=20	200	True	301283	0 0 0 0 0 0 0 0 0 0 0 1163 3502 5715 5361 3122 1106 145 5 0 0 0 0 0 0 0 0 0 0
6550	sub_6550_0354000.log	DONE exit=20	200	True	42512	0 0 0 0 0 0 0 0 0 0 0 601 705 307 56 6 0 0 0 0 0 0 0 0 0 0 0 0 0
6550	sub_6550_0354200.log	DONE exit=20	200	True	98203	0 0 0 0 0 0 0 0 0 0 0 723 1475 1671 969 281 36 1 0 0 0 0 0 0 0 0 0 0 0
6550	sub_6550_0354400.log	DONE exit=20	200	True	62608	0 0 0 0 0 0 0 0 0 0 0 631 1053 769 368 112 14 4 0 0 0 0 0 0 0 0 0 0 0
6550	sub_6550_0354600.log	DONE exit=20	200	True	157580	0 0 0 0 0 0 0 0 0 0 0 1012 2675 3729 2180 544 53 3 0 0 0 0 0 0 0 0 0 0 0
6550	sub_6550_0354800.log	DONE exit=20	200	True	150548	0 0 0 0 0 0 0 0 0 0 0 991 2516 3232 1923 590 78 2 0 0 0 0 0 0 0 0 0 0 0
6550	sub_6550_0355000.log	DONE exit=20	200	True	92589	0 0 0 0 0 0 0 0 0 0 0 867 1768 1696 854 243 29 2 0 0 0 0 0 0 0 0 0 0 0
6550	sub_6550_0355200.log	DONE exit=20	200	True	215724	0 0 0 0 0 0 0 0 0 0 0 1147 3456 5140 3976 1652 391 55 2 0 0 0 0 0 0 0 0 0 0
6550	sub_6550_0355400.log	DONE exit=20	200	True	543111	0 0 0 0 0 0 0 0 0 0 0 1437 5223 10656 11875 4818 553 12 0 0 0 0 0 0 0 0 0 0 0
6550	sub_6550_0355600.log	DONE exit=20	200	True	627093	0 0 0 0 0 0 0 0 0 0 0 1548 6733 15313 17351 8958 1786 153 6 0 0 0 0 0 0 0 0 0 0
6550	sub_6550_0355800.log	DONE exit=20	200	True	192996	0 0 0 0 0 0 0 0 0 0 0 896 2439 3607 2734 1036 100 6 0 0 0 0 0 0 0 0 0 0 0
6550	sub_6550_0356000.log	DONE exit=20	200	True	167772	0 0 0 0 0 0 0 0 0 0 0 1248 3241 3742 2088 582 66 1 0 0 0 0 0 0 0 0 0 0 0
6550	sub_6550_0356200.log	DONE exit=20	200	True	562856	0 0 0 0 0 0 0 0 0 0 0 1553 6229 13442 15365 8238 2195 441 65 5 0 0 0 0 0 0 0 0 0
6550	sub_6550_0356400.log	DONE exit=20	200	True	107016	0 0 0 0 0 0 0 0 0 0 0 854 1867 1966 966 225 27 2 0 0 0 0 0 0 0 0 0 0 0
6550	sub_6550_0356600.log	DONE exit=20	200	True	179622	0 0 0 0 0 0 0 0 0 0 0 942 2466 3370 2556 1302 444 94 12 0 0 0 0 0 0 0 0 0 0
6550	sub_6550_0356800.log	DONE exit=20	200	True	160953	0 0 0 0 0 0 0 0 0 0 0 1071 2845 3378 1828 493 56 2 0 0 0 0 0 0 0 0 0 0 0
6550	sub_6550_0357000.log	DONE exit=20	200	True	418066	0 0 0 0 0 0 0 0 0 0 0 1138 3808 7614 8494 3250 301 5 0 0 0 0 0 0 0 0 0 0 0
6550	sub_6550_0357200.log	DONE exit=20	200	True	613411	0 0 0 0 0 0 0 0 0 0 0 1596 6408 12854 12402 6367 2126 523 91 6 0 0 0 0 0 0 0 0 0
6550	sub_6550_0357400.log	DONE exit=20	200	True	480816	0 0 0 0 0 0 0 0 0 0 0 1155 4441 10019 12454 8110 2411 344 44 2 0 0 0 0 0 0 0 0 0
6550	sub_6550_0357600.log	DONE exit=20	200	True	143180	0 0 0 0 0 0 0 0 0 0 0 1040 2513 2788 1530 494 84 6 0 0 0 0 0 0 0 0 0 0 0
6550	sub_6550_0357800.log	DONE exit=20	200	True	256946	0 0 0 0 0 0 0 0 0 0 0 1321 4171 6350 4330 1227 179 12 0 0 0 0 0 0 0 0 0 0 0
6550	sub_6550_0358000.log	DONE exit=20	200	True	157565	0 0 0 0 0 0 0 0 0 0 0 1061 2748 3457 2211 718 119 7 0 0 0 0 0 0 0 0 0 0 0
6550	sub_6550_0358200.log	DONE exit=20	200	True	511605	0 0 0 0 0 0 0 0 0 0 0 1221 4610 9743 11429 3994 368 0 0 0 0 0 0 0 0 0 0 0 0
6550	sub_6550_0358400.log	DONE exit=20	200	True	273861	0 0 0 0 0 0 0 0 0 0 0 1159 3962 6679 5072 1450 151 0 0 0 0 0 0 0 0 0 0 0 0
6550	sub_6550_0358600.log	DONE exit=20	200	True	724400	0 0 0 0 0 0 0 0 0 0 0 1689 7096 15592 18172 10695 2884 211 4 0 0 0 0 0 0 0 0 0 0
6550	sub_6550_0358800.log	DONE exit=20	200	True	744550	0 0 0 0 0 0 0 0 0 0 0 1643 7059 16130 18577 8942 2317 437 38 3 0 0 0 0 0 0 0 0 0
6550	sub_6550_0359000.log	DONE exit=20	200	True	224193	0 0 0 0 0 0 0 0 0 0 0 982 2940 4543 3317 1073 160 10 1 0 0 0 0 0 0 0 0 0 0
6550	sub_6550_0359200.log	DONE exit=20	200	True	145072	0 0 0 0 0 0 0 0 0 0 0 974 2343 2871 1729 519 87 9 1 0 0 0 0 0 0 0 0 0 0
6550	sub_6550_0359400.log	DONE exit=20	200	True	214987	0 0 0 0 0 0 0 0 0 0 0 1194 3409 4762 3287 1099 191 17 0 0 0 0 0 0 0 0 0 0 0
6550	sub_6550_0359600.log	DONE exit=20	200	True	135750	0 0 0 0 0 0 0 0 0 0 0 985 2349 2519 1279 343 20 0 0 0 0 0 0 0 0 0 0 0 0
6550	sub_6550_0359800.log	DONE exit=20	200	True	158147	0 0 0 0 0 0 0 0 0 0 0 1027 2532 3021 1740 475 46 2 0 0 0 0 0 0 0 0 0 0 0
6550	sub_6550_0360000.log	DONE exit=20	200	True	180806	0 0 0 0 0 0 0 0 0 0 0 1038 2765 3715 2267 592 51 0 0 0 0 0 0 0 0 0 0 0 0
6550	sub_6550_0360200.log	DONE exit=20	200	True	155756	0 0 0 0 0 0 0 0 0 0 0 1086 2663 2880 1393 359 13 0 0 0 0 0 0 0 0 0 0 0 0
6550	sub_6550_0360400.log	DONE exit=20	200	True	344247	0 0 0 0 0 0 0 0 0 0 0 1245 3927 6430 5813 3197 1238 357 86 9 0 0 0 0 0 0 0 0 0
6550	sub_6550_0360600.log	DONE exit=20	200	True	108087	0 0 0 0 0 0 0 0 0 0 0 760 1540 1645 930 321 77 5 0 0 0 0 0 0 0 0 0 0 0
6550	sub_6550_0360800.log	DONE exit=20	200	True	111728	0 0 0 0 0 0 0 0 0 0 0 835 1842 1845 711 95 4 0 0 0 0 0 0 0 0 0 0 0 0
6550	sub_6550_0361000.log	DONE exit=20	200	True	310352	0 0 0 0 0 0 0 0 0 0 0 1422 4621 7605 6112 2405 303 11 0 0 0 0 0 0 0 0 0 0 0
6550	sub_6550_0361200.log	DONE exit=20	200	True	663429	0 0 0 0 0 0 0 0 0 0 0 1554 6582 15782 20692 14051 3353 144 6 0 0 0 0 0 0 0 0 0 0
6550	sub_6550_0361400.log	DONE exit=20	200	True	271803	0 0 0 0 0 0 0 0 0 0 0 1165 3759 6077 5054 2051 444 44 1 0 0 0 0 0 0 0 0 0 0
6550	sub_6550_0361600.log	DONE exit=20	200	True	280208	0 0 0 0 0 0 0 0 0 0 0 1104 3416 5401 4521 2166 670 175 22 1 0 0 0 0 0 0 0 0 0
6550	sub_6550_0361800.log	DONE exit=20	200	True	170040	0 0 0 0 0 0 0 0 0 0 0 688 1697 1927 1085 399 1 0 0 0 0 0 0 0 0 0 0 0 0
6550	sub_6550_0362000.log	DONE exit=20	200	True	5713282	0 0 0 0 0 0 0 0 0 0 0 1288 4738 12855 30143 54949 64849 33678 5123 3236 1272 0 0 0 0 0 0 0 0
6550	sub_6550_0362200.log	DONE exit=20	200	True	7358502	0 0 0 0 0 0 0 0 0 0 0 1371 5479 15957 38269 70294 85277 50036 14380 9968 4029 0 0 0 0 0 0 0 0
6550	sub_6550_0362400.log	DONE exit=20	200	True	9302762	0 0 0 0 0 0 0 0 0 0 0 1385 5371 16254 38922 74998 103361 73039 17221 6411 2636 0 0 0 0 0 0 0 0
6550	sub_6550_0362600.log	DONE exit=20	200	True	9095594	0 0 0 0 0 0 0 0 0 0 0 1550 6190 17573 40717 77173 102938 66272 8666 10 0 0 0 0 0 0 0 0 0
6550	sub_6550_0362800.log	DONE exit=20	200	True	7391218	0 0 0 0 0 0 0 0 0 0 0 1558 6803 19266 37986 62532 75766 35909 596 5 3 0 0 0 0 0 0 0 0
6550	sub_6550_0363000.log	DONE exit=20	200	True	12997634	0 0 0 0 0 0 0 0 0 0 0 1565 7393 23452 57626 112284 144153 73906 1343 15 9 0 0 0 0 0 0 0 0
6550	sub_6550_0363200.log	DONE exit=20	200	True	8789000	0 0 0 0 0 0 0 0 0 0 0 1525 6815 19913 43034 75006 91501 40615 281 0 0 0 0 0 0 0 0 0 0
6550	sub_6550_0363400.log	DONE exit=20	200	True	303306	0 0 0 0 0 0 0 0 0 0 0 1427 4293 6119 4275 1409 207 9 0 0 0 0 0 0 0 0 0 0 0
6550	sub_6550_0363600.log	DONE exit=20	200	True	486334	0 0 0 0 0 0 0 0 0 0 0 1061 3313 5664 5583 3005 530 25 0 0 0 0 0 0 0 0 0 0 0
6550	sub_6550_0363800.log	DONE exit=20	200	True	1118458	0 0 0 0 0 0 0 0 0 0 0 847 2303 5066 9339 11790 8841 472 1 0 0 0 0 0 0 0 0 0 0
6550	sub_6550_0364000.log	DONE exit=20	200	True	70374	0 0 0 0 0 0 0 0 0 0 0 701 1178 934 427 87 2 0 0 0 0 0 0 0 0 0 0 0 0
6550	sub_6550_0364200.log	DONE exit=20	200	True	75528	0 0 0 0 0 0 0 0 0 0 0 740 1279 1154 472 68 2 0 0 0 0 0 0 0 0 0 0 0 0
6550	sub_6550_0364400.log	DONE exit=20	200	True	347955	0 0 0 0 0 0 0 0 0 0 0 830 2013 3045 3176 2020 300 0 0 0 0 0 0 0 0 0 0 0 0
6550	sub_6550_0364600.log	DONE exit=20	200	True	782828	0 0 0 0 0 0 0 0 0 0 0 758 2118 5154 8207 5288 240 0 0 0 0 0 0 0 0 0 0 0 0
6550	sub_6550_0364800.log	DONE exit=20	200	True	1763918	0 0 0 0 0 0 0 0 0 0 0 1113 3704 8450 14137 16489 11777 2699 12 0 0 0 0 0 0 0 0 0 0
6550	sub_6550_0365000.log	DONE exit=20	200	True	291956	0 0 0 0 0 0 0 0 0 0 0 790 1815 2750 2682 1407 367 8 0 0 0 0 0 0 0 0 0 0 0
6550	sub_6550_0365200.log	DONE exit=20	200	True	705934	0 0 0 0 0 0 0 0 0 0 0 1084 3051 5400 6544 4947 1751 18 0 0 0 0 0 0 0 0 0 0 0
6550	sub_6550_0365400.log	DONE exit=20	200	True	763491	0 0 0 0 0 0 0 0 0 0 0 802 2316 4585 6812 6283 3013 70 2 0 0 0 0 0 0 0 0 0 0
6550	sub_6550_0365600.log	DONE exit=20	200	True	472253	0 0 0 0 0 0 0 0 0 0 0 667 1560 3325 5028 3237 520 0 0 0 0 0 0 0 0 0 0 0 0
6550	sub_6550_0365800.log	DONE exit=20	200	True	759345	0 0 0 0 0 0 0 0 0 0 0 795 2266 5051 7403 4777 305 0 0 0 0 0 0 0 0 0 0 0 0
6550	sub_6550_0366000.log	DONE exit=20	200	True	462443	0 0 0 0 0 0 0 0 0 0 0 960 2391 3641 4066 3268 1191 17 0 0 0 0 0 0 0 0 0 0 0
6550	sub_6550_0366200.log	DONE exit=20	200	True	856211	0 0 0 0 0 0 0 0 0 0 0 966 2869 5798 8070 6609 2131 13 0 0 0 0 0 0 0 0 0 0 0
6550	sub_6550_0366400.log	DONE exit=20	200	True	483560	0 0 0 0 0 0 0 0 0 0 0 769 1678 3048 4451 3715 1605 16 0 0 0 0 0 0 0 0 0 0 0
6550	sub_6550_0366600.log	DONE exit=20	200	True	49785	0 0 0 0 0 0 0 0 0 0 0 515 715 516 141 5 0 0 0 0 0 0 0 0 0 0 0 0 0
6550	sub_6550_0366800.log	DONE exit=20	200	True	65505	0 0 0 0 0 0 0 0 0 0 0 496 864 940 460 96 10 0 0 0 0 0 0 0 0 0 0 0 0
6550	sub_6550_0367000.log	DONE exit=20	200	True	36909	0 0 0 0 0 0 0 0 0 0 0 440 502 249 36 0 0 0 0 0 0 0 0 0 0 0 0 0 0
6550	sub_6550_0367200.log	DONE exit=20	200	True	33696	0 0 0 0 0 0 0 0 0 0 0 388 414 299 104 6 0 0 0 0 0 0 0 0 0 0 0 0 0
6550	sub_6550_0367400.log	DONE exit=20	200	True	49787	0 0 0 0 0 0 0 0 0 0 0 461 659 586 228 35 2 0 0 0 0 0 0 0 0 0 0 0 0
6550	sub_6550_0367600.log	DONE exit=20	200	True	99656	0 0 0 0 0 0 0 0 0 0 0 625 1410 1986 1413 599 124 8 0 0 0 0 0 0 0 0 0 0 0
6550	sub_6550_0367800.log	DONE exit=20	200	True	113626	0 0 0 0 0 0 0 0 0 0 0 708 1628 2339 1310 168 15 0 0 0 0 0 0 0 0 0 0 0 0
6550	sub_6550_0368000.log	DONE exit=20	200	True	229772	0 0 0 0 0 0 0 0 0 0 0 1296 3754 5030 3115 938 105 2 0 0 0 0 0 0 0 0 0 0 0
6550	sub_6550_0368200.log	DONE exit=20	200	True	224905	0 0 0 0 0 0 0 0 0 0 0 1068 3307 5123 3700 1382 272 25 0 0 0 0 0 0 0 0 0 0 0
6550	sub_6550_0368400.log	DONE exit=20	200	True	114195	0 0 0 0 0 0 0 0 0 0 0 716 1394 1872 1428 496 59 1 0 0 0 0 0 0 0 0 0 0 0
6550	sub_6550_0368600.log	DONE exit=20	200	True	42896	0 0 0 0 0 0 0 0 0 0 0 500 590 348 73 10 0 0 0 0 0 0 0 0 0 0 0 0 0
6550	sub_6550_0368800.log	DONE exit=20	200	True	137054	0 0 0 0 0 0 0 0 0 0 0 823 1756 2017 1355 631 160 20 1 0 0 0 0 0 0 0 0 0 0
6550	sub_6550_0369000.log	DONE exit=20	200	True	85724	0 0 0 0 0 0 0 0 0 0 0 707 1409 1146 324 49 13 1 0 0 0 0 0 0 0 0 0 0 0
6550	sub_6550_0369200.log	DONE exit=20	200	True	206220	0 0 0 0 0 0 0 0 0 0 0 1105 2811 3470 2213 826 157 0 0 0 0 0 0 0 0 0 0 0 0
6550	sub_6550_0369400.log	DONE exit=20	200	True	63344	0 0 0 0 0 0 0 0 0 0 0 575 964 806 356 45 0 0 0 0 0 0 0 0 0 0 0 0 0
6550	sub_6550_0369600.log	DONE exit=20	200	True	139267	0 0 0 0 0 0 0 0 0 0 0 905 2254 2503 1221 252 21 0 0 0 0 0 0 0 0 0 0 0 0
6550	sub_6550_0369800.log	DONE exit=20	200	True	195001	0 0 0 0 0 0 0 0 0 0 0 1089 2774 3630 2400 732 103 2 0 0 0 0 0 0 0 0 0 0 0
6550	sub_6550_0370000.log	DONE exit=20	200	True	82550	0 0 0 0 0 0 0 0 0 0 0 517 833 799 303 31 0 0 0 0 0 0 0 0 0 0 0 0 0
6550	sub_6550_0370200.log	DONE exit=20	200	True	160475	0 0 0 0 0 0 0 0 0 0 0 698 1162 1191 786 425 53 2 0 0 0 0 0 0 0 0 0 0 0
6550	sub_6550_0370400.log	DONE exit=20	200	True	141760	0 0 0 0 0 0 0 0 0 0 0 714 1160 1075 590 303 0 0 0 0 0 0 0 0 0 0 0 0 0
6550	sub_6550_0370600.log	DONE exit=20	200	True	278862	0 0 0 0 0 0 0 0 0 0 0 682 1367 2196 2148 1105 250 5 1 0 0 0 0 0 0 0 0 0 0
6550	sub_6550_0370800.log	DONE exit=20	200	True	323217	0 0 0 0 0 0 0 0 0 0 0 806 1724 2474 2691 1904 545 8 0 0 0 0 0 0 0 0 0 0 0
6550	sub_6550_0371000.log	DONE exit=20	200	True	502482	0 0 0 0 0 0 0 0 0 0 0 819 2182 4526 6160 4028 1281 80 0 0 0 0 0 0 0 0 0 0 0
6550	sub_6550_0371200.log	DONE exit=20	200	True	281170	0 0 0 0 0 0 0 0 0 0 0 704 1278 1920 2412 1534 163 13 0 0 0 0 0 0 0 0 0 0 0
6550	sub_6550_0371400.log	DONE exit=20	200	True	396599	0 0 0 0 0 0 0 0 0 0 0 900 2214 3660 4199 2467 311 4 0 0 0 0 0 0 0 0 0 0 0
6550	sub_6550_0371600.log	DONE exit=20	200	True	13365113	0 0 0 0 0 0 0 0 0 0 0 1023 3742 11128 28086 61735 117510 177319 200468 136624 57092 0 0 0 0 0 0 0 0
6550	sub_6550_0371800.log	DONE exit=20	200	True	4710215	0 0 0 0 0 0 0 0 0 0 0 1201 4327 10595 22281 39479 50804 30929 15624 7625 2373 0 0 0 0 0 0 0 0
6550	sub_6550_0372000.log	DONE exit=20	200	True	226565	0 0 0 0 0 0 0 0 0 0 0 1057 2739 3647 2837 1192 317 53 8 1 0 0 0 0 0 0 0 0 0
6550	sub_6550_0372200.log	DONE exit=20	200	True	525966	0 0 0 0 0 0 0 0 0 0 0 1455 5095 9505 10165 5624 1800 264 19 1 0 0 0 0 0 0 0 0 0
6550	sub_6550_0372400.log	DONE exit=20	200	True	219941	0 0 0 0 0 0 0 0 0 0 0 949 2788 4468 3530 1617 563 114 8 0 0 0 0 0 0 0 0 0 0
6550	sub_6550_0372600.log	DONE exit=20	200	True	85438	0 0 0 0 0 0 0 0 0 0 0 676 1169 1275 846 249 35 1 0 0 0 0 0 0 0 0 0 0 0
6550	sub_6550_0372800.log	DONE exit=20	200	True	634364	0 0 0 0 0 0 0 0 0 0 0 768 1880 3723 5570 5580 3425 232 42 1 1 0 0 0 0 0 0 0 0
6550	sub_6550_0373000.log	DONE exit=20	200	True	75525	0 0 0 0 0 0 0 0 0 0 0 619 961 870 493 117 6 0 0 0 0 0 0 0 0 0 0 0 0
6550	sub_6550_0373200.log	DONE exit=20	200	True	382289	0 0 0 0 0 0 0 0 0 0 0 915 2630 4521 4693 2231 252 1 0 0 0 0 0 0 0 0 0 0 0
6550	sub_6550_0373400.log	DONE exit=20	200	True	341791	0 0 0 0 0 0 0 0 0 0 0 774 2112 3711 3663 1565 180 0 0 0 0 0 0 0 0 0 0 0 0
6550	sub_6550_0373600.log	DONE exit=20	200	True	1300262	0 0 0 0 0 0 0 0 0 0 0 1268 3959 7450 9572 8284 6088 3677 432 13 4 0 0 0 0 0 0 0 0
6550	sub_6550_0373800.log	DONE exit=20	200	True	41866454	0 0 0 0 0 0 0 0 0 0 0 1678 9022 33567 99277 241319 456469 568650 367147 313056 92405 0 0 0 0 0 0 0 0
6550	sub_6550_0374000.log	DONE exit=20	200	True	847858	0 0 0 0 0 0 0 0 0 0 0 980 2726 4885 7144 10490 8687 2622 91 3 0 0 0 0 0 0 0 0 0
6550	sub_6550_0374200.log	DONE exit=20	200	True	406089	0 0 0 0 0 0 0 0 0 0 0 1268 4170 7408 7758 4803 1661 252 23 0 0 0 0 0 0 0 0 0 0
6550	sub_6550_0374400.log	DONE exit=20	200	True	89816	0 0 0 0 0 0 0 0 0 0 0 669 1262 1145 563 120 22 1 0 0 0 0 0 0 0 0 0 0 0
6550	sub_6550_0374600.log	DONE exit=20	200	True	719160	0 0 0 0 0 0 0 0 0 0 0 1186 3579 6116 6566 4291 1574 351 0 0 0 0 0 0 0 0 0 0 0
6550	sub_6550_0374800.log	DONE exit=20	200	True	80381701	0 0 0 0 0 0 0 0 0 0 0 1624 9908 43475 141024 373113 781292 1124068 955013 813263 285853 0 0 0 0 0 0 0 0
6550	sub_6550_0375000.log	DONE exit=20	200	True	607414	0 0 0 0 0 0 0 0 0 0 0 1061 2935 4711 5946 4261 990 55 0 0 0 0 0 0 0 0 0 0 0
6550	sub_6550_0375200.log	DONE exit=20	200	True	171862	0 0 0 0 0 0 0 0 0 0 0 915 2169 2655 1887 665 166 14 0 0 0 0 0 0 0 0 0 0 0
6550	sub_6550_0375400.log	DONE exit=20	200	True	431217	0 0 0 0 0 0 0 0 0 0 0 973 2514 3448 2949 1304 6 0 0 0 0 0 0 0 0 0 0 0 0
6550	sub_6550_0375600.log	DONE exit=20	200	True	16415552	0 0 0 0 0 0 0 0 0 0 0 1910 9828 29547 70450 143275 178066 93518 40443 29774 8542 0 0 0 0 0 0 0 0
6550	sub_6550_0375800.log	DONE exit=20	200	True	79258136	0 0 0 0 0 0 0 0 0 0 0 1618 9483 39589 125118 333500 733516 1124569 1039290 931605 306615 0 0 0 0 0 0 0 0
6550	sub_6550_0376000.log	DONE exit=20	200	True	8881066	0 0 0 0 0 0 0 0 0 0 0 742 2562 8365 23218 54279 83454 90556 104030 82925 29243 0 0 0 0 0 0 0 0
6550	sub_6550_0376200.log	DONE exit=20	200	True	52609	0 0 0 0 0 0 0 0 0 0 0 522 680 462 157 24 0 0 0 0 0 0 0 0 0 0 0 0 0
6550	sub_6550_0376400.log	DONE exit=20	200	True	52514	0 0 0 0 0 0 0 0 0 0 0 481 746 723 264 14 0 0 0 0 0 0 0 0 0 0 0 0 0
6550	sub_6550_0376600.log	DONE exit=20	200	True	104956	0 0 0 0 0 0 0 0 0 0 0 652 1362 1566 948 366 98 11 0 0 0 0 0 0 0 0 0 0 0
6550	sub_6550_0376800.log	DONE exit=20	200	True	92601	0 0 0 0 0 0 0 0 0 0 0 718 1432 1415 586 97 1 0 0 0 0 0 0 0 0 0 0 0 0
6550	sub_6550_0377000.log	DONE exit=20	200	True	36445	0 0 0 0 0 0 0 0 0 0 0 415 480 227 27 0 0 0 0 0 0 0 0 0 0 0 0 0 0
6550	sub_6550_0377200.log	DONE exit=20	200	True	205344	0 0 0 0 0 0 0 0 0 0 0 1171 3189 3948 1873 495 18 0 0 0 0 0 0 0 0 0 0 0 0
6550	sub_6550_0377400.log	DONE exit=20	200	True	76469	0 0 0 0 0 0 0 0 0 0 0 666 1209 1159 509 113 10 0 0 0 0 0 0 0 0 0 0 0 0
6550	sub_6550_0377600.log	DONE exit=20	200	True	51085	0 0 0 0 0 0 0 0 0 0 0 585 763 464 127 17 0 0 0 0 0 0 0 0 0 0 0 0 0
6550	sub_6550_0377800.log	DONE exit=20	200	True	433564	0 0 0 0 0 0 0 0 0 0 0 1369 4918 9264 9229 4217 803 81 1 0 0 0 0 0 0 0 0 0 0
6550	sub_6550_0378000.log	DONE exit=20	200	True	313861	0 0 0 0 0 0 0 0 0 0 0 1372 4656 7353 5328 1699 168 9 0 0 0 0 0 0 0 0 0 0 0
6550	sub_6550_0378200.log	DONE exit=20	200	True	140247	0 0 0 0 0 0 0 0 0 0 0 849 2142 2545 1370 349 11 0 0 0 0 0 0 0 0 0 0 0 0
6550	sub_6550_0378400.log	DONE exit=20	200	True	364657	0 0 0 0 0 0 0 0 0 0 0 1438 4784 7630 6415 3106 805 53 4 0 0 0 0 0 0 0 0 0 0
6550	sub_6550_0378600.log	DONE exit=20	200	True	330179	0 0 0 0 0 0 0 0 0 0 0 1388 4889 7663 5530 2171 473 48 2 0 0 0 0 0 0 0 0 0 0
6550	sub_6550_0378800.log	DONE exit=20	200	True	230318	0 0 0 0 0 0 0 0 0 0 0 977 2940 4915 4208 1672 297 28 1 0 0 0 0 0 0 0 0 0 0
6550	sub_6550_0379000.log	DONE exit=20	200	True	189003	0 0 0 0 0 0 0 0 0 0 0 1119 3139 3797 1871 404 32 1 0 0 0 0 0 0 0 0 0 0 0
6550	sub_6550_0379200.log	DONE exit=20	200	True	56838	0 0 0 0 0 0 0 0 0 0 0 487 849 807 274 31 0 0 0 0 0 0 0 0 0 0 0 0 0
6550	sub_6550_0379400.log	DONE exit=20	200	True	53842	0 0 0 0 0 0 0 0 0 0 0 611 883 583 205 52 5 1 0 0 0 0 0 0 0 0 0 0 0
6550	sub_6550_0379600.log	DONE exit=20	200	True	40929	0 0 0 0 0 0 0 0 0 0 0 475 558 285 97 25 7 1 0 0 0 0 0 0 0 0 0 0 0
6550	sub_6550_0379800.log	DONE exit=20	200	True	62514	0 0 0 0 0 0 0 0 0 0 0 591 1068 1115 600 148 8 0 0 0 0 0 0 0 0 0 0 0 0
6550	sub_6550_0380000.log	DONE exit=20	200	True	30920	0 0 0 0 0 0 0 0 0 0 0 368 416 286 104 14 0 0 0 0 0 0 0 0 0 0 0 0 0
6550	sub_6550_0380200.log	DONE exit=20	200	True	105408	0 0 0 0 0 0 0 0 0 0 0 705 1415 1758 998 227 34 0 0 0 0 0 0 0 0 0 0 0 0
6550	sub_6550_0380400.log	DONE exit=20	200	True	74919	0 0 0 0 0 0 0 0 0 0 0 544 848 853 568 246 65 8 0 0 0 0 0 0 0 0 0 0 0
6550	sub_6550_0380600.log	DONE exit=20	200	True	53972	0 0 0 0 0 0 0 0 0 0 0 503 779 673 322 65 0 0 0 0 0 0 0 0 0 0 0 0 0
6550	sub_6550_0380800.log	DONE exit=20	200	True	40058	0 0 0 0 0 0 0 0 0 0 0 416 534 417 142 21 0 0 0 0 0 0 0 0 0 0 0 0 0
6550	sub_6550_0381000.log	DONE exit=20	200	True	403958	0 0 0 0 0 0 0 0 0 0 0 1255 4384 8038 8124 4507 1408 282 15 0 0 0 0 0 0 0 0 0 0
6550	sub_6550_0381200.log	DONE exit=20	200	True	187951	0 0 0 0 0 0 0 0 0 0 0 1067 2620 3016 1759 528 41 0 0 0 0 0 0 0 0 0 0 0 0
6550	sub_6550_0381400.log	DONE exit=20	200	True	213680	0 0 0 0 0 0 0 0 0 0 0 893 2590 4116 3280 1242 218 31 4 0 0 0 0 0 0 0 0 0 0
6550	sub_6550_0381600.log	DONE exit=20	200	True	73256	0 0 0 0 0 0 0 0 0 0 0 731 1195 863 351 72 5 0 0 0 0 0 0 0 0 0 0 0 0
6550	sub_6550_0381800.log	DONE exit=20	200	True	60872	0 0 0 0 0 0 0 0 0 0 0 622 876 515 126 8 0 0 0 0 0 0 0 0 0 0 0 0 0
6550	sub_6550_0382000.log	DONE exit=20	200	True	121069	0 0 0 0 0 0 0 0 0 0 0 592 1292 1549 969 350 20 0 0 0 0 0 0 0 0 0 0 0 0
6550	sub_6550_0382200.log	DONE exit=20	200	True	66180	0 0 0 0 0 0 0 0 0 0 0 562 939 1098 557 64 3 0 0 0 0 0 0 0 0 0 0 0 0
6550	sub_6550_0382400.log	DONE exit=20	200	True	277018	0 0 0 0 0 0 0 0 0 0 0 743 1702 2316 2461 1468 260 5 0 0 0 0 0 0 0 0 0 0 0
6550	sub_6550_0382600.log	DONE exit=20	200	True	42841	0 0 0 0 0 0 0 0 0 0 0 509 653 390 100 7 0 0 0 0 0 0 0 0 0 0 0 0 0
6550	sub_6550_0382800.log	DONE exit=20	200	True	55408	0 0 0 0 0 0 0 0 0 0 0 579 829 557 128 5 0 0 0 0 0 0 0 0 0 0 0 0 0
6550	sub_6550_0383000.log	DONE exit=20	200	True	84038	0 0 0 0 0 0 0 0 0 0 0 749 1399 1131 354 39 1 0 0 0 0 0 0 0 0 0 0 0 0
6550	sub_6550_0383200.log	DONE exit=20	200	True	33330	0 0 0 0 0 0 0 0 0 0 0 384 378 152 26 0 0 0 0 0 0 0 0 0 0 0 0 0 0
6550	sub_6550_0383400.log	DONE exit=20	200	True	48371	0 0 0 0 0 0 0 0 0 0 0 573 702 314 56 4 0 0 0 0 0 0 0 0 0 0 0 0 0
6550	sub_6550_0383600.log	DONE exit=20	200	True	109626	0 0 0 0 0 0 0 0 0 0 0 560 830 811 441 191 53 3 0 0 0 0 0 0 0 0 0 0 0
6550	sub_6550_0383800.log	DONE exit=20	200	True	158394	0 0 0 0 0 0 0 0 0 0 0 670 1099 1153 789 416 53 3 0 0 0 0 0 0 0 0 0 0 0
6550	sub_6550_0384000.log	DONE exit=20	200	True	220654	0 0 0 0 0 0 0 0 0 0 0 684 1177 1764 1364 502 0 0 0 0 0 0 0 0 0 0 0 0 0
6550	sub_6550_0384200.log	DONE exit=20	200	True	434326	0 0 0 0 0 0 0 0 0 0 0 859 2113 3483 3872 2680 776 12 0 0 0 0 0 0 0 0 0 0 0
6550	sub_6550_0384400.log	DONE exit=20	200	True	202947	0 0 0 0 0 0 0 0 0 0 0 711 1204 1374 1417 1011 242 2 0 0 0 0 0 0 0 0 0 0 0
6550	sub_6550_0384600.log	DONE exit=20	200	True	487582	0 0 0 0 0 0 0 0 0 0 0 758 1985 4063 5122 3143 755 20 0 0 0 0 0 0 0 0 0 0 0
6550	sub_6550_0384800.log	DONE exit=20	200	True	329130	0 0 0 0 0 0 0 0 0 0 0 749 1460 2154 3029 2112 262 2 0 0 0 0 0 0 0 0 0 0 0
6550	sub_6550_0385000.log	DONE exit=20	200	True	689580	0 0 0 0 0 0 0 0 0 0 0 854 2152 4383 6355 5013 2040 31 0 0 0 0 0 0 0 0 0 0 0
6550	sub_6550_0385200.log	DONE exit=20	200	True	400518	0 0 0 0 0 0 0 0 0 0 0 627 1392 2306 3546 3619 2169 212 42 1 1 0 0 0 0 0 0 0 0
6550	sub_6550_0385400.log	DONE exit=20	200	True	170193	0 0 0 0 0 0 0 0 0 0 0 879 2062 2764 2145 633 87 3 0 0 0 0 0 0 0 0 0 0 0
6550	sub_6550_0385600.log	DONE exit=20	200	True	140886	0 0 0 0 0 0 0 0 0 0 0 1048 2288 2123 849 124 8 0 0 0 0 0 0 0 0 0 0 0 0
6550	sub_6550_0385800.log	DONE exit=20	200	True	389302	0 0 0 0 0 0 0 0 0 0 0 1111 3562 6236 5916 3403 1132 192 30 2 0 0 0 0 0 0 0 0 0
6550	sub_6550_0386000.log	DONE exit=20	200	True	357236	0 0 0 0 0 0 0 0 0 0 0 1366 4430 7215 6332 2571 601 62 0 0 0 0 0 0 0 0 0 0 0
6550	sub_6550_0386200.log	DONE exit=20	200	True	232839	0 0 0 0 0 0 0 0 0 0 0 1133 3305 4657 3508 1563 475 106 6 0 0 0 0 0 0 0 0 0 0
6550	sub_6550_0386400.log	DONE exit=20	200	True	10343783	0 0 0 0 0 0 0 0 0 0 0 1752 8097 22302 43550 72461 98776 98444 91864 62660 24289 0 0 0 0 0 0 0 0
6550	sub_6550_0386600.log	DONE exit=20	200	True	19994388	0 0 0 0 0 0 0 0 0 0 0 1821 9145 28547 64127 119050 180821 223706 258036 209121 96269 0 0 0 0 0 0 0 0
6550	sub_6550_0386800.log	DONE exit=20	200	True	99305359	0 0 0 0 0 0 0 0 0 0 0 1890 11770 48741 150647 384619 826038 1439870 1925526 1818015 779605 0 0 0 0 0 0 0 0
6550	sub_6550_0387000.log	DONE exit=20	200	True	32297636	0 0 0 0 0 0 0 0 0 0 0 1707 10421 41005 109970 213374 325574 427084 511429 458030 233229 18 0 0 0 0 0 0 0
6550	sub_6550_0387200.log	DONE exit=20	200	True	337245	0 0 0 0 0 0 0 0 0 0 0 829 2115 3101 3142 1751 201 0 0 0 0 0 0 0 0 0 0 0 0
6550	sub_6550_0387400.log	DONE exit=20	200	True	576864	0 0 0 0 0 0 0 0 0 0 0 1052 2880 4496 5686 3912 919 56 0 0 0 0 0 0 0 0 0 0 0
6550	sub_6550_0387600.log	DONE exit=20	200	True	103860	0 0 0 0 0 0 0 0 0 0 0 786 1500 1379 692 54 0 0 0 0 0 0 0 0 0 0 0 0 0
6550	sub_6550_0387800.log	DONE exit=20	200	True	169523	0 0 0 0 0 0 0 0 0 0 0 956 2246 2409 1410 599 171 21 0 0 0 0 0 0 0 0 0 0 0
6550	sub_6550_0388000.log	DONE exit=20	200	True	252973	0 0 0 0 0 0 0 0 0 0 0 1153 3168 4203 2922 1134 303 37 0 0 0 0 0 0 0 0 0 0 0
6550	sub_6550_0388200.log	DONE exit=20	200	True	498411	0 0 0 0 0 0 0 0 0 0 0 827 2821 6307 8200 5674 1818 344 51 1 0 0 0 0 0 0 0 0 0
6550	sub_6550_0388400.log	DONE exit=20	200	True	891704	0 0 0 0 0 0 0 0 0 0 0 1226 3972 7391 8999 6758 3015 605 37 12 3 0 0 0 0 0 0 0 0
6550	sub_6550_0388600.log	DONE exit=20	200	True	80884594	0 0 0 0 0 0 0 0 0 0 0 1584 10244 45113 142890 373225 781177 1126801 972094 853055 310615 0 0 0 0 0 0 0 0
6550	sub_6550_0388800.log	DONE exit=20	200	True	892688	0 0 0 0 0 0 0 0 0 0 0 1293 3937 6754 6912 4270 2677 1613 152 5 2 0 0 0 0 0 0 0 0
6550	sub_6550_0389000.log	DONE exit=20	200	True	5258516	0 0 0 0 0 0 0 0 0 0 0 1813 8353 21376 38414 53036 46277 15851 420 9 2 0 0 0 0 0 0 0 0
6550	sub_6550_0389200.log	DONE exit=20	200	True	42433003	0 0 0 0 0 0 0 0 0 0 0 1781 10227 38306 107365 251191 462897 570211 366506 311524 92660 0 0 0 0 0 0 0 0
6550	sub_6550_0389400.log	DONE exit=20	200	True	321880	0 0 0 0 0 0 0 0 0 0 0 855 2005 2638 1926 884 6 0 0 0 0 0 0 0 0 0 0 0 0
6550	sub_6550_0389600.log	DONE exit=20	200	True	16471356	0 0 0 0 0 0 0 0 0 0 0 1907 10393 31961 74141 145221 177788 93279 41441 31530 9893 0 0 0 0 0 0 0 0
6550	sub_6550_0389800.log	DONE exit=20	200	True	1179705	0 0 0 0 0 0 0 0 0 0 0 1308 4394 8523 11157 9789 5768 2044 31 1 0 0 0 0 0 0 0 0 0
6550	sub_6550_0390000.log	DONE exit=20	200	True	15376860	0 0 0 0 0 0 0 0 0 0 0 1496 8080 27198 65540 122893 153917 117018 104118 84600 30720 0 0 0 0 0 0 0 0
6550	sub_6550_0390200.log	DONE exit=20	200	True	53962	0 0 0 0 0 0 0 0 0 0 0 527 891 785 278 19 1 0 0 0 0 0 0 0 0 0 0 0 0
6550	sub_6550_0390400.log	DONE exit=20	200	True	63030	0 0 0 0 0 0 0 0 0 0 0 680 1041 746 235 26 0 0 0 0 0 0 0 0 0 0 0 0 0
6550	sub_6550_0390600.log	DONE exit=20	200	True	124136	0 0 0 0 0 0 0 0 0 0 0 1058 2383 2283 929 148 10 1 0 0 0 0 0 0 0 0 0 0 0
6550	sub_6550_0390800.log	DONE exit=20	200	True	162852	0 0 0 0 0 0 0 0 0 0 0 1146 2966 3312 1542 357 29 1 0 0 0 0 0 0 0 0 0 0 0
6550	sub_6550_0391000.log	DONE exit=20	200	True	64394	0 0 0 0 0 0 0 0 0 0 0 559 873 785 371 106 20 0 0 0 0 0 0 0 0 0 0 0 0
6550	sub_6550_0391200.log	DONE exit=20	200	True	113113	0 0 0 0 0 0 0 0 0 0 0 838 1769 1745 825 194 9 0 0 0 0 0 0 0 0 0 0 0 0
6550	sub_6550_0391400.log	DONE exit=20	200	True	62975	0 0 0 0 0 0 0 0 0 0 0 570 958 731 220 32 2 0 0 0 0 0 0 0 0 0 0 0 0
6550	sub_6550_0391600.log	DONE exit=20	200	True	62532	0 0 0 0 0 0 0 0 0 0 0 510 908 1019 548 99 3 0 0 0 0 0 0 0 0 0 0 0 0
6550	sub_6550_0391800.log	DONE exit=20	200	True	58054	0 0 0 0 0 0 0 0 0 0 0 620 1022 727 214 8 0 0 0 0 0 0 0 0 0 0 0 0 0
6550	sub_6550_0392000.log	DONE exit=20	200	True	89252	0 0 0 0 0 0 0 0 0 0 0 839 1687 1428 337 22 0 0 0 0 0 0 0 0 0 0 0 0 0
6550	sub_6550_0392200.log	DONE exit=20	200	True	63596	0 0 0 0 0 0 0 0 0 0 0 695 1086 797 196 17 1 0 0 0 0 0 0 0 0 0 0 0 0
6550	sub_6550_0392400.log	DONE exit=20	200	True	80110	0 0 0 0 0 0 0 0 0 0 0 682 1270 1033 451 87 5 0 0 0 0 0 0 0 0 0 0 0 0
6550	sub_6550_0392600.log	DONE exit=20	200	True	242626	0 0 0 0 0 0 0 0 0 0 0 1234 3628 5433 4290 1837 401 24 0 0 0 0 0 0 0 0 0 0 0
6550	sub_6550_0392800.log	DONE exit=20	200	True	229639	0 0 0 0 0 0 0 0 0 0 0 1015 3000 4606 3676 1399 249 19 0 0 0 0 0 0 0 0 0 0 0
6550	sub_6550_0393000.log	DONE exit=20	200	True	96066	0 0 0 0 0 0 0 0 0 0 0 770 1591 1516 639 144 9 1 0 0 0 0 0 0 0 0 0 0 0
6550	sub_6550_0393200.log	DONE exit=20	200	True	82717	0 0 0 0 0 0 0 0 0 0 0 677 1351 1217 323 27 0 0 0 0 0 0 0 0 0 0 0 0 0
6550	sub_6550_0393400.log	DONE exit=20	200	True	277715	0 0 0 0 0 0 0 0 0 0 0 646 1698 2497 2589 1618 305 0 0 0 0 0 0 0 0 0 0 0 0
6550	sub_6550_0393600.log	DONE exit=20	200	True	67991	0 0 0 0 0 0 0 0 0 0 0 646 1113 892 418 87 7 0 0 0 0 0 0 0 0 0 0 0 0
6550	sub_6550_0393800.log	DONE exit=20	200	True	158798	0 0 0 0 0 0 0 0 0 0 0 711 1513 1625 491 21 0 0 0 0 0 0 0 0 0 0 0 0 0
6550	sub_6550_0394000.log	DONE exit=20	200	True	898342	0 0 0 0 0 0 0 0 0 0 0 1074 3332 6355 8774 5661 422 0 0 0 0 0 0 0 0 0 0 0 0
6550	sub_6550_0394200.log	DONE exit=20	200	True	102574	0 0 0 0 0 0 0 0 0 0 0 558 1136 1044 471 58 14 0 0 0 0 0 0 0 0 0 0 0 0
6550	sub_6550_0394400.log	DONE exit=20	200	True	1622286	0 0 0 0 0 0 0 0 0 0 0 1278 4223 8829 12685 12276 6136 2751 2468 2950 1164 0 0 0 0 0 0 0 0
6550	sub_6550_0394600.log	DONE exit=20	200	True	698490	0 0 0 0 0 0 0 0 0 0 0 1056 3046 4866 5988 5087 1504 142 0 0 0 0 0 0 0 0 0 0 0
6550	sub_6550_0394800.log	DONE exit=20	200	True	263119	0 0 0 0 0 0 0 0 0 0 0 528 1142 1985 2052 1098 2 0 0 0 0 0 0 0 0 0 0 0 0
6550	sub_6550_0395000.log	DONE exit=20	200	True	329579	0 0 0 0 0 0 0 0 0 0 0 710 1613 2521 3066 2034 423 3 0 0 0 0 0 0 0 0 0 0 0
6550	sub_6550_0395200.log	DONE exit=20	200	True	423441	0 0 0 0 0 0 0 0 0 0 0 766 1928 3146 3531 2554 817 10 0 0 0 0 0 0 0 0 0 0 0
6550	sub_6550_0395400.log	DONE exit=20	200	True	3887709	0 0 0 0 0 0 0 0 0 0 0 1162 3800 8128 13146 18575 22167 35452 53196 36113 16145 0 0 0 0 0 0 0 0
6550	sub_6550_0395600.log	DONE exit=20	200	True	123980529	0 0 0 0 0 0 0 0 0 0 0 1500 9795 46108 145052 384097 929052 1764908 2247504 1929179 838721 0 0 0 0 0 0 0 0
6550	sub_6550_0395800.log	DONE exit=20	200	True	102110	0 0 0 0 0 0 0 0 0 0 0 742 1475 1517 1047 265 13 0 0 0 0 0 0 0 0 0 0 0 0
6550	sub_6550_0396000.log	DONE exit=20	200	True	138073	0 0 0 0 0 0 0 0 0 0 0 585 1047 1329 1296 720 119 4 0 0 0 0 0 0 0 0 0 0 0
6550	sub_6550_0396200.log	DONE exit=20	200	True	6639087	0 0 0 0 0 0 0 0 0 0 0 959 3293 9153 21363 41312 59855 64309 66765 45397 14471 0 0 0 0 0 0 0 0
6550	sub_6550_0396400.log	DONE exit=20	200	True	12222722	0 0 0 0 0 0 0 0 0 0 0 1572 6733 18855 40217 70954 102375 122692 135879 88747 29956 0 0 0 0 0 0 0 0
6550	sub_6550_0396600.log	DONE exit=20	200	True	8137588	0 0 0 0 0 0 0 0 0 0 0 1593 7575 22130 49676 82825 85447 31726 755 0 0 0 0 0 0 0 0 0 0
6550	sub_6550_0396800.log	DONE exit=20	200	True	5076024	0 0 0 0 0 0 0 0 0 0 0 794 2355 6345 16592 37837 51899 42476 39351 24733 8062 0 0 0 0 0 0 0 0
6550	sub_6550_0397000.log	DONE exit=20	200	True	266944	0 0 0 0 0 0 0 0 0 0 0 614 1496 2394 2201 1031 8 1 0 0 0 0 0 0 0 0 0 0 0
6550	sub_6550_0397200.log	DONE exit=20	200	True	1529368	0 0 0 0 0 0 0 0 0 0 0 1120 3996 9326 15203 14439 7240 384 33 1 1 0 0 0 0 0 0 0 0
6550	sub_6550_0397400.log	DONE exit=20	200	True	81496	0 0 0 0 0 0 0 0 0 0 0 710 1315 1103 472 94 10 0 0 0 0 0 0 0 0 0 0 0 0
6550	sub_6550_0397600.log	DONE exit=20	200	True	586806	0 0 0 0 0 0 0 0 0 0 0 899 2448 4633 5547 3337 427 0 0 0 0 0 0 0 0 0 0 0 0
6550	sub_6550_0397800.log	DONE exit=20	200	True	186186	0 0 0 0 0 0 0 0 0 0 0 827 1955 2323 1357 299 28 0 0 0 0 0 0 0 0 0 0 0 0
6550	sub_6550_0398000.log	DONE exit=20	200	True	6579132	0 0 0 0 0 0 0 0 0 0 0 1471 5493 12450 21461 37435 58022 54603 49307 36793 14556 0 0 0 0 0 0 0 0
6550	sub_6550_0398200.log	DONE exit=20	200	True	9338458	0 0 0 0 0 0 0 0 0 0 0 1602 6535 17044 33706 57873 73121 78163 79004 50971 17439 0 0 0 0 0 0 0 0
6550	sub_6550_0398400.log	DONE exit=20	200	True	224615050	0 0 0 0 0 0 0 0 0 0 0 2144 17132 87039 287139 789897 1909032 3298940 3199798 2717843 1096920 0 0 0 0 0 0 0 0
6550	sub_6550_0398600.log	DONE exit=20	200	True	61087677	0 0 0 0 0 0 0 0 0 0 0 1890 10360 36477 97563 232166 486793 808311 955245 768978 291288 0 0 0 0 0 0 0 0
6550	sub_6550_0398800.log	DONE exit=20	200	True	52328278	0 0 0 0 0 0 0 0 0 0 0 1727 9123 32203 89574 212035 422639 711624 951468 775918 344823 0 0 0 0 0 0 0 0
6550	sub_6550_0399000.log	DONE exit=20	200	True	101352152	0 0 0 0 0 0 0 0 0 0 0 1335 7723 35898 118514 320945 769332 1488447 2048420 1807448 765238 0 0 0 0 0 0 0 0
6550	sub_6550_0399200.log	DONE exit=20	200	True	335548	0 0 0 0 0 0 0 0 0 0 0 942 2379 3571 3511 2224 755 10 0 0 0 0 0 0 0 0 0 0 0
6550	sub_6550_0399400.log	DONE exit=20	200	True	550885	0 0 0 0 0 0 0 0 0 0 0 929 2658 4602 5739 4361 1681 50 0 0 0 0 0 0 0 0 0 0 0
6550	sub_6550_0399600.log	DONE exit=20	200	True	96986	0 0 0 0 0 0 0 0 0 0 0 574 1102 1083 590 174 7 0 0 0 0 0 0 0 0 0 0 0 0
6550	sub_6550_0399800.log	DONE exit=20	200	True	102684	0 0 0 0 0 0 0 0 0 0 0 634 1281 1458 821 243 19 2 0 0 0 0 0 0 0 0 0 0 0
6550	sub_6550_0400000.log	DONE exit=20	200	True	265148	0 0 0 0 0 0 0 0 0 0 0 961 2400 2999 2281 899 74 2 0 0 0 0 0 0 0 0 0 0 0
6550	sub_6550_0400200.log	DONE exit=20	200	True	16263195	0 0 0 0 0 0 0 0 0 0 0 1873 8976 26342 56943 100461 145450 168027 173203 123869 43202 0 0 0 0 0 0 0 0
6550	sub_6550_0400400.log	DONE exit=20	200	True	20593269	0 0 0 0 0 0 0 0 0 0 0 2041 11009 35427 79311 137729 188144 205931 210028 135629 46553 0 0 0 0 0 0 0 0
6550	sub_6550_0400600.log	DONE exit=20	200	True	90966967	0 0 0 0 0 0 0 0 0 0 0 2102 13434 54914 163124 409110 844231 1241360 1170288 1028197 338719 0 0 0 0 0 0 0 0
6550	sub_6550_0400800.log	DONE exit=20	200	True	13193750	0 0 0 0 0 0 0 0 0 0 0 1835 10020 32292 73001 125127 138479 73753 38297 21269 6078 0 0 0 0 0 0 0 0
6550	sub_6550_0401000.log	DONE exit=20	200	True	57314	0 0 0 0 0 0 0 0 0 0 0 581 864 601 153 11 0 0 0 0 0 0 0 0 0 0 0 0 0
6550	sub_6550_0401200.log	DONE exit=20	200	True	53261	0 0 0 0 0 0 0 0 0 0 0 527 844 598 120 4 0 0 0 0 0 0 0 0 0 0 0 0 0
6550	sub_6550_0401400.log	DONE exit=20	200	True	52236	0 0 0 0 0 0 0 0 0 0 0 494 820 601 120 5 0 0 0 0 0 0 0 0 0 0 0 0 0
6550	sub_6550_0401600.log	DONE exit=20	200	True	78215	0 0 0 0 0 0 0 0 0 0 0 659 1242 1072 293 9 0 0 0 0 0 0 0 0 0 0 0 0 0
6550	sub_6550_0401800.log	DONE exit=20	200	True	109589	0 0 0 0 0 0 0 0 0 0 0 956 1951 1458 310 16 0 0 0 0 0 0 0 0 0 0 0 0 0
6550	sub_6550_0402000.log	DONE exit=20	200	True	38926	0 0 0 0 0 0 0 0 0 0 0 427 496 354 82 2 0 0 0 0 0 0 0 0 0 0 0 0 0
6550	sub_6550_0402200.log	DONE exit=20	200	True	120464	0 0 0 0 0 0 0 0 0 0 0 976 2024 1865 869 115 4 0 0 0 0 0 0 0 0 0 0 0 0
6550	sub_6550_0402400.log	DONE exit=20	200	True	60855	0 0 0 0 0 0 0 0 0 0 0 661 971 612 148 5 0 0 0 0 0 0 0 0 0 0 0 0 0
6550	sub_6550_0402600.log	DONE exit=20	200	True	54073	0 0 0 0 0 0 0 0 0 0 0 505 781 636 195 18 0 0 0 0 0 0 0 0 0 0 0 0 0
6550	sub_6550_0402800.log	DONE exit=20	200	True	325575	0 0 0 0 0 0 0 0 0 0 0 975 2330 3101 2792 1371 443 5 0 0 0 0 0 0 0 0 0 0 0
6550	sub_6550_0403000.log	DONE exit=20	200	True	833053	0 0 0 0 0 0 0 0 0 0 0 990 3112 6160 8672 7200 2229 42 0 0 0 0 0 0 0 0 0 0 0
6550	sub_6550_0403200.log	DONE exit=20	200	True	939749	0 0 0 0 0 0 0 0 0 0 0 1080 3820 7489 10259 8659 3707 250 31 8 7 0 0 0 0 0 0 0 0
6550	sub_6550_0403400.log	DONE exit=20	200	True	754813	0 0 0 0 0 0 0 0 0 0 0 996 2821 5134 6511 4692 1557 6 0 0 0 0 0 0 0 0 0 0 0
6550	sub_6550_0403600.log	DONE exit=20	200	True	116950	0 0 0 0 0 0 0 0 0 0 0 922 1990 2035 1164 321 24 1 0 0 0 0 0 0 0 0 0 0 0
6550	sub_6550_0403800.log	DONE exit=20	200	True	64077	0 0 0 0 0 0 0 0 0 0 0 593 1005 788 248 34 1 0 0 0 0 0 0 0 0 0 0 0 0
6550	sub_6550_0404000.log	DONE exit=20	200	True	27534	0 0 0 0 0 0 0 0 0 0 0 384 264 78 8 0 0 0 0 0 0 0 0 0 0 0 0 0 0
6550	sub_6550_0404200.log	DONE exit=20	200	True	82238	0 0 0 0 0 0 0 0 0 0 0 743 1355 1146 505 47 0 0 0 0 0 0 0 0 0 0 0 0 0
6550	sub_6550_0404400.log	DONE exit=20	200	True	120126	0 0 0 0 0 0 0 0 0 0 0 873 1847 1800 829 205 23 1 0 0 0 0 0 0 0 0 0 0 0
6550	sub_6550_0404600.log	DONE exit=20	200	True	84920	0 0 0 0 0 0 0 0 0 0 0 717 1294 1226 700 232 40 0 0 0 0 0 0 0 0 0 0 0 0
6550	sub_6550_0404800.log	DONE exit=20	200	True	90630	0 0 0 0 0 0 0 0 0 0 0 732 1485 1300 478 84 0 0 0 0 0 0 0 0 0 0 0 0 0
6550	sub_6550_0405000.log	DONE exit=20	200	True	70159	0 0 0 0 0 0 0 0 0 0 0 596 1100 1063 380 20 1 0 0 0 0 0 0 0 0 0 0 0 0
6550	sub_6550_0405200.log	DONE exit=20	200	True	28045	0 0 0 0 0 0 0 0 0 0 0 392 354 119 10 0 0 0 0 0 0 0 0 0 0 0 0 0 0
6550	sub_6550_0405400.log	DONE exit=20	200	True	42166	0 0 0 0 0 0 0 0 0 0 0 452 553 428 143 10 0 0 0 0 0 0 0 0 0 0 0 0 0
6550	sub_6550_0405600.log	DONE exit=20	200	True	57699	0 0 0 0 0 0 0 0 0 0 0 579 937 850 348 64 6 0 0 0 0 0 0 0 0 0 0 0 0
6550	sub_6550_0405800.log	DONE exit=20	200	True	38124	0 0 0 0 0 0 0 0 0 0 0 386 566 476 187 24 0 0 0 0 0 0 0 0 0 0 0 0 0
6550	sub_6550_0406000.log	DONE exit=20	200	True	76449	0 0 0 0 0 0 0 0 0 0 0 669 1215 1065 342 44 0 0 0 0 0 0 0 0 0 0 0 0 0
6550	sub_6550_0406200.log	DONE exit=20	200	True	263102	0 0 0 0 0 0 0 0 0 0 0 1388 4336 6067 3481 697 44 0 0 0 0 0 0 0 0 0 0 0 0
6550	sub_6550_0406400.log	DONE exit=20	200	True	120836	0 0 0 0 0 0 0 0 0 0 0 935 2144 2266 1022 216 17 0 0 0 0 0 0 0 0 0 0 0 0
6550	sub_6550_0406600.log	DONE exit=20	200	True	298915	0 0 0 0 0 0 0 0 0 0 0 1357 4470 6955 5113 1643 208 10 0 0 0 0 0 0 0 0 0 0 0
6550	sub_6550_0406800.log	DONE exit=20	200	True	67019	0 0 0 0 0 0 0 0 0 0 0 662 1082 1093 600 190 30 1 0 0 0 0 0 0 0 0 0 0 0
6550	sub_6550_0407000.log	DONE exit=20	200	True	96563	0 0 0 0 0 0 0 0 0 0 0 827 1586 1488 722 180 24 1 0 0 0 0 0 0 0 0 0 0 0
6550	sub_6550_0407200.log	DONE exit=20	200	True	71092	0 0 0 0 0 0 0 0 0 0 0 636 1039 899 403 88 3 0 0 0 0 0 0 0 0 0 0 0 0
6550	sub_6550_0407400.log	DONE exit=20	200	True	151458	0 0 0 0 0 0 0 0 0 0 0 992 2541 2751 1152 140 4 0 0 0 0 0 0 0 0 0 0 0 0
6550	sub_6550_0407600.log	DONE exit=20	200	True	133684	0 0 0 0 0 0 0 0 0 0 0 860 2104 2522 1409 325 15 0 0 0 0 0 0 0 0 0 0 0 0
6550	sub_6550_0407800.log	DONE exit=20	200	True	299422	0 0 0 0 0 0 0 0 0 0 0 1413 4650 6812 4329 1004 52 0 0 0 0 0 0 0 0 0 0 0 0
6550	sub_6550_0408000.log	DONE exit=20	200	True	142779	0 0 0 0 0 0 0 0 0 0 0 1037 2423 2507 1118 221 19 0 0 0 0 0 0 0 0 0 0 0 0
6550	sub_6550_0408200.log	DONE exit=20	200	True	275851	0 0 0 0 0 0 0 0 0 0 0 1103 3762 6297 4991 1872 405 51 4 0 0 0 0 0 0 0 0 0 0
6550	sub_6550_0408400.log	DONE exit=20	200	True	146674	0 0 0 0 0 0 0 0 0 0 0 920 2417 2708 1017 91 1 0 0 0 0 0 0 0 0 0 0 0 0
6550	sub_6550_0408600.log	DONE exit=20	200	True	169804	0 0 0 0 0 0 0 0 0 0 0 1127 2849 3097 1395 196 6 0 0 0 0 0 0 0 0 0 0 0 0
6550	sub_6550_0408800.log	DONE exit=20	200	True	82841	0 0 0 0 0 0 0 0 0 0 0 519 701 569 186 3 0 0 0 0 0 0 0 0 0 0 0 0 0
6550	sub_6550_0409000.log	DONE exit=20	200	True	322159	0 0 0 0 0 0 0 0 0 0 0 768 1645 2526 2581 1586 442 6 0 0 0 0 0 0 0 0 0 0 0
6550	sub_6550_0409200.log	DONE exit=20	200	True	209211	0 0 0 0 0 0 0 0 0 0 0 610 1022 1366 1537 1005 218 3 0 0 0 0 0 0 0 0 0 0 0
6550	sub_6550_0409400.log	DONE exit=20	200	True	443563	0 0 0 0 0 0 0 0 0 0 0 805 1882 3459 4216 2730 859 12 0 0 0 0 0 0 0 0 0 0 0
6550	sub_6550_0409600.log	DONE exit=20	200	True	141723	0 0 0 0 0 0 0 0 0 0 0 628 1028 1065 618 286 0 0 0 0 0 0 0 0 0 0 0 0 0
6550	sub_6550_0409800.log	DONE exit=20	200	True	580521	0 0 0 0 0 0 0 0 0 0 0 666 1594 3589 5568 3780 326 5 0 0 0 0 0 0 0 0 0 0 0
6550	sub_6550_0410000.log	DONE exit=20	200	True	766938	0 0 0 0 0 0 0 0 0 0 0 987 2673 5148 7629 5779 1586 19 0 0 0 0 0 0 0 0 0 0 0
6550	sub_6550_0410200.log	DONE exit=20	200	True	629203	0 0 0 0 0 0 0 0 0 0 0 720 1869 4012 6340 5078 1671 20 0 0 0 0 0 0 0 0 0 0 0
6550	sub_6550_0410400.log	DONE exit=20	200	True	396762	0 0 0 0 0 0 0 0 0 0 0 946 2542 3739 3666 2007 338 23 0 0 0 0 0 0 0 0 0 0 0
6550	sub_6550_0410600.log	DONE exit=20	200	True	88618	0 0 0 0 0 0 0 0 0 0 0 774 1386 1005 317 46 2 0 0 0 0 0 0 0 0 0 0 0 0
6550	sub_6550_0410800.log	DONE exit=20	200	True	154979	0 0 0 0 0 0 0 0 0 0 0 864 1735 1914 1061 201 6 0 0 0 0 0 0 0 0 0 0 0 0
6550	sub_6550_0411000.log	DONE exit=20	200	True	488953	0 0 0 0 0 0 0 0 0 0 0 1019 2776 3859 3767 1709 19 0 0 0 0 0 0 0 0 0 0 0 0
6550	sub_6550_0411200.log	DONE exit=20	200	True	3437854	0 0 0 0 0 0 0 0 0 0 0 1392 5241 12865 23900 33837 28446 7615 19 0 0 0 0 0 0 0 0 0 0
6550	sub_6550_0411400.log	DONE exit=20	200	True	621540	0 0 0 0 0 0 0 0 0 0 0 1087 2989 4644 4948 3910 2061 617 0 0 0 0 0 0 0 0 0 0 0
6550	sub_6550_0411600.log	DONE exit=20	200	True	12737977	0 0 0 0 0 0 0 0 0 0 0 1792 9202 28773 66308 118600 133886 70970 37538 23266 7367 0 0 0 0 0 0 0 0
6550	sub_6550_0411800.log	DONE exit=20	200	True	6831998	0 0 0 0 0 0 0 0 0 0 0 869 2633 6305 14839 34482 63954 88486 89609 66144 30886 0 0 0 0 0 0 0 0
6550	sub_6550_0412000.log	DONE exit=20	200	True	997624	0 0 0 0 0 0 0 0 0 0 0 1137 3757 7607 9690 6726 1836 205 0 0 0 0 0 0 0 0 0 0 0
6550	sub_6550_0412200.log	DONE exit=20	200	True	410170	0 0 0 0 0 0 0 0 0 0 0 1249 3493 4965 4795 3103 1192 87 3 0 0 0 0 0 0 0 0 0 0
6550	sub_6550_0412400.log	DONE exit=20	200	True	1716185	0 0 0 0 0 0 0 0 0 0 0 1337 4619 9939 15967 18354 14415 3299 413 146 54 0 0 0 0 0 0 0 0
6550	sub_6550_0412600.log	DONE exit=20	200	True	183878	0 0 0 0 0 0 0 0 0 0 0 1044 2661 3037 1636 437 70 7 0 0 0 0 0 0 0 0 0 0 0
6550	sub_6550_0412800.log	DONE exit=20	200	True	241381	0 0 0 0 0 0 0 0 0 0 0 1161 3238 4816 4022 1556 283 10 0 0 0 0 0 0 0 0 0 0 0
6550	sub_6550_0413000.log	DONE exit=20	200	True	208810	0 0 0 0 0 0 0 0 0 0 0 1026 2875 4022 3119 1252 308 37 2 0 0 0 0 0 0 0 0 0 0
6550	sub_6550_0413200.log	DONE exit=20	200	True	327245	0 0 0 0 0 0 0 0 0 0 0 839 1982 3185 2895 1163 3 0 0 0 0 0 0 0 0 0 0 0 0
6550	sub_6550_0413400.log	DONE exit=20	200	True	10032464	0 0 0 0 0 0 0 0 0 0 0 1531 6162 15625 31382 57203 86984 118050 149696 134786 65939 0 0 0 0 0 0 0 0
6550	sub_6550_0413600.log	DONE exit=20	200	True	19941376	0 0 0 0 0 0 0 0 0 0 0 1732 8488 26331 63342 128430 201072 214371 204131 151755 65851 0 0 0 0 0 0 0 0
6550	sub_6550_0413800.log	DONE exit=20	200	True	139081392	0 0 0 0 0 0 0 0 0 0 0 2191 15675 70053 221034 553925 1168305 2024755 2742801 2607362 1185447 0 0 0 0 0 0 0 0
6550	sub_6550_0414000.log	DONE exit=20	200	True	15299256	0 0 0 0 0 0 0 0 0 0 0 1406 6236 18088 39753 76071 124674 188619 251746 209470 97850 0 0 0 0 0 0 0 0
6550	sub_6550_0414200.log	DONE exit=20	200	True	691594	0 0 0 0 0 0 0 0 0 0 0 1056 3257 5524 6573 4619 1503 11 0 0 0 0 0 0 0 0 0 0 0
6550	sub_6550_0414400.log	DONE exit=20	200	True	52935667	0 0 0 0 0 0 0 0 0 0 0 2118 12485 46778 130198 288701 506281 714655 817027 726064 336077 0 0 0 0 0 0 0 0
6550	sub_6550_0414600.log	DONE exit=20	200	True	23939932	0 0 0 0 0 0 0 0 0 0 0 2169 13322 48463 114455 202774 290048 299607 215579 152242 64130 0 0 0 0 0 0 0 0
6550	sub_6550_0414800.log	DONE exit=20	200	True	8043288	0 0 0 0 0 0 0 0 0 0 0 1203 5376 16759 37549 62842 87949 97230 73537 47119 21972 0 0 0 0 0 0 0 0
6550	sub_6550_0415000.log	DONE exit=20	200	True	551009	0 0 0 0 0 0 0 0 0 0 0 1280 4326 8386 9545 6275 2087 249 4 0 0 0 0 0 0 0 0 0 0
6550	sub_6550_0415200.log	DONE exit=20	200	True	4419952	0 0 0 0 0 0 0 0 0 0 0 1519 5646 13364 24299 37381 45139 29025 8659 2997 738 0 0 0 0 0 0 0 0
6550	sub_6550_0415400.log	DONE exit=20	200	True	1618393	0 0 0 0 0 0 0 0 0 0 0 1271 4315 6994 7634 9298 15527 9189 81 0 0 0 0 0 0 0 0 0 0
6550	sub_6550_0415600.log	DONE exit=20	200	True	53825020	0 0 0 0 0 0 0 0 0 0 0 2761 18170 63784 157020 310864 511366 630083 507173 431850 152690 0 0 0 0 0 0 0 0
6550	sub_6550_0415800.log	DONE exit=20	200	True	10725484	0 0 0 0 0 0 0 0 0 0 0 1806 8507 22734 45089 80196 110803 102770 42487 18112 4715 0 0 0 0 0 0 0 0
6550	sub_6550_0416000.log	DONE exit=20	200	True	13081703	0 0 0 0 0 0 0 0 0 0 0 2026 9929 29336 63652 118077 147243 103218 46823 38151 14455 0 0 0 0 0 0 0 0
6550	sub_6550_0416200.log	DONE exit=20	200	True	247620	0 0 0 0 0 0 0 0 0 0 0 667 1396 2052 2393 1479 194 0 0 0 0 0 0 0 0 0 0 0 0
6550	sub_6550_0416400.log	DONE exit=20	200	True	144121	0 0 0 0 0 0 0 0 0 0 0 976 2309 2511 1193 226 25 2 0 0 0 0 0 0 0 0 0 0 0
6550	sub_6550_0416600.log	DONE exit=20	200	True	92063	0 0 0 0 0 0 0 0 0 0 0 744 1524 1496 628 145 12 0 0 0 0 0 0 0 0 0 0 0 0
6550	sub_6550_0416800.log	DONE exit=20	200	True	151664	0 0 0 0 0 0 0 0 0 0 0 873 2294 3040 1859 569 64 3 0 0 0 0 0 0 0 0 0 0 0
6550	sub_6550_0417000.log	DONE exit=20	200	True	87529	0 0 0 0 0 0 0 0 0 0 0 715 1502 1327 425 49 1 0 0 0 0 0 0 0 0 0 0 0 0
6550	sub_6550_0417200.log	DONE exit=20	200	True	58445	0 0 0 0 0 0 0 0 0 0 0 622 928 652 177 25 5 0 0 0 0 0 0 0 0 0 0 0 0
6550	sub_6550_0417400.log	DONE exit=20	200	True	65568	0 0 0 0 0 0 0 0 0 0 0 776 1230 733 119 7 0 0 0 0 0 0 0 0 0 0 0 0 0
6550	sub_6550_0417600.log	DONE exit=20	200	True	31098	0 0 0 0 0 0 0 0 0 0 0 466 362 113 14 0 0 0 0 0 0 0 0 0 0 0 0 0 0
6550	sub_6550_0417800.log	DONE exit=20	200	True	78751	0 0 0 0 0 0 0 0 0 0 0 765 1244 830 162 3 0 0 0 0 0 0 0 0 0 0 0 0 0
6550	sub_6550_0418000.log	DONE exit=20	200	True	54854	0 0 0 0 0 0 0 0 0 0 0 676 1048 605 109 6 1 0 0 0 0 0 0 0 0 0 0 0 0
6550	sub_6550_0418200.log	DONE exit=20	200	True	43243	0 0 0 0 0 0 0 0 0 0 0 620 730 364 88 5 0 0 0 0 0 0 0 0 0 0 0 0 0
6550	sub_6550_0418400.log	DONE exit=20	200	True	59039	0 0 0 0 0 0 0 0 0 0 0 684 1078 750 224 40 1 0 0 0 0 0 0 0 0 0 0 0 0
6550	sub_6550_0418600.log	DONE exit=20	200	True	38361	0 0 0 0 0 0 0 0 0 0 0 471 415 213 59 6 0 0 0 0 0 0 0 0 0 0 0 0 0
6550	sub_6550_0418800.log	DONE exit=20	200	True	29720	0 0 0 0 0 0 0 0 0 0 0 407 341 179 81 13 0 0 0 0 0 0 0 0 0 0 0 0 0
6550	sub_6550_0419000.log	DONE exit=20	200	True	33292	0 0 0 0 0 0 0 0 0 0 0 434 368 150 31 5 0 0 0 0 0 0 0 0 0 0 0 0 0
6550	sub_6550_0419200.log	DONE exit=20	200	True	49930	0 0 0 0 0 0 0 0 0 0 0 537 672 481 220 58 4 0 0 0 0 0 0 0 0 0 0 0 0
6550	sub_6550_0419400.log	DONE exit=20	200	True	60583	0 0 0 0 0 0 0 0 0 0 0 704 1010 638 153 23 3 0 0 0 0 0 0 0 0 0 0 0 0
6550	sub_6550_0419600.log	DONE exit=20	200	True	126972	0 0 0 0 0 0 0 0 0 0 0 863 1827 1987 1324 612 168 17 1 0 0 0 0 0 0 0 0 0 0
6550	sub_6550_0419800.log	DONE exit=20	200	True	66929	0 0 0 0 0 0 0 0 0 0 0 654 1062 843 362 94 15 0 0 0 0 0 0 0 0 0 0 0 0
6550	sub_6550_0420000.log	DONE exit=20	200	True	76775	0 0 0 0 0 0 0 0 0 0 0 707 1298 1132 472 115 21 2 0 0 0 0 0 0 0 0 0 0 0
6550	sub_6550_0420200.log	DONE exit=20	200	True	143503	0 0 0 0 0 0 0 0 0 0 0 936 2167 2345 1232 320 45 5 0 0 0 0 0 0 0 0 0 0 0
6550	sub_6550_0420400.log	DONE exit=20	200	True	50007	0 0 0 0 0 0 0 0 0 0 0 587 813 482 147 15 0 0 0 0 0 0 0 0 0 0 0 0 0
6550	sub_6550_0420600.log	DONE exit=20	200	True	74397	0 0 0 0 0 0 0 0 0 0 0 597 1035 986 436 131 21 1 0 0 0 0 0 0 0 0 0 0 0
6550	sub_6550_0420800.log	DONE exit=20	200	True	93026	0 0 0 0 0 0 0 0 0 0 0 879 1629 1428 652 106 5 0 0 0 0 0 0 0 0 0 0 0 0
6550	sub_6550_0421000.log	DONE exit=20	200	True	93663	0 0 0 0 0 0 0 0 0 0 0 836 1621 1471 609 117 9 1 0 0 0 0 0 0 0 0 0 0 0
6550	sub_6550_0421200.log	DONE exit=20	200	True	210363	0 0 0 0 0 0 0 0 0 0 0 1050 2721 3703 2688 892 137 7 0 0 0 0 0 0 0 0 0 0 0
6550	sub_6550_0421400.log	DONE exit=20	200	True	287097	0 0 0 0 0 0 0 0 0 0 0 1019 3013 5181 5097 2830 788 57 0 0 0 0 0 0 0 0 0 0 0
6550	sub_6550_0421600.log	DONE exit=20	200	True	66046	0 0 0 0 0 0 0 0 0 0 0 621 957 680 231 51 12 0 0 0 0 0 0 0 0 0 0 0 0
6550	sub_6550_0421800.log	DONE exit=20	200	True	61260	0 0 0 0 0 0 0 0 0 0 0 622 920 574 131 16 1 0 0 0 0 0 0 0 0 0 0 0 0
6550	sub_6550_0422000.log	DONE exit=20	200	True	130760	0 0 0 0 0 0 0 0 0 0 0 838 1782 1911 1078 336 47 3 0 0 0 0 0 0 0 0 0 0 0
6550	sub_6550_0422200.log	DONE exit=20	200	True	176494	0 0 0 0 0 0 0 0 0 0 0 1137 2753 2837 1412 374 68 2 0 0 0 0 0 0 0 0 0 0 0
6550	sub_6550_0422400.log	DONE exit=20	200	True	286555	0 0 0 0 0 0 0 0 0 0 0 1038 3175 4737 3711 1699 433 51 7 1 0 0 0 0 0 0 0 0 0
6550	sub_6550_0422600.log	DONE exit=20	200	True	56148	0 0 0 0 0 0 0 0 0 0 0 551 797 612 261 58 5 0 0 0 0 0 0 0 0 0 0 0 0
6550	sub_6550_0422800.log	DONE exit=20	200	True	46829	0 0 0 0 0 0 0 0 0 0 0 466 604 361 107 28 4 0 0 0 0 0 0 0 0 0 0 0 0
6550	sub_6550_0423000.log	DONE exit=20	200	True	83685	0 0 0 0 0 0 0 0 0 0 0 784 1403 852 169 7 0 0 0 0 0 0 0 0 0 0 0 0 0
6550	sub_6550_0423200.log	DONE exit=20	200	True	45081	0 0 0 0 0 0 0 0 0 0 0 455 677 458 118 2 0 0 0 0 0 0 0 0 0 0 0 0 0
6550	sub_6550_0423400.log	DONE exit=20	200	True	75431	0 0 0 0 0 0 0 0 0 0 0 646 1244 1051 356 24 1 0 0 0 0 0 0 0 0 0 0 0 0
6550	sub_6550_0423600.log	DONE exit=20	200	True	108375	0 0 0 0 0 0 0 0 0 0 0 861 1649 1680 1022 370 94 15 0 0 0 0 0 0 0 0 0 0 0
6550	sub_6550_0423800.log	DONE exit=20	200	True	104362	0 0 0 0 0 0 0 0 0 0 0 826 1749 1868 1088 359 51 3 0 0 0 0 0 0 0 0 0 0 0
6550	sub_6550_0424000.log	DONE exit=20	200	True	116021	0 0 0 0 0 0 0 0 0 0 0 891 1861 1776 806 242 15 0 0 0 0 0 0 0 0 0 0 0 0
6550	sub_6550_0424200.log	DONE exit=20	200	True	100697	0 0 0 0 0 0 0 0 0 0 0 767 1568 1557 857 178 4 0 0 0 0 0 0 0 0 0 0 0 0
6550	sub_6550_0424400.log	DONE exit=20	200	True	48461	0 0 0 0 0 0 0 0 0 0 0 537 750 458 75 2 0 0 0 0 0 0 0 0 0 0 0 0 0
6550	sub_6550_0424600.log	DONE exit=20	200	True	368010	0 0 0 0 0 0 0 0 0 0 0 535 1111 2376 3536 2238 47 0 0 0 0 0 0 0 0 0 0 0 0
6550	sub_6550_0424800.log	DONE exit=20	200	True	38486	0 0 0 0 0 0 0 0 0 0 0 415 457 266 78 6 0 0 0 0 0 0 0 0 0 0 0 0 0
6550	sub_6550_0425000.log	DONE exit=20	200	True	212427	0 0 0 0 0 0 0 0 0 0 0 852 1861 1921 1273 455 1 0 0 0 0 0 0 0 0 0 0 0 0
6550	sub_6550_0425200.log	DONE exit=20	200	True	407082	0 0 0 0 0 0 0 0 0 0 0 619 1450 2797 3775 2590 555 10 0 0 0 0 0 0 0 0 0 0 0
6550	sub_6550_0425400.log	DONE exit=20	200	True	346908	0 0 0 0 0 0 0 0 0 0 0 663 1639 2963 3141 1823 406 11 0 0 0 0 0 0 0 0 0 0 0
6550	sub_6550_0425600.log	DONE exit=20	200	True	489205	0 0 0 0 0 0 0 0 0 0 0 880 2179 3705 4874 3851 1569 50 0 0 0 0 0 0 0 0 0 0 0
6550	sub_6550_0425800.log	DONE exit=20	200	True	150099	0 0 0 0 0 0 0 0 0 0 0 911 2114 2482 1708 559 87 3 0 0 0 0 0 0 0 0 0 0 0
6550	sub_6550_0426000.log	DONE exit=20	200	True	384326	0 0 0 0 0 0 0 0 0 0 0 688 1678 3016 3675 2123 179 4 0 0 0 0 0 0 0 0 0 0 0
6550	sub_6550_0426200.log	DONE exit=20	200	True	5607235	0 0 0 0 0 0 0 0 0 0 0 1325 4150 8134 12045 20190 37470 64504 79660 50751 18525 0 0 0 0 0 0 0 0
6550	sub_6550_0426400.log	DONE exit=20	200	True	2779517	0 0 0 0 0 0 0 0 0 0 0 1097 3513 6963 10963 19502 30824 17250 2 0 0 0 0 0 0 0 0 0 0
6550	sub_6550_0426600.log	DONE exit=20	200	True	108087712	0 0 0 0 0 0 0 0 0 0 0 2408 16819 70279 206725 504635 1066680 1537992 882467 725740 255569 0 0 0 0 0 0 0 0
6550	sub_6550_0426800.log	DONE exit=20	200	True	15587329	0 0 0 0 0 0 0 0 0 0 0 1644 6722 18090 38715 75103 121009 173386 186765 113763 37143 0 0 0 0 0 0 0 0
6550	sub_6550_0427000.log	DONE exit=20	200	True	21594467	0 0 0 0 0 0 0 0 0 0 0 1739 7472 19875 43451 90062 169186 272838 367125 271337 122179 0 0 0 0 0 0 0 0
6550	sub_6550_0427200.log	DONE exit=20	200	True	141185673	0 0 0 0 0 0 0 0 0 0 0 1801 12732 58414 186201 487172 1096684 2019656 2760065 2441982 1048956 0 0 0 0 0 0 0 0
6550	sub_6550_0427400.log	DONE exit=20	200	True	140191	0 0 0 0 0 0 0 0 0 0 0 691 1339 1382 947 533 84 0 0 0 0 0 0 0 0 0 0 0 0
6550	sub_6550_0427600.log	DONE exit=20	200	True	44458	0 0 0 0 0 0 0 0 0 0 0 428 618 498 141 22 5 0 0 0 0 0 0 0 0 0 0 0 0
6550	sub_6550_0427800.log	DONE exit=20	200	True	55040	0 0 0 0 0 0 0 0 0 0 0 586 755 494 156 12 0 0 0 0 0 0 0 0 0 0 0 0 0
6550	sub_6550_0428000.log	DONE exit=20	200	True	51005	0 0 0 0 0 0 0 0 0 0 0 613 754 442 139 8 0 0 0 0 0 0 0 0 0 0 0 0 0
6550	sub_6550_0428200.log	DONE exit=20	200	True	173860	0 0 0 0 0 0 0 0 0 0 0 1187 2908 2856 1340 244 2 0 0 0 0 0 0 0 0 0 0 0 0
6550	sub_6550_0428400.log	DONE exit=20	200	True	443582	0 0 0 0 0 0 0 0 0 0 0 921 2481 3531 4197 2841 348 5 0 0 0 0 0 0 0 0 0 0 0
6550	sub_6550_0428600.log	DONE exit=20	200	True	766836	0 0 0 0 0 0 0 0 0 0 0 1059 2966 5300 6622 4781 1579 5 0 0 0 0 0 0 0 0 0 0 0
6550	sub_6550_0428800.log	DONE exit=20	200	True	119064	0 0 0 0 0 0 0 0 0 0 0 895 1883 1971 1314 499 83 0 0 0 0 0 0 0 0 0 0 0 0
6550	sub_6550_0429000.log	DONE exit=20	200	True	55568	0 0 0 0 0 0 0 0 0 0 0 545 836 639 175 10 0 0 0 0 0 0 0 0 0 0 0 0 0
6550	sub_6550_0429200.log	DONE exit=20	200	True	116867	0 0 0 0 0 0 0 0 0 0 0 728 1363 1242 461 54 2 0 0 0 0 0 0 0 0 0 0 0 0
6550	sub_6550_0429400.log	DONE exit=20	200	True	250136	0 0 0 0 0 0 0 0 0 0 0 698 1286 1923 1906 978 215 3 0 0 0 0 0 0 0 0 0 0 0
6550	sub_6550_0429600.log	DONE exit=20	200	True	326760	0 0 0 0 0 0 0 0 0 0 0 827 1846 2684 2733 1754 475 11 0 0 0 0 0 0 0 0 0 0 0
6550	sub_6550_0429800.log	DONE exit=20	200	True	432268	0 0 0 0 0 0 0 0 0 0 0 808 1849 3413 4455 2934 892 19 0 0 0 0 0 0 0 0 0 0 0
6550	sub_6550_0430000.log	DONE exit=20	200	True	165565	0 0 0 0 0 0 0 0 0 0 0 699 1154 1254 817 438 52 2 0 0 0 0 0 0 0 0 0 0 0
6550	sub_6550_0430200.log	DONE exit=20	200	True	156549	0 0 0 0 0 0 0 0 0 0 0 698 1233 1284 764 326 0 0 0 0 0 0 0 0 0 0 0 0 0
6550	sub_6550_0430400.log	DONE exit=20	200	True	455862	0 0 0 0 0 0 0 0 0 0 0 647 1313 2637 4438 3105 296 0 0 0 0 0 0 0 0 0 0 0 0
6550	sub_6550_0430600.log	DONE exit=20	200	True	662418	0 0 0 0 0 0 0 0 0 0 0 953 2471 4656 6702 5060 1530 20 0 0 0 0 0 0 0 0 0 0 0
6550	sub_6550_0430800.log	DONE exit=20	200	True	723221	0 0 0 0 0 0 0 0 0 0 0 913 2443 4887 7246 5531 1730 23 0 0 0 0 0 0 0 0 0 0 0
6550	sub_6550_0431000.log	DONE exit=20	200	True	407799	0 0 0 0 0 0 0 0 0 0 0 1035 2676 3708 3713 2208 380 18 0 0 0 0 0 0 0 0 0 0 0
6550	sub_6550_0431200.log	DONE exit=20	200	True	167308	0 0 0 0 0 0 0 0 0 0 0 946 2183 2468 1546 477 107 13 0 0 0 0 0 0 0 0 0 0 0
6550	sub_6550_0431400.log	DONE exit=20	200	True	90459	0 0 0 0 0 0 0 0 0 0 0 692 1303 1154 526 85 5 0 0 0 0 0 0 0 0 0 0 0 0
6550	sub_6550_0431600.log	DONE exit=20	200	True	141757	0 0 0 0 0 0 0 0 0 0 0 961 2184 2376 1222 230 9 0 0 0 0 0 0 0 0 0 0 0 0
6550	sub_6550_0431800.log	DONE exit=20	200	True	86636	0 0 0 0 0 0 0 0 0 0 0 559 873 832 352 86 3 0 0 0 0 0 0 0 0 0 0 0 0
6550	sub_6550_0432000.log	DONE exit=20	200	True	500734	0 0 0 0 0 0 0 0 0 0 0 1051 2889 4026 3755 1731 19 0 0 0 0 0 0 0 0 0 0 0 0
6550	sub_6550_0432200.log	DONE exit=20	200	True	3710220	0 0 0 0 0 0 0 0 0 0 0 1412 5308 13170 25107 36469 31428 8633 19 0 0 0 0 0 0 0 0 0 0
6550	sub_6550_0432400.log	DONE exit=20	200	True	2907061	0 0 0 0 0 0 0 0 0 0 0 1282 4714 10806 19753 28663 25218 7558 88 0 0 0 0 0 0 0 0 0 0
6550	sub_6550_0432600.log	DONE exit=20	200	True	88534440	0 0 0 0 0 0 0 0 0 0 0 1859 11183 47020 148457 389322 820451 1220558 1151007 1019927 336514 0 0 0 0 0 0 0 0
6550	sub_6550_0432800.log	DONE exit=20	200	True	558266	0 0 0 0 0 0 0 0 0 0 0 766 2094 4216 5578 3741 1100 11 0 0 0 0 0 0 0 0 0 0 0
6550	sub_6550_0433000.log	DONE exit=20	200	True	590847	0 0 0 0 0 0 0 0 0 0 0 1031 2791 4149 5248 4792 2572 193 33 2 3 0 0 0 0 0 0 0 0
6550	sub_6550_0433200.log	DONE exit=20	200	True	195657	0 0 0 0 0 0 0 0 0 0 0 925 2394 3042 2128 734 116 13 1 0 0 0 0 0 0 0 0 0 0
6550	sub_6550_0433400.log	DONE exit=20	200	True	219993	0 0 0 0 0 0 0 0 0 0 0 965 2716 4099 3122 1075 232 39 4 0 0 0 0 0 0 0 0 0 0
6550	sub_6550_0433600.log	DONE exit=20	200	True	154476	0 0 0 0 0 0 0 0 0 0 0 876 2151 3052 1822 388 19 0 0 0 0 0 0 0 0 0 0 0 0
6550	sub_6550_0433800.log	DONE exit=20	200	True	60284	0 0 0 0 0 0 0 0 0 0 0 652 966 625 159 20 2 0 0 0 0 0 0 0 0 0 0 0 0
6550	sub_6550_0434000.log	DONE exit=20	200	True	362493	0 0 0 0 0 0 0 0 0 0 0 860 2245 3568 3391 1512 100 0 0 0 0 0 0 0 0 0 0 0 0
6550	sub_6550_0434200.log	DONE exit=20	200	True	401344	0 0 0 0 0 0 0 0 0 0 0 1227 3558 5571 5166 2268 327 42 2 0 0 0 0 0 0 0 0 0 0
6550	sub_6550_0434400.log	DONE exit=20	200	True	223792	0 0 0 0 0 0 0 0 0 0 0 1138 3249 4210 2782 996 203 20 0 0 0 0 0 0 0 0 0 0 0
6550	sub_6550_0434600.log	DONE exit=20	200	True	21900384	0 0 0 0 0 0 0 0 0 0 0 1875 9269 28465 64332 122552 195685 257612 311505 257135 121321 0 0 0 0 0 0 0 0
6550	sub_6550_0434800.log	DONE exit=20	200	True	8950374	0 0 0 0 0 0 0 0 0 0 0 1613 7301 19744 39971 70738 96683 84988 63804 48155 21042 0 0 0 0 0 0 0 0
6550	sub_6550_0435000.log	DONE exit=20	200	True	176349636	0 0 0 0 0 0 0 0 0 0 0 2493 19186 89646 286166 719293 1514897 2557796 3243524 2978800 1266468 2 0 0 0 0 0 0 0
6550	sub_6550_0435200.log	DONE exit=20	200	True	9701500	0 0 0 0 0 0 0 0 0 0 0 1211 4604 11410 22231 40726 70442 122688 179100 150300 70882 0 0 0 0 0 0 0 0
6550	sub_6550_0435400.log	DONE exit=20	200	True	11401072	0 0 0 0 0 0 0 0 0 0 0 1320 4734 11970 25193 53228 101078 150602 162064 108846 45204 0 0 0 0 0 0 0 0
6550	sub_6550_0435600.log	DONE exit=20	200	True	724679	0 0 0 0 0 0 0 0 0 0 0 1217 3784 6523 7620 4637 911 245 69 1 0 0 0 0 0 0 0 0 0
6550	sub_6550_0435800.log	DONE exit=20	200	True	1460618	0 0 0 0 0 0 0 0 0 0 0 1426 5202 10693 15450 16226 12151 2928 433 140 50 0 0 0 0 0 0 0 0
6550	sub_6550_0436000.log	DONE exit=20	200	True	989494	0 0 0 0 0 0 0 0 0 0 0 1427 4932 9322 11169 9180 5385 1104 168 70 57 0 0 0 0 0 0 0 0
6550	sub_6550_0436200.log	DONE exit=20	200	True	762146	0 0 0 0 0 0 0 0 0 0 0 1306 4803 10988 15547 12935 6226 1583 160 1 0 0 0 0 0 0 0 0 0
6550	sub_6550_0436400.log	DONE exit=20	200	True	1023932	0 0 0 0 0 0 0 0 0 0 0 1445 5427 11781 15509 12951 7181 1559 103 3 0 0 0 0 0 0 0 0 0
6550	sub_6550_0436600.log	DONE exit=20	200	True	4633628	0 0 0 0 0 0 0 0 0 0 0 1550 6009 14641 26260 40359 48007 29425 8436 2716 641 0 0 0 0 0 0 0 0
6550	sub_6550_0436800.log	DONE exit=20	200	True	1747793	0 0 0 0 0 0 0 0 0 0 0 1432 5082 8664 9359 9709 15460 8940 79 0 0 0 0 0 0 0 0 0 0
6550	sub_6550_0437000.log	DONE exit=20	200	True	79071986	0 0 0 0 0 0 0 0 0 0 0 2430 16080 60219 164668 375826 742241 1075121 908936 781242 271106 0 0 0 0 0 0 0 0
6550	sub_6550_0437200.log	DONE exit=20	200	True	22834831	0 0 0 0 0 0 0 0 0 0 0 2266 13248 43136 102430 196907 257668 189291 92181 65884 24888 0 0 0 0 0 0 0 0
6550	sub_6550_0437400.log	DONE exit=20	200	True	5702667	0 0 0 0 0 0 0 0 0 0 0 1643 5958 13234 21415 36458 52483 58985 23761 12761 3212 0 0 0 0 0 0 0 0
6550	sub_6550_0437600.log	DONE exit=20	200	True	1486760	0 0 0 0 0 0 0 0 0 0 0 782 2306 5271 9299 14156 14112 4686 1 1 1 0 0 0 0 0 0 0 0
6550	sub_6550_0437800.log	DONE exit=20	200	True	148045	0 0 0 0 0 0 0 0 0 0 0 858 2218 2977 1747 426 59 5 0 0 0 0 0 0 0 0 0 0 0
6550	sub_6550_0438000.log	DONE exit=20	200	True	323999	0 0 0 0 0 0 0 0 0 0 0 1257 4079 6849 5745 1904 161 7 0 0 0 0 0 0 0 0 0 0 0
6550	sub_6550_0438200.log	DONE exit=20	200	True	331634	0 0 0 0 0 0 0 0 0 0 0 1277 4426 7397 6015 2587 636 87 3 0 0 0 0 0 0 0 0 0 0
6550	sub_6550_0438400.log	DONE exit=20	200	True	129818	0 0 0 0 0 0 0 0 0 0 0 816 1796 2233 1534 606 126 11 1 0 0 0 0 0 0 0 0 0 0
6550	sub_6550_0438600.log	DONE exit=20	200	True	112742	0 0 0 0 0 0 0 0 0 0 0 873 1747 1648 696 159 8 0 0 0 0 0 0 0 0 0 0 0 0
6550	sub_6550_0438800.log	DONE exit=20	200	True	219869	0 0 0 0 0 0 0 0 0 0 0 1111 2999 4044 2751 792 113 6 0 0 0 0 0 0 0 0 0 0 0
6550	sub_6550_0439000.log	DONE exit=20	200	True	127174	0 0 0 0 0 0 0 0 0 0 0 902 2112 2178 937 134 8 0 0 0 0 0 0 0 0 0 0 0 0
6550	sub_6550_0439200.log	DONE exit=20	200	True	66167	0 0 0 0 0 0 0 0 0 0 0 500 950 1038 444 60 5 0 0 0 0 0 0 0 0 0 0 0 0
6550	sub_6550_0439400.log	DONE exit=20	200	True	623709	0 0 0 0 0 0 0 0 0 0 0 687 2152 4809 5121 2642 74 0 0 0 0 0 0 0 0 0 0 0 0
6550	sub_6550_0439600.log	DONE exit=20	200	True	101739	0 0 0 0 0 0 0 0 0 0 0 817 1686 1163 411 81 10 0 0 0 0 0 0 0 0 0 0 0 0
6550	sub_6550_0439800.log	DONE exit=20	200	True	2409323	0 0 0 0 0 0 0 0 0 0 0 1448 4304 8170 10568 11811 19828 23043 5460 2252 452 0 0 0 0 0 0 0 0
6550	sub_6550_0440000.log	DONE exit=20	200	True	499136	0 0 0 0 0 0 0 0 0 0 0 1346 4179 5631 3880 219 0 0 0 0 0 0 0 0 0 0 0 0 0
6550	sub_6550_0440200.log	DONE exit=20	200	True	49620181	0 0 0 0 0 0 0 0 0 0 0 2036 13070 45757 114804 250803 494877 693575 313374 228112 85787 0 0 0 0 0 0 0 0
6550	sub_6550_0440400.log	DONE exit=20	200	True	159667969	0 0 0 0 0 0 0 0 0 0 0 2789 21100 93728 281791 726643 1635242 2349240 974824 728153 248054 0 0 0 0 0 0 0 0
6550	sub_6550_0440600.log	DONE exit=20	200	True	21527744	0 0 0 0 0 0 0 0 0 0 0 1883 8610 24798 53330 113446 214834 267896 65901 32455 6686 0 0 0 0 0 0 0 0
6550	sub_6550_0440800.log	DONE exit=20	200	True	2352450	0 0 0 0 0 0 0 0 0 0 0 1223 4059 9011 15141 19504 15728 5470 1 0 0 0 0 0 0 0 0 0 0
6550	sub_6550_0441000.log	DONE exit=20	200	True	281582	0 0 0 0 0 0 0 0 0 0 0 735 1664 2541 2694 1359 42 0 0 0 0 0 0 0 0 0 0 0 0
6550	sub_6550_0441200.log	DONE exit=20	200	True	317772	0 0 0 0 0 0 0 0 0 0 0 470 1034 2143 3294 2089 59 0 0 0 0 0 0 0 0 0 0 0 0
6550	sub_6550_0441400.log	DONE exit=20	200	True	250524	0 0 0 0 0 0 0 0 0 0 0 881 2195 2764 2094 790 35 2 0 0 0 0 0 0 0 0 0 0 0
6550	sub_6550_0441600.log	DONE exit=20	200	True	117757	0 0 0 0 0 0 0 0 0 0 0 653 1264 1222 717 239 11 0 0 0 0 0 0 0 0 0 0 0 0
6550	sub_6550_0441800.log	DONE exit=20	200	True	439723	0 0 0 0 0 0 0 0 0 0 0 770 1891 3311 4176 2597 405 1 0 0 0 0 0 0 0 0 0 0 0
6550	sub_6550_0442000.log	DONE exit=20	200	True	174388	0 0 0 0 0 0 0 0 0 0 0 989 2539 3246 2218 931 274 32 0 0 0 0 0 0 0 0 0 0 0
6550	sub_6550_0442200.log	DONE exit=20	200	True	297137	0 0 0 0 0 0 0 0 0 0 0 1126 3438 5488 4860 2457 666 121 16 2 0 0 0 0 0 0 0 0 0
6550	sub_6550_0442400.log	DONE exit=20	200	True	149607	0 0 0 0 0 0 0 0 0 0 0 789 1926 2624 2097 1005 290 52 4 0 0 0 0 0 0 0 0 0 0
6550	sub_6550_0442600.log	DONE exit=20	200	True	289539	0 0 0 0 0 0 0 0 0 0 0 699 1622 2533 2569 1313 88 0 0 0 0 0 0 0 0 0 0 0 0
6550	sub_6550_0442800.log	DONE exit=20	200	True	180886	0 0 0 0 0 0 0 0 0 0 0 974 2351 2965 2183 900 195 27 4 0 0 0 0 0 0 0 0 0 0
6550	sub_6550_0443000.log	DONE exit=20	200	True	245600	0 0 0 0 0 0 0 0 0 0 0 818 1892 2620 2338 1015 85 4 0 0 0 0 0 0 0 0 0 0 0
6550	sub_6550_0443200.log	DONE exit=20	200	True	661111	0 0 0 0 0 0 0 0 0 0 0 1240 3941 7224 8950 7765 4540 1672 254 0 0 0 0 0 0 0 0 0 0
6550	sub_6550_0443400.log	DONE exit=20	200	True	868903	0 0 0 0 0 0 0 0 0 0 0 1332 5190 11763 15944 13254 6356 1863 471 82 12 0 0 0 0 0 0 0 0
6550	sub_6550_0443600.log	DONE exit=20	200	True	4918042	0 0 0 0 0 0 0 0 0 0 0 1588 6393 14784 21919 26164 33562 51581 63590 40849 14888 0 0 0 0 0 0 0 0
6550	sub_6550_0443800.log	DONE exit=20	200	True	3142478	0 0 0 0 0 0 0 0 0 0 0 1352 4514 8636 13170 22854 34574 18081 2 0 0 0 0 0 0 0 0 0 0
6550	sub_6550_0444000.log	DONE exit=20	200	True	102229457	0 0 0 0 0 0 0 0 0 0 0 1811 11608 50784 157707 420448 982879 1532109 954087 795696 269452 0 0 0 0 0 0 0 0
6550	sub_6550_0444200.log	DONE exit=20	200	True	107487843	0 0 0 0 0 0 0 0 0 0 0 1855 11420 47837 143587 375426 837684 1455689 1733621 1433500 546015 0 0 0 0 0 0 0 0
6550	sub_6550_0444400.log	DONE exit=20	200	True	5702682	0 0 0 0 0 0 0 0 0 0 0 1350 5313 13049 23143 35220 43673 46034 43911 28838 10743 0 0 0 0 0 0 0 0
6550	sub_6550_0444600.log	DONE exit=20	200	True	421421	0 0 0 0 0 0 0 0 0 0 0 950 2364 3557 4380 3555 1600 44 0 0 0 0 0 0 0 0 0 0 0
6550	sub_6550_0444800.log	DONE exit=20	200	True	51532	0 0 0 0 0 0 0 0 0 0 0 496 792 635 223 32 0 0 0 0 0 0 0 0 0 0 0 0 0
6550	sub_6550_0445000.log	DONE exit=20	152	True	91744	0 0 0 0 0 0 0 0 0 0 0 797 1691 1279 353 30 1 0 0 0 0 0 0 0 0 0 0 0 0
